[0.080s] DEBUG:colcon:Command line arguments: ['/usr/bin/colcon', 'build', '--symlink-install']
[0.080s] DEBUG:colcon:Parsed command line arguments: Namespace(log_base=None, log_level=None, verb_name='build', build_base='build', install_base='install', merge_install=False, symlink_install=True, test_result_base=None, continue_on_error=False, executor='parallel', parallel_workers=16, event_handlers=None, ignore_user_meta=False, metas=['./colcon.meta'], base_paths=['.'], packages_ignore=None, packages_ignore_regex=None, paths=None, packages_up_to=None, packages_up_to_regex=None, packages_above=None, packages_above_and_dependencies=None, packages_above_depth=None, packages_select_by_dep=None, packages_skip_by_dep=None, packages_skip_up_to=None, packages_select_build_failed=False, packages_skip_build_finished=False, packages_select_test_failures=False, packages_skip_test_passed=False, packages_select=None, packages_skip=None, packages_select_regex=None, packages_skip_regex=None, packages_start=None, packages_end=None, allow_overriding=[], cmake_args=None, cmake_target=None, cmake_target_skip_unavailable=False, cmake_clean_cache=False, cmake_clean_first=False, cmake_force_configure=False, ament_cmake_args=None, catkin_cmake_args=None, catkin_skip_building_tests=False, mixin_files=None, mixin=None, verb_parser=<colcon_mixin.mixin.mixin_argument.MixinArgumentDecorator object at 0x77f84c1a8970>, verb_extension=<colcon_core.verb.build.BuildVerb object at 0x77f84c1a8370>, main=<bound method BuildVerb.main of <colcon_core.verb.build.BuildVerb object at 0x77f84c1a8370>>, mixin_verb=('build',))
[0.218s] Level 1:colcon.colcon_core.package_discovery:discover_packages(colcon_meta) check parameters
[0.218s] Level 1:colcon.colcon_core.package_discovery:discover_packages(recursive) check parameters
[0.219s] Level 1:colcon.colcon_core.package_discovery:discover_packages(ignore) check parameters
[0.219s] Level 1:colcon.colcon_core.package_discovery:discover_packages(path) check parameters
[0.219s] Level 1:colcon.colcon_core.package_discovery:discover_packages(colcon_meta) discover
[0.219s] Level 1:colcon.colcon_core.package_discovery:discover_packages(recursive) discover
[0.219s] INFO:colcon.colcon_core.package_discovery:Crawling recursively for packages in '/home/imml/git/ROB_534_Project'
[0.219s] Level 1:colcon.colcon_core.package_identification:_identify(.) by extensions ['ignore', 'ignore_ament_install']
[0.219s] Level 1:colcon.colcon_core.package_identification:_identify(.) by extension 'ignore'
[0.219s] Level 1:colcon.colcon_core.package_identification:_identify(.) by extension 'ignore_ament_install'
[0.219s] Level 1:colcon.colcon_core.package_identification:_identify(.) by extensions ['colcon_pkg']
[0.219s] Level 1:colcon.colcon_core.package_identification:_identify(.) by extension 'colcon_pkg'
[0.219s] Level 1:colcon.colcon_core.package_identification:_identify(.) by extensions ['colcon_meta']
[0.219s] Level 1:colcon.colcon_core.package_identification:_identify(.) by extension 'colcon_meta'
[0.219s] Level 1:colcon.colcon_core.package_identification:_identify(.) by extensions ['ros']
[0.219s] Level 1:colcon.colcon_core.package_identification:_identify(.) by extension 'ros'
[0.234s] Level 1:colcon.colcon_core.package_identification:_identify(.) by extensions ['cmake', 'python']
[0.234s] Level 1:colcon.colcon_core.package_identification:_identify(.) by extension 'cmake'
[0.234s] Level 1:colcon.colcon_core.package_identification:_identify(.) by extension 'python'
[0.234s] Level 1:colcon.colcon_core.package_identification:_identify(.) by extensions ['python_setup_py']
[0.234s] Level 1:colcon.colcon_core.package_identification:_identify(.) by extension 'python_setup_py'
[0.235s] Level 1:colcon.colcon_core.package_identification:_identify(build) by extensions ['ignore', 'ignore_ament_install']
[0.235s] Level 1:colcon.colcon_core.package_identification:_identify(build) by extension 'ignore'
[0.235s] Level 1:colcon.colcon_core.package_identification:_identify(build) ignored
[0.235s] Level 1:colcon.colcon_core.package_identification:_identify(data_saved) by extensions ['ignore', 'ignore_ament_install']
[0.235s] Level 1:colcon.colcon_core.package_identification:_identify(data_saved) by extension 'ignore'
[0.235s] Level 1:colcon.colcon_core.package_identification:_identify(data_saved) by extension 'ignore_ament_install'
[0.235s] Level 1:colcon.colcon_core.package_identification:_identify(data_saved) by extensions ['colcon_pkg']
[0.235s] Level 1:colcon.colcon_core.package_identification:_identify(data_saved) by extension 'colcon_pkg'
[0.235s] Level 1:colcon.colcon_core.package_identification:_identify(data_saved) by extensions ['colcon_meta']
[0.235s] Level 1:colcon.colcon_core.package_identification:_identify(data_saved) by extension 'colcon_meta'
[0.235s] Level 1:colcon.colcon_core.package_identification:_identify(data_saved) by extensions ['ros']
[0.235s] Level 1:colcon.colcon_core.package_identification:_identify(data_saved) by extension 'ros'
[0.235s] Level 1:colcon.colcon_core.package_identification:_identify(data_saved) by extensions ['cmake', 'python']
[0.235s] Level 1:colcon.colcon_core.package_identification:_identify(data_saved) by extension 'cmake'
[0.235s] Level 1:colcon.colcon_core.package_identification:_identify(data_saved) by extension 'python'
[0.235s] Level 1:colcon.colcon_core.package_identification:_identify(data_saved) by extensions ['python_setup_py']
[0.235s] Level 1:colcon.colcon_core.package_identification:_identify(data_saved) by extension 'python_setup_py'
[0.235s] Level 1:colcon.colcon_core.package_identification:_identify(harvest) by extensions ['ignore', 'ignore_ament_install']
[0.235s] Level 1:colcon.colcon_core.package_identification:_identify(harvest) by extension 'ignore'
[0.235s] Level 1:colcon.colcon_core.package_identification:_identify(harvest) by extension 'ignore_ament_install'
[0.235s] Level 1:colcon.colcon_core.package_identification:_identify(harvest) by extensions ['colcon_pkg']
[0.235s] Level 1:colcon.colcon_core.package_identification:_identify(harvest) by extension 'colcon_pkg'
[0.235s] Level 1:colcon.colcon_core.package_identification:_identify(harvest) by extensions ['colcon_meta']
[0.235s] Level 1:colcon.colcon_core.package_identification:_identify(harvest) by extension 'colcon_meta'
[0.235s] Level 1:colcon.colcon_core.package_identification:_identify(harvest) by extensions ['ros']
[0.235s] Level 1:colcon.colcon_core.package_identification:_identify(harvest) by extension 'ros'
[0.238s] DEBUG:colcon.colcon_core.package_identification:Package 'harvest' with type 'ros.ament_cmake' and name 'harvest'
[0.238s] Level 1:colcon.colcon_core.package_identification:_identify(harvest_control) by extensions ['ignore', 'ignore_ament_install']
[0.238s] Level 1:colcon.colcon_core.package_identification:_identify(harvest_control) by extension 'ignore'
[0.238s] Level 1:colcon.colcon_core.package_identification:_identify(harvest_control) by extension 'ignore_ament_install'
[0.238s] Level 1:colcon.colcon_core.package_identification:_identify(harvest_control) by extensions ['colcon_pkg']
[0.238s] Level 1:colcon.colcon_core.package_identification:_identify(harvest_control) by extension 'colcon_pkg'
[0.238s] Level 1:colcon.colcon_core.package_identification:_identify(harvest_control) by extensions ['colcon_meta']
[0.238s] Level 1:colcon.colcon_core.package_identification:_identify(harvest_control) by extension 'colcon_meta'
[0.238s] Level 1:colcon.colcon_core.package_identification:_identify(harvest_control) by extensions ['ros']
[0.238s] Level 1:colcon.colcon_core.package_identification:_identify(harvest_control) by extension 'ros'
[0.239s] DEBUG:colcon.colcon_core.package_identification:Package 'harvest_control' with type 'ros.ament_cmake' and name 'harvest_control'
[0.239s] Level 1:colcon.colcon_core.package_identification:_identify(harvest_hardware) by extensions ['ignore', 'ignore_ament_install']
[0.239s] Level 1:colcon.colcon_core.package_identification:_identify(harvest_hardware) by extension 'ignore'
[0.239s] Level 1:colcon.colcon_core.package_identification:_identify(harvest_hardware) by extension 'ignore_ament_install'
[0.239s] Level 1:colcon.colcon_core.package_identification:_identify(harvest_hardware) by extensions ['colcon_pkg']
[0.239s] Level 1:colcon.colcon_core.package_identification:_identify(harvest_hardware) by extension 'colcon_pkg'
[0.239s] Level 1:colcon.colcon_core.package_identification:_identify(harvest_hardware) by extensions ['colcon_meta']
[0.239s] Level 1:colcon.colcon_core.package_identification:_identify(harvest_hardware) by extension 'colcon_meta'
[0.239s] Level 1:colcon.colcon_core.package_identification:_identify(harvest_hardware) by extensions ['ros']
[0.239s] Level 1:colcon.colcon_core.package_identification:_identify(harvest_hardware) by extension 'ros'
[0.239s] Level 1:colcon.colcon_core.package_identification:_identify(harvest_hardware) by extensions ['cmake', 'python']
[0.239s] Level 1:colcon.colcon_core.package_identification:_identify(harvest_hardware) by extension 'cmake'
[0.239s] Level 1:colcon.colcon_core.package_identification:_identify(harvest_hardware) by extension 'python'
[0.239s] Level 1:colcon.colcon_core.package_identification:_identify(harvest_hardware) by extensions ['python_setup_py']
[0.239s] Level 1:colcon.colcon_core.package_identification:_identify(harvest_hardware) by extension 'python_setup_py'
[0.239s] Level 1:colcon.colcon_core.package_identification:_identify(harvest_hardware/Universal_Robots_ROS2_Description) by extensions ['ignore', 'ignore_ament_install']
[0.240s] Level 1:colcon.colcon_core.package_identification:_identify(harvest_hardware/Universal_Robots_ROS2_Description) by extension 'ignore'
[0.240s] Level 1:colcon.colcon_core.package_identification:_identify(harvest_hardware/Universal_Robots_ROS2_Description) by extension 'ignore_ament_install'
[0.240s] Level 1:colcon.colcon_core.package_identification:_identify(harvest_hardware/Universal_Robots_ROS2_Description) by extensions ['colcon_pkg']
[0.240s] Level 1:colcon.colcon_core.package_identification:_identify(harvest_hardware/Universal_Robots_ROS2_Description) by extension 'colcon_pkg'
[0.240s] Level 1:colcon.colcon_core.package_identification:_identify(harvest_hardware/Universal_Robots_ROS2_Description) by extensions ['colcon_meta']
[0.240s] Level 1:colcon.colcon_core.package_identification:_identify(harvest_hardware/Universal_Robots_ROS2_Description) by extension 'colcon_meta'
[0.240s] Level 1:colcon.colcon_core.package_identification:_identify(harvest_hardware/Universal_Robots_ROS2_Description) by extensions ['ros']
[0.240s] Level 1:colcon.colcon_core.package_identification:_identify(harvest_hardware/Universal_Robots_ROS2_Description) by extension 'ros'
[0.240s] DEBUG:colcon.colcon_core.package_identification:Package 'harvest_hardware/Universal_Robots_ROS2_Description' with type 'ros.ament_cmake' and name 'ur_description'
[0.240s] Level 1:colcon.colcon_core.package_identification:_identify(harvest_hardware/Universal_Robots_ROS2_Driver) by extensions ['ignore', 'ignore_ament_install']
[0.241s] Level 1:colcon.colcon_core.package_identification:_identify(harvest_hardware/Universal_Robots_ROS2_Driver) by extension 'ignore'
[0.241s] Level 1:colcon.colcon_core.package_identification:_identify(harvest_hardware/Universal_Robots_ROS2_Driver) by extension 'ignore_ament_install'
[0.241s] Level 1:colcon.colcon_core.package_identification:_identify(harvest_hardware/Universal_Robots_ROS2_Driver) by extensions ['colcon_pkg']
[0.241s] Level 1:colcon.colcon_core.package_identification:_identify(harvest_hardware/Universal_Robots_ROS2_Driver) by extension 'colcon_pkg'
[0.241s] Level 1:colcon.colcon_core.package_identification:_identify(harvest_hardware/Universal_Robots_ROS2_Driver) by extensions ['colcon_meta']
[0.241s] Level 1:colcon.colcon_core.package_identification:_identify(harvest_hardware/Universal_Robots_ROS2_Driver) by extension 'colcon_meta'
[0.241s] Level 1:colcon.colcon_core.package_identification:_identify(harvest_hardware/Universal_Robots_ROS2_Driver) by extensions ['ros']
[0.241s] Level 1:colcon.colcon_core.package_identification:_identify(harvest_hardware/Universal_Robots_ROS2_Driver) by extension 'ros'
[0.241s] Level 1:colcon.colcon_core.package_identification:_identify(harvest_hardware/Universal_Robots_ROS2_Driver) by extensions ['cmake', 'python']
[0.241s] Level 1:colcon.colcon_core.package_identification:_identify(harvest_hardware/Universal_Robots_ROS2_Driver) by extension 'cmake'
[0.241s] Level 1:colcon.colcon_core.package_identification:_identify(harvest_hardware/Universal_Robots_ROS2_Driver) by extension 'python'
[0.241s] Level 1:colcon.colcon_core.package_identification:_identify(harvest_hardware/Universal_Robots_ROS2_Driver) by extensions ['python_setup_py']
[0.241s] Level 1:colcon.colcon_core.package_identification:_identify(harvest_hardware/Universal_Robots_ROS2_Driver) by extension 'python_setup_py'
[0.241s] Level 1:colcon.colcon_core.package_identification:_identify(harvest_hardware/Universal_Robots_ROS2_Driver/ur) by extensions ['ignore', 'ignore_ament_install']
[0.241s] Level 1:colcon.colcon_core.package_identification:_identify(harvest_hardware/Universal_Robots_ROS2_Driver/ur) by extension 'ignore'
[0.241s] Level 1:colcon.colcon_core.package_identification:_identify(harvest_hardware/Universal_Robots_ROS2_Driver/ur) by extension 'ignore_ament_install'
[0.241s] Level 1:colcon.colcon_core.package_identification:_identify(harvest_hardware/Universal_Robots_ROS2_Driver/ur) by extensions ['colcon_pkg']
[0.241s] Level 1:colcon.colcon_core.package_identification:_identify(harvest_hardware/Universal_Robots_ROS2_Driver/ur) by extension 'colcon_pkg'
[0.241s] Level 1:colcon.colcon_core.package_identification:_identify(harvest_hardware/Universal_Robots_ROS2_Driver/ur) by extensions ['colcon_meta']
[0.241s] Level 1:colcon.colcon_core.package_identification:_identify(harvest_hardware/Universal_Robots_ROS2_Driver/ur) by extension 'colcon_meta'
[0.241s] Level 1:colcon.colcon_core.package_identification:_identify(harvest_hardware/Universal_Robots_ROS2_Driver/ur) by extensions ['ros']
[0.241s] Level 1:colcon.colcon_core.package_identification:_identify(harvest_hardware/Universal_Robots_ROS2_Driver/ur) by extension 'ros'
[0.242s] DEBUG:colcon.colcon_core.package_identification:Package 'harvest_hardware/Universal_Robots_ROS2_Driver/ur' with type 'ros.ament_cmake' and name 'ur'
[0.242s] Level 1:colcon.colcon_core.package_identification:_identify(harvest_hardware/Universal_Robots_ROS2_Driver/ur_bringup) by extensions ['ignore', 'ignore_ament_install']
[0.242s] Level 1:colcon.colcon_core.package_identification:_identify(harvest_hardware/Universal_Robots_ROS2_Driver/ur_bringup) by extension 'ignore'
[0.242s] Level 1:colcon.colcon_core.package_identification:_identify(harvest_hardware/Universal_Robots_ROS2_Driver/ur_bringup) by extension 'ignore_ament_install'
[0.242s] Level 1:colcon.colcon_core.package_identification:_identify(harvest_hardware/Universal_Robots_ROS2_Driver/ur_bringup) by extensions ['colcon_pkg']
[0.242s] Level 1:colcon.colcon_core.package_identification:_identify(harvest_hardware/Universal_Robots_ROS2_Driver/ur_bringup) by extension 'colcon_pkg'
[0.242s] Level 1:colcon.colcon_core.package_identification:_identify(harvest_hardware/Universal_Robots_ROS2_Driver/ur_bringup) by extensions ['colcon_meta']
[0.242s] Level 1:colcon.colcon_core.package_identification:_identify(harvest_hardware/Universal_Robots_ROS2_Driver/ur_bringup) by extension 'colcon_meta'
[0.242s] Level 1:colcon.colcon_core.package_identification:_identify(harvest_hardware/Universal_Robots_ROS2_Driver/ur_bringup) by extensions ['ros']
[0.242s] Level 1:colcon.colcon_core.package_identification:_identify(harvest_hardware/Universal_Robots_ROS2_Driver/ur_bringup) by extension 'ros'
[0.243s] DEBUG:colcon.colcon_core.package_identification:Package 'harvest_hardware/Universal_Robots_ROS2_Driver/ur_bringup' with type 'ros.ament_cmake' and name 'ur_bringup'
[0.243s] Level 1:colcon.colcon_core.package_identification:_identify(harvest_hardware/Universal_Robots_ROS2_Driver/ur_calibration) by extensions ['ignore', 'ignore_ament_install']
[0.243s] Level 1:colcon.colcon_core.package_identification:_identify(harvest_hardware/Universal_Robots_ROS2_Driver/ur_calibration) by extension 'ignore'
[0.243s] Level 1:colcon.colcon_core.package_identification:_identify(harvest_hardware/Universal_Robots_ROS2_Driver/ur_calibration) by extension 'ignore_ament_install'
[0.243s] Level 1:colcon.colcon_core.package_identification:_identify(harvest_hardware/Universal_Robots_ROS2_Driver/ur_calibration) by extensions ['colcon_pkg']
[0.243s] Level 1:colcon.colcon_core.package_identification:_identify(harvest_hardware/Universal_Robots_ROS2_Driver/ur_calibration) by extension 'colcon_pkg'
[0.243s] Level 1:colcon.colcon_core.package_identification:_identify(harvest_hardware/Universal_Robots_ROS2_Driver/ur_calibration) by extensions ['colcon_meta']
[0.243s] Level 1:colcon.colcon_core.package_identification:_identify(harvest_hardware/Universal_Robots_ROS2_Driver/ur_calibration) by extension 'colcon_meta'
[0.243s] Level 1:colcon.colcon_core.package_identification:_identify(harvest_hardware/Universal_Robots_ROS2_Driver/ur_calibration) by extensions ['ros']
[0.243s] Level 1:colcon.colcon_core.package_identification:_identify(harvest_hardware/Universal_Robots_ROS2_Driver/ur_calibration) by extension 'ros'
[0.244s] DEBUG:colcon.colcon_core.package_identification:Package 'harvest_hardware/Universal_Robots_ROS2_Driver/ur_calibration' with type 'ros.ament_cmake' and name 'ur_calibration'
[0.244s] Level 1:colcon.colcon_core.package_identification:_identify(harvest_hardware/Universal_Robots_ROS2_Driver/ur_controllers) by extensions ['ignore', 'ignore_ament_install']
[0.244s] Level 1:colcon.colcon_core.package_identification:_identify(harvest_hardware/Universal_Robots_ROS2_Driver/ur_controllers) by extension 'ignore'
[0.244s] Level 1:colcon.colcon_core.package_identification:_identify(harvest_hardware/Universal_Robots_ROS2_Driver/ur_controllers) by extension 'ignore_ament_install'
[0.244s] Level 1:colcon.colcon_core.package_identification:_identify(harvest_hardware/Universal_Robots_ROS2_Driver/ur_controllers) by extensions ['colcon_pkg']
[0.244s] Level 1:colcon.colcon_core.package_identification:_identify(harvest_hardware/Universal_Robots_ROS2_Driver/ur_controllers) by extension 'colcon_pkg'
[0.244s] Level 1:colcon.colcon_core.package_identification:_identify(harvest_hardware/Universal_Robots_ROS2_Driver/ur_controllers) by extensions ['colcon_meta']
[0.244s] Level 1:colcon.colcon_core.package_identification:_identify(harvest_hardware/Universal_Robots_ROS2_Driver/ur_controllers) by extension 'colcon_meta'
[0.244s] Level 1:colcon.colcon_core.package_identification:_identify(harvest_hardware/Universal_Robots_ROS2_Driver/ur_controllers) by extensions ['ros']
[0.244s] Level 1:colcon.colcon_core.package_identification:_identify(harvest_hardware/Universal_Robots_ROS2_Driver/ur_controllers) by extension 'ros'
[0.245s] DEBUG:colcon.colcon_core.package_identification:Package 'harvest_hardware/Universal_Robots_ROS2_Driver/ur_controllers' with type 'ros.ament_cmake' and name 'ur_controllers'
[0.245s] Level 1:colcon.colcon_core.package_identification:_identify(harvest_hardware/Universal_Robots_ROS2_Driver/ur_dashboard_msgs) by extensions ['ignore', 'ignore_ament_install']
[0.245s] Level 1:colcon.colcon_core.package_identification:_identify(harvest_hardware/Universal_Robots_ROS2_Driver/ur_dashboard_msgs) by extension 'ignore'
[0.245s] Level 1:colcon.colcon_core.package_identification:_identify(harvest_hardware/Universal_Robots_ROS2_Driver/ur_dashboard_msgs) by extension 'ignore_ament_install'
[0.245s] Level 1:colcon.colcon_core.package_identification:_identify(harvest_hardware/Universal_Robots_ROS2_Driver/ur_dashboard_msgs) by extensions ['colcon_pkg']
[0.245s] Level 1:colcon.colcon_core.package_identification:_identify(harvest_hardware/Universal_Robots_ROS2_Driver/ur_dashboard_msgs) by extension 'colcon_pkg'
[0.245s] Level 1:colcon.colcon_core.package_identification:_identify(harvest_hardware/Universal_Robots_ROS2_Driver/ur_dashboard_msgs) by extensions ['colcon_meta']
[0.245s] Level 1:colcon.colcon_core.package_identification:_identify(harvest_hardware/Universal_Robots_ROS2_Driver/ur_dashboard_msgs) by extension 'colcon_meta'
[0.245s] Level 1:colcon.colcon_core.package_identification:_identify(harvest_hardware/Universal_Robots_ROS2_Driver/ur_dashboard_msgs) by extensions ['ros']
[0.245s] Level 1:colcon.colcon_core.package_identification:_identify(harvest_hardware/Universal_Robots_ROS2_Driver/ur_dashboard_msgs) by extension 'ros'
[0.246s] DEBUG:colcon.colcon_core.package_identification:Package 'harvest_hardware/Universal_Robots_ROS2_Driver/ur_dashboard_msgs' with type 'ros.ament_cmake' and name 'ur_dashboard_msgs'
[0.246s] Level 1:colcon.colcon_core.package_identification:_identify(harvest_hardware/Universal_Robots_ROS2_Driver/ur_moveit_config) by extensions ['ignore', 'ignore_ament_install']
[0.246s] Level 1:colcon.colcon_core.package_identification:_identify(harvest_hardware/Universal_Robots_ROS2_Driver/ur_moveit_config) by extension 'ignore'
[0.246s] Level 1:colcon.colcon_core.package_identification:_identify(harvest_hardware/Universal_Robots_ROS2_Driver/ur_moveit_config) by extension 'ignore_ament_install'
[0.246s] Level 1:colcon.colcon_core.package_identification:_identify(harvest_hardware/Universal_Robots_ROS2_Driver/ur_moveit_config) by extensions ['colcon_pkg']
[0.246s] Level 1:colcon.colcon_core.package_identification:_identify(harvest_hardware/Universal_Robots_ROS2_Driver/ur_moveit_config) by extension 'colcon_pkg'
[0.246s] Level 1:colcon.colcon_core.package_identification:_identify(harvest_hardware/Universal_Robots_ROS2_Driver/ur_moveit_config) by extensions ['colcon_meta']
[0.246s] Level 1:colcon.colcon_core.package_identification:_identify(harvest_hardware/Universal_Robots_ROS2_Driver/ur_moveit_config) by extension 'colcon_meta'
[0.246s] Level 1:colcon.colcon_core.package_identification:_identify(harvest_hardware/Universal_Robots_ROS2_Driver/ur_moveit_config) by extensions ['ros']
[0.246s] Level 1:colcon.colcon_core.package_identification:_identify(harvest_hardware/Universal_Robots_ROS2_Driver/ur_moveit_config) by extension 'ros'
[0.247s] DEBUG:colcon.colcon_core.package_identification:Package 'harvest_hardware/Universal_Robots_ROS2_Driver/ur_moveit_config' with type 'ros.ament_cmake' and name 'ur_moveit_config'
[0.247s] Level 1:colcon.colcon_core.package_identification:_identify(harvest_hardware/Universal_Robots_ROS2_Driver/ur_robot_driver) by extensions ['ignore', 'ignore_ament_install']
[0.247s] Level 1:colcon.colcon_core.package_identification:_identify(harvest_hardware/Universal_Robots_ROS2_Driver/ur_robot_driver) by extension 'ignore'
[0.247s] Level 1:colcon.colcon_core.package_identification:_identify(harvest_hardware/Universal_Robots_ROS2_Driver/ur_robot_driver) by extension 'ignore_ament_install'
[0.247s] Level 1:colcon.colcon_core.package_identification:_identify(harvest_hardware/Universal_Robots_ROS2_Driver/ur_robot_driver) by extensions ['colcon_pkg']
[0.247s] Level 1:colcon.colcon_core.package_identification:_identify(harvest_hardware/Universal_Robots_ROS2_Driver/ur_robot_driver) by extension 'colcon_pkg'
[0.247s] Level 1:colcon.colcon_core.package_identification:_identify(harvest_hardware/Universal_Robots_ROS2_Driver/ur_robot_driver) by extensions ['colcon_meta']
[0.247s] Level 1:colcon.colcon_core.package_identification:_identify(harvest_hardware/Universal_Robots_ROS2_Driver/ur_robot_driver) by extension 'colcon_meta'
[0.247s] Level 1:colcon.colcon_core.package_identification:_identify(harvest_hardware/Universal_Robots_ROS2_Driver/ur_robot_driver) by extensions ['ros']
[0.247s] Level 1:colcon.colcon_core.package_identification:_identify(harvest_hardware/Universal_Robots_ROS2_Driver/ur_robot_driver) by extension 'ros'
[0.248s] DEBUG:colcon.colcon_core.package_identification:Package 'harvest_hardware/Universal_Robots_ROS2_Driver/ur_robot_driver' with type 'ros.ament_cmake' and name 'ur_robot_driver'
[0.248s] Level 1:colcon.colcon_core.package_identification:_identify(harvest_hardware/realsense-ros) by extensions ['ignore', 'ignore_ament_install']
[0.248s] Level 1:colcon.colcon_core.package_identification:_identify(harvest_hardware/realsense-ros) by extension 'ignore'
[0.248s] Level 1:colcon.colcon_core.package_identification:_identify(harvest_hardware/realsense-ros) by extension 'ignore_ament_install'
[0.249s] Level 1:colcon.colcon_core.package_identification:_identify(harvest_hardware/realsense-ros) by extensions ['colcon_pkg']
[0.249s] Level 1:colcon.colcon_core.package_identification:_identify(harvest_hardware/realsense-ros) by extension 'colcon_pkg'
[0.249s] Level 1:colcon.colcon_core.package_identification:_identify(harvest_hardware/realsense-ros) by extensions ['colcon_meta']
[0.249s] Level 1:colcon.colcon_core.package_identification:_identify(harvest_hardware/realsense-ros) by extension 'colcon_meta'
[0.249s] Level 1:colcon.colcon_core.package_identification:_identify(harvest_hardware/realsense-ros) by extensions ['ros']
[0.249s] Level 1:colcon.colcon_core.package_identification:_identify(harvest_hardware/realsense-ros) by extension 'ros'
[0.249s] Level 1:colcon.colcon_core.package_identification:_identify(harvest_hardware/realsense-ros) by extensions ['cmake', 'python']
[0.249s] Level 1:colcon.colcon_core.package_identification:_identify(harvest_hardware/realsense-ros) by extension 'cmake'
[0.249s] Level 1:colcon.colcon_core.package_identification:_identify(harvest_hardware/realsense-ros) by extension 'python'
[0.249s] Level 1:colcon.colcon_core.package_identification:_identify(harvest_hardware/realsense-ros) by extensions ['python_setup_py']
[0.249s] Level 1:colcon.colcon_core.package_identification:_identify(harvest_hardware/realsense-ros) by extension 'python_setup_py'
[0.249s] Level 1:colcon.colcon_core.package_identification:_identify(harvest_hardware/realsense-ros/realsense2_camera) by extensions ['ignore', 'ignore_ament_install']
[0.249s] Level 1:colcon.colcon_core.package_identification:_identify(harvest_hardware/realsense-ros/realsense2_camera) by extension 'ignore'
[0.249s] Level 1:colcon.colcon_core.package_identification:_identify(harvest_hardware/realsense-ros/realsense2_camera) by extension 'ignore_ament_install'
[0.249s] Level 1:colcon.colcon_core.package_identification:_identify(harvest_hardware/realsense-ros/realsense2_camera) by extensions ['colcon_pkg']
[0.249s] Level 1:colcon.colcon_core.package_identification:_identify(harvest_hardware/realsense-ros/realsense2_camera) by extension 'colcon_pkg'
[0.249s] Level 1:colcon.colcon_core.package_identification:_identify(harvest_hardware/realsense-ros/realsense2_camera) by extensions ['colcon_meta']
[0.249s] Level 1:colcon.colcon_core.package_identification:_identify(harvest_hardware/realsense-ros/realsense2_camera) by extension 'colcon_meta'
[0.249s] Level 1:colcon.colcon_core.package_identification:_identify(harvest_hardware/realsense-ros/realsense2_camera) by extensions ['ros']
[0.249s] Level 1:colcon.colcon_core.package_identification:_identify(harvest_hardware/realsense-ros/realsense2_camera) by extension 'ros'
[0.253s] DEBUG:colcon.colcon_core.package_identification:Package 'harvest_hardware/realsense-ros/realsense2_camera' with type 'ros.ament_cmake' and name 'realsense2_camera'
[0.253s] Level 1:colcon.colcon_core.package_identification:_identify(harvest_hardware/realsense-ros/realsense2_camera_msgs) by extensions ['ignore', 'ignore_ament_install']
[0.253s] Level 1:colcon.colcon_core.package_identification:_identify(harvest_hardware/realsense-ros/realsense2_camera_msgs) by extension 'ignore'
[0.253s] Level 1:colcon.colcon_core.package_identification:_identify(harvest_hardware/realsense-ros/realsense2_camera_msgs) by extension 'ignore_ament_install'
[0.253s] Level 1:colcon.colcon_core.package_identification:_identify(harvest_hardware/realsense-ros/realsense2_camera_msgs) by extensions ['colcon_pkg']
[0.253s] Level 1:colcon.colcon_core.package_identification:_identify(harvest_hardware/realsense-ros/realsense2_camera_msgs) by extension 'colcon_pkg'
[0.253s] Level 1:colcon.colcon_core.package_identification:_identify(harvest_hardware/realsense-ros/realsense2_camera_msgs) by extensions ['colcon_meta']
[0.253s] Level 1:colcon.colcon_core.package_identification:_identify(harvest_hardware/realsense-ros/realsense2_camera_msgs) by extension 'colcon_meta'
[0.253s] Level 1:colcon.colcon_core.package_identification:_identify(harvest_hardware/realsense-ros/realsense2_camera_msgs) by extensions ['ros']
[0.253s] Level 1:colcon.colcon_core.package_identification:_identify(harvest_hardware/realsense-ros/realsense2_camera_msgs) by extension 'ros'
[0.254s] DEBUG:colcon.colcon_core.package_identification:Package 'harvest_hardware/realsense-ros/realsense2_camera_msgs' with type 'ros.ament_cmake' and name 'realsense2_camera_msgs'
[0.254s] Level 1:colcon.colcon_core.package_identification:_identify(harvest_hardware/realsense-ros/realsense2_description) by extensions ['ignore', 'ignore_ament_install']
[0.254s] Level 1:colcon.colcon_core.package_identification:_identify(harvest_hardware/realsense-ros/realsense2_description) by extension 'ignore'
[0.254s] Level 1:colcon.colcon_core.package_identification:_identify(harvest_hardware/realsense-ros/realsense2_description) by extension 'ignore_ament_install'
[0.254s] Level 1:colcon.colcon_core.package_identification:_identify(harvest_hardware/realsense-ros/realsense2_description) by extensions ['colcon_pkg']
[0.254s] Level 1:colcon.colcon_core.package_identification:_identify(harvest_hardware/realsense-ros/realsense2_description) by extension 'colcon_pkg'
[0.254s] Level 1:colcon.colcon_core.package_identification:_identify(harvest_hardware/realsense-ros/realsense2_description) by extensions ['colcon_meta']
[0.254s] Level 1:colcon.colcon_core.package_identification:_identify(harvest_hardware/realsense-ros/realsense2_description) by extension 'colcon_meta'
[0.254s] Level 1:colcon.colcon_core.package_identification:_identify(harvest_hardware/realsense-ros/realsense2_description) by extensions ['ros']
[0.254s] Level 1:colcon.colcon_core.package_identification:_identify(harvest_hardware/realsense-ros/realsense2_description) by extension 'ros'
[0.255s] DEBUG:colcon.colcon_core.package_identification:Package 'harvest_hardware/realsense-ros/realsense2_description' with type 'ros.ament_cmake' and name 'realsense2_description'
[0.255s] Level 1:colcon.colcon_core.package_identification:_identify(harvest_hardware/realsense-ros/scripts) by extensions ['ignore', 'ignore_ament_install']
[0.255s] Level 1:colcon.colcon_core.package_identification:_identify(harvest_hardware/realsense-ros/scripts) by extension 'ignore'
[0.255s] Level 1:colcon.colcon_core.package_identification:_identify(harvest_hardware/realsense-ros/scripts) by extension 'ignore_ament_install'
[0.255s] Level 1:colcon.colcon_core.package_identification:_identify(harvest_hardware/realsense-ros/scripts) by extensions ['colcon_pkg']
[0.255s] Level 1:colcon.colcon_core.package_identification:_identify(harvest_hardware/realsense-ros/scripts) by extension 'colcon_pkg'
[0.255s] Level 1:colcon.colcon_core.package_identification:_identify(harvest_hardware/realsense-ros/scripts) by extensions ['colcon_meta']
[0.255s] Level 1:colcon.colcon_core.package_identification:_identify(harvest_hardware/realsense-ros/scripts) by extension 'colcon_meta'
[0.255s] Level 1:colcon.colcon_core.package_identification:_identify(harvest_hardware/realsense-ros/scripts) by extensions ['ros']
[0.255s] Level 1:colcon.colcon_core.package_identification:_identify(harvest_hardware/realsense-ros/scripts) by extension 'ros'
[0.255s] Level 1:colcon.colcon_core.package_identification:_identify(harvest_hardware/realsense-ros/scripts) by extensions ['cmake', 'python']
[0.255s] Level 1:colcon.colcon_core.package_identification:_identify(harvest_hardware/realsense-ros/scripts) by extension 'cmake'
[0.255s] Level 1:colcon.colcon_core.package_identification:_identify(harvest_hardware/realsense-ros/scripts) by extension 'python'
[0.255s] Level 1:colcon.colcon_core.package_identification:_identify(harvest_hardware/realsense-ros/scripts) by extensions ['python_setup_py']
[0.255s] Level 1:colcon.colcon_core.package_identification:_identify(harvest_hardware/realsense-ros/scripts) by extension 'python_setup_py'
[0.255s] Level 1:colcon.colcon_core.package_identification:_identify(harvest_hardware/ur5e_custom_hardware) by extensions ['ignore', 'ignore_ament_install']
[0.255s] Level 1:colcon.colcon_core.package_identification:_identify(harvest_hardware/ur5e_custom_hardware) by extension 'ignore'
[0.255s] Level 1:colcon.colcon_core.package_identification:_identify(harvest_hardware/ur5e_custom_hardware) by extension 'ignore_ament_install'
[0.255s] Level 1:colcon.colcon_core.package_identification:_identify(harvest_hardware/ur5e_custom_hardware) by extensions ['colcon_pkg']
[0.255s] Level 1:colcon.colcon_core.package_identification:_identify(harvest_hardware/ur5e_custom_hardware) by extension 'colcon_pkg'
[0.255s] Level 1:colcon.colcon_core.package_identification:_identify(harvest_hardware/ur5e_custom_hardware) by extensions ['colcon_meta']
[0.255s] Level 1:colcon.colcon_core.package_identification:_identify(harvest_hardware/ur5e_custom_hardware) by extension 'colcon_meta'
[0.255s] Level 1:colcon.colcon_core.package_identification:_identify(harvest_hardware/ur5e_custom_hardware) by extensions ['ros']
[0.255s] Level 1:colcon.colcon_core.package_identification:_identify(harvest_hardware/ur5e_custom_hardware) by extension 'ros'
[0.256s] DEBUG:colcon.colcon_core.package_identification:Package 'harvest_hardware/ur5e_custom_hardware' with type 'ros.ament_python' and name 'ur5e_custom_hardware'
[0.256s] Level 1:colcon.colcon_core.package_identification:_identify(harvest_interfaces) by extensions ['ignore', 'ignore_ament_install']
[0.256s] Level 1:colcon.colcon_core.package_identification:_identify(harvest_interfaces) by extension 'ignore'
[0.256s] Level 1:colcon.colcon_core.package_identification:_identify(harvest_interfaces) by extension 'ignore_ament_install'
[0.256s] Level 1:colcon.colcon_core.package_identification:_identify(harvest_interfaces) by extensions ['colcon_pkg']
[0.256s] Level 1:colcon.colcon_core.package_identification:_identify(harvest_interfaces) by extension 'colcon_pkg'
[0.256s] Level 1:colcon.colcon_core.package_identification:_identify(harvest_interfaces) by extensions ['colcon_meta']
[0.256s] Level 1:colcon.colcon_core.package_identification:_identify(harvest_interfaces) by extension 'colcon_meta'
[0.256s] Level 1:colcon.colcon_core.package_identification:_identify(harvest_interfaces) by extensions ['ros']
[0.256s] Level 1:colcon.colcon_core.package_identification:_identify(harvest_interfaces) by extension 'ros'
[0.257s] DEBUG:colcon.colcon_core.package_identification:Package 'harvest_interfaces' with type 'ros.ament_cmake' and name 'harvest_interfaces'
[0.257s] Level 1:colcon.colcon_core.package_identification:_identify(harvest_vision) by extensions ['ignore', 'ignore_ament_install']
[0.257s] Level 1:colcon.colcon_core.package_identification:_identify(harvest_vision) by extension 'ignore'
[0.257s] Level 1:colcon.colcon_core.package_identification:_identify(harvest_vision) by extension 'ignore_ament_install'
[0.257s] Level 1:colcon.colcon_core.package_identification:_identify(harvest_vision) by extensions ['colcon_pkg']
[0.257s] Level 1:colcon.colcon_core.package_identification:_identify(harvest_vision) by extension 'colcon_pkg'
[0.257s] Level 1:colcon.colcon_core.package_identification:_identify(harvest_vision) by extensions ['colcon_meta']
[0.257s] Level 1:colcon.colcon_core.package_identification:_identify(harvest_vision) by extension 'colcon_meta'
[0.257s] Level 1:colcon.colcon_core.package_identification:_identify(harvest_vision) by extensions ['ros']
[0.257s] Level 1:colcon.colcon_core.package_identification:_identify(harvest_vision) by extension 'ros'
[0.258s] DEBUG:colcon.colcon_core.package_identification:Package 'harvest_vision' with type 'ros.ament_python' and name 'harvest_vision'
[0.258s] Level 1:colcon.colcon_core.package_identification:_identify(install) by extensions ['ignore', 'ignore_ament_install']
[0.258s] Level 1:colcon.colcon_core.package_identification:_identify(install) by extension 'ignore'
[0.258s] Level 1:colcon.colcon_core.package_identification:_identify(install) ignored
[0.258s] Level 1:colcon.colcon_core.package_identification:_identify(log) by extensions ['ignore', 'ignore_ament_install']
[0.258s] Level 1:colcon.colcon_core.package_identification:_identify(log) by extension 'ignore'
[0.258s] Level 1:colcon.colcon_core.package_identification:_identify(log) ignored
[0.258s] Level 1:colcon.colcon_core.package_identification:_identify(project_code) by extensions ['ignore', 'ignore_ament_install']
[0.258s] Level 1:colcon.colcon_core.package_identification:_identify(project_code) by extension 'ignore'
[0.258s] Level 1:colcon.colcon_core.package_identification:_identify(project_code) by extension 'ignore_ament_install'
[0.258s] Level 1:colcon.colcon_core.package_identification:_identify(project_code) by extensions ['colcon_pkg']
[0.258s] Level 1:colcon.colcon_core.package_identification:_identify(project_code) by extension 'colcon_pkg'
[0.258s] Level 1:colcon.colcon_core.package_identification:_identify(project_code) by extensions ['colcon_meta']
[0.258s] Level 1:colcon.colcon_core.package_identification:_identify(project_code) by extension 'colcon_meta'
[0.259s] Level 1:colcon.colcon_core.package_identification:_identify(project_code) by extensions ['ros']
[0.259s] Level 1:colcon.colcon_core.package_identification:_identify(project_code) by extension 'ros'
[0.259s] Level 1:colcon.colcon_core.package_identification:_identify(project_code) by extensions ['cmake', 'python']
[0.259s] Level 1:colcon.colcon_core.package_identification:_identify(project_code) by extension 'cmake'
[0.259s] Level 1:colcon.colcon_core.package_identification:_identify(project_code) by extension 'python'
[0.259s] Level 1:colcon.colcon_core.package_identification:_identify(project_code) by extensions ['python_setup_py']
[0.259s] Level 1:colcon.colcon_core.package_identification:_identify(project_code) by extension 'python_setup_py'
[0.259s] Level 1:colcon.colcon_core.package_identification:_identify(project_code/images) by extensions ['ignore', 'ignore_ament_install']
[0.259s] Level 1:colcon.colcon_core.package_identification:_identify(project_code/images) by extension 'ignore'
[0.259s] Level 1:colcon.colcon_core.package_identification:_identify(project_code/images) by extension 'ignore_ament_install'
[0.259s] Level 1:colcon.colcon_core.package_identification:_identify(project_code/images) by extensions ['colcon_pkg']
[0.259s] Level 1:colcon.colcon_core.package_identification:_identify(project_code/images) by extension 'colcon_pkg'
[0.259s] Level 1:colcon.colcon_core.package_identification:_identify(project_code/images) by extensions ['colcon_meta']
[0.259s] Level 1:colcon.colcon_core.package_identification:_identify(project_code/images) by extension 'colcon_meta'
[0.259s] Level 1:colcon.colcon_core.package_identification:_identify(project_code/images) by extensions ['ros']
[0.259s] Level 1:colcon.colcon_core.package_identification:_identify(project_code/images) by extension 'ros'
[0.259s] Level 1:colcon.colcon_core.package_identification:_identify(project_code/images) by extensions ['cmake', 'python']
[0.259s] Level 1:colcon.colcon_core.package_identification:_identify(project_code/images) by extension 'cmake'
[0.259s] Level 1:colcon.colcon_core.package_identification:_identify(project_code/images) by extension 'python'
[0.259s] Level 1:colcon.colcon_core.package_identification:_identify(project_code/images) by extensions ['python_setup_py']
[0.259s] Level 1:colcon.colcon_core.package_identification:_identify(project_code/images) by extension 'python_setup_py'
[0.259s] Level 1:colcon.colcon_core.package_identification:_identify(project_code/scripts) by extensions ['ignore', 'ignore_ament_install']
[0.259s] Level 1:colcon.colcon_core.package_identification:_identify(project_code/scripts) by extension 'ignore'
[0.259s] Level 1:colcon.colcon_core.package_identification:_identify(project_code/scripts) by extension 'ignore_ament_install'
[0.259s] Level 1:colcon.colcon_core.package_identification:_identify(project_code/scripts) by extensions ['colcon_pkg']
[0.259s] Level 1:colcon.colcon_core.package_identification:_identify(project_code/scripts) by extension 'colcon_pkg'
[0.259s] Level 1:colcon.colcon_core.package_identification:_identify(project_code/scripts) by extensions ['colcon_meta']
[0.259s] Level 1:colcon.colcon_core.package_identification:_identify(project_code/scripts) by extension 'colcon_meta'
[0.259s] Level 1:colcon.colcon_core.package_identification:_identify(project_code/scripts) by extensions ['ros']
[0.260s] Level 1:colcon.colcon_core.package_identification:_identify(project_code/scripts) by extension 'ros'
[0.260s] Level 1:colcon.colcon_core.package_identification:_identify(project_code/scripts) by extensions ['cmake', 'python']
[0.260s] Level 1:colcon.colcon_core.package_identification:_identify(project_code/scripts) by extension 'cmake'
[0.260s] Level 1:colcon.colcon_core.package_identification:_identify(project_code/scripts) by extension 'python'
[0.260s] Level 1:colcon.colcon_core.package_identification:_identify(project_code/scripts) by extensions ['python_setup_py']
[0.260s] Level 1:colcon.colcon_core.package_identification:_identify(project_code/scripts) by extension 'python_setup_py'
[0.260s] Level 1:colcon.colcon_core.package_discovery:discover_packages(recursive) using defaults
[0.260s] Level 1:colcon.colcon_core.package_discovery:discover_packages(ignore) discover
[0.260s] Level 1:colcon.colcon_core.package_discovery:discover_packages(ignore) using defaults
[0.260s] Level 1:colcon.colcon_core.package_discovery:discover_packages(path) discover
[0.260s] Level 1:colcon.colcon_core.package_discovery:discover_packages(path) using defaults
[0.278s] Level 1:colcon.colcon_core.package_discovery:discover_packages(prefix_path) check parameters
[0.278s] Level 1:colcon.colcon_core.package_discovery:discover_packages(prefix_path) discover
[0.280s] DEBUG:colcon.colcon_installed_package_information.package_discovery:Found 16 installed packages in /home/imml/git/ROB_534_Project/install
[0.282s] DEBUG:colcon.colcon_installed_package_information.package_discovery:Found 388 installed packages in /opt/ros/humble
[0.283s] Level 1:colcon.colcon_core.package_discovery:discover_packages(prefix_path) using defaults
[0.319s] Level 5:colcon.colcon_core.verb:set package 'harvest_interfaces' build argument 'cmake_args' from command line to 'None'
[0.319s] Level 5:colcon.colcon_core.verb:set package 'harvest_interfaces' build argument 'cmake_target' from command line to 'None'
[0.319s] Level 5:colcon.colcon_core.verb:set package 'harvest_interfaces' build argument 'cmake_target_skip_unavailable' from command line to 'False'
[0.319s] Level 5:colcon.colcon_core.verb:set package 'harvest_interfaces' build argument 'cmake_clean_cache' from command line to 'False'
[0.319s] Level 5:colcon.colcon_core.verb:set package 'harvest_interfaces' build argument 'cmake_clean_first' from command line to 'False'
[0.319s] Level 5:colcon.colcon_core.verb:set package 'harvest_interfaces' build argument 'cmake_force_configure' from command line to 'False'
[0.319s] Level 5:colcon.colcon_core.verb:set package 'harvest_interfaces' build argument 'ament_cmake_args' from command line to 'None'
[0.319s] Level 5:colcon.colcon_core.verb:set package 'harvest_interfaces' build argument 'catkin_cmake_args' from command line to 'None'
[0.319s] Level 5:colcon.colcon_core.verb:set package 'harvest_interfaces' build argument 'catkin_skip_building_tests' from command line to 'False'
[0.319s] DEBUG:colcon.colcon_core.verb:Building package 'harvest_interfaces' with the following arguments: {'ament_cmake_args': None, 'build_base': '/home/imml/git/ROB_534_Project/build/harvest_interfaces', 'catkin_cmake_args': None, 'catkin_skip_building_tests': False, 'cmake_args': None, 'cmake_clean_cache': False, 'cmake_clean_first': False, 'cmake_force_configure': False, 'cmake_target': None, 'cmake_target_skip_unavailable': False, 'install_base': '/home/imml/git/ROB_534_Project/install/harvest_interfaces', 'merge_install': False, 'path': '/home/imml/git/ROB_534_Project/harvest_interfaces', 'symlink_install': True, 'test_result_base': None}
[0.319s] Level 5:colcon.colcon_core.verb:set package 'realsense2_camera_msgs' build argument 'cmake_args' from command line to 'None'
[0.319s] Level 5:colcon.colcon_core.verb:set package 'realsense2_camera_msgs' build argument 'cmake_target' from command line to 'None'
[0.319s] Level 5:colcon.colcon_core.verb:set package 'realsense2_camera_msgs' build argument 'cmake_target_skip_unavailable' from command line to 'False'
[0.319s] Level 5:colcon.colcon_core.verb:set package 'realsense2_camera_msgs' build argument 'cmake_clean_cache' from command line to 'False'
[0.319s] Level 5:colcon.colcon_core.verb:set package 'realsense2_camera_msgs' build argument 'cmake_clean_first' from command line to 'False'
[0.319s] Level 5:colcon.colcon_core.verb:set package 'realsense2_camera_msgs' build argument 'cmake_force_configure' from command line to 'False'
[0.319s] Level 5:colcon.colcon_core.verb:set package 'realsense2_camera_msgs' build argument 'ament_cmake_args' from command line to 'None'
[0.319s] Level 5:colcon.colcon_core.verb:set package 'realsense2_camera_msgs' build argument 'catkin_cmake_args' from command line to 'None'
[0.319s] Level 5:colcon.colcon_core.verb:set package 'realsense2_camera_msgs' build argument 'catkin_skip_building_tests' from command line to 'False'
[0.319s] DEBUG:colcon.colcon_core.verb:Building package 'realsense2_camera_msgs' with the following arguments: {'ament_cmake_args': None, 'build_base': '/home/imml/git/ROB_534_Project/build/realsense2_camera_msgs', 'catkin_cmake_args': None, 'catkin_skip_building_tests': False, 'cmake_args': None, 'cmake_clean_cache': False, 'cmake_clean_first': False, 'cmake_force_configure': False, 'cmake_target': None, 'cmake_target_skip_unavailable': False, 'install_base': '/home/imml/git/ROB_534_Project/install/realsense2_camera_msgs', 'merge_install': False, 'path': '/home/imml/git/ROB_534_Project/harvest_hardware/realsense-ros/realsense2_camera_msgs', 'symlink_install': True, 'test_result_base': None}
[0.320s] Level 5:colcon.colcon_core.verb:set package 'ur5e_custom_hardware' build argument 'cmake_args' from command line to 'None'
[0.320s] Level 5:colcon.colcon_core.verb:set package 'ur5e_custom_hardware' build argument 'cmake_target' from command line to 'None'
[0.320s] Level 5:colcon.colcon_core.verb:set package 'ur5e_custom_hardware' build argument 'cmake_target_skip_unavailable' from command line to 'False'
[0.320s] Level 5:colcon.colcon_core.verb:set package 'ur5e_custom_hardware' build argument 'cmake_clean_cache' from command line to 'False'
[0.320s] Level 5:colcon.colcon_core.verb:set package 'ur5e_custom_hardware' build argument 'cmake_clean_first' from command line to 'False'
[0.320s] Level 5:colcon.colcon_core.verb:set package 'ur5e_custom_hardware' build argument 'cmake_force_configure' from command line to 'False'
[0.320s] Level 5:colcon.colcon_core.verb:set package 'ur5e_custom_hardware' build argument 'ament_cmake_args' from command line to 'None'
[0.320s] Level 5:colcon.colcon_core.verb:set package 'ur5e_custom_hardware' build argument 'catkin_cmake_args' from command line to 'None'
[0.320s] Level 5:colcon.colcon_core.verb:set package 'ur5e_custom_hardware' build argument 'catkin_skip_building_tests' from command line to 'False'
[0.320s] DEBUG:colcon.colcon_core.verb:Building package 'ur5e_custom_hardware' with the following arguments: {'ament_cmake_args': None, 'build_base': '/home/imml/git/ROB_534_Project/build/ur5e_custom_hardware', 'catkin_cmake_args': None, 'catkin_skip_building_tests': False, 'cmake_args': None, 'cmake_clean_cache': False, 'cmake_clean_first': False, 'cmake_force_configure': False, 'cmake_target': None, 'cmake_target_skip_unavailable': False, 'install_base': '/home/imml/git/ROB_534_Project/install/ur5e_custom_hardware', 'merge_install': False, 'path': '/home/imml/git/ROB_534_Project/harvest_hardware/ur5e_custom_hardware', 'symlink_install': True, 'test_result_base': None}
[0.320s] Level 5:colcon.colcon_core.verb:set package 'ur_dashboard_msgs' build argument 'cmake_args' from command line to 'None'
[0.320s] Level 5:colcon.colcon_core.verb:set package 'ur_dashboard_msgs' build argument 'cmake_target' from command line to 'None'
[0.320s] Level 5:colcon.colcon_core.verb:set package 'ur_dashboard_msgs' build argument 'cmake_target_skip_unavailable' from command line to 'False'
[0.320s] Level 5:colcon.colcon_core.verb:set package 'ur_dashboard_msgs' build argument 'cmake_clean_cache' from command line to 'False'
[0.320s] Level 5:colcon.colcon_core.verb:set package 'ur_dashboard_msgs' build argument 'cmake_clean_first' from command line to 'False'
[0.320s] Level 5:colcon.colcon_core.verb:set package 'ur_dashboard_msgs' build argument 'cmake_force_configure' from command line to 'False'
[0.320s] Level 5:colcon.colcon_core.verb:set package 'ur_dashboard_msgs' build argument 'ament_cmake_args' from command line to 'None'
[0.320s] Level 5:colcon.colcon_core.verb:set package 'ur_dashboard_msgs' build argument 'catkin_cmake_args' from command line to 'None'
[0.320s] Level 5:colcon.colcon_core.verb:set package 'ur_dashboard_msgs' build argument 'catkin_skip_building_tests' from command line to 'False'
[0.320s] DEBUG:colcon.colcon_core.verb:Building package 'ur_dashboard_msgs' with the following arguments: {'ament_cmake_args': None, 'build_base': '/home/imml/git/ROB_534_Project/build/ur_dashboard_msgs', 'catkin_cmake_args': None, 'catkin_skip_building_tests': False, 'cmake_args': None, 'cmake_clean_cache': False, 'cmake_clean_first': False, 'cmake_force_configure': False, 'cmake_target': None, 'cmake_target_skip_unavailable': False, 'install_base': '/home/imml/git/ROB_534_Project/install/ur_dashboard_msgs', 'merge_install': False, 'path': '/home/imml/git/ROB_534_Project/harvest_hardware/Universal_Robots_ROS2_Driver/ur_dashboard_msgs', 'symlink_install': True, 'test_result_base': None}
[0.320s] Level 5:colcon.colcon_core.verb:set package 'ur_description' build argument 'cmake_args' from command line to 'None'
[0.320s] Level 5:colcon.colcon_core.verb:set package 'ur_description' build argument 'cmake_target' from command line to 'None'
[0.320s] Level 5:colcon.colcon_core.verb:set package 'ur_description' build argument 'cmake_target_skip_unavailable' from command line to 'False'
[0.320s] Level 5:colcon.colcon_core.verb:set package 'ur_description' build argument 'cmake_clean_cache' from command line to 'False'
[0.320s] Level 5:colcon.colcon_core.verb:set package 'ur_description' build argument 'cmake_clean_first' from command line to 'False'
[0.320s] Level 5:colcon.colcon_core.verb:set package 'ur_description' build argument 'cmake_force_configure' from command line to 'False'
[0.321s] Level 5:colcon.colcon_core.verb:set package 'ur_description' build argument 'ament_cmake_args' from command line to 'None'
[0.321s] Level 5:colcon.colcon_core.verb:set package 'ur_description' build argument 'catkin_cmake_args' from command line to 'None'
[0.321s] Level 5:colcon.colcon_core.verb:set package 'ur_description' build argument 'catkin_skip_building_tests' from command line to 'False'
[0.321s] DEBUG:colcon.colcon_core.verb:Building package 'ur_description' with the following arguments: {'ament_cmake_args': None, 'build_base': '/home/imml/git/ROB_534_Project/build/ur_description', 'catkin_cmake_args': None, 'catkin_skip_building_tests': False, 'cmake_args': None, 'cmake_clean_cache': False, 'cmake_clean_first': False, 'cmake_force_configure': False, 'cmake_target': None, 'cmake_target_skip_unavailable': False, 'install_base': '/home/imml/git/ROB_534_Project/install/ur_description', 'merge_install': False, 'path': '/home/imml/git/ROB_534_Project/harvest_hardware/Universal_Robots_ROS2_Description', 'symlink_install': True, 'test_result_base': None}
[0.321s] Level 5:colcon.colcon_core.verb:set package 'harvest' build argument 'cmake_args' from command line to 'None'
[0.321s] Level 5:colcon.colcon_core.verb:set package 'harvest' build argument 'cmake_target' from command line to 'None'
[0.321s] Level 5:colcon.colcon_core.verb:set package 'harvest' build argument 'cmake_target_skip_unavailable' from command line to 'False'
[0.321s] Level 5:colcon.colcon_core.verb:set package 'harvest' build argument 'cmake_clean_cache' from command line to 'False'
[0.321s] Level 5:colcon.colcon_core.verb:set package 'harvest' build argument 'cmake_clean_first' from command line to 'False'
[0.321s] Level 5:colcon.colcon_core.verb:set package 'harvest' build argument 'cmake_force_configure' from command line to 'False'
[0.321s] Level 5:colcon.colcon_core.verb:set package 'harvest' build argument 'ament_cmake_args' from command line to 'None'
[0.321s] Level 5:colcon.colcon_core.verb:set package 'harvest' build argument 'catkin_cmake_args' from command line to 'None'
[0.321s] Level 5:colcon.colcon_core.verb:set package 'harvest' build argument 'catkin_skip_building_tests' from command line to 'False'
[0.321s] DEBUG:colcon.colcon_core.verb:Building package 'harvest' with the following arguments: {'ament_cmake_args': None, 'build_base': '/home/imml/git/ROB_534_Project/build/harvest', 'catkin_cmake_args': None, 'catkin_skip_building_tests': False, 'cmake_args': None, 'cmake_clean_cache': False, 'cmake_clean_first': False, 'cmake_force_configure': False, 'cmake_target': None, 'cmake_target_skip_unavailable': False, 'install_base': '/home/imml/git/ROB_534_Project/install/harvest', 'merge_install': False, 'path': '/home/imml/git/ROB_534_Project/harvest', 'symlink_install': True, 'test_result_base': None}
[0.321s] Level 5:colcon.colcon_core.verb:set package 'harvest_control' build argument 'cmake_args' from command line to 'None'
[0.321s] Level 5:colcon.colcon_core.verb:set package 'harvest_control' build argument 'cmake_target' from command line to 'None'
[0.321s] Level 5:colcon.colcon_core.verb:set package 'harvest_control' build argument 'cmake_target_skip_unavailable' from command line to 'False'
[0.321s] Level 5:colcon.colcon_core.verb:set package 'harvest_control' build argument 'cmake_clean_cache' from command line to 'False'
[0.321s] Level 5:colcon.colcon_core.verb:set package 'harvest_control' build argument 'cmake_clean_first' from command line to 'False'
[0.321s] Level 5:colcon.colcon_core.verb:set package 'harvest_control' build argument 'cmake_force_configure' from command line to 'False'
[0.321s] Level 5:colcon.colcon_core.verb:set package 'harvest_control' build argument 'ament_cmake_args' from command line to 'None'
[0.321s] Level 5:colcon.colcon_core.verb:set package 'harvest_control' build argument 'catkin_cmake_args' from command line to 'None'
[0.321s] Level 5:colcon.colcon_core.verb:set package 'harvest_control' build argument 'catkin_skip_building_tests' from command line to 'False'
[0.321s] DEBUG:colcon.colcon_core.verb:Building package 'harvest_control' with the following arguments: {'ament_cmake_args': None, 'build_base': '/home/imml/git/ROB_534_Project/build/harvest_control', 'catkin_cmake_args': None, 'catkin_skip_building_tests': False, 'cmake_args': None, 'cmake_clean_cache': False, 'cmake_clean_first': False, 'cmake_force_configure': False, 'cmake_target': None, 'cmake_target_skip_unavailable': False, 'install_base': '/home/imml/git/ROB_534_Project/install/harvest_control', 'merge_install': False, 'path': '/home/imml/git/ROB_534_Project/harvest_control', 'symlink_install': True, 'test_result_base': None}
[0.322s] Level 5:colcon.colcon_core.verb:set package 'harvest_vision' build argument 'cmake_args' from command line to 'None'
[0.322s] Level 5:colcon.colcon_core.verb:set package 'harvest_vision' build argument 'cmake_target' from command line to 'None'
[0.322s] Level 5:colcon.colcon_core.verb:set package 'harvest_vision' build argument 'cmake_target_skip_unavailable' from command line to 'False'
[0.322s] Level 5:colcon.colcon_core.verb:set package 'harvest_vision' build argument 'cmake_clean_cache' from command line to 'False'
[0.322s] Level 5:colcon.colcon_core.verb:set package 'harvest_vision' build argument 'cmake_clean_first' from command line to 'False'
[0.322s] Level 5:colcon.colcon_core.verb:set package 'harvest_vision' build argument 'cmake_force_configure' from command line to 'False'
[0.322s] Level 5:colcon.colcon_core.verb:set package 'harvest_vision' build argument 'ament_cmake_args' from command line to 'None'
[0.322s] Level 5:colcon.colcon_core.verb:set package 'harvest_vision' build argument 'catkin_cmake_args' from command line to 'None'
[0.322s] Level 5:colcon.colcon_core.verb:set package 'harvest_vision' build argument 'catkin_skip_building_tests' from command line to 'False'
[0.322s] DEBUG:colcon.colcon_core.verb:Building package 'harvest_vision' with the following arguments: {'ament_cmake_args': None, 'build_base': '/home/imml/git/ROB_534_Project/build/harvest_vision', 'catkin_cmake_args': None, 'catkin_skip_building_tests': False, 'cmake_args': None, 'cmake_clean_cache': False, 'cmake_clean_first': False, 'cmake_force_configure': False, 'cmake_target': None, 'cmake_target_skip_unavailable': False, 'install_base': '/home/imml/git/ROB_534_Project/install/harvest_vision', 'merge_install': False, 'path': '/home/imml/git/ROB_534_Project/harvest_vision', 'symlink_install': True, 'test_result_base': None}
[0.322s] Level 5:colcon.colcon_core.verb:set package 'realsense2_camera' build argument 'cmake_args' from command line to 'None'
[0.322s] Level 5:colcon.colcon_core.verb:set package 'realsense2_camera' build argument 'cmake_target' from command line to 'None'
[0.322s] Level 5:colcon.colcon_core.verb:set package 'realsense2_camera' build argument 'cmake_target_skip_unavailable' from command line to 'False'
[0.322s] Level 5:colcon.colcon_core.verb:set package 'realsense2_camera' build argument 'cmake_clean_cache' from command line to 'False'
[0.322s] Level 5:colcon.colcon_core.verb:set package 'realsense2_camera' build argument 'cmake_clean_first' from command line to 'False'
[0.322s] Level 5:colcon.colcon_core.verb:set package 'realsense2_camera' build argument 'cmake_force_configure' from command line to 'False'
[0.322s] Level 5:colcon.colcon_core.verb:set package 'realsense2_camera' build argument 'ament_cmake_args' from command line to 'None'
[0.322s] Level 5:colcon.colcon_core.verb:set package 'realsense2_camera' build argument 'catkin_cmake_args' from command line to 'None'
[0.322s] Level 5:colcon.colcon_core.verb:set package 'realsense2_camera' build argument 'catkin_skip_building_tests' from command line to 'False'
[0.322s] DEBUG:colcon.colcon_core.verb:Building package 'realsense2_camera' with the following arguments: {'ament_cmake_args': None, 'build_base': '/home/imml/git/ROB_534_Project/build/realsense2_camera', 'catkin_cmake_args': None, 'catkin_skip_building_tests': False, 'cmake_args': None, 'cmake_clean_cache': False, 'cmake_clean_first': False, 'cmake_force_configure': False, 'cmake_target': None, 'cmake_target_skip_unavailable': False, 'install_base': '/home/imml/git/ROB_534_Project/install/realsense2_camera', 'merge_install': False, 'path': '/home/imml/git/ROB_534_Project/harvest_hardware/realsense-ros/realsense2_camera', 'symlink_install': True, 'test_result_base': None}
[0.322s] Level 5:colcon.colcon_core.verb:set package 'realsense2_description' build argument 'cmake_args' from command line to 'None'
[0.322s] Level 5:colcon.colcon_core.verb:set package 'realsense2_description' build argument 'cmake_target' from command line to 'None'
[0.322s] Level 5:colcon.colcon_core.verb:set package 'realsense2_description' build argument 'cmake_target_skip_unavailable' from command line to 'False'
[0.322s] Level 5:colcon.colcon_core.verb:set package 'realsense2_description' build argument 'cmake_clean_cache' from command line to 'False'
[0.322s] Level 5:colcon.colcon_core.verb:set package 'realsense2_description' build argument 'cmake_clean_first' from command line to 'False'
[0.322s] Level 5:colcon.colcon_core.verb:set package 'realsense2_description' build argument 'cmake_force_configure' from command line to 'False'
[0.323s] Level 5:colcon.colcon_core.verb:set package 'realsense2_description' build argument 'ament_cmake_args' from command line to 'None'
[0.323s] Level 5:colcon.colcon_core.verb:set package 'realsense2_description' build argument 'catkin_cmake_args' from command line to 'None'
[0.323s] Level 5:colcon.colcon_core.verb:set package 'realsense2_description' build argument 'catkin_skip_building_tests' from command line to 'False'
[0.323s] DEBUG:colcon.colcon_core.verb:Building package 'realsense2_description' with the following arguments: {'ament_cmake_args': None, 'build_base': '/home/imml/git/ROB_534_Project/build/realsense2_description', 'catkin_cmake_args': None, 'catkin_skip_building_tests': False, 'cmake_args': None, 'cmake_clean_cache': False, 'cmake_clean_first': False, 'cmake_force_configure': False, 'cmake_target': None, 'cmake_target_skip_unavailable': False, 'install_base': '/home/imml/git/ROB_534_Project/install/realsense2_description', 'merge_install': False, 'path': '/home/imml/git/ROB_534_Project/harvest_hardware/realsense-ros/realsense2_description', 'symlink_install': True, 'test_result_base': None}
[0.323s] Level 5:colcon.colcon_core.verb:set package 'ur_controllers' build argument 'cmake_args' from command line to 'None'
[0.323s] Level 5:colcon.colcon_core.verb:set package 'ur_controllers' build argument 'cmake_target' from command line to 'None'
[0.323s] Level 5:colcon.colcon_core.verb:set package 'ur_controllers' build argument 'cmake_target_skip_unavailable' from command line to 'False'
[0.323s] Level 5:colcon.colcon_core.verb:set package 'ur_controllers' build argument 'cmake_clean_cache' from command line to 'False'
[0.323s] Level 5:colcon.colcon_core.verb:set package 'ur_controllers' build argument 'cmake_clean_first' from command line to 'False'
[0.323s] Level 5:colcon.colcon_core.verb:set package 'ur_controllers' build argument 'cmake_force_configure' from command line to 'False'
[0.323s] Level 5:colcon.colcon_core.verb:set package 'ur_controllers' build argument 'ament_cmake_args' from command line to 'None'
[0.323s] Level 5:colcon.colcon_core.verb:set package 'ur_controllers' build argument 'catkin_cmake_args' from command line to 'None'
[0.323s] Level 5:colcon.colcon_core.verb:set package 'ur_controllers' build argument 'catkin_skip_building_tests' from command line to 'False'
[0.323s] DEBUG:colcon.colcon_core.verb:Building package 'ur_controllers' with the following arguments: {'ament_cmake_args': None, 'build_base': '/home/imml/git/ROB_534_Project/build/ur_controllers', 'catkin_cmake_args': None, 'catkin_skip_building_tests': False, 'cmake_args': None, 'cmake_clean_cache': False, 'cmake_clean_first': False, 'cmake_force_configure': False, 'cmake_target': None, 'cmake_target_skip_unavailable': False, 'install_base': '/home/imml/git/ROB_534_Project/install/ur_controllers', 'merge_install': False, 'path': '/home/imml/git/ROB_534_Project/harvest_hardware/Universal_Robots_ROS2_Driver/ur_controllers', 'symlink_install': True, 'test_result_base': None}
[0.323s] Level 5:colcon.colcon_core.verb:set package 'ur_moveit_config' build argument 'cmake_args' from command line to 'None'
[0.323s] Level 5:colcon.colcon_core.verb:set package 'ur_moveit_config' build argument 'cmake_target' from command line to 'None'
[0.323s] Level 5:colcon.colcon_core.verb:set package 'ur_moveit_config' build argument 'cmake_target_skip_unavailable' from command line to 'False'
[0.323s] Level 5:colcon.colcon_core.verb:set package 'ur_moveit_config' build argument 'cmake_clean_cache' from command line to 'False'
[0.323s] Level 5:colcon.colcon_core.verb:set package 'ur_moveit_config' build argument 'cmake_clean_first' from command line to 'False'
[0.323s] Level 5:colcon.colcon_core.verb:set package 'ur_moveit_config' build argument 'cmake_force_configure' from command line to 'False'
[0.323s] Level 5:colcon.colcon_core.verb:set package 'ur_moveit_config' build argument 'ament_cmake_args' from command line to 'None'
[0.323s] Level 5:colcon.colcon_core.verb:set package 'ur_moveit_config' build argument 'catkin_cmake_args' from command line to 'None'
[0.323s] Level 5:colcon.colcon_core.verb:set package 'ur_moveit_config' build argument 'catkin_skip_building_tests' from command line to 'False'
[0.324s] DEBUG:colcon.colcon_core.verb:Building package 'ur_moveit_config' with the following arguments: {'ament_cmake_args': None, 'build_base': '/home/imml/git/ROB_534_Project/build/ur_moveit_config', 'catkin_cmake_args': None, 'catkin_skip_building_tests': False, 'cmake_args': None, 'cmake_clean_cache': False, 'cmake_clean_first': False, 'cmake_force_configure': False, 'cmake_target': None, 'cmake_target_skip_unavailable': False, 'install_base': '/home/imml/git/ROB_534_Project/install/ur_moveit_config', 'merge_install': False, 'path': '/home/imml/git/ROB_534_Project/harvest_hardware/Universal_Robots_ROS2_Driver/ur_moveit_config', 'symlink_install': True, 'test_result_base': None}
[0.324s] Level 5:colcon.colcon_core.verb:set package 'ur_bringup' build argument 'cmake_args' from command line to 'None'
[0.324s] Level 5:colcon.colcon_core.verb:set package 'ur_bringup' build argument 'cmake_target' from command line to 'None'
[0.324s] Level 5:colcon.colcon_core.verb:set package 'ur_bringup' build argument 'cmake_target_skip_unavailable' from command line to 'False'
[0.324s] Level 5:colcon.colcon_core.verb:set package 'ur_bringup' build argument 'cmake_clean_cache' from command line to 'False'
[0.324s] Level 5:colcon.colcon_core.verb:set package 'ur_bringup' build argument 'cmake_clean_first' from command line to 'False'
[0.324s] Level 5:colcon.colcon_core.verb:set package 'ur_bringup' build argument 'cmake_force_configure' from command line to 'False'
[0.324s] Level 5:colcon.colcon_core.verb:set package 'ur_bringup' build argument 'ament_cmake_args' from command line to 'None'
[0.324s] Level 5:colcon.colcon_core.verb:set package 'ur_bringup' build argument 'catkin_cmake_args' from command line to 'None'
[0.324s] Level 5:colcon.colcon_core.verb:set package 'ur_bringup' build argument 'catkin_skip_building_tests' from command line to 'False'
[0.324s] DEBUG:colcon.colcon_core.verb:Building package 'ur_bringup' with the following arguments: {'ament_cmake_args': None, 'build_base': '/home/imml/git/ROB_534_Project/build/ur_bringup', 'catkin_cmake_args': None, 'catkin_skip_building_tests': False, 'cmake_args': None, 'cmake_clean_cache': False, 'cmake_clean_first': False, 'cmake_force_configure': False, 'cmake_target': None, 'cmake_target_skip_unavailable': False, 'install_base': '/home/imml/git/ROB_534_Project/install/ur_bringup', 'merge_install': False, 'path': '/home/imml/git/ROB_534_Project/harvest_hardware/Universal_Robots_ROS2_Driver/ur_bringup', 'symlink_install': True, 'test_result_base': None}
[0.324s] Level 5:colcon.colcon_core.verb:set package 'ur_robot_driver' build argument 'cmake_args' from command line to 'None'
[0.324s] Level 5:colcon.colcon_core.verb:set package 'ur_robot_driver' build argument 'cmake_target' from command line to 'None'
[0.324s] Level 5:colcon.colcon_core.verb:set package 'ur_robot_driver' build argument 'cmake_target_skip_unavailable' from command line to 'False'
[0.324s] Level 5:colcon.colcon_core.verb:set package 'ur_robot_driver' build argument 'cmake_clean_cache' from command line to 'False'
[0.324s] Level 5:colcon.colcon_core.verb:set package 'ur_robot_driver' build argument 'cmake_clean_first' from command line to 'False'
[0.324s] Level 5:colcon.colcon_core.verb:set package 'ur_robot_driver' build argument 'cmake_force_configure' from command line to 'False'
[0.324s] Level 5:colcon.colcon_core.verb:set package 'ur_robot_driver' build argument 'ament_cmake_args' from command line to 'None'
[0.324s] Level 5:colcon.colcon_core.verb:set package 'ur_robot_driver' build argument 'catkin_cmake_args' from command line to 'None'
[0.324s] Level 5:colcon.colcon_core.verb:set package 'ur_robot_driver' build argument 'catkin_skip_building_tests' from command line to 'False'
[0.324s] DEBUG:colcon.colcon_core.verb:Building package 'ur_robot_driver' with the following arguments: {'ament_cmake_args': None, 'build_base': '/home/imml/git/ROB_534_Project/build/ur_robot_driver', 'catkin_cmake_args': None, 'catkin_skip_building_tests': False, 'cmake_args': None, 'cmake_clean_cache': False, 'cmake_clean_first': False, 'cmake_force_configure': False, 'cmake_target': None, 'cmake_target_skip_unavailable': False, 'install_base': '/home/imml/git/ROB_534_Project/install/ur_robot_driver', 'merge_install': False, 'path': '/home/imml/git/ROB_534_Project/harvest_hardware/Universal_Robots_ROS2_Driver/ur_robot_driver', 'symlink_install': True, 'test_result_base': None}
[0.325s] Level 5:colcon.colcon_core.verb:set package 'ur_calibration' build argument 'cmake_args' from command line to 'None'
[0.325s] Level 5:colcon.colcon_core.verb:set package 'ur_calibration' build argument 'cmake_target' from command line to 'None'
[0.325s] Level 5:colcon.colcon_core.verb:set package 'ur_calibration' build argument 'cmake_target_skip_unavailable' from command line to 'False'
[0.325s] Level 5:colcon.colcon_core.verb:set package 'ur_calibration' build argument 'cmake_clean_cache' from command line to 'False'
[0.325s] Level 5:colcon.colcon_core.verb:set package 'ur_calibration' build argument 'cmake_clean_first' from command line to 'False'
[0.325s] Level 5:colcon.colcon_core.verb:set package 'ur_calibration' build argument 'cmake_force_configure' from command line to 'False'
[0.325s] Level 5:colcon.colcon_core.verb:set package 'ur_calibration' build argument 'ament_cmake_args' from command line to 'None'
[0.325s] Level 5:colcon.colcon_core.verb:set package 'ur_calibration' build argument 'catkin_cmake_args' from command line to 'None'
[0.325s] Level 5:colcon.colcon_core.verb:set package 'ur_calibration' build argument 'catkin_skip_building_tests' from command line to 'False'
[0.325s] DEBUG:colcon.colcon_core.verb:Building package 'ur_calibration' with the following arguments: {'ament_cmake_args': None, 'build_base': '/home/imml/git/ROB_534_Project/build/ur_calibration', 'catkin_cmake_args': None, 'catkin_skip_building_tests': False, 'cmake_args': None, 'cmake_clean_cache': False, 'cmake_clean_first': False, 'cmake_force_configure': False, 'cmake_target': None, 'cmake_target_skip_unavailable': False, 'install_base': '/home/imml/git/ROB_534_Project/install/ur_calibration', 'merge_install': False, 'path': '/home/imml/git/ROB_534_Project/harvest_hardware/Universal_Robots_ROS2_Driver/ur_calibration', 'symlink_install': True, 'test_result_base': None}
[0.325s] Level 5:colcon.colcon_core.verb:set package 'ur' build argument 'cmake_args' from command line to 'None'
[0.325s] Level 5:colcon.colcon_core.verb:set package 'ur' build argument 'cmake_target' from command line to 'None'
[0.325s] Level 5:colcon.colcon_core.verb:set package 'ur' build argument 'cmake_target_skip_unavailable' from command line to 'False'
[0.325s] Level 5:colcon.colcon_core.verb:set package 'ur' build argument 'cmake_clean_cache' from command line to 'False'
[0.325s] Level 5:colcon.colcon_core.verb:set package 'ur' build argument 'cmake_clean_first' from command line to 'False'
[0.325s] Level 5:colcon.colcon_core.verb:set package 'ur' build argument 'cmake_force_configure' from command line to 'False'
[0.325s] Level 5:colcon.colcon_core.verb:set package 'ur' build argument 'ament_cmake_args' from command line to 'None'
[0.325s] Level 5:colcon.colcon_core.verb:set package 'ur' build argument 'catkin_cmake_args' from command line to 'None'
[0.325s] Level 5:colcon.colcon_core.verb:set package 'ur' build argument 'catkin_skip_building_tests' from command line to 'False'
[0.325s] DEBUG:colcon.colcon_core.verb:Building package 'ur' with the following arguments: {'ament_cmake_args': None, 'build_base': '/home/imml/git/ROB_534_Project/build/ur', 'catkin_cmake_args': None, 'catkin_skip_building_tests': False, 'cmake_args': None, 'cmake_clean_cache': False, 'cmake_clean_first': False, 'cmake_force_configure': False, 'cmake_target': None, 'cmake_target_skip_unavailable': False, 'install_base': '/home/imml/git/ROB_534_Project/install/ur', 'merge_install': False, 'path': '/home/imml/git/ROB_534_Project/harvest_hardware/Universal_Robots_ROS2_Driver/ur', 'symlink_install': True, 'test_result_base': None}
[0.325s] INFO:colcon.colcon_core.executor:Executing jobs using 'parallel' executor
[0.326s] DEBUG:colcon.colcon_parallel_executor.executor.parallel:run_until_complete
[0.327s] INFO:colcon.colcon_ros.task.ament_cmake.build:Building ROS package in '/home/imml/git/ROB_534_Project/harvest_hardware/Universal_Robots_ROS2_Driver/ur_dashboard_msgs' with build type 'ament_cmake'
[0.327s] INFO:colcon.colcon_cmake.task.cmake.build:Building CMake package in '/home/imml/git/ROB_534_Project/harvest_hardware/Universal_Robots_ROS2_Driver/ur_dashboard_msgs'
[0.329s] INFO:colcon.colcon_core.plugin_system:Skipping extension 'colcon_core.shell.bat': Not used on non-Windows systems
[0.329s] INFO:colcon.colcon_core.shell:Skip shell extension 'powershell' for command environment: Not usable outside of PowerShell
[0.329s] DEBUG:colcon.colcon_core.shell:Skip shell extension 'dsv' for command environment
[0.333s] INFO:colcon.colcon_ros.task.ament_cmake.build:Building ROS package in '/home/imml/git/ROB_534_Project/harvest_hardware/Universal_Robots_ROS2_Description' with build type 'ament_cmake'
[0.333s] INFO:colcon.colcon_cmake.task.cmake.build:Building CMake package in '/home/imml/git/ROB_534_Project/harvest_hardware/Universal_Robots_ROS2_Description'
[0.333s] INFO:colcon.colcon_core.shell:Skip shell extension 'powershell' for command environment: Not usable outside of PowerShell
[0.333s] DEBUG:colcon.colcon_core.shell:Skip shell extension 'dsv' for command environment
[0.337s] INFO:colcon.colcon_ros.task.ament_cmake.build:Building ROS package in '/home/imml/git/ROB_534_Project/harvest_interfaces' with build type 'ament_cmake'
[0.337s] INFO:colcon.colcon_cmake.task.cmake.build:Building CMake package in '/home/imml/git/ROB_534_Project/harvest_interfaces'
[0.338s] INFO:colcon.colcon_core.shell:Skip shell extension 'powershell' for command environment: Not usable outside of PowerShell
[0.338s] DEBUG:colcon.colcon_core.shell:Skip shell extension 'dsv' for command environment
[0.342s] INFO:colcon.colcon_ros.task.ament_cmake.build:Building ROS package in '/home/imml/git/ROB_534_Project/harvest_hardware/realsense-ros/realsense2_camera_msgs' with build type 'ament_cmake'
[0.342s] INFO:colcon.colcon_cmake.task.cmake.build:Building CMake package in '/home/imml/git/ROB_534_Project/harvest_hardware/realsense-ros/realsense2_camera_msgs'
[0.343s] INFO:colcon.colcon_core.shell:Skip shell extension 'powershell' for command environment: Not usable outside of PowerShell
[0.343s] DEBUG:colcon.colcon_core.shell:Skip shell extension 'dsv' for command environment
[0.346s] INFO:colcon.colcon_ros.task.ament_python.build:Building ROS package in '/home/imml/git/ROB_534_Project/harvest_hardware/ur5e_custom_hardware' with build type 'ament_python'
[0.347s] Level 1:colcon.colcon_core.shell:create_environment_hook('ur5e_custom_hardware', 'ament_prefix_path')
[0.347s] INFO:colcon.colcon_core.shell:Creating environment hook '/home/imml/git/ROB_534_Project/install/ur5e_custom_hardware/share/ur5e_custom_hardware/hook/ament_prefix_path.ps1'
[0.347s] INFO:colcon.colcon_core.shell:Creating environment descriptor '/home/imml/git/ROB_534_Project/install/ur5e_custom_hardware/share/ur5e_custom_hardware/hook/ament_prefix_path.dsv'
[0.347s] INFO:colcon.colcon_core.shell:Creating environment hook '/home/imml/git/ROB_534_Project/install/ur5e_custom_hardware/share/ur5e_custom_hardware/hook/ament_prefix_path.sh'
[0.348s] INFO:colcon.colcon_core.shell:Skip shell extension 'powershell' for command environment: Not usable outside of PowerShell
[0.348s] DEBUG:colcon.colcon_core.shell:Skip shell extension 'dsv' for command environment
[0.355s] DEBUG:colcon.colcon_core.event_handler.log_command:Invoking command in '/home/imml/git/ROB_534_Project/build/ur_dashboard_msgs': CMAKE_PREFIX_PATH=${CMAKE_PREFIX_PATH}:/home/imml/git/ROB_534_Project/install/ur5e_custom_hardware:/home/imml/git/ROB_534_Project/install/harvest_vision:/opt/ros/humble /usr/bin/cmake --build /home/imml/git/ROB_534_Project/build/ur_dashboard_msgs -- -j16 -l16
[0.357s] DEBUG:colcon.colcon_core.event_handler.log_command:Invoking command in '/home/imml/git/ROB_534_Project/build/ur_description': CMAKE_PREFIX_PATH=${CMAKE_PREFIX_PATH}:/home/imml/git/ROB_534_Project/install/ur5e_custom_hardware:/home/imml/git/ROB_534_Project/install/harvest_vision:/opt/ros/humble /usr/bin/cmake --build /home/imml/git/ROB_534_Project/build/ur_description -- -j16 -l16
[0.361s] DEBUG:colcon.colcon_core.event_handler.log_command:Invoking command in '/home/imml/git/ROB_534_Project/build/harvest_interfaces': CMAKE_PREFIX_PATH=${CMAKE_PREFIX_PATH}:/home/imml/git/ROB_534_Project/install/ur5e_custom_hardware:/home/imml/git/ROB_534_Project/install/harvest_vision:/opt/ros/humble /usr/bin/cmake --build /home/imml/git/ROB_534_Project/build/harvest_interfaces -- -j16 -l16
[0.363s] DEBUG:colcon.colcon_core.event_handler.log_command:Invoking command in '/home/imml/git/ROB_534_Project/build/realsense2_camera_msgs': CMAKE_PREFIX_PATH=${CMAKE_PREFIX_PATH}:/home/imml/git/ROB_534_Project/install/ur5e_custom_hardware:/home/imml/git/ROB_534_Project/install/harvest_vision:/opt/ros/humble /usr/bin/cmake --build /home/imml/git/ROB_534_Project/build/realsense2_camera_msgs -- -j16 -l16
[0.653s] INFO:colcon.colcon_core.task.python.build:Building Python package in '/home/imml/git/ROB_534_Project/harvest_hardware/ur5e_custom_hardware'
[0.654s] INFO:colcon.colcon_core.shell:Skip shell extension 'powershell' for command environment: Not usable outside of PowerShell
[0.654s] DEBUG:colcon.colcon_core.shell:Skip shell extension 'dsv' for command environment
[0.660s] DEBUG:colcon.colcon_core.event_handler.log_command:Invoked command in '/home/imml/git/ROB_534_Project/build/ur_description' returned '0': CMAKE_PREFIX_PATH=${CMAKE_PREFIX_PATH}:/home/imml/git/ROB_534_Project/install/ur5e_custom_hardware:/home/imml/git/ROB_534_Project/install/harvest_vision:/opt/ros/humble /usr/bin/cmake --build /home/imml/git/ROB_534_Project/build/ur_description -- -j16 -l16
[0.670s] DEBUG:colcon.colcon_core.event_handler.log_command:Invoking command in '/home/imml/git/ROB_534_Project/build/ur_description': CMAKE_PREFIX_PATH=${CMAKE_PREFIX_PATH}:/home/imml/git/ROB_534_Project/install/ur5e_custom_hardware:/home/imml/git/ROB_534_Project/install/harvest_vision:/opt/ros/humble /usr/bin/cmake --install /home/imml/git/ROB_534_Project/build/ur_description
[0.709s] Level 1:colcon.colcon_core.environment:create_environment_scripts_only(ur_description)
[0.711s] DEBUG:colcon.colcon_core.event_handler.log_command:Invoked command in '/home/imml/git/ROB_534_Project/build/ur_description' returned '0': CMAKE_PREFIX_PATH=${CMAKE_PREFIX_PATH}:/home/imml/git/ROB_534_Project/install/ur5e_custom_hardware:/home/imml/git/ROB_534_Project/install/harvest_vision:/opt/ros/humble /usr/bin/cmake --install /home/imml/git/ROB_534_Project/build/ur_description
[0.712s] Level 1:colcon.colcon_core.environment:checking '/home/imml/git/ROB_534_Project/install/ur_description' for CMake module files
[0.713s] Level 1:colcon.colcon_core.environment:checking '/home/imml/git/ROB_534_Project/install/ur_description' for CMake config files
[0.715s] Level 1:colcon.colcon_core.shell:create_environment_hook('ur_description', 'cmake_prefix_path')
[0.715s] INFO:colcon.colcon_core.shell:Creating environment hook '/home/imml/git/ROB_534_Project/install/ur_description/share/ur_description/hook/cmake_prefix_path.ps1'
[0.716s] INFO:colcon.colcon_core.shell:Creating environment descriptor '/home/imml/git/ROB_534_Project/install/ur_description/share/ur_description/hook/cmake_prefix_path.dsv'
[0.716s] INFO:colcon.colcon_core.shell:Creating environment hook '/home/imml/git/ROB_534_Project/install/ur_description/share/ur_description/hook/cmake_prefix_path.sh'
[0.717s] Level 1:colcon.colcon_core.environment:checking '/home/imml/git/ROB_534_Project/install/ur_description/bin'
[0.717s] Level 1:colcon.colcon_core.environment:checking '/home/imml/git/ROB_534_Project/install/ur_description/lib/pkgconfig/ur_description.pc'
[0.717s] Level 1:colcon.colcon_core.environment:checking '/home/imml/git/ROB_534_Project/install/ur_description/lib/python3.10/site-packages'
[0.717s] Level 1:colcon.colcon_core.environment:checking '/home/imml/git/ROB_534_Project/install/ur_description/bin'
[0.717s] INFO:colcon.colcon_core.shell:Creating package script '/home/imml/git/ROB_534_Project/install/ur_description/share/ur_description/package.ps1'
[0.718s] INFO:colcon.colcon_core.shell:Creating package descriptor '/home/imml/git/ROB_534_Project/install/ur_description/share/ur_description/package.dsv'
[0.718s] INFO:colcon.colcon_core.shell:Creating package script '/home/imml/git/ROB_534_Project/install/ur_description/share/ur_description/package.sh'
[0.719s] INFO:colcon.colcon_core.shell:Creating package script '/home/imml/git/ROB_534_Project/install/ur_description/share/ur_description/package.bash'
[0.720s] INFO:colcon.colcon_core.shell:Creating package script '/home/imml/git/ROB_534_Project/install/ur_description/share/ur_description/package.zsh'
[0.720s] Level 1:colcon.colcon_core.environment:create_file_with_runtime_dependencies(/home/imml/git/ROB_534_Project/install/ur_description/share/colcon-core/packages/ur_description)
[0.721s] Level 1:colcon.colcon_core.environment:create_environment_scripts_only(ur_description)
[0.721s] Level 1:colcon.colcon_core.environment:checking '/home/imml/git/ROB_534_Project/install/ur_description' for CMake module files
[0.721s] Level 1:colcon.colcon_core.environment:checking '/home/imml/git/ROB_534_Project/install/ur_description' for CMake config files
[0.723s] Level 1:colcon.colcon_core.shell:create_environment_hook('ur_description', 'cmake_prefix_path')
[0.724s] INFO:colcon.colcon_core.shell:Creating environment hook '/home/imml/git/ROB_534_Project/install/ur_description/share/ur_description/hook/cmake_prefix_path.ps1'
[0.724s] INFO:colcon.colcon_core.shell:Creating environment descriptor '/home/imml/git/ROB_534_Project/install/ur_description/share/ur_description/hook/cmake_prefix_path.dsv'
[0.725s] INFO:colcon.colcon_core.shell:Creating environment hook '/home/imml/git/ROB_534_Project/install/ur_description/share/ur_description/hook/cmake_prefix_path.sh'
[0.725s] Level 1:colcon.colcon_core.environment:checking '/home/imml/git/ROB_534_Project/install/ur_description/bin'
[0.725s] Level 1:colcon.colcon_core.environment:checking '/home/imml/git/ROB_534_Project/install/ur_description/lib/pkgconfig/ur_description.pc'
[0.725s] Level 1:colcon.colcon_core.environment:checking '/home/imml/git/ROB_534_Project/install/ur_description/lib/python3.10/site-packages'
[0.726s] Level 1:colcon.colcon_core.environment:checking '/home/imml/git/ROB_534_Project/install/ur_description/bin'
[0.726s] INFO:colcon.colcon_core.shell:Creating package script '/home/imml/git/ROB_534_Project/install/ur_description/share/ur_description/package.ps1'
[0.727s] INFO:colcon.colcon_core.shell:Creating package descriptor '/home/imml/git/ROB_534_Project/install/ur_description/share/ur_description/package.dsv'
[0.727s] INFO:colcon.colcon_core.shell:Creating package script '/home/imml/git/ROB_534_Project/install/ur_description/share/ur_description/package.sh'
[0.728s] INFO:colcon.colcon_core.shell:Creating package script '/home/imml/git/ROB_534_Project/install/ur_description/share/ur_description/package.bash'
[0.728s] INFO:colcon.colcon_core.shell:Creating package script '/home/imml/git/ROB_534_Project/install/ur_description/share/ur_description/package.zsh'
[0.728s] Level 1:colcon.colcon_core.environment:create_file_with_runtime_dependencies(/home/imml/git/ROB_534_Project/install/ur_description/share/colcon-core/packages/ur_description)
[0.729s] INFO:colcon.colcon_ros.task.ament_cmake.build:Building ROS package in '/home/imml/git/ROB_534_Project/harvest_hardware/Universal_Robots_ROS2_Driver/ur_moveit_config' with build type 'ament_cmake'
[0.729s] INFO:colcon.colcon_cmake.task.cmake.build:Building CMake package in '/home/imml/git/ROB_534_Project/harvest_hardware/Universal_Robots_ROS2_Driver/ur_moveit_config'
[0.729s] INFO:colcon.colcon_core.shell:Skip shell extension 'powershell' for command environment: Not usable outside of PowerShell
[0.729s] DEBUG:colcon.colcon_core.shell:Skip shell extension 'dsv' for command environment
[0.739s] DEBUG:colcon.colcon_core.event_handler.log_command:Invoking command in '/home/imml/git/ROB_534_Project/build/ur_moveit_config': CMAKE_PREFIX_PATH=/home/imml/git/ROB_534_Project/install/ur_description:/home/imml/git/ROB_534_Project/install/ur:/home/imml/git/ROB_534_Project/install/ur_calibration:/home/imml/git/ROB_534_Project/install/ur_robot_driver:/home/imml/git/ROB_534_Project/install/ur_moveit_config:/home/imml/git/ROB_534_Project/install/ur_bringup:/home/imml/git/ROB_534_Project/install/ur_controllers:/home/imml/git/ROB_534_Project/install/ur_dashboard_msgs:/home/imml/git/ROB_534_Project/install/realsense2_description:/home/imml/git/ROB_534_Project/install/realsense2_camera:/home/imml/git/ROB_534_Project/install/realsense2_camera_msgs:/home/imml/git/ROB_534_Project/install/harvest_control:/home/imml/git/ROB_534_Project/install/harvest:/home/imml/git/ROB_534_Project/install/harvest_interfaces:/home/imml/git/ROB_534_Project/install/ur5e_custom_hardware:/home/imml/git/ROB_534_Project/install/harvest_vision:/opt/ros/humble /usr/bin/cmake --build /home/imml/git/ROB_534_Project/build/ur_moveit_config -- -j16 -l16
[0.742s] DEBUG:colcon.colcon_core.event_handler.log_command:Invoked command in '/home/imml/git/ROB_534_Project/build/ur_dashboard_msgs' returned '0': CMAKE_PREFIX_PATH=${CMAKE_PREFIX_PATH}:/home/imml/git/ROB_534_Project/install/ur5e_custom_hardware:/home/imml/git/ROB_534_Project/install/harvest_vision:/opt/ros/humble /usr/bin/cmake --build /home/imml/git/ROB_534_Project/build/ur_dashboard_msgs -- -j16 -l16
[0.744s] DEBUG:colcon.colcon_core.event_handler.log_command:Invoking command in '/home/imml/git/ROB_534_Project/build/ur_dashboard_msgs': CMAKE_PREFIX_PATH=${CMAKE_PREFIX_PATH}:/home/imml/git/ROB_534_Project/install/ur5e_custom_hardware:/home/imml/git/ROB_534_Project/install/harvest_vision:/opt/ros/humble /usr/bin/cmake --install /home/imml/git/ROB_534_Project/build/ur_dashboard_msgs
[0.751s] DEBUG:colcon.colcon_core.event_handler.log_command:Invoked command in '/home/imml/git/ROB_534_Project/build/realsense2_camera_msgs' returned '0': CMAKE_PREFIX_PATH=${CMAKE_PREFIX_PATH}:/home/imml/git/ROB_534_Project/install/ur5e_custom_hardware:/home/imml/git/ROB_534_Project/install/harvest_vision:/opt/ros/humble /usr/bin/cmake --build /home/imml/git/ROB_534_Project/build/realsense2_camera_msgs -- -j16 -l16
[0.753s] DEBUG:colcon.colcon_core.event_handler.log_command:Invoking command in '/home/imml/git/ROB_534_Project/build/realsense2_camera_msgs': CMAKE_PREFIX_PATH=${CMAKE_PREFIX_PATH}:/home/imml/git/ROB_534_Project/install/ur5e_custom_hardware:/home/imml/git/ROB_534_Project/install/harvest_vision:/opt/ros/humble /usr/bin/cmake --install /home/imml/git/ROB_534_Project/build/realsense2_camera_msgs
[0.769s] DEBUG:colcon.colcon_core.event_handler.log_command:Invoked command in '/home/imml/git/ROB_534_Project/build/harvest_interfaces' returned '0': CMAKE_PREFIX_PATH=${CMAKE_PREFIX_PATH}:/home/imml/git/ROB_534_Project/install/ur5e_custom_hardware:/home/imml/git/ROB_534_Project/install/harvest_vision:/opt/ros/humble /usr/bin/cmake --build /home/imml/git/ROB_534_Project/build/harvest_interfaces -- -j16 -l16
[0.773s] DEBUG:colcon.colcon_core.event_handler.log_command:Invoking command in '/home/imml/git/ROB_534_Project/build/harvest_interfaces': CMAKE_PREFIX_PATH=${CMAKE_PREFIX_PATH}:/home/imml/git/ROB_534_Project/install/ur5e_custom_hardware:/home/imml/git/ROB_534_Project/install/harvest_vision:/opt/ros/humble /usr/bin/cmake --install /home/imml/git/ROB_534_Project/build/harvest_interfaces
[0.835s] Level 1:colcon.colcon_core.environment:create_environment_scripts_only(realsense2_camera_msgs)
[0.835s] Level 1:colcon.colcon_core.environment:checking '/home/imml/git/ROB_534_Project/install/realsense2_camera_msgs' for CMake module files
[0.836s] DEBUG:colcon.colcon_core.event_handler.log_command:Invoked command in '/home/imml/git/ROB_534_Project/build/realsense2_camera_msgs' returned '0': CMAKE_PREFIX_PATH=${CMAKE_PREFIX_PATH}:/home/imml/git/ROB_534_Project/install/ur5e_custom_hardware:/home/imml/git/ROB_534_Project/install/harvest_vision:/opt/ros/humble /usr/bin/cmake --install /home/imml/git/ROB_534_Project/build/realsense2_camera_msgs
[0.837s] Level 1:colcon.colcon_core.environment:checking '/home/imml/git/ROB_534_Project/install/realsense2_camera_msgs' for CMake config files
[0.838s] Level 1:colcon.colcon_core.shell:create_environment_hook('realsense2_camera_msgs', 'cmake_prefix_path')
[0.838s] INFO:colcon.colcon_core.shell:Creating environment hook '/home/imml/git/ROB_534_Project/install/realsense2_camera_msgs/share/realsense2_camera_msgs/hook/cmake_prefix_path.ps1'
[0.839s] INFO:colcon.colcon_core.shell:Creating environment descriptor '/home/imml/git/ROB_534_Project/install/realsense2_camera_msgs/share/realsense2_camera_msgs/hook/cmake_prefix_path.dsv'
[0.839s] INFO:colcon.colcon_core.shell:Creating environment hook '/home/imml/git/ROB_534_Project/install/realsense2_camera_msgs/share/realsense2_camera_msgs/hook/cmake_prefix_path.sh'
[0.839s] Level 1:colcon.colcon_core.environment:checking '/home/imml/git/ROB_534_Project/install/realsense2_camera_msgs/lib'
[0.840s] Level 1:colcon.colcon_core.shell:create_environment_hook('realsense2_camera_msgs', 'ld_library_path_lib')
[0.840s] INFO:colcon.colcon_core.shell:Creating environment hook '/home/imml/git/ROB_534_Project/install/realsense2_camera_msgs/share/realsense2_camera_msgs/hook/ld_library_path_lib.ps1'
[0.840s] INFO:colcon.colcon_core.shell:Creating environment descriptor '/home/imml/git/ROB_534_Project/install/realsense2_camera_msgs/share/realsense2_camera_msgs/hook/ld_library_path_lib.dsv'
[0.840s] INFO:colcon.colcon_core.shell:Creating environment hook '/home/imml/git/ROB_534_Project/install/realsense2_camera_msgs/share/realsense2_camera_msgs/hook/ld_library_path_lib.sh'
[0.841s] Level 1:colcon.colcon_core.environment:checking '/home/imml/git/ROB_534_Project/install/realsense2_camera_msgs/bin'
[0.841s] Level 1:colcon.colcon_core.environment:checking '/home/imml/git/ROB_534_Project/install/realsense2_camera_msgs/lib/pkgconfig/realsense2_camera_msgs.pc'
[0.842s] Level 1:colcon.colcon_core.environment:checking '/home/imml/git/ROB_534_Project/install/realsense2_camera_msgs/lib/python3.10/site-packages'
[0.842s] Level 1:colcon.colcon_core.environment:checking '/home/imml/git/ROB_534_Project/install/realsense2_camera_msgs/bin'
[0.842s] INFO:colcon.colcon_core.shell:Creating package script '/home/imml/git/ROB_534_Project/install/realsense2_camera_msgs/share/realsense2_camera_msgs/package.ps1'
[0.843s] INFO:colcon.colcon_core.shell:Creating package descriptor '/home/imml/git/ROB_534_Project/install/realsense2_camera_msgs/share/realsense2_camera_msgs/package.dsv'
[0.843s] INFO:colcon.colcon_core.shell:Creating package script '/home/imml/git/ROB_534_Project/install/realsense2_camera_msgs/share/realsense2_camera_msgs/package.sh'
[0.843s] INFO:colcon.colcon_core.shell:Creating package script '/home/imml/git/ROB_534_Project/install/realsense2_camera_msgs/share/realsense2_camera_msgs/package.bash'
[0.844s] INFO:colcon.colcon_core.shell:Creating package script '/home/imml/git/ROB_534_Project/install/realsense2_camera_msgs/share/realsense2_camera_msgs/package.zsh'
[0.844s] Level 1:colcon.colcon_core.environment:create_file_with_runtime_dependencies(/home/imml/git/ROB_534_Project/install/realsense2_camera_msgs/share/colcon-core/packages/realsense2_camera_msgs)
[0.845s] Level 1:colcon.colcon_core.environment:create_environment_scripts_only(realsense2_camera_msgs)
[0.845s] Level 1:colcon.colcon_core.environment:checking '/home/imml/git/ROB_534_Project/install/realsense2_camera_msgs' for CMake module files
[0.845s] Level 1:colcon.colcon_core.environment:checking '/home/imml/git/ROB_534_Project/install/realsense2_camera_msgs' for CMake config files
[0.848s] Level 1:colcon.colcon_core.shell:create_environment_hook('realsense2_camera_msgs', 'cmake_prefix_path')
[0.848s] INFO:colcon.colcon_core.shell:Creating environment hook '/home/imml/git/ROB_534_Project/install/realsense2_camera_msgs/share/realsense2_camera_msgs/hook/cmake_prefix_path.ps1'
[0.849s] INFO:colcon.colcon_core.shell:Creating environment descriptor '/home/imml/git/ROB_534_Project/install/realsense2_camera_msgs/share/realsense2_camera_msgs/hook/cmake_prefix_path.dsv'
[0.849s] INFO:colcon.colcon_core.shell:Creating environment hook '/home/imml/git/ROB_534_Project/install/realsense2_camera_msgs/share/realsense2_camera_msgs/hook/cmake_prefix_path.sh'
[0.850s] Level 1:colcon.colcon_core.environment:checking '/home/imml/git/ROB_534_Project/install/realsense2_camera_msgs/lib'
[0.850s] Level 1:colcon.colcon_core.shell:create_environment_hook('realsense2_camera_msgs', 'ld_library_path_lib')
[0.850s] INFO:colcon.colcon_core.shell:Creating environment hook '/home/imml/git/ROB_534_Project/install/realsense2_camera_msgs/share/realsense2_camera_msgs/hook/ld_library_path_lib.ps1'
[0.850s] INFO:colcon.colcon_core.shell:Creating environment descriptor '/home/imml/git/ROB_534_Project/install/realsense2_camera_msgs/share/realsense2_camera_msgs/hook/ld_library_path_lib.dsv'
[0.851s] INFO:colcon.colcon_core.shell:Creating environment hook '/home/imml/git/ROB_534_Project/install/realsense2_camera_msgs/share/realsense2_camera_msgs/hook/ld_library_path_lib.sh'
[0.851s] Level 1:colcon.colcon_core.environment:checking '/home/imml/git/ROB_534_Project/install/realsense2_camera_msgs/bin'
[0.851s] Level 1:colcon.colcon_core.environment:checking '/home/imml/git/ROB_534_Project/install/realsense2_camera_msgs/lib/pkgconfig/realsense2_camera_msgs.pc'
[0.851s] Level 1:colcon.colcon_core.environment:checking '/home/imml/git/ROB_534_Project/install/realsense2_camera_msgs/lib/python3.10/site-packages'
[0.851s] Level 1:colcon.colcon_core.environment:checking '/home/imml/git/ROB_534_Project/install/realsense2_camera_msgs/bin'
[0.852s] INFO:colcon.colcon_core.shell:Creating package script '/home/imml/git/ROB_534_Project/install/realsense2_camera_msgs/share/realsense2_camera_msgs/package.ps1'
[0.852s] INFO:colcon.colcon_core.shell:Creating package descriptor '/home/imml/git/ROB_534_Project/install/realsense2_camera_msgs/share/realsense2_camera_msgs/package.dsv'
[0.853s] INFO:colcon.colcon_core.shell:Creating package script '/home/imml/git/ROB_534_Project/install/realsense2_camera_msgs/share/realsense2_camera_msgs/package.sh'
[0.853s] INFO:colcon.colcon_core.shell:Creating package script '/home/imml/git/ROB_534_Project/install/realsense2_camera_msgs/share/realsense2_camera_msgs/package.bash'
[0.853s] INFO:colcon.colcon_core.shell:Creating package script '/home/imml/git/ROB_534_Project/install/realsense2_camera_msgs/share/realsense2_camera_msgs/package.zsh'
[0.854s] Level 1:colcon.colcon_core.environment:create_file_with_runtime_dependencies(/home/imml/git/ROB_534_Project/install/realsense2_camera_msgs/share/colcon-core/packages/realsense2_camera_msgs)
[0.854s] INFO:colcon.colcon_ros.task.ament_cmake.build:Building ROS package in '/home/imml/git/ROB_534_Project/harvest_hardware/realsense-ros/realsense2_camera' with build type 'ament_cmake'
[0.854s] INFO:colcon.colcon_cmake.task.cmake.build:Building CMake package in '/home/imml/git/ROB_534_Project/harvest_hardware/realsense-ros/realsense2_camera'
[0.855s] INFO:colcon.colcon_core.shell:Skip shell extension 'powershell' for command environment: Not usable outside of PowerShell
[0.855s] DEBUG:colcon.colcon_core.shell:Skip shell extension 'dsv' for command environment
[0.859s] INFO:colcon.colcon_ros.task.ament_cmake.build:Building ROS package in '/home/imml/git/ROB_534_Project/harvest_hardware/realsense-ros/realsense2_description' with build type 'ament_cmake'
[0.859s] INFO:colcon.colcon_cmake.task.cmake.build:Building CMake package in '/home/imml/git/ROB_534_Project/harvest_hardware/realsense-ros/realsense2_description'
[0.859s] INFO:colcon.colcon_core.shell:Skip shell extension 'powershell' for command environment: Not usable outside of PowerShell
[0.860s] DEBUG:colcon.colcon_core.shell:Skip shell extension 'dsv' for command environment
[0.866s] Level 1:colcon.colcon_core.environment:create_environment_scripts_only(ur_dashboard_msgs)
[0.866s] Level 1:colcon.colcon_core.environment:checking '/home/imml/git/ROB_534_Project/install/ur_dashboard_msgs' for CMake module files
[0.867s] DEBUG:colcon.colcon_core.event_handler.log_command:Invoking command in '/home/imml/git/ROB_534_Project/build/realsense2_camera': CMAKE_PREFIX_PATH=/home/imml/git/ROB_534_Project/install/realsense2_camera_msgs:/home/imml/git/ROB_534_Project/install/ur:/home/imml/git/ROB_534_Project/install/ur_calibration:/home/imml/git/ROB_534_Project/install/ur_robot_driver:/home/imml/git/ROB_534_Project/install/ur_moveit_config:/home/imml/git/ROB_534_Project/install/ur_bringup:/home/imml/git/ROB_534_Project/install/ur_description:/home/imml/git/ROB_534_Project/install/ur_controllers:/home/imml/git/ROB_534_Project/install/ur_dashboard_msgs:/home/imml/git/ROB_534_Project/install/realsense2_description:/home/imml/git/ROB_534_Project/install/realsense2_camera:/home/imml/git/ROB_534_Project/install/harvest_control:/home/imml/git/ROB_534_Project/install/harvest:/home/imml/git/ROB_534_Project/install/harvest_interfaces:/home/imml/git/ROB_534_Project/install/ur5e_custom_hardware:/home/imml/git/ROB_534_Project/install/harvest_vision:/opt/ros/humble LD_LIBRARY_PATH=/home/imml/git/ROB_534_Project/install/realsense2_camera_msgs/lib:/home/imml/git/ROB_534_Project/install/ur_robot_driver/lib:/home/imml/git/ROB_534_Project/install/ur_controllers/lib:/home/imml/git/ROB_534_Project/install/ur_dashboard_msgs/lib:/home/imml/git/ROB_534_Project/install/realsense2_camera/lib:/home/imml/git/ROB_534_Project/install/harvest_interfaces/lib:/opt/ros/humble/opt/rviz_ogre_vendor/lib:/opt/ros/humble/lib/x86_64-linux-gnu:/opt/ros/humble/lib /usr/bin/cmake --build /home/imml/git/ROB_534_Project/build/realsense2_camera -- -j16 -l16
[0.867s] DEBUG:colcon.colcon_core.event_handler.log_command:Invoked command in '/home/imml/git/ROB_534_Project/build/ur_dashboard_msgs' returned '0': CMAKE_PREFIX_PATH=${CMAKE_PREFIX_PATH}:/home/imml/git/ROB_534_Project/install/ur5e_custom_hardware:/home/imml/git/ROB_534_Project/install/harvest_vision:/opt/ros/humble /usr/bin/cmake --install /home/imml/git/ROB_534_Project/build/ur_dashboard_msgs
[0.868s] Level 1:colcon.colcon_core.environment:checking '/home/imml/git/ROB_534_Project/install/ur_dashboard_msgs' for CMake config files
[0.871s] Level 1:colcon.colcon_core.shell:create_environment_hook('ur_dashboard_msgs', 'cmake_prefix_path')
[0.871s] INFO:colcon.colcon_core.shell:Creating environment hook '/home/imml/git/ROB_534_Project/install/ur_dashboard_msgs/share/ur_dashboard_msgs/hook/cmake_prefix_path.ps1'
[0.872s] INFO:colcon.colcon_core.shell:Creating environment descriptor '/home/imml/git/ROB_534_Project/install/ur_dashboard_msgs/share/ur_dashboard_msgs/hook/cmake_prefix_path.dsv'
[0.872s] INFO:colcon.colcon_core.shell:Creating environment hook '/home/imml/git/ROB_534_Project/install/ur_dashboard_msgs/share/ur_dashboard_msgs/hook/cmake_prefix_path.sh'
[0.873s] Level 1:colcon.colcon_core.environment:checking '/home/imml/git/ROB_534_Project/install/ur_dashboard_msgs/lib'
[0.873s] Level 1:colcon.colcon_core.shell:create_environment_hook('ur_dashboard_msgs', 'ld_library_path_lib')
[0.873s] INFO:colcon.colcon_core.shell:Creating environment hook '/home/imml/git/ROB_534_Project/install/ur_dashboard_msgs/share/ur_dashboard_msgs/hook/ld_library_path_lib.ps1'
[0.874s] INFO:colcon.colcon_core.shell:Creating environment descriptor '/home/imml/git/ROB_534_Project/install/ur_dashboard_msgs/share/ur_dashboard_msgs/hook/ld_library_path_lib.dsv'
[0.874s] INFO:colcon.colcon_core.shell:Creating environment hook '/home/imml/git/ROB_534_Project/install/ur_dashboard_msgs/share/ur_dashboard_msgs/hook/ld_library_path_lib.sh'
[0.874s] Level 1:colcon.colcon_core.environment:checking '/home/imml/git/ROB_534_Project/install/ur_dashboard_msgs/bin'
[0.874s] Level 1:colcon.colcon_core.environment:checking '/home/imml/git/ROB_534_Project/install/ur_dashboard_msgs/lib/pkgconfig/ur_dashboard_msgs.pc'
[0.875s] Level 1:colcon.colcon_core.environment:checking '/home/imml/git/ROB_534_Project/install/ur_dashboard_msgs/lib/python3.10/site-packages'
[0.875s] Level 1:colcon.colcon_core.environment:checking '/home/imml/git/ROB_534_Project/install/ur_dashboard_msgs/bin'
[0.875s] INFO:colcon.colcon_core.shell:Creating package script '/home/imml/git/ROB_534_Project/install/ur_dashboard_msgs/share/ur_dashboard_msgs/package.ps1'
[0.877s] INFO:colcon.colcon_core.shell:Creating package descriptor '/home/imml/git/ROB_534_Project/install/ur_dashboard_msgs/share/ur_dashboard_msgs/package.dsv'
[0.878s] INFO:colcon.colcon_core.shell:Creating package script '/home/imml/git/ROB_534_Project/install/ur_dashboard_msgs/share/ur_dashboard_msgs/package.sh'
[0.878s] INFO:colcon.colcon_core.shell:Creating package script '/home/imml/git/ROB_534_Project/install/ur_dashboard_msgs/share/ur_dashboard_msgs/package.bash'
[0.878s] INFO:colcon.colcon_core.shell:Creating package script '/home/imml/git/ROB_534_Project/install/ur_dashboard_msgs/share/ur_dashboard_msgs/package.zsh'
[0.879s] Level 1:colcon.colcon_core.environment:create_file_with_runtime_dependencies(/home/imml/git/ROB_534_Project/install/ur_dashboard_msgs/share/colcon-core/packages/ur_dashboard_msgs)
[0.879s] Level 1:colcon.colcon_core.environment:create_environment_scripts_only(ur_dashboard_msgs)
[0.879s] Level 1:colcon.colcon_core.environment:checking '/home/imml/git/ROB_534_Project/install/ur_dashboard_msgs' for CMake module files
[0.880s] Level 1:colcon.colcon_core.environment:checking '/home/imml/git/ROB_534_Project/install/ur_dashboard_msgs' for CMake config files
[0.883s] Level 1:colcon.colcon_core.shell:create_environment_hook('ur_dashboard_msgs', 'cmake_prefix_path')
[0.883s] INFO:colcon.colcon_core.shell:Creating environment hook '/home/imml/git/ROB_534_Project/install/ur_dashboard_msgs/share/ur_dashboard_msgs/hook/cmake_prefix_path.ps1'
[0.884s] INFO:colcon.colcon_core.shell:Creating environment descriptor '/home/imml/git/ROB_534_Project/install/ur_dashboard_msgs/share/ur_dashboard_msgs/hook/cmake_prefix_path.dsv'
[0.884s] INFO:colcon.colcon_core.shell:Creating environment hook '/home/imml/git/ROB_534_Project/install/ur_dashboard_msgs/share/ur_dashboard_msgs/hook/cmake_prefix_path.sh'
[0.885s] Level 1:colcon.colcon_core.environment:checking '/home/imml/git/ROB_534_Project/install/ur_dashboard_msgs/lib'
[0.885s] Level 1:colcon.colcon_core.shell:create_environment_hook('ur_dashboard_msgs', 'ld_library_path_lib')
[0.885s] INFO:colcon.colcon_core.shell:Creating environment hook '/home/imml/git/ROB_534_Project/install/ur_dashboard_msgs/share/ur_dashboard_msgs/hook/ld_library_path_lib.ps1'
[0.885s] INFO:colcon.colcon_core.shell:Creating environment descriptor '/home/imml/git/ROB_534_Project/install/ur_dashboard_msgs/share/ur_dashboard_msgs/hook/ld_library_path_lib.dsv'
[0.886s] INFO:colcon.colcon_core.shell:Creating environment hook '/home/imml/git/ROB_534_Project/install/ur_dashboard_msgs/share/ur_dashboard_msgs/hook/ld_library_path_lib.sh'
[0.886s] Level 1:colcon.colcon_core.environment:checking '/home/imml/git/ROB_534_Project/install/ur_dashboard_msgs/bin'
[0.886s] Level 1:colcon.colcon_core.environment:checking '/home/imml/git/ROB_534_Project/install/ur_dashboard_msgs/lib/pkgconfig/ur_dashboard_msgs.pc'
[0.886s] Level 1:colcon.colcon_core.environment:checking '/home/imml/git/ROB_534_Project/install/ur_dashboard_msgs/lib/python3.10/site-packages'
[0.887s] Level 1:colcon.colcon_core.environment:checking '/home/imml/git/ROB_534_Project/install/ur_dashboard_msgs/bin'
[0.887s] INFO:colcon.colcon_core.shell:Creating package script '/home/imml/git/ROB_534_Project/install/ur_dashboard_msgs/share/ur_dashboard_msgs/package.ps1'
[0.888s] INFO:colcon.colcon_core.shell:Creating package descriptor '/home/imml/git/ROB_534_Project/install/ur_dashboard_msgs/share/ur_dashboard_msgs/package.dsv'
[0.888s] INFO:colcon.colcon_core.shell:Creating package script '/home/imml/git/ROB_534_Project/install/ur_dashboard_msgs/share/ur_dashboard_msgs/package.sh'
[0.888s] INFO:colcon.colcon_core.shell:Creating package script '/home/imml/git/ROB_534_Project/install/ur_dashboard_msgs/share/ur_dashboard_msgs/package.bash'
[0.889s] INFO:colcon.colcon_core.shell:Creating package script '/home/imml/git/ROB_534_Project/install/ur_dashboard_msgs/share/ur_dashboard_msgs/package.zsh'
[0.889s] Level 1:colcon.colcon_core.environment:create_file_with_runtime_dependencies(/home/imml/git/ROB_534_Project/install/ur_dashboard_msgs/share/colcon-core/packages/ur_dashboard_msgs)
[0.890s] INFO:colcon.colcon_ros.task.ament_cmake.build:Building ROS package in '/home/imml/git/ROB_534_Project/harvest_hardware/Universal_Robots_ROS2_Driver/ur_controllers' with build type 'ament_cmake'
[0.890s] INFO:colcon.colcon_cmake.task.cmake.build:Building CMake package in '/home/imml/git/ROB_534_Project/harvest_hardware/Universal_Robots_ROS2_Driver/ur_controllers'
[0.891s] INFO:colcon.colcon_core.shell:Skip shell extension 'powershell' for command environment: Not usable outside of PowerShell
[0.891s] DEBUG:colcon.colcon_core.shell:Skip shell extension 'dsv' for command environment
[0.898s] Level 1:colcon.colcon_core.environment:create_environment_scripts_only(harvest_interfaces)
[0.898s] Level 1:colcon.colcon_core.environment:checking '/home/imml/git/ROB_534_Project/install/harvest_interfaces' for CMake module files
[0.899s] DEBUG:colcon.colcon_core.event_handler.log_command:Invoking command in '/home/imml/git/ROB_534_Project/build/realsense2_description': CMAKE_PREFIX_PATH=/home/imml/git/ROB_534_Project/install/realsense2_camera_msgs:/home/imml/git/ROB_534_Project/install/ur:/home/imml/git/ROB_534_Project/install/ur_calibration:/home/imml/git/ROB_534_Project/install/ur_robot_driver:/home/imml/git/ROB_534_Project/install/ur_moveit_config:/home/imml/git/ROB_534_Project/install/ur_bringup:/home/imml/git/ROB_534_Project/install/ur_description:/home/imml/git/ROB_534_Project/install/ur_controllers:/home/imml/git/ROB_534_Project/install/ur_dashboard_msgs:/home/imml/git/ROB_534_Project/install/realsense2_description:/home/imml/git/ROB_534_Project/install/realsense2_camera:/home/imml/git/ROB_534_Project/install/harvest_control:/home/imml/git/ROB_534_Project/install/harvest:/home/imml/git/ROB_534_Project/install/harvest_interfaces:/home/imml/git/ROB_534_Project/install/ur5e_custom_hardware:/home/imml/git/ROB_534_Project/install/harvest_vision:/opt/ros/humble LD_LIBRARY_PATH=/home/imml/git/ROB_534_Project/install/realsense2_camera_msgs/lib:/home/imml/git/ROB_534_Project/install/ur_robot_driver/lib:/home/imml/git/ROB_534_Project/install/ur_controllers/lib:/home/imml/git/ROB_534_Project/install/ur_dashboard_msgs/lib:/home/imml/git/ROB_534_Project/install/realsense2_camera/lib:/home/imml/git/ROB_534_Project/install/harvest_interfaces/lib:/opt/ros/humble/opt/rviz_ogre_vendor/lib:/opt/ros/humble/lib/x86_64-linux-gnu:/opt/ros/humble/lib /usr/bin/cmake --build /home/imml/git/ROB_534_Project/build/realsense2_description -- -j16 -l16
[0.900s] DEBUG:colcon.colcon_core.event_handler.log_command:Invoked command in '/home/imml/git/ROB_534_Project/build/harvest_interfaces' returned '0': CMAKE_PREFIX_PATH=${CMAKE_PREFIX_PATH}:/home/imml/git/ROB_534_Project/install/ur5e_custom_hardware:/home/imml/git/ROB_534_Project/install/harvest_vision:/opt/ros/humble /usr/bin/cmake --install /home/imml/git/ROB_534_Project/build/harvest_interfaces
[0.900s] Level 1:colcon.colcon_core.environment:checking '/home/imml/git/ROB_534_Project/install/harvest_interfaces' for CMake config files
[0.902s] Level 1:colcon.colcon_core.shell:create_environment_hook('harvest_interfaces', 'cmake_prefix_path')
[0.903s] INFO:colcon.colcon_core.shell:Creating environment hook '/home/imml/git/ROB_534_Project/install/harvest_interfaces/share/harvest_interfaces/hook/cmake_prefix_path.ps1'
[0.903s] INFO:colcon.colcon_core.shell:Creating environment descriptor '/home/imml/git/ROB_534_Project/install/harvest_interfaces/share/harvest_interfaces/hook/cmake_prefix_path.dsv'
[0.903s] INFO:colcon.colcon_core.shell:Creating environment hook '/home/imml/git/ROB_534_Project/install/harvest_interfaces/share/harvest_interfaces/hook/cmake_prefix_path.sh'
[0.904s] Level 1:colcon.colcon_core.environment:checking '/home/imml/git/ROB_534_Project/install/harvest_interfaces/lib'
[0.904s] Level 1:colcon.colcon_core.shell:create_environment_hook('harvest_interfaces', 'ld_library_path_lib')
[0.904s] INFO:colcon.colcon_core.shell:Creating environment hook '/home/imml/git/ROB_534_Project/install/harvest_interfaces/share/harvest_interfaces/hook/ld_library_path_lib.ps1'
[0.905s] INFO:colcon.colcon_core.shell:Creating environment descriptor '/home/imml/git/ROB_534_Project/install/harvest_interfaces/share/harvest_interfaces/hook/ld_library_path_lib.dsv'
[0.905s] INFO:colcon.colcon_core.shell:Creating environment hook '/home/imml/git/ROB_534_Project/install/harvest_interfaces/share/harvest_interfaces/hook/ld_library_path_lib.sh'
[0.905s] Level 1:colcon.colcon_core.environment:checking '/home/imml/git/ROB_534_Project/install/harvest_interfaces/bin'
[0.905s] Level 1:colcon.colcon_core.environment:checking '/home/imml/git/ROB_534_Project/install/harvest_interfaces/lib/pkgconfig/harvest_interfaces.pc'
[0.905s] Level 1:colcon.colcon_core.environment:checking '/home/imml/git/ROB_534_Project/install/harvest_interfaces/lib/python3.10/site-packages'
[0.906s] Level 1:colcon.colcon_core.environment:checking '/home/imml/git/ROB_534_Project/install/harvest_interfaces/bin'
[0.906s] INFO:colcon.colcon_core.shell:Creating package script '/home/imml/git/ROB_534_Project/install/harvest_interfaces/share/harvest_interfaces/package.ps1'
[0.906s] INFO:colcon.colcon_core.shell:Creating package descriptor '/home/imml/git/ROB_534_Project/install/harvest_interfaces/share/harvest_interfaces/package.dsv'
[0.907s] INFO:colcon.colcon_core.shell:Creating package script '/home/imml/git/ROB_534_Project/install/harvest_interfaces/share/harvest_interfaces/package.sh'
[0.907s] INFO:colcon.colcon_core.shell:Creating package script '/home/imml/git/ROB_534_Project/install/harvest_interfaces/share/harvest_interfaces/package.bash'
[0.907s] INFO:colcon.colcon_core.shell:Creating package script '/home/imml/git/ROB_534_Project/install/harvest_interfaces/share/harvest_interfaces/package.zsh'
[0.908s] Level 1:colcon.colcon_core.environment:create_file_with_runtime_dependencies(/home/imml/git/ROB_534_Project/install/harvest_interfaces/share/colcon-core/packages/harvest_interfaces)
[0.908s] Level 1:colcon.colcon_core.environment:create_environment_scripts_only(harvest_interfaces)
[0.909s] Level 1:colcon.colcon_core.environment:checking '/home/imml/git/ROB_534_Project/install/harvest_interfaces' for CMake module files
[0.909s] Level 1:colcon.colcon_core.environment:checking '/home/imml/git/ROB_534_Project/install/harvest_interfaces' for CMake config files
[0.912s] Level 1:colcon.colcon_core.shell:create_environment_hook('harvest_interfaces', 'cmake_prefix_path')
[0.913s] INFO:colcon.colcon_core.shell:Creating environment hook '/home/imml/git/ROB_534_Project/install/harvest_interfaces/share/harvest_interfaces/hook/cmake_prefix_path.ps1'
[0.913s] INFO:colcon.colcon_core.shell:Creating environment descriptor '/home/imml/git/ROB_534_Project/install/harvest_interfaces/share/harvest_interfaces/hook/cmake_prefix_path.dsv'
[0.914s] INFO:colcon.colcon_core.shell:Creating environment hook '/home/imml/git/ROB_534_Project/install/harvest_interfaces/share/harvest_interfaces/hook/cmake_prefix_path.sh'
[0.914s] Level 1:colcon.colcon_core.environment:checking '/home/imml/git/ROB_534_Project/install/harvest_interfaces/lib'
[0.914s] Level 1:colcon.colcon_core.shell:create_environment_hook('harvest_interfaces', 'ld_library_path_lib')
[0.915s] INFO:colcon.colcon_core.shell:Creating environment hook '/home/imml/git/ROB_534_Project/install/harvest_interfaces/share/harvest_interfaces/hook/ld_library_path_lib.ps1'
[0.915s] INFO:colcon.colcon_core.shell:Creating environment descriptor '/home/imml/git/ROB_534_Project/install/harvest_interfaces/share/harvest_interfaces/hook/ld_library_path_lib.dsv'
[0.915s] INFO:colcon.colcon_core.shell:Creating environment hook '/home/imml/git/ROB_534_Project/install/harvest_interfaces/share/harvest_interfaces/hook/ld_library_path_lib.sh'
[0.916s] Level 1:colcon.colcon_core.environment:checking '/home/imml/git/ROB_534_Project/install/harvest_interfaces/bin'
[0.916s] Level 1:colcon.colcon_core.environment:checking '/home/imml/git/ROB_534_Project/install/harvest_interfaces/lib/pkgconfig/harvest_interfaces.pc'
[0.916s] Level 1:colcon.colcon_core.environment:checking '/home/imml/git/ROB_534_Project/install/harvest_interfaces/lib/python3.10/site-packages'
[0.916s] Level 1:colcon.colcon_core.environment:checking '/home/imml/git/ROB_534_Project/install/harvest_interfaces/bin'
[0.917s] INFO:colcon.colcon_core.shell:Creating package script '/home/imml/git/ROB_534_Project/install/harvest_interfaces/share/harvest_interfaces/package.ps1'
[0.917s] INFO:colcon.colcon_core.shell:Creating package descriptor '/home/imml/git/ROB_534_Project/install/harvest_interfaces/share/harvest_interfaces/package.dsv'
[0.918s] INFO:colcon.colcon_core.shell:Creating package script '/home/imml/git/ROB_534_Project/install/harvest_interfaces/share/harvest_interfaces/package.sh'
[0.919s] INFO:colcon.colcon_core.shell:Creating package script '/home/imml/git/ROB_534_Project/install/harvest_interfaces/share/harvest_interfaces/package.bash'
[0.919s] INFO:colcon.colcon_core.shell:Creating package script '/home/imml/git/ROB_534_Project/install/harvest_interfaces/share/harvest_interfaces/package.zsh'
[0.919s] Level 1:colcon.colcon_core.environment:create_file_with_runtime_dependencies(/home/imml/git/ROB_534_Project/install/harvest_interfaces/share/colcon-core/packages/harvest_interfaces)
[0.920s] INFO:colcon.colcon_ros.task.ament_cmake.build:Building ROS package in '/home/imml/git/ROB_534_Project/harvest' with build type 'ament_cmake'
[0.921s] INFO:colcon.colcon_cmake.task.cmake.build:Building CMake package in '/home/imml/git/ROB_534_Project/harvest'
[0.921s] INFO:colcon.colcon_core.shell:Skip shell extension 'powershell' for command environment: Not usable outside of PowerShell
[0.921s] DEBUG:colcon.colcon_core.shell:Skip shell extension 'dsv' for command environment
[0.926s] INFO:colcon.colcon_ros.task.ament_cmake.build:Building ROS package in '/home/imml/git/ROB_534_Project/harvest_control' with build type 'ament_cmake'
[0.927s] INFO:colcon.colcon_cmake.task.cmake.build:Building CMake package in '/home/imml/git/ROB_534_Project/harvest_control'
[0.927s] INFO:colcon.colcon_core.shell:Skip shell extension 'powershell' for command environment: Not usable outside of PowerShell
[0.927s] DEBUG:colcon.colcon_core.shell:Skip shell extension 'dsv' for command environment
[0.933s] INFO:colcon.colcon_ros.task.ament_python.build:Building ROS package in '/home/imml/git/ROB_534_Project/harvest_vision' with build type 'ament_python'
[0.933s] Level 1:colcon.colcon_core.shell:create_environment_hook('harvest_vision', 'ament_prefix_path')
[0.933s] INFO:colcon.colcon_core.shell:Creating environment hook '/home/imml/git/ROB_534_Project/install/harvest_vision/share/harvest_vision/hook/ament_prefix_path.ps1'
[0.934s] INFO:colcon.colcon_core.shell:Creating environment descriptor '/home/imml/git/ROB_534_Project/install/harvest_vision/share/harvest_vision/hook/ament_prefix_path.dsv'
[0.934s] INFO:colcon.colcon_core.shell:Creating environment hook '/home/imml/git/ROB_534_Project/install/harvest_vision/share/harvest_vision/hook/ament_prefix_path.sh'
[0.935s] INFO:colcon.colcon_core.shell:Skip shell extension 'powershell' for command environment: Not usable outside of PowerShell
[0.935s] DEBUG:colcon.colcon_core.shell:Skip shell extension 'dsv' for command environment
[0.944s] DEBUG:colcon.colcon_core.event_handler.log_command:Invoking command in '/home/imml/git/ROB_534_Project/build/ur_controllers': CMAKE_PREFIX_PATH=/home/imml/git/ROB_534_Project/install/ur_dashboard_msgs:/home/imml/git/ROB_534_Project/install/ur:/home/imml/git/ROB_534_Project/install/ur_calibration:/home/imml/git/ROB_534_Project/install/ur_robot_driver:/home/imml/git/ROB_534_Project/install/ur_moveit_config:/home/imml/git/ROB_534_Project/install/ur_bringup:/home/imml/git/ROB_534_Project/install/ur_description:/home/imml/git/ROB_534_Project/install/ur_controllers:/home/imml/git/ROB_534_Project/install/realsense2_description:/home/imml/git/ROB_534_Project/install/realsense2_camera:/home/imml/git/ROB_534_Project/install/realsense2_camera_msgs:/home/imml/git/ROB_534_Project/install/harvest_control:/home/imml/git/ROB_534_Project/install/harvest:/home/imml/git/ROB_534_Project/install/harvest_interfaces:/home/imml/git/ROB_534_Project/install/ur5e_custom_hardware:/home/imml/git/ROB_534_Project/install/harvest_vision:/opt/ros/humble LD_LIBRARY_PATH=/home/imml/git/ROB_534_Project/install/ur_dashboard_msgs/lib:/home/imml/git/ROB_534_Project/install/ur_robot_driver/lib:/home/imml/git/ROB_534_Project/install/ur_controllers/lib:/home/imml/git/ROB_534_Project/install/realsense2_camera/lib:/home/imml/git/ROB_534_Project/install/realsense2_camera_msgs/lib:/home/imml/git/ROB_534_Project/install/harvest_interfaces/lib:/opt/ros/humble/opt/rviz_ogre_vendor/lib:/opt/ros/humble/lib/x86_64-linux-gnu:/opt/ros/humble/lib /usr/bin/cmake --build /home/imml/git/ROB_534_Project/build/ur_controllers -- -j16 -l16
[0.947s] DEBUG:colcon.colcon_core.event_handler.log_command:Invoking command in '/home/imml/git/ROB_534_Project/build/harvest': CMAKE_PREFIX_PATH=/home/imml/git/ROB_534_Project/install/harvest_interfaces:/home/imml/git/ROB_534_Project/install/ur:/home/imml/git/ROB_534_Project/install/ur_calibration:/home/imml/git/ROB_534_Project/install/ur_robot_driver:/home/imml/git/ROB_534_Project/install/ur_moveit_config:/home/imml/git/ROB_534_Project/install/ur_bringup:/home/imml/git/ROB_534_Project/install/ur_description:/home/imml/git/ROB_534_Project/install/ur_controllers:/home/imml/git/ROB_534_Project/install/ur_dashboard_msgs:/home/imml/git/ROB_534_Project/install/realsense2_description:/home/imml/git/ROB_534_Project/install/realsense2_camera:/home/imml/git/ROB_534_Project/install/realsense2_camera_msgs:/home/imml/git/ROB_534_Project/install/harvest_control:/home/imml/git/ROB_534_Project/install/harvest:/home/imml/git/ROB_534_Project/install/ur5e_custom_hardware:/home/imml/git/ROB_534_Project/install/harvest_vision:/opt/ros/humble LD_LIBRARY_PATH=/home/imml/git/ROB_534_Project/install/harvest_interfaces/lib:/home/imml/git/ROB_534_Project/install/ur_robot_driver/lib:/home/imml/git/ROB_534_Project/install/ur_controllers/lib:/home/imml/git/ROB_534_Project/install/ur_dashboard_msgs/lib:/home/imml/git/ROB_534_Project/install/realsense2_camera/lib:/home/imml/git/ROB_534_Project/install/realsense2_camera_msgs/lib:/opt/ros/humble/opt/rviz_ogre_vendor/lib:/opt/ros/humble/lib/x86_64-linux-gnu:/opt/ros/humble/lib /usr/bin/cmake --build /home/imml/git/ROB_534_Project/build/harvest -- -j16 -l16
[0.951s] DEBUG:colcon.colcon_core.event_handler.log_command:Invoking command in '/home/imml/git/ROB_534_Project/build/harvest_control': CMAKE_PREFIX_PATH=/home/imml/git/ROB_534_Project/install/harvest_interfaces:/home/imml/git/ROB_534_Project/install/ur:/home/imml/git/ROB_534_Project/install/ur_calibration:/home/imml/git/ROB_534_Project/install/ur_robot_driver:/home/imml/git/ROB_534_Project/install/ur_moveit_config:/home/imml/git/ROB_534_Project/install/ur_bringup:/home/imml/git/ROB_534_Project/install/ur_description:/home/imml/git/ROB_534_Project/install/ur_controllers:/home/imml/git/ROB_534_Project/install/ur_dashboard_msgs:/home/imml/git/ROB_534_Project/install/realsense2_description:/home/imml/git/ROB_534_Project/install/realsense2_camera:/home/imml/git/ROB_534_Project/install/realsense2_camera_msgs:/home/imml/git/ROB_534_Project/install/harvest_control:/home/imml/git/ROB_534_Project/install/harvest:/home/imml/git/ROB_534_Project/install/ur5e_custom_hardware:/home/imml/git/ROB_534_Project/install/harvest_vision:/opt/ros/humble LD_LIBRARY_PATH=/home/imml/git/ROB_534_Project/install/harvest_interfaces/lib:/home/imml/git/ROB_534_Project/install/ur_robot_driver/lib:/home/imml/git/ROB_534_Project/install/ur_controllers/lib:/home/imml/git/ROB_534_Project/install/ur_dashboard_msgs/lib:/home/imml/git/ROB_534_Project/install/realsense2_camera/lib:/home/imml/git/ROB_534_Project/install/realsense2_camera_msgs/lib:/opt/ros/humble/opt/rviz_ogre_vendor/lib:/opt/ros/humble/lib/x86_64-linux-gnu:/opt/ros/humble/lib /usr/bin/cmake --build /home/imml/git/ROB_534_Project/build/harvest_control -- -j16 -l16
[0.952s] DEBUG:colcon.colcon_core.event_handler.log_command:Invoked command in '/home/imml/git/ROB_534_Project/build/realsense2_description' returned '0': CMAKE_PREFIX_PATH=/home/imml/git/ROB_534_Project/install/realsense2_camera_msgs:/home/imml/git/ROB_534_Project/install/ur:/home/imml/git/ROB_534_Project/install/ur_calibration:/home/imml/git/ROB_534_Project/install/ur_robot_driver:/home/imml/git/ROB_534_Project/install/ur_moveit_config:/home/imml/git/ROB_534_Project/install/ur_bringup:/home/imml/git/ROB_534_Project/install/ur_description:/home/imml/git/ROB_534_Project/install/ur_controllers:/home/imml/git/ROB_534_Project/install/ur_dashboard_msgs:/home/imml/git/ROB_534_Project/install/realsense2_description:/home/imml/git/ROB_534_Project/install/realsense2_camera:/home/imml/git/ROB_534_Project/install/harvest_control:/home/imml/git/ROB_534_Project/install/harvest:/home/imml/git/ROB_534_Project/install/harvest_interfaces:/home/imml/git/ROB_534_Project/install/ur5e_custom_hardware:/home/imml/git/ROB_534_Project/install/harvest_vision:/opt/ros/humble LD_LIBRARY_PATH=/home/imml/git/ROB_534_Project/install/realsense2_camera_msgs/lib:/home/imml/git/ROB_534_Project/install/ur_robot_driver/lib:/home/imml/git/ROB_534_Project/install/ur_controllers/lib:/home/imml/git/ROB_534_Project/install/ur_dashboard_msgs/lib:/home/imml/git/ROB_534_Project/install/realsense2_camera/lib:/home/imml/git/ROB_534_Project/install/harvest_interfaces/lib:/opt/ros/humble/opt/rviz_ogre_vendor/lib:/opt/ros/humble/lib/x86_64-linux-gnu:/opt/ros/humble/lib /usr/bin/cmake --build /home/imml/git/ROB_534_Project/build/realsense2_description -- -j16 -l16
[0.954s] DEBUG:colcon.colcon_core.event_handler.log_command:Invoking command in '/home/imml/git/ROB_534_Project/build/realsense2_description': CMAKE_PREFIX_PATH=/home/imml/git/ROB_534_Project/install/realsense2_camera_msgs:/home/imml/git/ROB_534_Project/install/ur:/home/imml/git/ROB_534_Project/install/ur_calibration:/home/imml/git/ROB_534_Project/install/ur_robot_driver:/home/imml/git/ROB_534_Project/install/ur_moveit_config:/home/imml/git/ROB_534_Project/install/ur_bringup:/home/imml/git/ROB_534_Project/install/ur_description:/home/imml/git/ROB_534_Project/install/ur_controllers:/home/imml/git/ROB_534_Project/install/ur_dashboard_msgs:/home/imml/git/ROB_534_Project/install/realsense2_description:/home/imml/git/ROB_534_Project/install/realsense2_camera:/home/imml/git/ROB_534_Project/install/harvest_control:/home/imml/git/ROB_534_Project/install/harvest:/home/imml/git/ROB_534_Project/install/harvest_interfaces:/home/imml/git/ROB_534_Project/install/ur5e_custom_hardware:/home/imml/git/ROB_534_Project/install/harvest_vision:/opt/ros/humble LD_LIBRARY_PATH=/home/imml/git/ROB_534_Project/install/realsense2_camera_msgs/lib:/home/imml/git/ROB_534_Project/install/ur_robot_driver/lib:/home/imml/git/ROB_534_Project/install/ur_controllers/lib:/home/imml/git/ROB_534_Project/install/ur_dashboard_msgs/lib:/home/imml/git/ROB_534_Project/install/realsense2_camera/lib:/home/imml/git/ROB_534_Project/install/harvest_interfaces/lib:/opt/ros/humble/opt/rviz_ogre_vendor/lib:/opt/ros/humble/lib/x86_64-linux-gnu:/opt/ros/humble/lib /usr/bin/cmake --install /home/imml/git/ROB_534_Project/build/realsense2_description
[1.215s] INFO:colcon.colcon_core.task.python.build:Building Python package in '/home/imml/git/ROB_534_Project/harvest_vision'
[1.215s] INFO:colcon.colcon_core.shell:Skip shell extension 'powershell' for command environment: Not usable outside of PowerShell
[1.216s] DEBUG:colcon.colcon_core.shell:Skip shell extension 'dsv' for command environment
[1.222s] DEBUG:colcon.colcon_core.event_handler.log_command:Invoked command in '/home/imml/git/ROB_534_Project/build/realsense2_camera' returned '0': CMAKE_PREFIX_PATH=/home/imml/git/ROB_534_Project/install/realsense2_camera_msgs:/home/imml/git/ROB_534_Project/install/ur:/home/imml/git/ROB_534_Project/install/ur_calibration:/home/imml/git/ROB_534_Project/install/ur_robot_driver:/home/imml/git/ROB_534_Project/install/ur_moveit_config:/home/imml/git/ROB_534_Project/install/ur_bringup:/home/imml/git/ROB_534_Project/install/ur_description:/home/imml/git/ROB_534_Project/install/ur_controllers:/home/imml/git/ROB_534_Project/install/ur_dashboard_msgs:/home/imml/git/ROB_534_Project/install/realsense2_description:/home/imml/git/ROB_534_Project/install/realsense2_camera:/home/imml/git/ROB_534_Project/install/harvest_control:/home/imml/git/ROB_534_Project/install/harvest:/home/imml/git/ROB_534_Project/install/harvest_interfaces:/home/imml/git/ROB_534_Project/install/ur5e_custom_hardware:/home/imml/git/ROB_534_Project/install/harvest_vision:/opt/ros/humble LD_LIBRARY_PATH=/home/imml/git/ROB_534_Project/install/realsense2_camera_msgs/lib:/home/imml/git/ROB_534_Project/install/ur_robot_driver/lib:/home/imml/git/ROB_534_Project/install/ur_controllers/lib:/home/imml/git/ROB_534_Project/install/ur_dashboard_msgs/lib:/home/imml/git/ROB_534_Project/install/realsense2_camera/lib:/home/imml/git/ROB_534_Project/install/harvest_interfaces/lib:/opt/ros/humble/opt/rviz_ogre_vendor/lib:/opt/ros/humble/lib/x86_64-linux-gnu:/opt/ros/humble/lib /usr/bin/cmake --build /home/imml/git/ROB_534_Project/build/realsense2_camera -- -j16 -l16
[1.223s] Level 1:colcon.colcon_core.environment:create_environment_scripts_only(realsense2_description)
[1.224s] Level 1:colcon.colcon_core.environment:checking '/home/imml/git/ROB_534_Project/install/realsense2_description' for CMake module files
[1.224s] DEBUG:colcon.colcon_core.event_handler.log_command:Invoking command in '/home/imml/git/ROB_534_Project/build/realsense2_camera': CMAKE_PREFIX_PATH=/home/imml/git/ROB_534_Project/install/realsense2_camera_msgs:/home/imml/git/ROB_534_Project/install/ur:/home/imml/git/ROB_534_Project/install/ur_calibration:/home/imml/git/ROB_534_Project/install/ur_robot_driver:/home/imml/git/ROB_534_Project/install/ur_moveit_config:/home/imml/git/ROB_534_Project/install/ur_bringup:/home/imml/git/ROB_534_Project/install/ur_description:/home/imml/git/ROB_534_Project/install/ur_controllers:/home/imml/git/ROB_534_Project/install/ur_dashboard_msgs:/home/imml/git/ROB_534_Project/install/realsense2_description:/home/imml/git/ROB_534_Project/install/realsense2_camera:/home/imml/git/ROB_534_Project/install/harvest_control:/home/imml/git/ROB_534_Project/install/harvest:/home/imml/git/ROB_534_Project/install/harvest_interfaces:/home/imml/git/ROB_534_Project/install/ur5e_custom_hardware:/home/imml/git/ROB_534_Project/install/harvest_vision:/opt/ros/humble LD_LIBRARY_PATH=/home/imml/git/ROB_534_Project/install/realsense2_camera_msgs/lib:/home/imml/git/ROB_534_Project/install/ur_robot_driver/lib:/home/imml/git/ROB_534_Project/install/ur_controllers/lib:/home/imml/git/ROB_534_Project/install/ur_dashboard_msgs/lib:/home/imml/git/ROB_534_Project/install/realsense2_camera/lib:/home/imml/git/ROB_534_Project/install/harvest_interfaces/lib:/opt/ros/humble/opt/rviz_ogre_vendor/lib:/opt/ros/humble/lib/x86_64-linux-gnu:/opt/ros/humble/lib /usr/bin/cmake --install /home/imml/git/ROB_534_Project/build/realsense2_camera
[1.224s] DEBUG:colcon.colcon_core.event_handler.log_command:Invoked command in '/home/imml/git/ROB_534_Project/build/realsense2_description' returned '0': CMAKE_PREFIX_PATH=/home/imml/git/ROB_534_Project/install/realsense2_camera_msgs:/home/imml/git/ROB_534_Project/install/ur:/home/imml/git/ROB_534_Project/install/ur_calibration:/home/imml/git/ROB_534_Project/install/ur_robot_driver:/home/imml/git/ROB_534_Project/install/ur_moveit_config:/home/imml/git/ROB_534_Project/install/ur_bringup:/home/imml/git/ROB_534_Project/install/ur_description:/home/imml/git/ROB_534_Project/install/ur_controllers:/home/imml/git/ROB_534_Project/install/ur_dashboard_msgs:/home/imml/git/ROB_534_Project/install/realsense2_description:/home/imml/git/ROB_534_Project/install/realsense2_camera:/home/imml/git/ROB_534_Project/install/harvest_control:/home/imml/git/ROB_534_Project/install/harvest:/home/imml/git/ROB_534_Project/install/harvest_interfaces:/home/imml/git/ROB_534_Project/install/ur5e_custom_hardware:/home/imml/git/ROB_534_Project/install/harvest_vision:/opt/ros/humble LD_LIBRARY_PATH=/home/imml/git/ROB_534_Project/install/realsense2_camera_msgs/lib:/home/imml/git/ROB_534_Project/install/ur_robot_driver/lib:/home/imml/git/ROB_534_Project/install/ur_controllers/lib:/home/imml/git/ROB_534_Project/install/ur_dashboard_msgs/lib:/home/imml/git/ROB_534_Project/install/realsense2_camera/lib:/home/imml/git/ROB_534_Project/install/harvest_interfaces/lib:/opt/ros/humble/opt/rviz_ogre_vendor/lib:/opt/ros/humble/lib/x86_64-linux-gnu:/opt/ros/humble/lib /usr/bin/cmake --install /home/imml/git/ROB_534_Project/build/realsense2_description
[1.225s] Level 1:colcon.colcon_core.environment:checking '/home/imml/git/ROB_534_Project/install/realsense2_description' for CMake config files
[1.225s] Level 1:colcon.colcon_core.shell:create_environment_hook('realsense2_description', 'cmake_prefix_path')
[1.225s] INFO:colcon.colcon_core.shell:Creating environment hook '/home/imml/git/ROB_534_Project/install/realsense2_description/share/realsense2_description/hook/cmake_prefix_path.ps1'
[1.226s] INFO:colcon.colcon_core.shell:Creating environment descriptor '/home/imml/git/ROB_534_Project/install/realsense2_description/share/realsense2_description/hook/cmake_prefix_path.dsv'
[1.226s] INFO:colcon.colcon_core.shell:Creating environment hook '/home/imml/git/ROB_534_Project/install/realsense2_description/share/realsense2_description/hook/cmake_prefix_path.sh'
[1.227s] Level 1:colcon.colcon_core.environment:checking '/home/imml/git/ROB_534_Project/install/realsense2_description/bin'
[1.227s] Level 1:colcon.colcon_core.environment:checking '/home/imml/git/ROB_534_Project/install/realsense2_description/lib/pkgconfig/realsense2_description.pc'
[1.227s] Level 1:colcon.colcon_core.environment:checking '/home/imml/git/ROB_534_Project/install/realsense2_description/lib/python3.10/site-packages'
[1.227s] Level 1:colcon.colcon_core.environment:checking '/home/imml/git/ROB_534_Project/install/realsense2_description/bin'
[1.227s] INFO:colcon.colcon_core.shell:Creating package script '/home/imml/git/ROB_534_Project/install/realsense2_description/share/realsense2_description/package.ps1'
[1.228s] INFO:colcon.colcon_core.shell:Creating package descriptor '/home/imml/git/ROB_534_Project/install/realsense2_description/share/realsense2_description/package.dsv'
[1.228s] INFO:colcon.colcon_core.shell:Creating package script '/home/imml/git/ROB_534_Project/install/realsense2_description/share/realsense2_description/package.sh'
[1.229s] INFO:colcon.colcon_core.shell:Creating package script '/home/imml/git/ROB_534_Project/install/realsense2_description/share/realsense2_description/package.bash'
[1.229s] INFO:colcon.colcon_core.shell:Creating package script '/home/imml/git/ROB_534_Project/install/realsense2_description/share/realsense2_description/package.zsh'
[1.229s] Level 1:colcon.colcon_core.environment:create_file_with_runtime_dependencies(/home/imml/git/ROB_534_Project/install/realsense2_description/share/colcon-core/packages/realsense2_description)
[1.230s] Level 1:colcon.colcon_core.environment:create_environment_scripts_only(realsense2_description)
[1.230s] Level 1:colcon.colcon_core.environment:checking '/home/imml/git/ROB_534_Project/install/realsense2_description' for CMake module files
[1.230s] Level 1:colcon.colcon_core.environment:checking '/home/imml/git/ROB_534_Project/install/realsense2_description' for CMake config files
[1.230s] Level 1:colcon.colcon_core.shell:create_environment_hook('realsense2_description', 'cmake_prefix_path')
[1.231s] INFO:colcon.colcon_core.shell:Creating environment hook '/home/imml/git/ROB_534_Project/install/realsense2_description/share/realsense2_description/hook/cmake_prefix_path.ps1'
[1.231s] INFO:colcon.colcon_core.shell:Creating environment descriptor '/home/imml/git/ROB_534_Project/install/realsense2_description/share/realsense2_description/hook/cmake_prefix_path.dsv'
[1.231s] INFO:colcon.colcon_core.shell:Creating environment hook '/home/imml/git/ROB_534_Project/install/realsense2_description/share/realsense2_description/hook/cmake_prefix_path.sh'
[1.232s] Level 1:colcon.colcon_core.environment:checking '/home/imml/git/ROB_534_Project/install/realsense2_description/bin'
[1.232s] Level 1:colcon.colcon_core.environment:checking '/home/imml/git/ROB_534_Project/install/realsense2_description/lib/pkgconfig/realsense2_description.pc'
[1.232s] Level 1:colcon.colcon_core.environment:checking '/home/imml/git/ROB_534_Project/install/realsense2_description/lib/python3.10/site-packages'
[1.232s] Level 1:colcon.colcon_core.environment:checking '/home/imml/git/ROB_534_Project/install/realsense2_description/bin'
[1.232s] INFO:colcon.colcon_core.shell:Creating package script '/home/imml/git/ROB_534_Project/install/realsense2_description/share/realsense2_description/package.ps1'
[1.233s] INFO:colcon.colcon_core.shell:Creating package descriptor '/home/imml/git/ROB_534_Project/install/realsense2_description/share/realsense2_description/package.dsv'
[1.233s] INFO:colcon.colcon_core.shell:Creating package script '/home/imml/git/ROB_534_Project/install/realsense2_description/share/realsense2_description/package.sh'
[1.233s] INFO:colcon.colcon_core.shell:Creating package script '/home/imml/git/ROB_534_Project/install/realsense2_description/share/realsense2_description/package.bash'
[1.234s] INFO:colcon.colcon_core.shell:Creating package script '/home/imml/git/ROB_534_Project/install/realsense2_description/share/realsense2_description/package.zsh'
[1.234s] Level 1:colcon.colcon_core.environment:create_file_with_runtime_dependencies(/home/imml/git/ROB_534_Project/install/realsense2_description/share/colcon-core/packages/realsense2_description)
[1.238s] DEBUG:colcon.colcon_core.event_handler.log_command:Invoking command in '/home/imml/git/ROB_534_Project/build/ur5e_custom_hardware': PYTHONPATH=/home/imml/git/ROB_534_Project/build/ur5e_custom_hardware/prefix_override:/usr/lib/python3/dist-packages/colcon_core/task/python/colcon_distutils_commands:/home/imml/git/ROB_534_Project/install/ur5e_custom_hardware/lib/python3.10/site-packages:${PYTHONPATH} /usr/bin/python3 -W ignore:setup.py install is deprecated -W ignore:easy_install command is deprecated setup.py develop --editable --build-directory /home/imml/git/ROB_534_Project/build/ur5e_custom_hardware/build --no-deps symlink_data
[1.239s] DEBUG:colcon.colcon_core.event_handler.log_command:Invoked command in '/home/imml/git/ROB_534_Project/build/ur_controllers' returned '0': CMAKE_PREFIX_PATH=/home/imml/git/ROB_534_Project/install/ur_dashboard_msgs:/home/imml/git/ROB_534_Project/install/ur:/home/imml/git/ROB_534_Project/install/ur_calibration:/home/imml/git/ROB_534_Project/install/ur_robot_driver:/home/imml/git/ROB_534_Project/install/ur_moveit_config:/home/imml/git/ROB_534_Project/install/ur_bringup:/home/imml/git/ROB_534_Project/install/ur_description:/home/imml/git/ROB_534_Project/install/ur_controllers:/home/imml/git/ROB_534_Project/install/realsense2_description:/home/imml/git/ROB_534_Project/install/realsense2_camera:/home/imml/git/ROB_534_Project/install/realsense2_camera_msgs:/home/imml/git/ROB_534_Project/install/harvest_control:/home/imml/git/ROB_534_Project/install/harvest:/home/imml/git/ROB_534_Project/install/harvest_interfaces:/home/imml/git/ROB_534_Project/install/ur5e_custom_hardware:/home/imml/git/ROB_534_Project/install/harvest_vision:/opt/ros/humble LD_LIBRARY_PATH=/home/imml/git/ROB_534_Project/install/ur_dashboard_msgs/lib:/home/imml/git/ROB_534_Project/install/ur_robot_driver/lib:/home/imml/git/ROB_534_Project/install/ur_controllers/lib:/home/imml/git/ROB_534_Project/install/realsense2_camera/lib:/home/imml/git/ROB_534_Project/install/realsense2_camera_msgs/lib:/home/imml/git/ROB_534_Project/install/harvest_interfaces/lib:/opt/ros/humble/opt/rviz_ogre_vendor/lib:/opt/ros/humble/lib/x86_64-linux-gnu:/opt/ros/humble/lib /usr/bin/cmake --build /home/imml/git/ROB_534_Project/build/ur_controllers -- -j16 -l16
[1.249s] DEBUG:colcon.colcon_core.event_handler.log_command:Invoking command in '/home/imml/git/ROB_534_Project/build/ur_controllers': CMAKE_PREFIX_PATH=/home/imml/git/ROB_534_Project/install/ur_dashboard_msgs:/home/imml/git/ROB_534_Project/install/ur:/home/imml/git/ROB_534_Project/install/ur_calibration:/home/imml/git/ROB_534_Project/install/ur_robot_driver:/home/imml/git/ROB_534_Project/install/ur_moveit_config:/home/imml/git/ROB_534_Project/install/ur_bringup:/home/imml/git/ROB_534_Project/install/ur_description:/home/imml/git/ROB_534_Project/install/ur_controllers:/home/imml/git/ROB_534_Project/install/realsense2_description:/home/imml/git/ROB_534_Project/install/realsense2_camera:/home/imml/git/ROB_534_Project/install/realsense2_camera_msgs:/home/imml/git/ROB_534_Project/install/harvest_control:/home/imml/git/ROB_534_Project/install/harvest:/home/imml/git/ROB_534_Project/install/harvest_interfaces:/home/imml/git/ROB_534_Project/install/ur5e_custom_hardware:/home/imml/git/ROB_534_Project/install/harvest_vision:/opt/ros/humble LD_LIBRARY_PATH=/home/imml/git/ROB_534_Project/install/ur_dashboard_msgs/lib:/home/imml/git/ROB_534_Project/install/ur_robot_driver/lib:/home/imml/git/ROB_534_Project/install/ur_controllers/lib:/home/imml/git/ROB_534_Project/install/realsense2_camera/lib:/home/imml/git/ROB_534_Project/install/realsense2_camera_msgs/lib:/home/imml/git/ROB_534_Project/install/harvest_interfaces/lib:/opt/ros/humble/opt/rviz_ogre_vendor/lib:/opt/ros/humble/lib/x86_64-linux-gnu:/opt/ros/humble/lib /usr/bin/cmake --install /home/imml/git/ROB_534_Project/build/ur_controllers
[1.250s] DEBUG:colcon.colcon_core.event_handler.log_command:Invoked command in '/home/imml/git/ROB_534_Project/build/ur_moveit_config' returned '0': CMAKE_PREFIX_PATH=/home/imml/git/ROB_534_Project/install/ur_description:/home/imml/git/ROB_534_Project/install/ur:/home/imml/git/ROB_534_Project/install/ur_calibration:/home/imml/git/ROB_534_Project/install/ur_robot_driver:/home/imml/git/ROB_534_Project/install/ur_moveit_config:/home/imml/git/ROB_534_Project/install/ur_bringup:/home/imml/git/ROB_534_Project/install/ur_controllers:/home/imml/git/ROB_534_Project/install/ur_dashboard_msgs:/home/imml/git/ROB_534_Project/install/realsense2_description:/home/imml/git/ROB_534_Project/install/realsense2_camera:/home/imml/git/ROB_534_Project/install/realsense2_camera_msgs:/home/imml/git/ROB_534_Project/install/harvest_control:/home/imml/git/ROB_534_Project/install/harvest:/home/imml/git/ROB_534_Project/install/harvest_interfaces:/home/imml/git/ROB_534_Project/install/ur5e_custom_hardware:/home/imml/git/ROB_534_Project/install/harvest_vision:/opt/ros/humble /usr/bin/cmake --build /home/imml/git/ROB_534_Project/build/ur_moveit_config -- -j16 -l16
[1.250s] DEBUG:colcon.colcon_core.event_handler.log_command:Invoking command in '/home/imml/git/ROB_534_Project/build/ur_moveit_config': CMAKE_PREFIX_PATH=/home/imml/git/ROB_534_Project/install/ur_description:/home/imml/git/ROB_534_Project/install/ur:/home/imml/git/ROB_534_Project/install/ur_calibration:/home/imml/git/ROB_534_Project/install/ur_robot_driver:/home/imml/git/ROB_534_Project/install/ur_moveit_config:/home/imml/git/ROB_534_Project/install/ur_bringup:/home/imml/git/ROB_534_Project/install/ur_controllers:/home/imml/git/ROB_534_Project/install/ur_dashboard_msgs:/home/imml/git/ROB_534_Project/install/realsense2_description:/home/imml/git/ROB_534_Project/install/realsense2_camera:/home/imml/git/ROB_534_Project/install/realsense2_camera_msgs:/home/imml/git/ROB_534_Project/install/harvest_control:/home/imml/git/ROB_534_Project/install/harvest:/home/imml/git/ROB_534_Project/install/harvest_interfaces:/home/imml/git/ROB_534_Project/install/ur5e_custom_hardware:/home/imml/git/ROB_534_Project/install/harvest_vision:/opt/ros/humble /usr/bin/cmake --install /home/imml/git/ROB_534_Project/build/ur_moveit_config
[1.252s] Level 1:colcon.colcon_core.environment:create_environment_scripts_only(realsense2_camera)
[1.252s] Level 1:colcon.colcon_core.environment:checking '/home/imml/git/ROB_534_Project/install/realsense2_camera' for CMake module files
[1.255s] Level 1:colcon.colcon_core.environment:checking '/home/imml/git/ROB_534_Project/install/realsense2_camera' for CMake config files
[1.255s] DEBUG:colcon.colcon_core.event_handler.log_command:Invoked command in '/home/imml/git/ROB_534_Project/build/realsense2_camera' returned '0': CMAKE_PREFIX_PATH=/home/imml/git/ROB_534_Project/install/realsense2_camera_msgs:/home/imml/git/ROB_534_Project/install/ur:/home/imml/git/ROB_534_Project/install/ur_calibration:/home/imml/git/ROB_534_Project/install/ur_robot_driver:/home/imml/git/ROB_534_Project/install/ur_moveit_config:/home/imml/git/ROB_534_Project/install/ur_bringup:/home/imml/git/ROB_534_Project/install/ur_description:/home/imml/git/ROB_534_Project/install/ur_controllers:/home/imml/git/ROB_534_Project/install/ur_dashboard_msgs:/home/imml/git/ROB_534_Project/install/realsense2_description:/home/imml/git/ROB_534_Project/install/realsense2_camera:/home/imml/git/ROB_534_Project/install/harvest_control:/home/imml/git/ROB_534_Project/install/harvest:/home/imml/git/ROB_534_Project/install/harvest_interfaces:/home/imml/git/ROB_534_Project/install/ur5e_custom_hardware:/home/imml/git/ROB_534_Project/install/harvest_vision:/opt/ros/humble LD_LIBRARY_PATH=/home/imml/git/ROB_534_Project/install/realsense2_camera_msgs/lib:/home/imml/git/ROB_534_Project/install/ur_robot_driver/lib:/home/imml/git/ROB_534_Project/install/ur_controllers/lib:/home/imml/git/ROB_534_Project/install/ur_dashboard_msgs/lib:/home/imml/git/ROB_534_Project/install/realsense2_camera/lib:/home/imml/git/ROB_534_Project/install/harvest_interfaces/lib:/opt/ros/humble/opt/rviz_ogre_vendor/lib:/opt/ros/humble/lib/x86_64-linux-gnu:/opt/ros/humble/lib /usr/bin/cmake --install /home/imml/git/ROB_534_Project/build/realsense2_camera
[1.258s] Level 1:colcon.colcon_core.shell:create_environment_hook('realsense2_camera', 'cmake_prefix_path')
[1.259s] INFO:colcon.colcon_core.shell:Creating environment hook '/home/imml/git/ROB_534_Project/install/realsense2_camera/share/realsense2_camera/hook/cmake_prefix_path.ps1'
[1.262s] INFO:colcon.colcon_core.shell:Creating environment descriptor '/home/imml/git/ROB_534_Project/install/realsense2_camera/share/realsense2_camera/hook/cmake_prefix_path.dsv'
[1.264s] INFO:colcon.colcon_core.shell:Creating environment hook '/home/imml/git/ROB_534_Project/install/realsense2_camera/share/realsense2_camera/hook/cmake_prefix_path.sh'
[1.265s] Level 1:colcon.colcon_core.environment:checking '/home/imml/git/ROB_534_Project/install/realsense2_camera/lib'
[1.266s] Level 1:colcon.colcon_core.shell:create_environment_hook('realsense2_camera', 'ld_library_path_lib')
[1.266s] INFO:colcon.colcon_core.shell:Creating environment hook '/home/imml/git/ROB_534_Project/install/realsense2_camera/share/realsense2_camera/hook/ld_library_path_lib.ps1'
[1.267s] INFO:colcon.colcon_core.shell:Creating environment descriptor '/home/imml/git/ROB_534_Project/install/realsense2_camera/share/realsense2_camera/hook/ld_library_path_lib.dsv'
[1.267s] INFO:colcon.colcon_core.shell:Creating environment hook '/home/imml/git/ROB_534_Project/install/realsense2_camera/share/realsense2_camera/hook/ld_library_path_lib.sh'
[1.267s] Level 1:colcon.colcon_core.environment:checking '/home/imml/git/ROB_534_Project/install/realsense2_camera/bin'
[1.267s] Level 1:colcon.colcon_core.environment:checking '/home/imml/git/ROB_534_Project/install/realsense2_camera/lib/pkgconfig/realsense2_camera.pc'
[1.268s] Level 1:colcon.colcon_core.environment:checking '/home/imml/git/ROB_534_Project/install/realsense2_camera/lib/python3.10/site-packages'
[1.268s] Level 1:colcon.colcon_core.environment:checking '/home/imml/git/ROB_534_Project/install/realsense2_camera/bin'
[1.268s] INFO:colcon.colcon_core.shell:Creating package script '/home/imml/git/ROB_534_Project/install/realsense2_camera/share/realsense2_camera/package.ps1'
[1.270s] INFO:colcon.colcon_core.shell:Creating package descriptor '/home/imml/git/ROB_534_Project/install/realsense2_camera/share/realsense2_camera/package.dsv'
[1.271s] INFO:colcon.colcon_core.shell:Creating package script '/home/imml/git/ROB_534_Project/install/realsense2_camera/share/realsense2_camera/package.sh'
[1.272s] INFO:colcon.colcon_core.shell:Creating package script '/home/imml/git/ROB_534_Project/install/realsense2_camera/share/realsense2_camera/package.bash'
[1.272s] INFO:colcon.colcon_core.shell:Creating package script '/home/imml/git/ROB_534_Project/install/realsense2_camera/share/realsense2_camera/package.zsh'
[1.272s] Level 1:colcon.colcon_core.environment:create_file_with_runtime_dependencies(/home/imml/git/ROB_534_Project/install/realsense2_camera/share/colcon-core/packages/realsense2_camera)
[1.273s] Level 1:colcon.colcon_core.environment:create_environment_scripts_only(realsense2_camera)
[1.274s] Level 1:colcon.colcon_core.environment:checking '/home/imml/git/ROB_534_Project/install/realsense2_camera' for CMake module files
[1.274s] Level 1:colcon.colcon_core.environment:checking '/home/imml/git/ROB_534_Project/install/realsense2_camera' for CMake config files
[1.275s] Level 1:colcon.colcon_core.shell:create_environment_hook('realsense2_camera', 'cmake_prefix_path')
[1.276s] INFO:colcon.colcon_core.shell:Creating environment hook '/home/imml/git/ROB_534_Project/install/realsense2_camera/share/realsense2_camera/hook/cmake_prefix_path.ps1'
[1.277s] INFO:colcon.colcon_core.shell:Creating environment descriptor '/home/imml/git/ROB_534_Project/install/realsense2_camera/share/realsense2_camera/hook/cmake_prefix_path.dsv'
[1.278s] INFO:colcon.colcon_core.shell:Creating environment hook '/home/imml/git/ROB_534_Project/install/realsense2_camera/share/realsense2_camera/hook/cmake_prefix_path.sh'
[1.278s] Level 1:colcon.colcon_core.environment:checking '/home/imml/git/ROB_534_Project/install/realsense2_camera/lib'
[1.278s] Level 1:colcon.colcon_core.shell:create_environment_hook('realsense2_camera', 'ld_library_path_lib')
[1.279s] INFO:colcon.colcon_core.shell:Creating environment hook '/home/imml/git/ROB_534_Project/install/realsense2_camera/share/realsense2_camera/hook/ld_library_path_lib.ps1'
[1.280s] INFO:colcon.colcon_core.shell:Creating environment descriptor '/home/imml/git/ROB_534_Project/install/realsense2_camera/share/realsense2_camera/hook/ld_library_path_lib.dsv'
[1.280s] INFO:colcon.colcon_core.shell:Creating environment hook '/home/imml/git/ROB_534_Project/install/realsense2_camera/share/realsense2_camera/hook/ld_library_path_lib.sh'
[1.281s] Level 1:colcon.colcon_core.environment:checking '/home/imml/git/ROB_534_Project/install/realsense2_camera/bin'
[1.281s] Level 1:colcon.colcon_core.environment:checking '/home/imml/git/ROB_534_Project/install/realsense2_camera/lib/pkgconfig/realsense2_camera.pc'
[1.281s] Level 1:colcon.colcon_core.environment:checking '/home/imml/git/ROB_534_Project/install/realsense2_camera/lib/python3.10/site-packages'
[1.281s] Level 1:colcon.colcon_core.environment:checking '/home/imml/git/ROB_534_Project/install/realsense2_camera/bin'
[1.282s] INFO:colcon.colcon_core.shell:Creating package script '/home/imml/git/ROB_534_Project/install/realsense2_camera/share/realsense2_camera/package.ps1'
[1.282s] INFO:colcon.colcon_core.shell:Creating package descriptor '/home/imml/git/ROB_534_Project/install/realsense2_camera/share/realsense2_camera/package.dsv'
[1.283s] INFO:colcon.colcon_core.shell:Creating package script '/home/imml/git/ROB_534_Project/install/realsense2_camera/share/realsense2_camera/package.sh'
[1.283s] INFO:colcon.colcon_core.shell:Creating package script '/home/imml/git/ROB_534_Project/install/realsense2_camera/share/realsense2_camera/package.bash'
[1.284s] INFO:colcon.colcon_core.shell:Creating package script '/home/imml/git/ROB_534_Project/install/realsense2_camera/share/realsense2_camera/package.zsh'
[1.284s] Level 1:colcon.colcon_core.environment:create_file_with_runtime_dependencies(/home/imml/git/ROB_534_Project/install/realsense2_camera/share/colcon-core/packages/realsense2_camera)
[1.286s] Level 1:colcon.colcon_core.environment:create_environment_scripts_only(ur_controllers)
[1.286s] Level 1:colcon.colcon_core.environment:checking '/home/imml/git/ROB_534_Project/install/ur_controllers' for CMake module files
[1.287s] DEBUG:colcon.colcon_core.event_handler.log_command:Invoked command in '/home/imml/git/ROB_534_Project/build/ur_controllers' returned '0': CMAKE_PREFIX_PATH=/home/imml/git/ROB_534_Project/install/ur_dashboard_msgs:/home/imml/git/ROB_534_Project/install/ur:/home/imml/git/ROB_534_Project/install/ur_calibration:/home/imml/git/ROB_534_Project/install/ur_robot_driver:/home/imml/git/ROB_534_Project/install/ur_moveit_config:/home/imml/git/ROB_534_Project/install/ur_bringup:/home/imml/git/ROB_534_Project/install/ur_description:/home/imml/git/ROB_534_Project/install/ur_controllers:/home/imml/git/ROB_534_Project/install/realsense2_description:/home/imml/git/ROB_534_Project/install/realsense2_camera:/home/imml/git/ROB_534_Project/install/realsense2_camera_msgs:/home/imml/git/ROB_534_Project/install/harvest_control:/home/imml/git/ROB_534_Project/install/harvest:/home/imml/git/ROB_534_Project/install/harvest_interfaces:/home/imml/git/ROB_534_Project/install/ur5e_custom_hardware:/home/imml/git/ROB_534_Project/install/harvest_vision:/opt/ros/humble LD_LIBRARY_PATH=/home/imml/git/ROB_534_Project/install/ur_dashboard_msgs/lib:/home/imml/git/ROB_534_Project/install/ur_robot_driver/lib:/home/imml/git/ROB_534_Project/install/ur_controllers/lib:/home/imml/git/ROB_534_Project/install/realsense2_camera/lib:/home/imml/git/ROB_534_Project/install/realsense2_camera_msgs/lib:/home/imml/git/ROB_534_Project/install/harvest_interfaces/lib:/opt/ros/humble/opt/rviz_ogre_vendor/lib:/opt/ros/humble/lib/x86_64-linux-gnu:/opt/ros/humble/lib /usr/bin/cmake --install /home/imml/git/ROB_534_Project/build/ur_controllers
[1.288s] Level 1:colcon.colcon_core.environment:checking '/home/imml/git/ROB_534_Project/install/ur_controllers' for CMake config files
[1.288s] Level 1:colcon.colcon_core.shell:create_environment_hook('ur_controllers', 'cmake_prefix_path')
[1.288s] INFO:colcon.colcon_core.shell:Creating environment hook '/home/imml/git/ROB_534_Project/install/ur_controllers/share/ur_controllers/hook/cmake_prefix_path.ps1'
[1.290s] INFO:colcon.colcon_core.shell:Creating environment descriptor '/home/imml/git/ROB_534_Project/install/ur_controllers/share/ur_controllers/hook/cmake_prefix_path.dsv'
[1.290s] INFO:colcon.colcon_core.shell:Creating environment hook '/home/imml/git/ROB_534_Project/install/ur_controllers/share/ur_controllers/hook/cmake_prefix_path.sh'
[1.291s] Level 1:colcon.colcon_core.environment:checking '/home/imml/git/ROB_534_Project/install/ur_controllers/lib'
[1.291s] Level 1:colcon.colcon_core.shell:create_environment_hook('ur_controllers', 'ld_library_path_lib')
[1.292s] INFO:colcon.colcon_core.shell:Creating environment hook '/home/imml/git/ROB_534_Project/install/ur_controllers/share/ur_controllers/hook/ld_library_path_lib.ps1'
[1.292s] INFO:colcon.colcon_core.shell:Creating environment descriptor '/home/imml/git/ROB_534_Project/install/ur_controllers/share/ur_controllers/hook/ld_library_path_lib.dsv'
[1.293s] INFO:colcon.colcon_core.shell:Creating environment hook '/home/imml/git/ROB_534_Project/install/ur_controllers/share/ur_controllers/hook/ld_library_path_lib.sh'
[1.294s] Level 1:colcon.colcon_core.environment:checking '/home/imml/git/ROB_534_Project/install/ur_controllers/bin'
[1.294s] Level 1:colcon.colcon_core.environment:checking '/home/imml/git/ROB_534_Project/install/ur_controllers/lib/pkgconfig/ur_controllers.pc'
[1.294s] Level 1:colcon.colcon_core.environment:checking '/home/imml/git/ROB_534_Project/install/ur_controllers/lib/python3.10/site-packages'
[1.294s] Level 1:colcon.colcon_core.environment:checking '/home/imml/git/ROB_534_Project/install/ur_controllers/bin'
[1.295s] INFO:colcon.colcon_core.shell:Creating package script '/home/imml/git/ROB_534_Project/install/ur_controllers/share/ur_controllers/package.ps1'
[1.296s] INFO:colcon.colcon_core.shell:Creating package descriptor '/home/imml/git/ROB_534_Project/install/ur_controllers/share/ur_controllers/package.dsv'
[1.296s] INFO:colcon.colcon_core.shell:Creating package script '/home/imml/git/ROB_534_Project/install/ur_controllers/share/ur_controllers/package.sh'
[1.297s] INFO:colcon.colcon_core.shell:Creating package script '/home/imml/git/ROB_534_Project/install/ur_controllers/share/ur_controllers/package.bash'
[1.297s] INFO:colcon.colcon_core.shell:Creating package script '/home/imml/git/ROB_534_Project/install/ur_controllers/share/ur_controllers/package.zsh'
[1.298s] Level 1:colcon.colcon_core.environment:create_file_with_runtime_dependencies(/home/imml/git/ROB_534_Project/install/ur_controllers/share/colcon-core/packages/ur_controllers)
[1.299s] Level 1:colcon.colcon_core.environment:create_environment_scripts_only(ur_controllers)
[1.299s] Level 1:colcon.colcon_core.environment:checking '/home/imml/git/ROB_534_Project/install/ur_controllers' for CMake module files
[1.300s] Level 1:colcon.colcon_core.environment:checking '/home/imml/git/ROB_534_Project/install/ur_controllers' for CMake config files
[1.300s] Level 1:colcon.colcon_core.shell:create_environment_hook('ur_controllers', 'cmake_prefix_path')
[1.300s] INFO:colcon.colcon_core.shell:Creating environment hook '/home/imml/git/ROB_534_Project/install/ur_controllers/share/ur_controllers/hook/cmake_prefix_path.ps1'
[1.301s] INFO:colcon.colcon_core.shell:Creating environment descriptor '/home/imml/git/ROB_534_Project/install/ur_controllers/share/ur_controllers/hook/cmake_prefix_path.dsv'
[1.301s] INFO:colcon.colcon_core.shell:Creating environment hook '/home/imml/git/ROB_534_Project/install/ur_controllers/share/ur_controllers/hook/cmake_prefix_path.sh'
[1.302s] Level 1:colcon.colcon_core.environment:checking '/home/imml/git/ROB_534_Project/install/ur_controllers/lib'
[1.302s] Level 1:colcon.colcon_core.shell:create_environment_hook('ur_controllers', 'ld_library_path_lib')
[1.302s] INFO:colcon.colcon_core.shell:Creating environment hook '/home/imml/git/ROB_534_Project/install/ur_controllers/share/ur_controllers/hook/ld_library_path_lib.ps1'
[1.303s] INFO:colcon.colcon_core.shell:Creating environment descriptor '/home/imml/git/ROB_534_Project/install/ur_controllers/share/ur_controllers/hook/ld_library_path_lib.dsv'
[1.303s] INFO:colcon.colcon_core.shell:Creating environment hook '/home/imml/git/ROB_534_Project/install/ur_controllers/share/ur_controllers/hook/ld_library_path_lib.sh'
[1.304s] Level 1:colcon.colcon_core.environment:checking '/home/imml/git/ROB_534_Project/install/ur_controllers/bin'
[1.304s] Level 1:colcon.colcon_core.environment:checking '/home/imml/git/ROB_534_Project/install/ur_controllers/lib/pkgconfig/ur_controllers.pc'
[1.304s] Level 1:colcon.colcon_core.environment:checking '/home/imml/git/ROB_534_Project/install/ur_controllers/lib/python3.10/site-packages'
[1.304s] Level 1:colcon.colcon_core.environment:checking '/home/imml/git/ROB_534_Project/install/ur_controllers/bin'
[1.305s] INFO:colcon.colcon_core.shell:Creating package script '/home/imml/git/ROB_534_Project/install/ur_controllers/share/ur_controllers/package.ps1'
[1.305s] INFO:colcon.colcon_core.shell:Creating package descriptor '/home/imml/git/ROB_534_Project/install/ur_controllers/share/ur_controllers/package.dsv'
[1.306s] INFO:colcon.colcon_core.shell:Creating package script '/home/imml/git/ROB_534_Project/install/ur_controllers/share/ur_controllers/package.sh'
[1.306s] INFO:colcon.colcon_core.shell:Creating package script '/home/imml/git/ROB_534_Project/install/ur_controllers/share/ur_controllers/package.bash'
[1.306s] INFO:colcon.colcon_core.shell:Creating package script '/home/imml/git/ROB_534_Project/install/ur_controllers/share/ur_controllers/package.zsh'
[1.307s] Level 1:colcon.colcon_core.environment:create_file_with_runtime_dependencies(/home/imml/git/ROB_534_Project/install/ur_controllers/share/colcon-core/packages/ur_controllers)
[1.307s] INFO:colcon.colcon_ros.task.ament_cmake.build:Building ROS package in '/home/imml/git/ROB_534_Project/harvest_hardware/Universal_Robots_ROS2_Driver/ur_robot_driver' with build type 'ament_cmake'
[1.307s] INFO:colcon.colcon_cmake.task.cmake.build:Building CMake package in '/home/imml/git/ROB_534_Project/harvest_hardware/Universal_Robots_ROS2_Driver/ur_robot_driver'
[1.308s] INFO:colcon.colcon_core.shell:Skip shell extension 'powershell' for command environment: Not usable outside of PowerShell
[1.308s] DEBUG:colcon.colcon_core.shell:Skip shell extension 'dsv' for command environment
[1.313s] INFO:colcon.colcon_ros.task.ament_cmake.build:Building ROS package in '/home/imml/git/ROB_534_Project/harvest_hardware/Universal_Robots_ROS2_Driver/ur_bringup' with build type 'ament_cmake'
[1.314s] INFO:colcon.colcon_cmake.task.cmake.build:Building CMake package in '/home/imml/git/ROB_534_Project/harvest_hardware/Universal_Robots_ROS2_Driver/ur_bringup'
[1.314s] INFO:colcon.colcon_core.shell:Skip shell extension 'powershell' for command environment: Not usable outside of PowerShell
[1.314s] DEBUG:colcon.colcon_core.shell:Skip shell extension 'dsv' for command environment
[1.328s] DEBUG:colcon.colcon_core.event_handler.log_command:Invoking command in '/home/imml/git/ROB_534_Project/build/ur_robot_driver': CMAKE_PREFIX_PATH=/home/imml/git/ROB_534_Project/install/ur_controllers:/home/imml/git/ROB_534_Project/install/ur_description:/home/imml/git/ROB_534_Project/install/ur_dashboard_msgs:/home/imml/git/ROB_534_Project/install/ur:/home/imml/git/ROB_534_Project/install/ur_calibration:/home/imml/git/ROB_534_Project/install/ur_robot_driver:/home/imml/git/ROB_534_Project/install/ur_moveit_config:/home/imml/git/ROB_534_Project/install/ur_bringup:/home/imml/git/ROB_534_Project/install/realsense2_description:/home/imml/git/ROB_534_Project/install/realsense2_camera:/home/imml/git/ROB_534_Project/install/realsense2_camera_msgs:/home/imml/git/ROB_534_Project/install/harvest_control:/home/imml/git/ROB_534_Project/install/harvest:/home/imml/git/ROB_534_Project/install/harvest_interfaces:/home/imml/git/ROB_534_Project/install/ur5e_custom_hardware:/home/imml/git/ROB_534_Project/install/harvest_vision:/opt/ros/humble LD_LIBRARY_PATH=/home/imml/git/ROB_534_Project/install/ur_controllers/lib:/home/imml/git/ROB_534_Project/install/ur_dashboard_msgs/lib:/home/imml/git/ROB_534_Project/install/ur_robot_driver/lib:/home/imml/git/ROB_534_Project/install/realsense2_camera/lib:/home/imml/git/ROB_534_Project/install/realsense2_camera_msgs/lib:/home/imml/git/ROB_534_Project/install/harvest_interfaces/lib:/opt/ros/humble/opt/rviz_ogre_vendor/lib:/opt/ros/humble/lib/x86_64-linux-gnu:/opt/ros/humble/lib /usr/bin/cmake --build /home/imml/git/ROB_534_Project/build/ur_robot_driver -- -j16 -l16
[1.333s] DEBUG:colcon.colcon_core.event_handler.log_command:Invoking command in '/home/imml/git/ROB_534_Project/build/ur_bringup': CMAKE_PREFIX_PATH=/home/imml/git/ROB_534_Project/install/ur_controllers:/home/imml/git/ROB_534_Project/install/ur_description:/home/imml/git/ROB_534_Project/install/ur_dashboard_msgs:/home/imml/git/ROB_534_Project/install/ur:/home/imml/git/ROB_534_Project/install/ur_calibration:/home/imml/git/ROB_534_Project/install/ur_robot_driver:/home/imml/git/ROB_534_Project/install/ur_moveit_config:/home/imml/git/ROB_534_Project/install/ur_bringup:/home/imml/git/ROB_534_Project/install/realsense2_description:/home/imml/git/ROB_534_Project/install/realsense2_camera:/home/imml/git/ROB_534_Project/install/realsense2_camera_msgs:/home/imml/git/ROB_534_Project/install/harvest_control:/home/imml/git/ROB_534_Project/install/harvest:/home/imml/git/ROB_534_Project/install/harvest_interfaces:/home/imml/git/ROB_534_Project/install/ur5e_custom_hardware:/home/imml/git/ROB_534_Project/install/harvest_vision:/opt/ros/humble LD_LIBRARY_PATH=/home/imml/git/ROB_534_Project/install/ur_controllers/lib:/home/imml/git/ROB_534_Project/install/ur_dashboard_msgs/lib:/home/imml/git/ROB_534_Project/install/ur_robot_driver/lib:/home/imml/git/ROB_534_Project/install/realsense2_camera/lib:/home/imml/git/ROB_534_Project/install/realsense2_camera_msgs/lib:/home/imml/git/ROB_534_Project/install/harvest_interfaces/lib:/opt/ros/humble/opt/rviz_ogre_vendor/lib:/opt/ros/humble/lib/x86_64-linux-gnu:/opt/ros/humble/lib /usr/bin/cmake --build /home/imml/git/ROB_534_Project/build/ur_bringup -- -j16 -l16
[1.355s] DEBUG:colcon.colcon_core.event_handler.log_command:Invoked command in '/home/imml/git/ROB_534_Project/build/harvest' returned '0': CMAKE_PREFIX_PATH=/home/imml/git/ROB_534_Project/install/harvest_interfaces:/home/imml/git/ROB_534_Project/install/ur:/home/imml/git/ROB_534_Project/install/ur_calibration:/home/imml/git/ROB_534_Project/install/ur_robot_driver:/home/imml/git/ROB_534_Project/install/ur_moveit_config:/home/imml/git/ROB_534_Project/install/ur_bringup:/home/imml/git/ROB_534_Project/install/ur_description:/home/imml/git/ROB_534_Project/install/ur_controllers:/home/imml/git/ROB_534_Project/install/ur_dashboard_msgs:/home/imml/git/ROB_534_Project/install/realsense2_description:/home/imml/git/ROB_534_Project/install/realsense2_camera:/home/imml/git/ROB_534_Project/install/realsense2_camera_msgs:/home/imml/git/ROB_534_Project/install/harvest_control:/home/imml/git/ROB_534_Project/install/harvest:/home/imml/git/ROB_534_Project/install/ur5e_custom_hardware:/home/imml/git/ROB_534_Project/install/harvest_vision:/opt/ros/humble LD_LIBRARY_PATH=/home/imml/git/ROB_534_Project/install/harvest_interfaces/lib:/home/imml/git/ROB_534_Project/install/ur_robot_driver/lib:/home/imml/git/ROB_534_Project/install/ur_controllers/lib:/home/imml/git/ROB_534_Project/install/ur_dashboard_msgs/lib:/home/imml/git/ROB_534_Project/install/realsense2_camera/lib:/home/imml/git/ROB_534_Project/install/realsense2_camera_msgs/lib:/opt/ros/humble/opt/rviz_ogre_vendor/lib:/opt/ros/humble/lib/x86_64-linux-gnu:/opt/ros/humble/lib /usr/bin/cmake --build /home/imml/git/ROB_534_Project/build/harvest -- -j16 -l16
[1.358s] DEBUG:colcon.colcon_core.event_handler.log_command:Invoking command in '/home/imml/git/ROB_534_Project/build/harvest': CMAKE_PREFIX_PATH=/home/imml/git/ROB_534_Project/install/harvest_interfaces:/home/imml/git/ROB_534_Project/install/ur:/home/imml/git/ROB_534_Project/install/ur_calibration:/home/imml/git/ROB_534_Project/install/ur_robot_driver:/home/imml/git/ROB_534_Project/install/ur_moveit_config:/home/imml/git/ROB_534_Project/install/ur_bringup:/home/imml/git/ROB_534_Project/install/ur_description:/home/imml/git/ROB_534_Project/install/ur_controllers:/home/imml/git/ROB_534_Project/install/ur_dashboard_msgs:/home/imml/git/ROB_534_Project/install/realsense2_description:/home/imml/git/ROB_534_Project/install/realsense2_camera:/home/imml/git/ROB_534_Project/install/realsense2_camera_msgs:/home/imml/git/ROB_534_Project/install/harvest_control:/home/imml/git/ROB_534_Project/install/harvest:/home/imml/git/ROB_534_Project/install/ur5e_custom_hardware:/home/imml/git/ROB_534_Project/install/harvest_vision:/opt/ros/humble LD_LIBRARY_PATH=/home/imml/git/ROB_534_Project/install/harvest_interfaces/lib:/home/imml/git/ROB_534_Project/install/ur_robot_driver/lib:/home/imml/git/ROB_534_Project/install/ur_controllers/lib:/home/imml/git/ROB_534_Project/install/ur_dashboard_msgs/lib:/home/imml/git/ROB_534_Project/install/realsense2_camera/lib:/home/imml/git/ROB_534_Project/install/realsense2_camera_msgs/lib:/opt/ros/humble/opt/rviz_ogre_vendor/lib:/opt/ros/humble/lib/x86_64-linux-gnu:/opt/ros/humble/lib /usr/bin/cmake --install /home/imml/git/ROB_534_Project/build/harvest
[1.375s] Level 1:colcon.colcon_core.environment:create_environment_scripts_only(ur_moveit_config)
[1.376s] Level 1:colcon.colcon_core.environment:checking '/home/imml/git/ROB_534_Project/install/ur_moveit_config' for CMake module files
[1.378s] DEBUG:colcon.colcon_core.event_handler.log_command:Invoked command in '/home/imml/git/ROB_534_Project/build/ur_moveit_config' returned '0': CMAKE_PREFIX_PATH=/home/imml/git/ROB_534_Project/install/ur_description:/home/imml/git/ROB_534_Project/install/ur:/home/imml/git/ROB_534_Project/install/ur_calibration:/home/imml/git/ROB_534_Project/install/ur_robot_driver:/home/imml/git/ROB_534_Project/install/ur_moveit_config:/home/imml/git/ROB_534_Project/install/ur_bringup:/home/imml/git/ROB_534_Project/install/ur_controllers:/home/imml/git/ROB_534_Project/install/ur_dashboard_msgs:/home/imml/git/ROB_534_Project/install/realsense2_description:/home/imml/git/ROB_534_Project/install/realsense2_camera:/home/imml/git/ROB_534_Project/install/realsense2_camera_msgs:/home/imml/git/ROB_534_Project/install/harvest_control:/home/imml/git/ROB_534_Project/install/harvest:/home/imml/git/ROB_534_Project/install/harvest_interfaces:/home/imml/git/ROB_534_Project/install/ur5e_custom_hardware:/home/imml/git/ROB_534_Project/install/harvest_vision:/opt/ros/humble /usr/bin/cmake --install /home/imml/git/ROB_534_Project/build/ur_moveit_config
[1.378s] Level 1:colcon.colcon_core.environment:checking '/home/imml/git/ROB_534_Project/install/ur_moveit_config' for CMake config files
[1.379s] Level 1:colcon.colcon_core.shell:create_environment_hook('ur_moveit_config', 'cmake_prefix_path')
[1.380s] INFO:colcon.colcon_core.shell:Creating environment hook '/home/imml/git/ROB_534_Project/install/ur_moveit_config/share/ur_moveit_config/hook/cmake_prefix_path.ps1'
[1.380s] INFO:colcon.colcon_core.shell:Creating environment descriptor '/home/imml/git/ROB_534_Project/install/ur_moveit_config/share/ur_moveit_config/hook/cmake_prefix_path.dsv'
[1.381s] INFO:colcon.colcon_core.shell:Creating environment hook '/home/imml/git/ROB_534_Project/install/ur_moveit_config/share/ur_moveit_config/hook/cmake_prefix_path.sh'
[1.382s] Level 1:colcon.colcon_core.environment:checking '/home/imml/git/ROB_534_Project/install/ur_moveit_config/bin'
[1.382s] Level 1:colcon.colcon_core.environment:checking '/home/imml/git/ROB_534_Project/install/ur_moveit_config/lib/pkgconfig/ur_moveit_config.pc'
[1.382s] Level 1:colcon.colcon_core.environment:checking '/home/imml/git/ROB_534_Project/install/ur_moveit_config/lib/python3.10/site-packages'
[1.382s] Level 1:colcon.colcon_core.environment:checking '/home/imml/git/ROB_534_Project/install/ur_moveit_config/bin'
[1.383s] INFO:colcon.colcon_core.shell:Creating package script '/home/imml/git/ROB_534_Project/install/ur_moveit_config/share/ur_moveit_config/package.ps1'
[1.384s] INFO:colcon.colcon_core.shell:Creating package descriptor '/home/imml/git/ROB_534_Project/install/ur_moveit_config/share/ur_moveit_config/package.dsv'
[1.384s] INFO:colcon.colcon_core.shell:Creating package script '/home/imml/git/ROB_534_Project/install/ur_moveit_config/share/ur_moveit_config/package.sh'
[1.385s] INFO:colcon.colcon_core.shell:Creating package script '/home/imml/git/ROB_534_Project/install/ur_moveit_config/share/ur_moveit_config/package.bash'
[1.386s] INFO:colcon.colcon_core.shell:Creating package script '/home/imml/git/ROB_534_Project/install/ur_moveit_config/share/ur_moveit_config/package.zsh'
[1.387s] Level 1:colcon.colcon_core.environment:create_file_with_runtime_dependencies(/home/imml/git/ROB_534_Project/install/ur_moveit_config/share/colcon-core/packages/ur_moveit_config)
[1.387s] Level 1:colcon.colcon_core.environment:create_environment_scripts_only(ur_moveit_config)
[1.388s] Level 1:colcon.colcon_core.environment:checking '/home/imml/git/ROB_534_Project/install/ur_moveit_config' for CMake module files
[1.388s] Level 1:colcon.colcon_core.environment:checking '/home/imml/git/ROB_534_Project/install/ur_moveit_config' for CMake config files
[1.389s] Level 1:colcon.colcon_core.shell:create_environment_hook('ur_moveit_config', 'cmake_prefix_path')
[1.389s] INFO:colcon.colcon_core.shell:Creating environment hook '/home/imml/git/ROB_534_Project/install/ur_moveit_config/share/ur_moveit_config/hook/cmake_prefix_path.ps1'
[1.390s] INFO:colcon.colcon_core.shell:Creating environment descriptor '/home/imml/git/ROB_534_Project/install/ur_moveit_config/share/ur_moveit_config/hook/cmake_prefix_path.dsv'
[1.391s] INFO:colcon.colcon_core.shell:Creating environment hook '/home/imml/git/ROB_534_Project/install/ur_moveit_config/share/ur_moveit_config/hook/cmake_prefix_path.sh'
[1.391s] Level 1:colcon.colcon_core.environment:checking '/home/imml/git/ROB_534_Project/install/ur_moveit_config/bin'
[1.391s] Level 1:colcon.colcon_core.environment:checking '/home/imml/git/ROB_534_Project/install/ur_moveit_config/lib/pkgconfig/ur_moveit_config.pc'
[1.392s] Level 1:colcon.colcon_core.environment:checking '/home/imml/git/ROB_534_Project/install/ur_moveit_config/lib/python3.10/site-packages'
[1.392s] Level 1:colcon.colcon_core.environment:checking '/home/imml/git/ROB_534_Project/install/ur_moveit_config/bin'
[1.393s] INFO:colcon.colcon_core.shell:Creating package script '/home/imml/git/ROB_534_Project/install/ur_moveit_config/share/ur_moveit_config/package.ps1'
[1.393s] INFO:colcon.colcon_core.shell:Creating package descriptor '/home/imml/git/ROB_534_Project/install/ur_moveit_config/share/ur_moveit_config/package.dsv'
[1.394s] INFO:colcon.colcon_core.shell:Creating package script '/home/imml/git/ROB_534_Project/install/ur_moveit_config/share/ur_moveit_config/package.sh'
[1.394s] INFO:colcon.colcon_core.shell:Creating package script '/home/imml/git/ROB_534_Project/install/ur_moveit_config/share/ur_moveit_config/package.bash'
[1.395s] INFO:colcon.colcon_core.shell:Creating package script '/home/imml/git/ROB_534_Project/install/ur_moveit_config/share/ur_moveit_config/package.zsh'
[1.396s] Level 1:colcon.colcon_core.environment:create_file_with_runtime_dependencies(/home/imml/git/ROB_534_Project/install/ur_moveit_config/share/colcon-core/packages/ur_moveit_config)
[1.398s] DEBUG:colcon.colcon_core.event_handler.log_command:Invoked command in '/home/imml/git/ROB_534_Project/build/ur_bringup' returned '0': CMAKE_PREFIX_PATH=/home/imml/git/ROB_534_Project/install/ur_controllers:/home/imml/git/ROB_534_Project/install/ur_description:/home/imml/git/ROB_534_Project/install/ur_dashboard_msgs:/home/imml/git/ROB_534_Project/install/ur:/home/imml/git/ROB_534_Project/install/ur_calibration:/home/imml/git/ROB_534_Project/install/ur_robot_driver:/home/imml/git/ROB_534_Project/install/ur_moveit_config:/home/imml/git/ROB_534_Project/install/ur_bringup:/home/imml/git/ROB_534_Project/install/realsense2_description:/home/imml/git/ROB_534_Project/install/realsense2_camera:/home/imml/git/ROB_534_Project/install/realsense2_camera_msgs:/home/imml/git/ROB_534_Project/install/harvest_control:/home/imml/git/ROB_534_Project/install/harvest:/home/imml/git/ROB_534_Project/install/harvest_interfaces:/home/imml/git/ROB_534_Project/install/ur5e_custom_hardware:/home/imml/git/ROB_534_Project/install/harvest_vision:/opt/ros/humble LD_LIBRARY_PATH=/home/imml/git/ROB_534_Project/install/ur_controllers/lib:/home/imml/git/ROB_534_Project/install/ur_dashboard_msgs/lib:/home/imml/git/ROB_534_Project/install/ur_robot_driver/lib:/home/imml/git/ROB_534_Project/install/realsense2_camera/lib:/home/imml/git/ROB_534_Project/install/realsense2_camera_msgs/lib:/home/imml/git/ROB_534_Project/install/harvest_interfaces/lib:/opt/ros/humble/opt/rviz_ogre_vendor/lib:/opt/ros/humble/lib/x86_64-linux-gnu:/opt/ros/humble/lib /usr/bin/cmake --build /home/imml/git/ROB_534_Project/build/ur_bringup -- -j16 -l16
[1.400s] DEBUG:colcon.colcon_core.event_handler.log_command:Invoking command in '/home/imml/git/ROB_534_Project/build/ur_bringup': CMAKE_PREFIX_PATH=/home/imml/git/ROB_534_Project/install/ur_controllers:/home/imml/git/ROB_534_Project/install/ur_description:/home/imml/git/ROB_534_Project/install/ur_dashboard_msgs:/home/imml/git/ROB_534_Project/install/ur:/home/imml/git/ROB_534_Project/install/ur_calibration:/home/imml/git/ROB_534_Project/install/ur_robot_driver:/home/imml/git/ROB_534_Project/install/ur_moveit_config:/home/imml/git/ROB_534_Project/install/ur_bringup:/home/imml/git/ROB_534_Project/install/realsense2_description:/home/imml/git/ROB_534_Project/install/realsense2_camera:/home/imml/git/ROB_534_Project/install/realsense2_camera_msgs:/home/imml/git/ROB_534_Project/install/harvest_control:/home/imml/git/ROB_534_Project/install/harvest:/home/imml/git/ROB_534_Project/install/harvest_interfaces:/home/imml/git/ROB_534_Project/install/ur5e_custom_hardware:/home/imml/git/ROB_534_Project/install/harvest_vision:/opt/ros/humble LD_LIBRARY_PATH=/home/imml/git/ROB_534_Project/install/ur_controllers/lib:/home/imml/git/ROB_534_Project/install/ur_dashboard_msgs/lib:/home/imml/git/ROB_534_Project/install/ur_robot_driver/lib:/home/imml/git/ROB_534_Project/install/realsense2_camera/lib:/home/imml/git/ROB_534_Project/install/realsense2_camera_msgs/lib:/home/imml/git/ROB_534_Project/install/harvest_interfaces/lib:/opt/ros/humble/opt/rviz_ogre_vendor/lib:/opt/ros/humble/lib/x86_64-linux-gnu:/opt/ros/humble/lib /usr/bin/cmake --install /home/imml/git/ROB_534_Project/build/ur_bringup
[1.437s] Level 1:colcon.colcon_core.environment:create_environment_scripts_only(ur_bringup)
[1.438s] Level 1:colcon.colcon_core.environment:checking '/home/imml/git/ROB_534_Project/install/ur_bringup' for CMake module files
[1.438s] DEBUG:colcon.colcon_core.event_handler.log_command:Invoked command in '/home/imml/git/ROB_534_Project/build/ur_bringup' returned '0': CMAKE_PREFIX_PATH=/home/imml/git/ROB_534_Project/install/ur_controllers:/home/imml/git/ROB_534_Project/install/ur_description:/home/imml/git/ROB_534_Project/install/ur_dashboard_msgs:/home/imml/git/ROB_534_Project/install/ur:/home/imml/git/ROB_534_Project/install/ur_calibration:/home/imml/git/ROB_534_Project/install/ur_robot_driver:/home/imml/git/ROB_534_Project/install/ur_moveit_config:/home/imml/git/ROB_534_Project/install/ur_bringup:/home/imml/git/ROB_534_Project/install/realsense2_description:/home/imml/git/ROB_534_Project/install/realsense2_camera:/home/imml/git/ROB_534_Project/install/realsense2_camera_msgs:/home/imml/git/ROB_534_Project/install/harvest_control:/home/imml/git/ROB_534_Project/install/harvest:/home/imml/git/ROB_534_Project/install/harvest_interfaces:/home/imml/git/ROB_534_Project/install/ur5e_custom_hardware:/home/imml/git/ROB_534_Project/install/harvest_vision:/opt/ros/humble LD_LIBRARY_PATH=/home/imml/git/ROB_534_Project/install/ur_controllers/lib:/home/imml/git/ROB_534_Project/install/ur_dashboard_msgs/lib:/home/imml/git/ROB_534_Project/install/ur_robot_driver/lib:/home/imml/git/ROB_534_Project/install/realsense2_camera/lib:/home/imml/git/ROB_534_Project/install/realsense2_camera_msgs/lib:/home/imml/git/ROB_534_Project/install/harvest_interfaces/lib:/opt/ros/humble/opt/rviz_ogre_vendor/lib:/opt/ros/humble/lib/x86_64-linux-gnu:/opt/ros/humble/lib /usr/bin/cmake --install /home/imml/git/ROB_534_Project/build/ur_bringup
[1.439s] Level 1:colcon.colcon_core.environment:checking '/home/imml/git/ROB_534_Project/install/ur_bringup' for CMake config files
[1.439s] Level 1:colcon.colcon_core.shell:create_environment_hook('ur_bringup', 'cmake_prefix_path')
[1.440s] INFO:colcon.colcon_core.shell:Creating environment hook '/home/imml/git/ROB_534_Project/install/ur_bringup/share/ur_bringup/hook/cmake_prefix_path.ps1'
[1.440s] INFO:colcon.colcon_core.shell:Creating environment descriptor '/home/imml/git/ROB_534_Project/install/ur_bringup/share/ur_bringup/hook/cmake_prefix_path.dsv'
[1.441s] INFO:colcon.colcon_core.shell:Creating environment hook '/home/imml/git/ROB_534_Project/install/ur_bringup/share/ur_bringup/hook/cmake_prefix_path.sh'
[1.442s] Level 1:colcon.colcon_core.environment:checking '/home/imml/git/ROB_534_Project/install/ur_bringup/lib'
[1.442s] Level 1:colcon.colcon_core.environment:checking '/home/imml/git/ROB_534_Project/install/ur_bringup/bin'
[1.442s] Level 1:colcon.colcon_core.environment:checking '/home/imml/git/ROB_534_Project/install/ur_bringup/lib/pkgconfig/ur_bringup.pc'
[1.442s] Level 1:colcon.colcon_core.environment:checking '/home/imml/git/ROB_534_Project/install/ur_bringup/lib/python3.10/site-packages'
[1.443s] Level 1:colcon.colcon_core.environment:checking '/home/imml/git/ROB_534_Project/install/ur_bringup/bin'
[1.443s] INFO:colcon.colcon_core.shell:Creating package script '/home/imml/git/ROB_534_Project/install/ur_bringup/share/ur_bringup/package.ps1'
[1.443s] INFO:colcon.colcon_core.shell:Creating package descriptor '/home/imml/git/ROB_534_Project/install/ur_bringup/share/ur_bringup/package.dsv'
[1.444s] INFO:colcon.colcon_core.shell:Creating package script '/home/imml/git/ROB_534_Project/install/ur_bringup/share/ur_bringup/package.sh'
[1.444s] INFO:colcon.colcon_core.shell:Creating package script '/home/imml/git/ROB_534_Project/install/ur_bringup/share/ur_bringup/package.bash'
[1.445s] INFO:colcon.colcon_core.shell:Creating package script '/home/imml/git/ROB_534_Project/install/ur_bringup/share/ur_bringup/package.zsh'
[1.445s] Level 1:colcon.colcon_core.environment:create_file_with_runtime_dependencies(/home/imml/git/ROB_534_Project/install/ur_bringup/share/colcon-core/packages/ur_bringup)
[1.445s] Level 1:colcon.colcon_core.environment:create_environment_scripts_only(ur_bringup)
[1.446s] Level 1:colcon.colcon_core.environment:checking '/home/imml/git/ROB_534_Project/install/ur_bringup' for CMake module files
[1.446s] Level 1:colcon.colcon_core.environment:checking '/home/imml/git/ROB_534_Project/install/ur_bringup' for CMake config files
[1.447s] Level 1:colcon.colcon_core.shell:create_environment_hook('ur_bringup', 'cmake_prefix_path')
[1.447s] INFO:colcon.colcon_core.shell:Creating environment hook '/home/imml/git/ROB_534_Project/install/ur_bringup/share/ur_bringup/hook/cmake_prefix_path.ps1'
[1.447s] INFO:colcon.colcon_core.shell:Creating environment descriptor '/home/imml/git/ROB_534_Project/install/ur_bringup/share/ur_bringup/hook/cmake_prefix_path.dsv'
[1.447s] INFO:colcon.colcon_core.shell:Creating environment hook '/home/imml/git/ROB_534_Project/install/ur_bringup/share/ur_bringup/hook/cmake_prefix_path.sh'
[1.448s] Level 1:colcon.colcon_core.environment:checking '/home/imml/git/ROB_534_Project/install/ur_bringup/lib'
[1.448s] Level 1:colcon.colcon_core.environment:checking '/home/imml/git/ROB_534_Project/install/ur_bringup/bin'
[1.448s] Level 1:colcon.colcon_core.environment:checking '/home/imml/git/ROB_534_Project/install/ur_bringup/lib/pkgconfig/ur_bringup.pc'
[1.448s] Level 1:colcon.colcon_core.environment:checking '/home/imml/git/ROB_534_Project/install/ur_bringup/lib/python3.10/site-packages'
[1.448s] Level 1:colcon.colcon_core.environment:checking '/home/imml/git/ROB_534_Project/install/ur_bringup/bin'
[1.449s] INFO:colcon.colcon_core.shell:Creating package script '/home/imml/git/ROB_534_Project/install/ur_bringup/share/ur_bringup/package.ps1'
[1.449s] INFO:colcon.colcon_core.shell:Creating package descriptor '/home/imml/git/ROB_534_Project/install/ur_bringup/share/ur_bringup/package.dsv'
[1.449s] INFO:colcon.colcon_core.shell:Creating package script '/home/imml/git/ROB_534_Project/install/ur_bringup/share/ur_bringup/package.sh'
[1.450s] INFO:colcon.colcon_core.shell:Creating package script '/home/imml/git/ROB_534_Project/install/ur_bringup/share/ur_bringup/package.bash'
[1.450s] INFO:colcon.colcon_core.shell:Creating package script '/home/imml/git/ROB_534_Project/install/ur_bringup/share/ur_bringup/package.zsh'
[1.450s] Level 1:colcon.colcon_core.environment:create_file_with_runtime_dependencies(/home/imml/git/ROB_534_Project/install/ur_bringup/share/colcon-core/packages/ur_bringup)
[1.451s] Level 1:colcon.colcon_core.environment:create_environment_scripts_only(harvest)
[1.452s] Level 1:colcon.colcon_core.environment:checking '/home/imml/git/ROB_534_Project/install/harvest' for CMake module files
[1.452s] DEBUG:colcon.colcon_core.event_handler.log_command:Invoked command in '/home/imml/git/ROB_534_Project/build/harvest' returned '0': CMAKE_PREFIX_PATH=/home/imml/git/ROB_534_Project/install/harvest_interfaces:/home/imml/git/ROB_534_Project/install/ur:/home/imml/git/ROB_534_Project/install/ur_calibration:/home/imml/git/ROB_534_Project/install/ur_robot_driver:/home/imml/git/ROB_534_Project/install/ur_moveit_config:/home/imml/git/ROB_534_Project/install/ur_bringup:/home/imml/git/ROB_534_Project/install/ur_description:/home/imml/git/ROB_534_Project/install/ur_controllers:/home/imml/git/ROB_534_Project/install/ur_dashboard_msgs:/home/imml/git/ROB_534_Project/install/realsense2_description:/home/imml/git/ROB_534_Project/install/realsense2_camera:/home/imml/git/ROB_534_Project/install/realsense2_camera_msgs:/home/imml/git/ROB_534_Project/install/harvest_control:/home/imml/git/ROB_534_Project/install/harvest:/home/imml/git/ROB_534_Project/install/ur5e_custom_hardware:/home/imml/git/ROB_534_Project/install/harvest_vision:/opt/ros/humble LD_LIBRARY_PATH=/home/imml/git/ROB_534_Project/install/harvest_interfaces/lib:/home/imml/git/ROB_534_Project/install/ur_robot_driver/lib:/home/imml/git/ROB_534_Project/install/ur_controllers/lib:/home/imml/git/ROB_534_Project/install/ur_dashboard_msgs/lib:/home/imml/git/ROB_534_Project/install/realsense2_camera/lib:/home/imml/git/ROB_534_Project/install/realsense2_camera_msgs/lib:/opt/ros/humble/opt/rviz_ogre_vendor/lib:/opt/ros/humble/lib/x86_64-linux-gnu:/opt/ros/humble/lib /usr/bin/cmake --install /home/imml/git/ROB_534_Project/build/harvest
[1.452s] Level 1:colcon.colcon_core.environment:checking '/home/imml/git/ROB_534_Project/install/harvest' for CMake config files
[1.453s] Level 1:colcon.colcon_core.shell:create_environment_hook('harvest', 'cmake_prefix_path')
[1.453s] INFO:colcon.colcon_core.shell:Creating environment hook '/home/imml/git/ROB_534_Project/install/harvest/share/harvest/hook/cmake_prefix_path.ps1'
[1.453s] INFO:colcon.colcon_core.shell:Creating environment descriptor '/home/imml/git/ROB_534_Project/install/harvest/share/harvest/hook/cmake_prefix_path.dsv'
[1.454s] INFO:colcon.colcon_core.shell:Creating environment hook '/home/imml/git/ROB_534_Project/install/harvest/share/harvest/hook/cmake_prefix_path.sh'
[1.454s] Level 1:colcon.colcon_core.environment:checking '/home/imml/git/ROB_534_Project/install/harvest/lib'
[1.454s] Level 1:colcon.colcon_core.environment:checking '/home/imml/git/ROB_534_Project/install/harvest/bin'
[1.454s] Level 1:colcon.colcon_core.environment:checking '/home/imml/git/ROB_534_Project/install/harvest/lib/pkgconfig/harvest.pc'
[1.455s] Level 1:colcon.colcon_core.environment:checking '/home/imml/git/ROB_534_Project/install/harvest/lib/python3.10/site-packages'
[1.455s] Level 1:colcon.colcon_core.environment:checking '/home/imml/git/ROB_534_Project/install/harvest/bin'
[1.455s] INFO:colcon.colcon_core.shell:Creating package script '/home/imml/git/ROB_534_Project/install/harvest/share/harvest/package.ps1'
[1.455s] INFO:colcon.colcon_core.shell:Creating package descriptor '/home/imml/git/ROB_534_Project/install/harvest/share/harvest/package.dsv'
[1.456s] INFO:colcon.colcon_core.shell:Creating package script '/home/imml/git/ROB_534_Project/install/harvest/share/harvest/package.sh'
[1.456s] INFO:colcon.colcon_core.shell:Creating package script '/home/imml/git/ROB_534_Project/install/harvest/share/harvest/package.bash'
[1.456s] INFO:colcon.colcon_core.shell:Creating package script '/home/imml/git/ROB_534_Project/install/harvest/share/harvest/package.zsh'
[1.457s] Level 1:colcon.colcon_core.environment:create_file_with_runtime_dependencies(/home/imml/git/ROB_534_Project/install/harvest/share/colcon-core/packages/harvest)
[1.457s] Level 1:colcon.colcon_core.environment:create_environment_scripts_only(harvest)
[1.457s] Level 1:colcon.colcon_core.environment:checking '/home/imml/git/ROB_534_Project/install/harvest' for CMake module files
[1.458s] Level 1:colcon.colcon_core.environment:checking '/home/imml/git/ROB_534_Project/install/harvest' for CMake config files
[1.458s] Level 1:colcon.colcon_core.shell:create_environment_hook('harvest', 'cmake_prefix_path')
[1.459s] INFO:colcon.colcon_core.shell:Creating environment hook '/home/imml/git/ROB_534_Project/install/harvest/share/harvest/hook/cmake_prefix_path.ps1'
[1.459s] INFO:colcon.colcon_core.shell:Creating environment descriptor '/home/imml/git/ROB_534_Project/install/harvest/share/harvest/hook/cmake_prefix_path.dsv'
[1.460s] INFO:colcon.colcon_core.shell:Creating environment hook '/home/imml/git/ROB_534_Project/install/harvest/share/harvest/hook/cmake_prefix_path.sh'
[1.460s] Level 1:colcon.colcon_core.environment:checking '/home/imml/git/ROB_534_Project/install/harvest/lib'
[1.460s] Level 1:colcon.colcon_core.environment:checking '/home/imml/git/ROB_534_Project/install/harvest/bin'
[1.460s] Level 1:colcon.colcon_core.environment:checking '/home/imml/git/ROB_534_Project/install/harvest/lib/pkgconfig/harvest.pc'
[1.460s] Level 1:colcon.colcon_core.environment:checking '/home/imml/git/ROB_534_Project/install/harvest/lib/python3.10/site-packages'
[1.461s] Level 1:colcon.colcon_core.environment:checking '/home/imml/git/ROB_534_Project/install/harvest/bin'
[1.461s] INFO:colcon.colcon_core.shell:Creating package script '/home/imml/git/ROB_534_Project/install/harvest/share/harvest/package.ps1'
[1.461s] INFO:colcon.colcon_core.shell:Creating package descriptor '/home/imml/git/ROB_534_Project/install/harvest/share/harvest/package.dsv'
[1.462s] INFO:colcon.colcon_core.shell:Creating package script '/home/imml/git/ROB_534_Project/install/harvest/share/harvest/package.sh'
[1.462s] INFO:colcon.colcon_core.shell:Creating package script '/home/imml/git/ROB_534_Project/install/harvest/share/harvest/package.bash'
[1.462s] INFO:colcon.colcon_core.shell:Creating package script '/home/imml/git/ROB_534_Project/install/harvest/share/harvest/package.zsh'
[1.463s] Level 1:colcon.colcon_core.environment:create_file_with_runtime_dependencies(/home/imml/git/ROB_534_Project/install/harvest/share/colcon-core/packages/harvest)
[1.672s] DEBUG:colcon.colcon_core.event_handler.log_command:Invoking command in '/home/imml/git/ROB_534_Project/build/harvest_vision': CMAKE_PREFIX_PATH=/home/imml/git/ROB_534_Project/install/harvest_interfaces:/home/imml/git/ROB_534_Project/install/ur:/home/imml/git/ROB_534_Project/install/ur_calibration:/home/imml/git/ROB_534_Project/install/ur_robot_driver:/home/imml/git/ROB_534_Project/install/ur_moveit_config:/home/imml/git/ROB_534_Project/install/ur_bringup:/home/imml/git/ROB_534_Project/install/ur_description:/home/imml/git/ROB_534_Project/install/ur_controllers:/home/imml/git/ROB_534_Project/install/ur_dashboard_msgs:/home/imml/git/ROB_534_Project/install/realsense2_description:/home/imml/git/ROB_534_Project/install/realsense2_camera:/home/imml/git/ROB_534_Project/install/realsense2_camera_msgs:/home/imml/git/ROB_534_Project/install/harvest_control:/home/imml/git/ROB_534_Project/install/harvest LD_LIBRARY_PATH=/home/imml/git/ROB_534_Project/install/harvest_interfaces/lib:/home/imml/git/ROB_534_Project/install/ur_robot_driver/lib:/home/imml/git/ROB_534_Project/install/ur_controllers/lib:/home/imml/git/ROB_534_Project/install/ur_dashboard_msgs/lib:/home/imml/git/ROB_534_Project/install/realsense2_camera/lib:/home/imml/git/ROB_534_Project/install/realsense2_camera_msgs/lib:/opt/ros/humble/opt/rviz_ogre_vendor/lib:/opt/ros/humble/lib/x86_64-linux-gnu:/opt/ros/humble/lib PYTHONPATH=/home/imml/git/ROB_534_Project/build/harvest_vision/prefix_override:/usr/lib/python3/dist-packages/colcon_core/task/python/colcon_distutils_commands:/home/imml/git/ROB_534_Project/install/harvest_vision/lib/python3.10/site-packages:${PYTHONPATH} /usr/bin/python3 -W ignore:setup.py install is deprecated -W ignore:easy_install command is deprecated setup.py develop --editable --build-directory /home/imml/git/ROB_534_Project/build/harvest_vision/build --no-deps symlink_data
[1.732s] DEBUG:colcon.colcon_core.event_handler.log_command:Invoked command in '/home/imml/git/ROB_534_Project/build/ur_robot_driver' returned '0': CMAKE_PREFIX_PATH=/home/imml/git/ROB_534_Project/install/ur_controllers:/home/imml/git/ROB_534_Project/install/ur_description:/home/imml/git/ROB_534_Project/install/ur_dashboard_msgs:/home/imml/git/ROB_534_Project/install/ur:/home/imml/git/ROB_534_Project/install/ur_calibration:/home/imml/git/ROB_534_Project/install/ur_robot_driver:/home/imml/git/ROB_534_Project/install/ur_moveit_config:/home/imml/git/ROB_534_Project/install/ur_bringup:/home/imml/git/ROB_534_Project/install/realsense2_description:/home/imml/git/ROB_534_Project/install/realsense2_camera:/home/imml/git/ROB_534_Project/install/realsense2_camera_msgs:/home/imml/git/ROB_534_Project/install/harvest_control:/home/imml/git/ROB_534_Project/install/harvest:/home/imml/git/ROB_534_Project/install/harvest_interfaces:/home/imml/git/ROB_534_Project/install/ur5e_custom_hardware:/home/imml/git/ROB_534_Project/install/harvest_vision:/opt/ros/humble LD_LIBRARY_PATH=/home/imml/git/ROB_534_Project/install/ur_controllers/lib:/home/imml/git/ROB_534_Project/install/ur_dashboard_msgs/lib:/home/imml/git/ROB_534_Project/install/ur_robot_driver/lib:/home/imml/git/ROB_534_Project/install/realsense2_camera/lib:/home/imml/git/ROB_534_Project/install/realsense2_camera_msgs/lib:/home/imml/git/ROB_534_Project/install/harvest_interfaces/lib:/opt/ros/humble/opt/rviz_ogre_vendor/lib:/opt/ros/humble/lib/x86_64-linux-gnu:/opt/ros/humble/lib /usr/bin/cmake --build /home/imml/git/ROB_534_Project/build/ur_robot_driver -- -j16 -l16
[1.734s] DEBUG:colcon.colcon_core.event_handler.log_command:Invoking command in '/home/imml/git/ROB_534_Project/build/ur_robot_driver': CMAKE_PREFIX_PATH=/home/imml/git/ROB_534_Project/install/ur_controllers:/home/imml/git/ROB_534_Project/install/ur_description:/home/imml/git/ROB_534_Project/install/ur_dashboard_msgs:/home/imml/git/ROB_534_Project/install/ur:/home/imml/git/ROB_534_Project/install/ur_calibration:/home/imml/git/ROB_534_Project/install/ur_robot_driver:/home/imml/git/ROB_534_Project/install/ur_moveit_config:/home/imml/git/ROB_534_Project/install/ur_bringup:/home/imml/git/ROB_534_Project/install/realsense2_description:/home/imml/git/ROB_534_Project/install/realsense2_camera:/home/imml/git/ROB_534_Project/install/realsense2_camera_msgs:/home/imml/git/ROB_534_Project/install/harvest_control:/home/imml/git/ROB_534_Project/install/harvest:/home/imml/git/ROB_534_Project/install/harvest_interfaces:/home/imml/git/ROB_534_Project/install/ur5e_custom_hardware:/home/imml/git/ROB_534_Project/install/harvest_vision:/opt/ros/humble LD_LIBRARY_PATH=/home/imml/git/ROB_534_Project/install/ur_controllers/lib:/home/imml/git/ROB_534_Project/install/ur_dashboard_msgs/lib:/home/imml/git/ROB_534_Project/install/ur_robot_driver/lib:/home/imml/git/ROB_534_Project/install/realsense2_camera/lib:/home/imml/git/ROB_534_Project/install/realsense2_camera_msgs/lib:/home/imml/git/ROB_534_Project/install/harvest_interfaces/lib:/opt/ros/humble/opt/rviz_ogre_vendor/lib:/opt/ros/humble/lib/x86_64-linux-gnu:/opt/ros/humble/lib /usr/bin/cmake --install /home/imml/git/ROB_534_Project/build/ur_robot_driver
[1.810s] Level 1:colcon.colcon_core.environment:create_environment_scripts_only(ur_robot_driver)
[1.811s] Level 1:colcon.colcon_core.environment:checking '/home/imml/git/ROB_534_Project/install/ur_robot_driver' for CMake module files
[1.811s] DEBUG:colcon.colcon_core.event_handler.log_command:Invoked command in '/home/imml/git/ROB_534_Project/build/ur_robot_driver' returned '0': CMAKE_PREFIX_PATH=/home/imml/git/ROB_534_Project/install/ur_controllers:/home/imml/git/ROB_534_Project/install/ur_description:/home/imml/git/ROB_534_Project/install/ur_dashboard_msgs:/home/imml/git/ROB_534_Project/install/ur:/home/imml/git/ROB_534_Project/install/ur_calibration:/home/imml/git/ROB_534_Project/install/ur_robot_driver:/home/imml/git/ROB_534_Project/install/ur_moveit_config:/home/imml/git/ROB_534_Project/install/ur_bringup:/home/imml/git/ROB_534_Project/install/realsense2_description:/home/imml/git/ROB_534_Project/install/realsense2_camera:/home/imml/git/ROB_534_Project/install/realsense2_camera_msgs:/home/imml/git/ROB_534_Project/install/harvest_control:/home/imml/git/ROB_534_Project/install/harvest:/home/imml/git/ROB_534_Project/install/harvest_interfaces:/home/imml/git/ROB_534_Project/install/ur5e_custom_hardware:/home/imml/git/ROB_534_Project/install/harvest_vision:/opt/ros/humble LD_LIBRARY_PATH=/home/imml/git/ROB_534_Project/install/ur_controllers/lib:/home/imml/git/ROB_534_Project/install/ur_dashboard_msgs/lib:/home/imml/git/ROB_534_Project/install/ur_robot_driver/lib:/home/imml/git/ROB_534_Project/install/realsense2_camera/lib:/home/imml/git/ROB_534_Project/install/realsense2_camera_msgs/lib:/home/imml/git/ROB_534_Project/install/harvest_interfaces/lib:/opt/ros/humble/opt/rviz_ogre_vendor/lib:/opt/ros/humble/lib/x86_64-linux-gnu:/opt/ros/humble/lib /usr/bin/cmake --install /home/imml/git/ROB_534_Project/build/ur_robot_driver
[1.812s] Level 1:colcon.colcon_core.environment:checking '/home/imml/git/ROB_534_Project/install/ur_robot_driver' for CMake config files
[1.813s] Level 1:colcon.colcon_core.shell:create_environment_hook('ur_robot_driver', 'cmake_prefix_path')
[1.814s] INFO:colcon.colcon_core.shell:Creating environment hook '/home/imml/git/ROB_534_Project/install/ur_robot_driver/share/ur_robot_driver/hook/cmake_prefix_path.ps1'
[1.814s] INFO:colcon.colcon_core.shell:Creating environment descriptor '/home/imml/git/ROB_534_Project/install/ur_robot_driver/share/ur_robot_driver/hook/cmake_prefix_path.dsv'
[1.815s] INFO:colcon.colcon_core.shell:Creating environment hook '/home/imml/git/ROB_534_Project/install/ur_robot_driver/share/ur_robot_driver/hook/cmake_prefix_path.sh'
[1.815s] Level 1:colcon.colcon_core.environment:checking '/home/imml/git/ROB_534_Project/install/ur_robot_driver/lib'
[1.815s] Level 1:colcon.colcon_core.shell:create_environment_hook('ur_robot_driver', 'ld_library_path_lib')
[1.816s] INFO:colcon.colcon_core.shell:Creating environment hook '/home/imml/git/ROB_534_Project/install/ur_robot_driver/share/ur_robot_driver/hook/ld_library_path_lib.ps1'
[1.816s] INFO:colcon.colcon_core.shell:Creating environment descriptor '/home/imml/git/ROB_534_Project/install/ur_robot_driver/share/ur_robot_driver/hook/ld_library_path_lib.dsv'
[1.817s] INFO:colcon.colcon_core.shell:Creating environment hook '/home/imml/git/ROB_534_Project/install/ur_robot_driver/share/ur_robot_driver/hook/ld_library_path_lib.sh'
[1.817s] Level 1:colcon.colcon_core.environment:checking '/home/imml/git/ROB_534_Project/install/ur_robot_driver/bin'
[1.817s] Level 1:colcon.colcon_core.shell:create_environment_hook('ur_robot_driver', 'path')
[1.817s] INFO:colcon.colcon_core.shell:Creating environment hook '/home/imml/git/ROB_534_Project/install/ur_robot_driver/share/ur_robot_driver/hook/path.ps1'
[1.818s] INFO:colcon.colcon_core.shell:Creating environment descriptor '/home/imml/git/ROB_534_Project/install/ur_robot_driver/share/ur_robot_driver/hook/path.dsv'
[1.818s] INFO:colcon.colcon_core.shell:Creating environment hook '/home/imml/git/ROB_534_Project/install/ur_robot_driver/share/ur_robot_driver/hook/path.sh'
[1.818s] Level 1:colcon.colcon_core.environment:checking '/home/imml/git/ROB_534_Project/install/ur_robot_driver/lib/pkgconfig/ur_robot_driver.pc'
[1.818s] Level 1:colcon.colcon_core.environment:checking '/home/imml/git/ROB_534_Project/install/ur_robot_driver/lib/python3.10/site-packages'
[1.819s] Level 1:colcon.colcon_core.environment:checking '/home/imml/git/ROB_534_Project/install/ur_robot_driver/bin'
[1.819s] Level 1:colcon.colcon_core.shell:create_environment_hook('ur_robot_driver', 'pythonscriptspath')
[1.819s] INFO:colcon.colcon_core.shell:Creating environment hook '/home/imml/git/ROB_534_Project/install/ur_robot_driver/share/ur_robot_driver/hook/pythonscriptspath.ps1'
[1.819s] INFO:colcon.colcon_core.shell:Creating environment descriptor '/home/imml/git/ROB_534_Project/install/ur_robot_driver/share/ur_robot_driver/hook/pythonscriptspath.dsv'
[1.820s] INFO:colcon.colcon_core.shell:Creating environment hook '/home/imml/git/ROB_534_Project/install/ur_robot_driver/share/ur_robot_driver/hook/pythonscriptspath.sh'
[1.821s] INFO:colcon.colcon_core.shell:Creating package script '/home/imml/git/ROB_534_Project/install/ur_robot_driver/share/ur_robot_driver/package.ps1'
[1.821s] INFO:colcon.colcon_core.shell:Creating package descriptor '/home/imml/git/ROB_534_Project/install/ur_robot_driver/share/ur_robot_driver/package.dsv'
[1.822s] INFO:colcon.colcon_core.shell:Creating package script '/home/imml/git/ROB_534_Project/install/ur_robot_driver/share/ur_robot_driver/package.sh'
[1.822s] INFO:colcon.colcon_core.shell:Creating package script '/home/imml/git/ROB_534_Project/install/ur_robot_driver/share/ur_robot_driver/package.bash'
[1.822s] INFO:colcon.colcon_core.shell:Creating package script '/home/imml/git/ROB_534_Project/install/ur_robot_driver/share/ur_robot_driver/package.zsh'
[1.823s] Level 1:colcon.colcon_core.environment:create_file_with_runtime_dependencies(/home/imml/git/ROB_534_Project/install/ur_robot_driver/share/colcon-core/packages/ur_robot_driver)
[1.823s] Level 1:colcon.colcon_core.environment:create_environment_scripts_only(ur_robot_driver)
[1.824s] Level 1:colcon.colcon_core.environment:checking '/home/imml/git/ROB_534_Project/install/ur_robot_driver' for CMake module files
[1.824s] Level 1:colcon.colcon_core.environment:checking '/home/imml/git/ROB_534_Project/install/ur_robot_driver' for CMake config files
[1.825s] Level 1:colcon.colcon_core.shell:create_environment_hook('ur_robot_driver', 'cmake_prefix_path')
[1.825s] INFO:colcon.colcon_core.shell:Creating environment hook '/home/imml/git/ROB_534_Project/install/ur_robot_driver/share/ur_robot_driver/hook/cmake_prefix_path.ps1'
[1.826s] INFO:colcon.colcon_core.shell:Creating environment descriptor '/home/imml/git/ROB_534_Project/install/ur_robot_driver/share/ur_robot_driver/hook/cmake_prefix_path.dsv'
[1.826s] INFO:colcon.colcon_core.shell:Creating environment hook '/home/imml/git/ROB_534_Project/install/ur_robot_driver/share/ur_robot_driver/hook/cmake_prefix_path.sh'
[1.826s] Level 1:colcon.colcon_core.environment:checking '/home/imml/git/ROB_534_Project/install/ur_robot_driver/lib'
[1.826s] Level 1:colcon.colcon_core.shell:create_environment_hook('ur_robot_driver', 'ld_library_path_lib')
[1.827s] INFO:colcon.colcon_core.shell:Creating environment hook '/home/imml/git/ROB_534_Project/install/ur_robot_driver/share/ur_robot_driver/hook/ld_library_path_lib.ps1'
[1.827s] INFO:colcon.colcon_core.shell:Creating environment descriptor '/home/imml/git/ROB_534_Project/install/ur_robot_driver/share/ur_robot_driver/hook/ld_library_path_lib.dsv'
[1.827s] INFO:colcon.colcon_core.shell:Creating environment hook '/home/imml/git/ROB_534_Project/install/ur_robot_driver/share/ur_robot_driver/hook/ld_library_path_lib.sh'
[1.828s] Level 1:colcon.colcon_core.environment:checking '/home/imml/git/ROB_534_Project/install/ur_robot_driver/bin'
[1.828s] Level 1:colcon.colcon_core.shell:create_environment_hook('ur_robot_driver', 'path')
[1.828s] INFO:colcon.colcon_core.shell:Creating environment hook '/home/imml/git/ROB_534_Project/install/ur_robot_driver/share/ur_robot_driver/hook/path.ps1'
[1.829s] INFO:colcon.colcon_core.shell:Creating environment descriptor '/home/imml/git/ROB_534_Project/install/ur_robot_driver/share/ur_robot_driver/hook/path.dsv'
[1.829s] INFO:colcon.colcon_core.shell:Creating environment hook '/home/imml/git/ROB_534_Project/install/ur_robot_driver/share/ur_robot_driver/hook/path.sh'
[1.830s] Level 1:colcon.colcon_core.environment:checking '/home/imml/git/ROB_534_Project/install/ur_robot_driver/lib/pkgconfig/ur_robot_driver.pc'
[1.830s] Level 1:colcon.colcon_core.environment:checking '/home/imml/git/ROB_534_Project/install/ur_robot_driver/lib/python3.10/site-packages'
[1.830s] Level 1:colcon.colcon_core.environment:checking '/home/imml/git/ROB_534_Project/install/ur_robot_driver/bin'
[1.830s] Level 1:colcon.colcon_core.shell:create_environment_hook('ur_robot_driver', 'pythonscriptspath')
[1.830s] INFO:colcon.colcon_core.shell:Creating environment hook '/home/imml/git/ROB_534_Project/install/ur_robot_driver/share/ur_robot_driver/hook/pythonscriptspath.ps1'
[1.830s] INFO:colcon.colcon_core.shell:Creating environment descriptor '/home/imml/git/ROB_534_Project/install/ur_robot_driver/share/ur_robot_driver/hook/pythonscriptspath.dsv'
[1.831s] INFO:colcon.colcon_core.shell:Creating environment hook '/home/imml/git/ROB_534_Project/install/ur_robot_driver/share/ur_robot_driver/hook/pythonscriptspath.sh'
[1.831s] INFO:colcon.colcon_core.shell:Creating package script '/home/imml/git/ROB_534_Project/install/ur_robot_driver/share/ur_robot_driver/package.ps1'
[1.832s] INFO:colcon.colcon_core.shell:Creating package descriptor '/home/imml/git/ROB_534_Project/install/ur_robot_driver/share/ur_robot_driver/package.dsv'
[1.832s] INFO:colcon.colcon_core.shell:Creating package script '/home/imml/git/ROB_534_Project/install/ur_robot_driver/share/ur_robot_driver/package.sh'
[1.833s] INFO:colcon.colcon_core.shell:Creating package script '/home/imml/git/ROB_534_Project/install/ur_robot_driver/share/ur_robot_driver/package.bash'
[1.833s] INFO:colcon.colcon_core.shell:Creating package script '/home/imml/git/ROB_534_Project/install/ur_robot_driver/share/ur_robot_driver/package.zsh'
[1.833s] Level 1:colcon.colcon_core.environment:create_file_with_runtime_dependencies(/home/imml/git/ROB_534_Project/install/ur_robot_driver/share/colcon-core/packages/ur_robot_driver)
[1.834s] INFO:colcon.colcon_ros.task.ament_cmake.build:Building ROS package in '/home/imml/git/ROB_534_Project/harvest_hardware/Universal_Robots_ROS2_Driver/ur_calibration' with build type 'ament_cmake'
[1.834s] INFO:colcon.colcon_cmake.task.cmake.build:Building CMake package in '/home/imml/git/ROB_534_Project/harvest_hardware/Universal_Robots_ROS2_Driver/ur_calibration'
[1.834s] INFO:colcon.colcon_core.shell:Skip shell extension 'powershell' for command environment: Not usable outside of PowerShell
[1.834s] DEBUG:colcon.colcon_core.shell:Skip shell extension 'dsv' for command environment
[1.839s] Level 1:colcon.colcon_core.shell:create_environment_hook('ur5e_custom_hardware', 'pythonpath_develop')
[1.840s] INFO:colcon.colcon_core.shell:Creating environment hook '/home/imml/git/ROB_534_Project/build/ur5e_custom_hardware/share/ur5e_custom_hardware/hook/pythonpath_develop.ps1'
[1.840s] DEBUG:colcon.colcon_core.event_handler.log_command:Invoked command in '/home/imml/git/ROB_534_Project/build/ur5e_custom_hardware' returned '0': PYTHONPATH=/home/imml/git/ROB_534_Project/build/ur5e_custom_hardware/prefix_override:/usr/lib/python3/dist-packages/colcon_core/task/python/colcon_distutils_commands:/home/imml/git/ROB_534_Project/install/ur5e_custom_hardware/lib/python3.10/site-packages:${PYTHONPATH} /usr/bin/python3 -W ignore:setup.py install is deprecated -W ignore:easy_install command is deprecated setup.py develop --editable --build-directory /home/imml/git/ROB_534_Project/build/ur5e_custom_hardware/build --no-deps symlink_data
[1.840s] INFO:colcon.colcon_core.shell:Creating environment descriptor '/home/imml/git/ROB_534_Project/build/ur5e_custom_hardware/share/ur5e_custom_hardware/hook/pythonpath_develop.dsv'
[1.841s] INFO:colcon.colcon_core.shell:Creating environment hook '/home/imml/git/ROB_534_Project/build/ur5e_custom_hardware/share/ur5e_custom_hardware/hook/pythonpath_develop.sh'
[1.842s] Level 1:colcon.colcon_core.environment:checking '/home/imml/git/ROB_534_Project/install/ur5e_custom_hardware' for CMake module files
[1.842s] Level 1:colcon.colcon_core.environment:checking '/home/imml/git/ROB_534_Project/install/ur5e_custom_hardware' for CMake config files
[1.843s] Level 1:colcon.colcon_core.environment:checking '/home/imml/git/ROB_534_Project/install/ur5e_custom_hardware/lib'
[1.843s] Level 1:colcon.colcon_core.environment:checking '/home/imml/git/ROB_534_Project/install/ur5e_custom_hardware/bin'
[1.843s] Level 1:colcon.colcon_core.environment:checking '/home/imml/git/ROB_534_Project/install/ur5e_custom_hardware/lib/pkgconfig/ur5e_custom_hardware.pc'
[1.843s] Level 1:colcon.colcon_core.environment:checking '/home/imml/git/ROB_534_Project/install/ur5e_custom_hardware/lib/python3.10/site-packages'
[1.843s] Level 1:colcon.colcon_core.shell:create_environment_hook('ur5e_custom_hardware', 'pythonpath')
[1.843s] INFO:colcon.colcon_core.shell:Creating environment hook '/home/imml/git/ROB_534_Project/install/ur5e_custom_hardware/share/ur5e_custom_hardware/hook/pythonpath.ps1'
[1.844s] INFO:colcon.colcon_core.shell:Creating environment descriptor '/home/imml/git/ROB_534_Project/install/ur5e_custom_hardware/share/ur5e_custom_hardware/hook/pythonpath.dsv'
[1.844s] INFO:colcon.colcon_core.shell:Creating environment hook '/home/imml/git/ROB_534_Project/install/ur5e_custom_hardware/share/ur5e_custom_hardware/hook/pythonpath.sh'
[1.845s] Level 1:colcon.colcon_core.environment:checking '/home/imml/git/ROB_534_Project/install/ur5e_custom_hardware/bin'
[1.845s] Level 1:colcon.colcon_core.environment:create_environment_scripts_only(ur5e_custom_hardware)
[1.845s] INFO:colcon.colcon_core.shell:Creating package script '/home/imml/git/ROB_534_Project/install/ur5e_custom_hardware/share/ur5e_custom_hardware/package.ps1'
[1.846s] INFO:colcon.colcon_core.shell:Creating package descriptor '/home/imml/git/ROB_534_Project/install/ur5e_custom_hardware/share/ur5e_custom_hardware/package.dsv'
[1.846s] INFO:colcon.colcon_core.shell:Creating package script '/home/imml/git/ROB_534_Project/install/ur5e_custom_hardware/share/ur5e_custom_hardware/package.sh'
[1.846s] INFO:colcon.colcon_core.shell:Creating package script '/home/imml/git/ROB_534_Project/install/ur5e_custom_hardware/share/ur5e_custom_hardware/package.bash'
[1.847s] INFO:colcon.colcon_core.shell:Creating package script '/home/imml/git/ROB_534_Project/install/ur5e_custom_hardware/share/ur5e_custom_hardware/package.zsh'
[1.847s] Level 1:colcon.colcon_core.environment:create_file_with_runtime_dependencies(/home/imml/git/ROB_534_Project/install/ur5e_custom_hardware/share/colcon-core/packages/ur5e_custom_hardware)
[1.853s] DEBUG:colcon.colcon_core.event_handler.log_command:Invoking command in '/home/imml/git/ROB_534_Project/build/ur_calibration': CMAKE_PREFIX_PATH=/home/imml/git/ROB_534_Project/install/ur_robot_driver:/home/imml/git/ROB_534_Project/install/ur_controllers:/home/imml/git/ROB_534_Project/install/ur_description:/home/imml/git/ROB_534_Project/install/ur_dashboard_msgs:/home/imml/git/ROB_534_Project/install/ur:/home/imml/git/ROB_534_Project/install/ur_calibration:/home/imml/git/ROB_534_Project/install/ur_moveit_config:/home/imml/git/ROB_534_Project/install/ur_bringup:/home/imml/git/ROB_534_Project/install/realsense2_description:/home/imml/git/ROB_534_Project/install/realsense2_camera:/home/imml/git/ROB_534_Project/install/realsense2_camera_msgs:/home/imml/git/ROB_534_Project/install/harvest_control:/home/imml/git/ROB_534_Project/install/harvest:/home/imml/git/ROB_534_Project/install/harvest_interfaces:/home/imml/git/ROB_534_Project/install/ur5e_custom_hardware:/home/imml/git/ROB_534_Project/install/harvest_vision:/opt/ros/humble /usr/bin/cmake --build /home/imml/git/ROB_534_Project/build/ur_calibration -- -j16 -l16
[1.970s] DEBUG:colcon.colcon_core.event_handler.log_command:Invoked command in '/home/imml/git/ROB_534_Project/build/ur_calibration' returned '0': CMAKE_PREFIX_PATH=/home/imml/git/ROB_534_Project/install/ur_robot_driver:/home/imml/git/ROB_534_Project/install/ur_controllers:/home/imml/git/ROB_534_Project/install/ur_description:/home/imml/git/ROB_534_Project/install/ur_dashboard_msgs:/home/imml/git/ROB_534_Project/install/ur:/home/imml/git/ROB_534_Project/install/ur_calibration:/home/imml/git/ROB_534_Project/install/ur_moveit_config:/home/imml/git/ROB_534_Project/install/ur_bringup:/home/imml/git/ROB_534_Project/install/realsense2_description:/home/imml/git/ROB_534_Project/install/realsense2_camera:/home/imml/git/ROB_534_Project/install/realsense2_camera_msgs:/home/imml/git/ROB_534_Project/install/harvest_control:/home/imml/git/ROB_534_Project/install/harvest:/home/imml/git/ROB_534_Project/install/harvest_interfaces:/home/imml/git/ROB_534_Project/install/ur5e_custom_hardware:/home/imml/git/ROB_534_Project/install/harvest_vision:/opt/ros/humble /usr/bin/cmake --build /home/imml/git/ROB_534_Project/build/ur_calibration -- -j16 -l16
[1.972s] DEBUG:colcon.colcon_core.event_handler.log_command:Invoking command in '/home/imml/git/ROB_534_Project/build/ur_calibration': CMAKE_PREFIX_PATH=/home/imml/git/ROB_534_Project/install/ur_robot_driver:/home/imml/git/ROB_534_Project/install/ur_controllers:/home/imml/git/ROB_534_Project/install/ur_description:/home/imml/git/ROB_534_Project/install/ur_dashboard_msgs:/home/imml/git/ROB_534_Project/install/ur:/home/imml/git/ROB_534_Project/install/ur_calibration:/home/imml/git/ROB_534_Project/install/ur_moveit_config:/home/imml/git/ROB_534_Project/install/ur_bringup:/home/imml/git/ROB_534_Project/install/realsense2_description:/home/imml/git/ROB_534_Project/install/realsense2_camera:/home/imml/git/ROB_534_Project/install/realsense2_camera_msgs:/home/imml/git/ROB_534_Project/install/harvest_control:/home/imml/git/ROB_534_Project/install/harvest:/home/imml/git/ROB_534_Project/install/harvest_interfaces:/home/imml/git/ROB_534_Project/install/ur5e_custom_hardware:/home/imml/git/ROB_534_Project/install/harvest_vision:/opt/ros/humble /usr/bin/cmake --install /home/imml/git/ROB_534_Project/build/ur_calibration
[1.999s] Level 1:colcon.colcon_core.environment:create_environment_scripts_only(ur_calibration)
[2.000s] Level 1:colcon.colcon_core.environment:checking '/home/imml/git/ROB_534_Project/install/ur_calibration' for CMake module files
[2.000s] DEBUG:colcon.colcon_core.event_handler.log_command:Invoked command in '/home/imml/git/ROB_534_Project/build/ur_calibration' returned '0': CMAKE_PREFIX_PATH=/home/imml/git/ROB_534_Project/install/ur_robot_driver:/home/imml/git/ROB_534_Project/install/ur_controllers:/home/imml/git/ROB_534_Project/install/ur_description:/home/imml/git/ROB_534_Project/install/ur_dashboard_msgs:/home/imml/git/ROB_534_Project/install/ur:/home/imml/git/ROB_534_Project/install/ur_calibration:/home/imml/git/ROB_534_Project/install/ur_moveit_config:/home/imml/git/ROB_534_Project/install/ur_bringup:/home/imml/git/ROB_534_Project/install/realsense2_description:/home/imml/git/ROB_534_Project/install/realsense2_camera:/home/imml/git/ROB_534_Project/install/realsense2_camera_msgs:/home/imml/git/ROB_534_Project/install/harvest_control:/home/imml/git/ROB_534_Project/install/harvest:/home/imml/git/ROB_534_Project/install/harvest_interfaces:/home/imml/git/ROB_534_Project/install/ur5e_custom_hardware:/home/imml/git/ROB_534_Project/install/harvest_vision:/opt/ros/humble /usr/bin/cmake --install /home/imml/git/ROB_534_Project/build/ur_calibration
[2.000s] Level 1:colcon.colcon_core.environment:checking '/home/imml/git/ROB_534_Project/install/ur_calibration' for CMake config files
[2.001s] Level 1:colcon.colcon_core.shell:create_environment_hook('ur_calibration', 'cmake_prefix_path')
[2.001s] INFO:colcon.colcon_core.shell:Creating environment hook '/home/imml/git/ROB_534_Project/install/ur_calibration/share/ur_calibration/hook/cmake_prefix_path.ps1'
[2.001s] INFO:colcon.colcon_core.shell:Creating environment descriptor '/home/imml/git/ROB_534_Project/install/ur_calibration/share/ur_calibration/hook/cmake_prefix_path.dsv'
[2.002s] INFO:colcon.colcon_core.shell:Creating environment hook '/home/imml/git/ROB_534_Project/install/ur_calibration/share/ur_calibration/hook/cmake_prefix_path.sh'
[2.002s] Level 1:colcon.colcon_core.environment:checking '/home/imml/git/ROB_534_Project/install/ur_calibration/lib'
[2.002s] Level 1:colcon.colcon_core.environment:checking '/home/imml/git/ROB_534_Project/install/ur_calibration/bin'
[2.002s] Level 1:colcon.colcon_core.environment:checking '/home/imml/git/ROB_534_Project/install/ur_calibration/lib/pkgconfig/ur_calibration.pc'
[2.003s] Level 1:colcon.colcon_core.environment:checking '/home/imml/git/ROB_534_Project/install/ur_calibration/lib/python3.10/site-packages'
[2.003s] Level 1:colcon.colcon_core.environment:checking '/home/imml/git/ROB_534_Project/install/ur_calibration/bin'
[2.003s] INFO:colcon.colcon_core.shell:Creating package script '/home/imml/git/ROB_534_Project/install/ur_calibration/share/ur_calibration/package.ps1'
[2.003s] INFO:colcon.colcon_core.shell:Creating package descriptor '/home/imml/git/ROB_534_Project/install/ur_calibration/share/ur_calibration/package.dsv'
[2.004s] INFO:colcon.colcon_core.shell:Creating package script '/home/imml/git/ROB_534_Project/install/ur_calibration/share/ur_calibration/package.sh'
[2.004s] INFO:colcon.colcon_core.shell:Creating package script '/home/imml/git/ROB_534_Project/install/ur_calibration/share/ur_calibration/package.bash'
[2.004s] INFO:colcon.colcon_core.shell:Creating package script '/home/imml/git/ROB_534_Project/install/ur_calibration/share/ur_calibration/package.zsh'
[2.005s] Level 1:colcon.colcon_core.environment:create_file_with_runtime_dependencies(/home/imml/git/ROB_534_Project/install/ur_calibration/share/colcon-core/packages/ur_calibration)
[2.005s] Level 1:colcon.colcon_core.environment:create_environment_scripts_only(ur_calibration)
[2.005s] Level 1:colcon.colcon_core.environment:checking '/home/imml/git/ROB_534_Project/install/ur_calibration' for CMake module files
[2.006s] Level 1:colcon.colcon_core.environment:checking '/home/imml/git/ROB_534_Project/install/ur_calibration' for CMake config files
[2.006s] Level 1:colcon.colcon_core.shell:create_environment_hook('ur_calibration', 'cmake_prefix_path')
[2.006s] INFO:colcon.colcon_core.shell:Creating environment hook '/home/imml/git/ROB_534_Project/install/ur_calibration/share/ur_calibration/hook/cmake_prefix_path.ps1'
[2.007s] INFO:colcon.colcon_core.shell:Creating environment descriptor '/home/imml/git/ROB_534_Project/install/ur_calibration/share/ur_calibration/hook/cmake_prefix_path.dsv'
[2.007s] INFO:colcon.colcon_core.shell:Creating environment hook '/home/imml/git/ROB_534_Project/install/ur_calibration/share/ur_calibration/hook/cmake_prefix_path.sh'
[2.008s] Level 1:colcon.colcon_core.environment:checking '/home/imml/git/ROB_534_Project/install/ur_calibration/lib'
[2.008s] Level 1:colcon.colcon_core.environment:checking '/home/imml/git/ROB_534_Project/install/ur_calibration/bin'
[2.008s] Level 1:colcon.colcon_core.environment:checking '/home/imml/git/ROB_534_Project/install/ur_calibration/lib/pkgconfig/ur_calibration.pc'
[2.008s] Level 1:colcon.colcon_core.environment:checking '/home/imml/git/ROB_534_Project/install/ur_calibration/lib/python3.10/site-packages'
[2.008s] Level 1:colcon.colcon_core.environment:checking '/home/imml/git/ROB_534_Project/install/ur_calibration/bin'
[2.009s] INFO:colcon.colcon_core.shell:Creating package script '/home/imml/git/ROB_534_Project/install/ur_calibration/share/ur_calibration/package.ps1'
[2.009s] INFO:colcon.colcon_core.shell:Creating package descriptor '/home/imml/git/ROB_534_Project/install/ur_calibration/share/ur_calibration/package.dsv'
[2.010s] INFO:colcon.colcon_core.shell:Creating package script '/home/imml/git/ROB_534_Project/install/ur_calibration/share/ur_calibration/package.sh'
[2.010s] INFO:colcon.colcon_core.shell:Creating package script '/home/imml/git/ROB_534_Project/install/ur_calibration/share/ur_calibration/package.bash'
[2.010s] INFO:colcon.colcon_core.shell:Creating package script '/home/imml/git/ROB_534_Project/install/ur_calibration/share/ur_calibration/package.zsh'
[2.011s] Level 1:colcon.colcon_core.environment:create_file_with_runtime_dependencies(/home/imml/git/ROB_534_Project/install/ur_calibration/share/colcon-core/packages/ur_calibration)
[2.011s] INFO:colcon.colcon_ros.task.ament_cmake.build:Building ROS package in '/home/imml/git/ROB_534_Project/harvest_hardware/Universal_Robots_ROS2_Driver/ur' with build type 'ament_cmake'
[2.011s] INFO:colcon.colcon_cmake.task.cmake.build:Building CMake package in '/home/imml/git/ROB_534_Project/harvest_hardware/Universal_Robots_ROS2_Driver/ur'
[2.011s] INFO:colcon.colcon_core.shell:Skip shell extension 'powershell' for command environment: Not usable outside of PowerShell
[2.012s] DEBUG:colcon.colcon_core.shell:Skip shell extension 'dsv' for command environment
[2.034s] DEBUG:colcon.colcon_core.event_handler.log_command:Invoking command in '/home/imml/git/ROB_534_Project/build/ur': CMAKE_PREFIX_PATH=/home/imml/git/ROB_534_Project/install/ur_calibration:/home/imml/git/ROB_534_Project/install/ur_robot_driver:/home/imml/git/ROB_534_Project/install/ur_moveit_config:/home/imml/git/ROB_534_Project/install/ur_controllers:/home/imml/git/ROB_534_Project/install/ur_description:/home/imml/git/ROB_534_Project/install/ur_dashboard_msgs:/home/imml/git/ROB_534_Project/install/ur:/home/imml/git/ROB_534_Project/install/ur_bringup:/home/imml/git/ROB_534_Project/install/realsense2_description:/home/imml/git/ROB_534_Project/install/realsense2_camera:/home/imml/git/ROB_534_Project/install/realsense2_camera_msgs:/home/imml/git/ROB_534_Project/install/harvest_control:/home/imml/git/ROB_534_Project/install/harvest:/home/imml/git/ROB_534_Project/install/harvest_interfaces:/home/imml/git/ROB_534_Project/install/ur5e_custom_hardware:/home/imml/git/ROB_534_Project/install/harvest_vision:/opt/ros/humble /usr/bin/cmake --build /home/imml/git/ROB_534_Project/build/ur -- -j16 -l16
[2.078s] DEBUG:colcon.colcon_core.event_handler.log_command:Invoked command in '/home/imml/git/ROB_534_Project/build/ur' returned '0': CMAKE_PREFIX_PATH=/home/imml/git/ROB_534_Project/install/ur_calibration:/home/imml/git/ROB_534_Project/install/ur_robot_driver:/home/imml/git/ROB_534_Project/install/ur_moveit_config:/home/imml/git/ROB_534_Project/install/ur_controllers:/home/imml/git/ROB_534_Project/install/ur_description:/home/imml/git/ROB_534_Project/install/ur_dashboard_msgs:/home/imml/git/ROB_534_Project/install/ur:/home/imml/git/ROB_534_Project/install/ur_bringup:/home/imml/git/ROB_534_Project/install/realsense2_description:/home/imml/git/ROB_534_Project/install/realsense2_camera:/home/imml/git/ROB_534_Project/install/realsense2_camera_msgs:/home/imml/git/ROB_534_Project/install/harvest_control:/home/imml/git/ROB_534_Project/install/harvest:/home/imml/git/ROB_534_Project/install/harvest_interfaces:/home/imml/git/ROB_534_Project/install/ur5e_custom_hardware:/home/imml/git/ROB_534_Project/install/harvest_vision:/opt/ros/humble /usr/bin/cmake --build /home/imml/git/ROB_534_Project/build/ur -- -j16 -l16
[2.080s] DEBUG:colcon.colcon_core.event_handler.log_command:Invoking command in '/home/imml/git/ROB_534_Project/build/ur': CMAKE_PREFIX_PATH=/home/imml/git/ROB_534_Project/install/ur_calibration:/home/imml/git/ROB_534_Project/install/ur_robot_driver:/home/imml/git/ROB_534_Project/install/ur_moveit_config:/home/imml/git/ROB_534_Project/install/ur_controllers:/home/imml/git/ROB_534_Project/install/ur_description:/home/imml/git/ROB_534_Project/install/ur_dashboard_msgs:/home/imml/git/ROB_534_Project/install/ur:/home/imml/git/ROB_534_Project/install/ur_bringup:/home/imml/git/ROB_534_Project/install/realsense2_description:/home/imml/git/ROB_534_Project/install/realsense2_camera:/home/imml/git/ROB_534_Project/install/realsense2_camera_msgs:/home/imml/git/ROB_534_Project/install/harvest_control:/home/imml/git/ROB_534_Project/install/harvest:/home/imml/git/ROB_534_Project/install/harvest_interfaces:/home/imml/git/ROB_534_Project/install/ur5e_custom_hardware:/home/imml/git/ROB_534_Project/install/harvest_vision:/opt/ros/humble /usr/bin/cmake --install /home/imml/git/ROB_534_Project/build/ur
[2.103s] Level 1:colcon.colcon_core.environment:create_environment_scripts_only(ur)
[2.104s] Level 1:colcon.colcon_core.environment:checking '/home/imml/git/ROB_534_Project/install/ur' for CMake module files
[2.104s] DEBUG:colcon.colcon_core.event_handler.log_command:Invoked command in '/home/imml/git/ROB_534_Project/build/ur' returned '0': CMAKE_PREFIX_PATH=/home/imml/git/ROB_534_Project/install/ur_calibration:/home/imml/git/ROB_534_Project/install/ur_robot_driver:/home/imml/git/ROB_534_Project/install/ur_moveit_config:/home/imml/git/ROB_534_Project/install/ur_controllers:/home/imml/git/ROB_534_Project/install/ur_description:/home/imml/git/ROB_534_Project/install/ur_dashboard_msgs:/home/imml/git/ROB_534_Project/install/ur:/home/imml/git/ROB_534_Project/install/ur_bringup:/home/imml/git/ROB_534_Project/install/realsense2_description:/home/imml/git/ROB_534_Project/install/realsense2_camera:/home/imml/git/ROB_534_Project/install/realsense2_camera_msgs:/home/imml/git/ROB_534_Project/install/harvest_control:/home/imml/git/ROB_534_Project/install/harvest:/home/imml/git/ROB_534_Project/install/harvest_interfaces:/home/imml/git/ROB_534_Project/install/ur5e_custom_hardware:/home/imml/git/ROB_534_Project/install/harvest_vision:/opt/ros/humble /usr/bin/cmake --install /home/imml/git/ROB_534_Project/build/ur
[2.104s] Level 1:colcon.colcon_core.environment:checking '/home/imml/git/ROB_534_Project/install/ur' for CMake config files
[2.105s] Level 1:colcon.colcon_core.shell:create_environment_hook('ur', 'cmake_prefix_path')
[2.105s] INFO:colcon.colcon_core.shell:Creating environment hook '/home/imml/git/ROB_534_Project/install/ur/share/ur/hook/cmake_prefix_path.ps1'
[2.105s] INFO:colcon.colcon_core.shell:Creating environment descriptor '/home/imml/git/ROB_534_Project/install/ur/share/ur/hook/cmake_prefix_path.dsv'
[2.106s] INFO:colcon.colcon_core.shell:Creating environment hook '/home/imml/git/ROB_534_Project/install/ur/share/ur/hook/cmake_prefix_path.sh'
[2.106s] Level 1:colcon.colcon_core.environment:checking '/home/imml/git/ROB_534_Project/install/ur/bin'
[2.106s] Level 1:colcon.colcon_core.environment:checking '/home/imml/git/ROB_534_Project/install/ur/lib/pkgconfig/ur.pc'
[2.106s] Level 1:colcon.colcon_core.environment:checking '/home/imml/git/ROB_534_Project/install/ur/lib/python3.10/site-packages'
[2.107s] Level 1:colcon.colcon_core.environment:checking '/home/imml/git/ROB_534_Project/install/ur/bin'
[2.107s] INFO:colcon.colcon_core.shell:Creating package script '/home/imml/git/ROB_534_Project/install/ur/share/ur/package.ps1'
[2.107s] INFO:colcon.colcon_core.shell:Creating package descriptor '/home/imml/git/ROB_534_Project/install/ur/share/ur/package.dsv'
[2.108s] INFO:colcon.colcon_core.shell:Creating package script '/home/imml/git/ROB_534_Project/install/ur/share/ur/package.sh'
[2.108s] INFO:colcon.colcon_core.shell:Creating package script '/home/imml/git/ROB_534_Project/install/ur/share/ur/package.bash'
[2.108s] INFO:colcon.colcon_core.shell:Creating package script '/home/imml/git/ROB_534_Project/install/ur/share/ur/package.zsh'
[2.109s] Level 1:colcon.colcon_core.environment:create_file_with_runtime_dependencies(/home/imml/git/ROB_534_Project/install/ur/share/colcon-core/packages/ur)
[2.110s] Level 1:colcon.colcon_core.environment:create_environment_scripts_only(ur)
[2.110s] Level 1:colcon.colcon_core.environment:checking '/home/imml/git/ROB_534_Project/install/ur' for CMake module files
[2.110s] Level 1:colcon.colcon_core.environment:checking '/home/imml/git/ROB_534_Project/install/ur' for CMake config files
[2.111s] Level 1:colcon.colcon_core.shell:create_environment_hook('ur', 'cmake_prefix_path')
[2.111s] INFO:colcon.colcon_core.shell:Creating environment hook '/home/imml/git/ROB_534_Project/install/ur/share/ur/hook/cmake_prefix_path.ps1'
[2.111s] INFO:colcon.colcon_core.shell:Creating environment descriptor '/home/imml/git/ROB_534_Project/install/ur/share/ur/hook/cmake_prefix_path.dsv'
[2.112s] INFO:colcon.colcon_core.shell:Creating environment hook '/home/imml/git/ROB_534_Project/install/ur/share/ur/hook/cmake_prefix_path.sh'
[2.112s] Level 1:colcon.colcon_core.environment:checking '/home/imml/git/ROB_534_Project/install/ur/bin'
[2.112s] Level 1:colcon.colcon_core.environment:checking '/home/imml/git/ROB_534_Project/install/ur/lib/pkgconfig/ur.pc'
[2.113s] Level 1:colcon.colcon_core.environment:checking '/home/imml/git/ROB_534_Project/install/ur/lib/python3.10/site-packages'
[2.113s] Level 1:colcon.colcon_core.environment:checking '/home/imml/git/ROB_534_Project/install/ur/bin'
[2.113s] INFO:colcon.colcon_core.shell:Creating package script '/home/imml/git/ROB_534_Project/install/ur/share/ur/package.ps1'
[2.114s] INFO:colcon.colcon_core.shell:Creating package descriptor '/home/imml/git/ROB_534_Project/install/ur/share/ur/package.dsv'
[2.114s] INFO:colcon.colcon_core.shell:Creating package script '/home/imml/git/ROB_534_Project/install/ur/share/ur/package.sh'
[2.114s] INFO:colcon.colcon_core.shell:Creating package script '/home/imml/git/ROB_534_Project/install/ur/share/ur/package.bash'
[2.115s] INFO:colcon.colcon_core.shell:Creating package script '/home/imml/git/ROB_534_Project/install/ur/share/ur/package.zsh'
[2.115s] Level 1:colcon.colcon_core.environment:create_file_with_runtime_dependencies(/home/imml/git/ROB_534_Project/install/ur/share/colcon-core/packages/ur)
[2.183s] Level 1:colcon.colcon_core.shell:create_environment_hook('harvest_vision', 'pythonpath_develop')
[2.183s] INFO:colcon.colcon_core.shell:Creating environment hook '/home/imml/git/ROB_534_Project/build/harvest_vision/share/harvest_vision/hook/pythonpath_develop.ps1'
[2.184s] DEBUG:colcon.colcon_core.event_handler.log_command:Invoked command in '/home/imml/git/ROB_534_Project/build/harvest_vision' returned '0': CMAKE_PREFIX_PATH=/home/imml/git/ROB_534_Project/install/harvest_interfaces:/home/imml/git/ROB_534_Project/install/ur:/home/imml/git/ROB_534_Project/install/ur_calibration:/home/imml/git/ROB_534_Project/install/ur_robot_driver:/home/imml/git/ROB_534_Project/install/ur_moveit_config:/home/imml/git/ROB_534_Project/install/ur_bringup:/home/imml/git/ROB_534_Project/install/ur_description:/home/imml/git/ROB_534_Project/install/ur_controllers:/home/imml/git/ROB_534_Project/install/ur_dashboard_msgs:/home/imml/git/ROB_534_Project/install/realsense2_description:/home/imml/git/ROB_534_Project/install/realsense2_camera:/home/imml/git/ROB_534_Project/install/realsense2_camera_msgs:/home/imml/git/ROB_534_Project/install/harvest_control:/home/imml/git/ROB_534_Project/install/harvest LD_LIBRARY_PATH=/home/imml/git/ROB_534_Project/install/harvest_interfaces/lib:/home/imml/git/ROB_534_Project/install/ur_robot_driver/lib:/home/imml/git/ROB_534_Project/install/ur_controllers/lib:/home/imml/git/ROB_534_Project/install/ur_dashboard_msgs/lib:/home/imml/git/ROB_534_Project/install/realsense2_camera/lib:/home/imml/git/ROB_534_Project/install/realsense2_camera_msgs/lib:/opt/ros/humble/opt/rviz_ogre_vendor/lib:/opt/ros/humble/lib/x86_64-linux-gnu:/opt/ros/humble/lib PYTHONPATH=/home/imml/git/ROB_534_Project/build/harvest_vision/prefix_override:/usr/lib/python3/dist-packages/colcon_core/task/python/colcon_distutils_commands:/home/imml/git/ROB_534_Project/install/harvest_vision/lib/python3.10/site-packages:${PYTHONPATH} /usr/bin/python3 -W ignore:setup.py install is deprecated -W ignore:easy_install command is deprecated setup.py develop --editable --build-directory /home/imml/git/ROB_534_Project/build/harvest_vision/build --no-deps symlink_data
[2.184s] INFO:colcon.colcon_core.shell:Creating environment descriptor '/home/imml/git/ROB_534_Project/build/harvest_vision/share/harvest_vision/hook/pythonpath_develop.dsv'
[2.184s] INFO:colcon.colcon_core.shell:Creating environment hook '/home/imml/git/ROB_534_Project/build/harvest_vision/share/harvest_vision/hook/pythonpath_develop.sh'
[2.185s] Level 1:colcon.colcon_core.environment:checking '/home/imml/git/ROB_534_Project/install/harvest_vision' for CMake module files
[2.185s] Level 1:colcon.colcon_core.environment:checking '/home/imml/git/ROB_534_Project/install/harvest_vision' for CMake config files
[2.186s] Level 1:colcon.colcon_core.environment:checking '/home/imml/git/ROB_534_Project/install/harvest_vision/lib'
[2.186s] Level 1:colcon.colcon_core.environment:checking '/home/imml/git/ROB_534_Project/install/harvest_vision/bin'
[2.186s] Level 1:colcon.colcon_core.environment:checking '/home/imml/git/ROB_534_Project/install/harvest_vision/lib/pkgconfig/harvest_vision.pc'
[2.186s] Level 1:colcon.colcon_core.environment:checking '/home/imml/git/ROB_534_Project/install/harvest_vision/lib/python3.10/site-packages'
[2.186s] Level 1:colcon.colcon_core.shell:create_environment_hook('harvest_vision', 'pythonpath')
[2.186s] INFO:colcon.colcon_core.shell:Creating environment hook '/home/imml/git/ROB_534_Project/install/harvest_vision/share/harvest_vision/hook/pythonpath.ps1'
[2.187s] INFO:colcon.colcon_core.shell:Creating environment descriptor '/home/imml/git/ROB_534_Project/install/harvest_vision/share/harvest_vision/hook/pythonpath.dsv'
[2.187s] INFO:colcon.colcon_core.shell:Creating environment hook '/home/imml/git/ROB_534_Project/install/harvest_vision/share/harvest_vision/hook/pythonpath.sh'
[2.188s] Level 1:colcon.colcon_core.environment:checking '/home/imml/git/ROB_534_Project/install/harvest_vision/bin'
[2.188s] Level 1:colcon.colcon_core.environment:create_environment_scripts_only(harvest_vision)
[2.188s] INFO:colcon.colcon_core.shell:Creating package script '/home/imml/git/ROB_534_Project/install/harvest_vision/share/harvest_vision/package.ps1'
[2.188s] INFO:colcon.colcon_core.shell:Creating package descriptor '/home/imml/git/ROB_534_Project/install/harvest_vision/share/harvest_vision/package.dsv'
[2.189s] INFO:colcon.colcon_core.shell:Creating package script '/home/imml/git/ROB_534_Project/install/harvest_vision/share/harvest_vision/package.sh'
[2.189s] INFO:colcon.colcon_core.shell:Creating package script '/home/imml/git/ROB_534_Project/install/harvest_vision/share/harvest_vision/package.bash'
[2.189s] INFO:colcon.colcon_core.shell:Creating package script '/home/imml/git/ROB_534_Project/install/harvest_vision/share/harvest_vision/package.zsh'
[2.190s] Level 1:colcon.colcon_core.environment:create_file_with_runtime_dependencies(/home/imml/git/ROB_534_Project/install/harvest_vision/share/colcon-core/packages/harvest_vision)
[13.637s] DEBUG:colcon.colcon_core.event_handler.log_command:Invoked command in '/home/imml/git/ROB_534_Project/build/harvest_control' returned '0': CMAKE_PREFIX_PATH=/home/imml/git/ROB_534_Project/install/harvest_interfaces:/home/imml/git/ROB_534_Project/install/ur:/home/imml/git/ROB_534_Project/install/ur_calibration:/home/imml/git/ROB_534_Project/install/ur_robot_driver:/home/imml/git/ROB_534_Project/install/ur_moveit_config:/home/imml/git/ROB_534_Project/install/ur_bringup:/home/imml/git/ROB_534_Project/install/ur_description:/home/imml/git/ROB_534_Project/install/ur_controllers:/home/imml/git/ROB_534_Project/install/ur_dashboard_msgs:/home/imml/git/ROB_534_Project/install/realsense2_description:/home/imml/git/ROB_534_Project/install/realsense2_camera:/home/imml/git/ROB_534_Project/install/realsense2_camera_msgs:/home/imml/git/ROB_534_Project/install/harvest_control:/home/imml/git/ROB_534_Project/install/harvest:/home/imml/git/ROB_534_Project/install/ur5e_custom_hardware:/home/imml/git/ROB_534_Project/install/harvest_vision:/opt/ros/humble LD_LIBRARY_PATH=/home/imml/git/ROB_534_Project/install/harvest_interfaces/lib:/home/imml/git/ROB_534_Project/install/ur_robot_driver/lib:/home/imml/git/ROB_534_Project/install/ur_controllers/lib:/home/imml/git/ROB_534_Project/install/ur_dashboard_msgs/lib:/home/imml/git/ROB_534_Project/install/realsense2_camera/lib:/home/imml/git/ROB_534_Project/install/realsense2_camera_msgs/lib:/opt/ros/humble/opt/rviz_ogre_vendor/lib:/opt/ros/humble/lib/x86_64-linux-gnu:/opt/ros/humble/lib /usr/bin/cmake --build /home/imml/git/ROB_534_Project/build/harvest_control -- -j16 -l16
[13.639s] DEBUG:colcon.colcon_core.event_handler.log_command:Invoking command in '/home/imml/git/ROB_534_Project/build/harvest_control': CMAKE_PREFIX_PATH=/home/imml/git/ROB_534_Project/install/harvest_interfaces:/home/imml/git/ROB_534_Project/install/ur:/home/imml/git/ROB_534_Project/install/ur_calibration:/home/imml/git/ROB_534_Project/install/ur_robot_driver:/home/imml/git/ROB_534_Project/install/ur_moveit_config:/home/imml/git/ROB_534_Project/install/ur_bringup:/home/imml/git/ROB_534_Project/install/ur_description:/home/imml/git/ROB_534_Project/install/ur_controllers:/home/imml/git/ROB_534_Project/install/ur_dashboard_msgs:/home/imml/git/ROB_534_Project/install/realsense2_description:/home/imml/git/ROB_534_Project/install/realsense2_camera:/home/imml/git/ROB_534_Project/install/realsense2_camera_msgs:/home/imml/git/ROB_534_Project/install/harvest_control:/home/imml/git/ROB_534_Project/install/harvest:/home/imml/git/ROB_534_Project/install/ur5e_custom_hardware:/home/imml/git/ROB_534_Project/install/harvest_vision:/opt/ros/humble LD_LIBRARY_PATH=/home/imml/git/ROB_534_Project/install/harvest_interfaces/lib:/home/imml/git/ROB_534_Project/install/ur_robot_driver/lib:/home/imml/git/ROB_534_Project/install/ur_controllers/lib:/home/imml/git/ROB_534_Project/install/ur_dashboard_msgs/lib:/home/imml/git/ROB_534_Project/install/realsense2_camera/lib:/home/imml/git/ROB_534_Project/install/realsense2_camera_msgs/lib:/opt/ros/humble/opt/rviz_ogre_vendor/lib:/opt/ros/humble/lib/x86_64-linux-gnu:/opt/ros/humble/lib /usr/bin/cmake --install /home/imml/git/ROB_534_Project/build/harvest_control
[13.704s] Level 1:colcon.colcon_core.environment:create_environment_scripts_only(harvest_control)
[13.704s] Level 1:colcon.colcon_core.environment:checking '/home/imml/git/ROB_534_Project/install/harvest_control' for CMake module files
[13.704s] DEBUG:colcon.colcon_core.event_handler.log_command:Invoked command in '/home/imml/git/ROB_534_Project/build/harvest_control' returned '0': CMAKE_PREFIX_PATH=/home/imml/git/ROB_534_Project/install/harvest_interfaces:/home/imml/git/ROB_534_Project/install/ur:/home/imml/git/ROB_534_Project/install/ur_calibration:/home/imml/git/ROB_534_Project/install/ur_robot_driver:/home/imml/git/ROB_534_Project/install/ur_moveit_config:/home/imml/git/ROB_534_Project/install/ur_bringup:/home/imml/git/ROB_534_Project/install/ur_description:/home/imml/git/ROB_534_Project/install/ur_controllers:/home/imml/git/ROB_534_Project/install/ur_dashboard_msgs:/home/imml/git/ROB_534_Project/install/realsense2_description:/home/imml/git/ROB_534_Project/install/realsense2_camera:/home/imml/git/ROB_534_Project/install/realsense2_camera_msgs:/home/imml/git/ROB_534_Project/install/harvest_control:/home/imml/git/ROB_534_Project/install/harvest:/home/imml/git/ROB_534_Project/install/ur5e_custom_hardware:/home/imml/git/ROB_534_Project/install/harvest_vision:/opt/ros/humble LD_LIBRARY_PATH=/home/imml/git/ROB_534_Project/install/harvest_interfaces/lib:/home/imml/git/ROB_534_Project/install/ur_robot_driver/lib:/home/imml/git/ROB_534_Project/install/ur_controllers/lib:/home/imml/git/ROB_534_Project/install/ur_dashboard_msgs/lib:/home/imml/git/ROB_534_Project/install/realsense2_camera/lib:/home/imml/git/ROB_534_Project/install/realsense2_camera_msgs/lib:/opt/ros/humble/opt/rviz_ogre_vendor/lib:/opt/ros/humble/lib/x86_64-linux-gnu:/opt/ros/humble/lib /usr/bin/cmake --install /home/imml/git/ROB_534_Project/build/harvest_control
[13.705s] Level 1:colcon.colcon_core.environment:checking '/home/imml/git/ROB_534_Project/install/harvest_control' for CMake config files
[13.705s] Level 1:colcon.colcon_core.shell:create_environment_hook('harvest_control', 'cmake_prefix_path')
[13.705s] INFO:colcon.colcon_core.shell:Creating environment hook '/home/imml/git/ROB_534_Project/install/harvest_control/share/harvest_control/hook/cmake_prefix_path.ps1'
[13.706s] INFO:colcon.colcon_core.shell:Creating environment descriptor '/home/imml/git/ROB_534_Project/install/harvest_control/share/harvest_control/hook/cmake_prefix_path.dsv'
[13.706s] INFO:colcon.colcon_core.shell:Creating environment hook '/home/imml/git/ROB_534_Project/install/harvest_control/share/harvest_control/hook/cmake_prefix_path.sh'
[13.707s] Level 1:colcon.colcon_core.environment:checking '/home/imml/git/ROB_534_Project/install/harvest_control/lib'
[13.707s] Level 1:colcon.colcon_core.environment:checking '/home/imml/git/ROB_534_Project/install/harvest_control/bin'
[13.707s] Level 1:colcon.colcon_core.environment:checking '/home/imml/git/ROB_534_Project/install/harvest_control/lib/pkgconfig/harvest_control.pc'
[13.707s] Level 1:colcon.colcon_core.environment:checking '/home/imml/git/ROB_534_Project/install/harvest_control/lib/python3.10/site-packages'
[13.707s] Level 1:colcon.colcon_core.environment:checking '/home/imml/git/ROB_534_Project/install/harvest_control/bin'
[13.707s] INFO:colcon.colcon_core.shell:Creating package script '/home/imml/git/ROB_534_Project/install/harvest_control/share/harvest_control/package.ps1'
[13.708s] INFO:colcon.colcon_core.shell:Creating package descriptor '/home/imml/git/ROB_534_Project/install/harvest_control/share/harvest_control/package.dsv'
[13.709s] INFO:colcon.colcon_core.shell:Creating package script '/home/imml/git/ROB_534_Project/install/harvest_control/share/harvest_control/package.sh'
[13.709s] INFO:colcon.colcon_core.shell:Creating package script '/home/imml/git/ROB_534_Project/install/harvest_control/share/harvest_control/package.bash'
[13.709s] INFO:colcon.colcon_core.shell:Creating package script '/home/imml/git/ROB_534_Project/install/harvest_control/share/harvest_control/package.zsh'
[13.710s] Level 1:colcon.colcon_core.environment:create_file_with_runtime_dependencies(/home/imml/git/ROB_534_Project/install/harvest_control/share/colcon-core/packages/harvest_control)
[13.710s] Level 1:colcon.colcon_core.environment:create_environment_scripts_only(harvest_control)
[13.710s] Level 1:colcon.colcon_core.environment:checking '/home/imml/git/ROB_534_Project/install/harvest_control' for CMake module files
[13.711s] Level 1:colcon.colcon_core.environment:checking '/home/imml/git/ROB_534_Project/install/harvest_control' for CMake config files
[13.711s] Level 1:colcon.colcon_core.shell:create_environment_hook('harvest_control', 'cmake_prefix_path')
[13.711s] INFO:colcon.colcon_core.shell:Creating environment hook '/home/imml/git/ROB_534_Project/install/harvest_control/share/harvest_control/hook/cmake_prefix_path.ps1'
[13.712s] INFO:colcon.colcon_core.shell:Creating environment descriptor '/home/imml/git/ROB_534_Project/install/harvest_control/share/harvest_control/hook/cmake_prefix_path.dsv'
[13.712s] INFO:colcon.colcon_core.shell:Creating environment hook '/home/imml/git/ROB_534_Project/install/harvest_control/share/harvest_control/hook/cmake_prefix_path.sh'
[13.712s] Level 1:colcon.colcon_core.environment:checking '/home/imml/git/ROB_534_Project/install/harvest_control/lib'
[13.712s] Level 1:colcon.colcon_core.environment:checking '/home/imml/git/ROB_534_Project/install/harvest_control/bin'
[13.712s] Level 1:colcon.colcon_core.environment:checking '/home/imml/git/ROB_534_Project/install/harvest_control/lib/pkgconfig/harvest_control.pc'
[13.713s] Level 1:colcon.colcon_core.environment:checking '/home/imml/git/ROB_534_Project/install/harvest_control/lib/python3.10/site-packages'
[13.713s] Level 1:colcon.colcon_core.environment:checking '/home/imml/git/ROB_534_Project/install/harvest_control/bin'
[13.713s] INFO:colcon.colcon_core.shell:Creating package script '/home/imml/git/ROB_534_Project/install/harvest_control/share/harvest_control/package.ps1'
[13.713s] INFO:colcon.colcon_core.shell:Creating package descriptor '/home/imml/git/ROB_534_Project/install/harvest_control/share/harvest_control/package.dsv'
[13.714s] INFO:colcon.colcon_core.shell:Creating package script '/home/imml/git/ROB_534_Project/install/harvest_control/share/harvest_control/package.sh'
[13.714s] INFO:colcon.colcon_core.shell:Creating package script '/home/imml/git/ROB_534_Project/install/harvest_control/share/harvest_control/package.bash'
[13.714s] INFO:colcon.colcon_core.shell:Creating package script '/home/imml/git/ROB_534_Project/install/harvest_control/share/harvest_control/package.zsh'
[13.715s] Level 1:colcon.colcon_core.environment:create_file_with_runtime_dependencies(/home/imml/git/ROB_534_Project/install/harvest_control/share/colcon-core/packages/harvest_control)
[13.715s] DEBUG:colcon.colcon_parallel_executor.executor.parallel:closing loop
[13.715s] DEBUG:colcon.colcon_parallel_executor.executor.parallel:loop closed
[13.715s] DEBUG:colcon.colcon_parallel_executor.executor.parallel:run_until_complete finished with '0'
[13.715s] DEBUG:colcon.colcon_core.event_reactor:joining thread
[13.720s] INFO:colcon.colcon_core.plugin_system:Skipping extension 'colcon_notification.desktop_notification.terminal_notifier': Not used on non-Darwin systems
[13.720s] INFO:colcon.colcon_core.plugin_system:Skipping extension 'colcon_notification.desktop_notification.win32': Not used on non-Windows systems
[13.720s] INFO:colcon.colcon_notification.desktop_notification:Sending desktop notification using 'notify2'
[13.730s] DEBUG:colcon.colcon_core.event_reactor:joined thread
[13.730s] INFO:colcon.colcon_core.shell:Creating prefix script '/home/imml/git/ROB_534_Project/install/local_setup.ps1'
[13.731s] INFO:colcon.colcon_core.shell:Creating prefix util module '/home/imml/git/ROB_534_Project/install/_local_setup_util_ps1.py'
[13.732s] INFO:colcon.colcon_core.shell:Creating prefix chain script '/home/imml/git/ROB_534_Project/install/setup.ps1'
[13.734s] INFO:colcon.colcon_core.shell:Creating prefix script '/home/imml/git/ROB_534_Project/install/local_setup.sh'
[13.734s] INFO:colcon.colcon_core.shell:Creating prefix util module '/home/imml/git/ROB_534_Project/install/_local_setup_util_sh.py'
[13.734s] INFO:colcon.colcon_core.shell:Creating prefix chain script '/home/imml/git/ROB_534_Project/install/setup.sh'
[13.736s] INFO:colcon.colcon_core.shell:Creating prefix script '/home/imml/git/ROB_534_Project/install/local_setup.bash'
[13.736s] INFO:colcon.colcon_core.shell:Creating prefix chain script '/home/imml/git/ROB_534_Project/install/setup.bash'
[13.737s] INFO:colcon.colcon_core.shell:Creating prefix script '/home/imml/git/ROB_534_Project/install/local_setup.zsh'
[13.738s] INFO:colcon.colcon_core.shell:Creating prefix chain script '/home/imml/git/ROB_534_Project/install/setup.zsh'
