[0.083s] DEBUG:colcon:Command line arguments: ['/usr/bin/colcon', 'build', '--symlink-install']
[0.084s] DEBUG:colcon:Parsed command line arguments: Namespace(log_base=None, log_level=None, verb_name='build', build_base='build', install_base='install', merge_install=False, symlink_install=True, test_result_base=None, continue_on_error=False, executor='parallel', parallel_workers=16, event_handlers=None, ignore_user_meta=False, metas=['./colcon.meta'], base_paths=['.'], packages_ignore=None, packages_ignore_regex=None, paths=None, packages_up_to=None, packages_up_to_regex=None, packages_above=None, packages_above_and_dependencies=None, packages_above_depth=None, packages_select_by_dep=None, packages_skip_by_dep=None, packages_skip_up_to=None, packages_select_build_failed=False, packages_skip_build_finished=False, packages_select_test_failures=False, packages_skip_test_passed=False, packages_select=None, packages_skip=None, packages_select_regex=None, packages_skip_regex=None, packages_start=None, packages_end=None, allow_overriding=[], cmake_args=None, cmake_target=None, cmake_target_skip_unavailable=False, cmake_clean_cache=False, cmake_clean_first=False, cmake_force_configure=False, ament_cmake_args=None, catkin_cmake_args=None, catkin_skip_building_tests=False, mixin_files=None, mixin=None, verb_parser=<colcon_mixin.mixin.mixin_argument.MixinArgumentDecorator object at 0x7f75f718c970>, verb_extension=<colcon_core.verb.build.BuildVerb object at 0x7f75f718c370>, main=<bound method BuildVerb.main of <colcon_core.verb.build.BuildVerb object at 0x7f75f718c370>>, mixin_verb=('build',))
[0.224s] Level 1:colcon.colcon_core.package_discovery:discover_packages(colcon_meta) check parameters
[0.224s] Level 1:colcon.colcon_core.package_discovery:discover_packages(recursive) check parameters
[0.224s] Level 1:colcon.colcon_core.package_discovery:discover_packages(ignore) check parameters
[0.224s] Level 1:colcon.colcon_core.package_discovery:discover_packages(path) check parameters
[0.224s] Level 1:colcon.colcon_core.package_discovery:discover_packages(colcon_meta) discover
[0.224s] Level 1:colcon.colcon_core.package_discovery:discover_packages(recursive) discover
[0.224s] INFO:colcon.colcon_core.package_discovery:Crawling recursively for packages in '/home/imml/git/ROB_534_Project'
[0.224s] Level 1:colcon.colcon_core.package_identification:_identify(.) by extensions ['ignore', 'ignore_ament_install']
[0.224s] Level 1:colcon.colcon_core.package_identification:_identify(.) by extension 'ignore'
[0.224s] Level 1:colcon.colcon_core.package_identification:_identify(.) by extension 'ignore_ament_install'
[0.224s] Level 1:colcon.colcon_core.package_identification:_identify(.) by extensions ['colcon_pkg']
[0.224s] Level 1:colcon.colcon_core.package_identification:_identify(.) by extension 'colcon_pkg'
[0.224s] Level 1:colcon.colcon_core.package_identification:_identify(.) by extensions ['colcon_meta']
[0.224s] Level 1:colcon.colcon_core.package_identification:_identify(.) by extension 'colcon_meta'
[0.224s] Level 1:colcon.colcon_core.package_identification:_identify(.) by extensions ['ros']
[0.224s] Level 1:colcon.colcon_core.package_identification:_identify(.) by extension 'ros'
[0.240s] Level 1:colcon.colcon_core.package_identification:_identify(.) by extensions ['cmake', 'python']
[0.240s] Level 1:colcon.colcon_core.package_identification:_identify(.) by extension 'cmake'
[0.240s] Level 1:colcon.colcon_core.package_identification:_identify(.) by extension 'python'
[0.240s] Level 1:colcon.colcon_core.package_identification:_identify(.) by extensions ['python_setup_py']
[0.240s] Level 1:colcon.colcon_core.package_identification:_identify(.) by extension 'python_setup_py'
[0.240s] Level 1:colcon.colcon_core.package_identification:_identify(build) by extensions ['ignore', 'ignore_ament_install']
[0.241s] Level 1:colcon.colcon_core.package_identification:_identify(build) by extension 'ignore'
[0.241s] Level 1:colcon.colcon_core.package_identification:_identify(build) ignored
[0.241s] Level 1:colcon.colcon_core.package_identification:_identify(data_saved) by extensions ['ignore', 'ignore_ament_install']
[0.241s] Level 1:colcon.colcon_core.package_identification:_identify(data_saved) by extension 'ignore'
[0.241s] Level 1:colcon.colcon_core.package_identification:_identify(data_saved) by extension 'ignore_ament_install'
[0.241s] Level 1:colcon.colcon_core.package_identification:_identify(data_saved) by extensions ['colcon_pkg']
[0.241s] Level 1:colcon.colcon_core.package_identification:_identify(data_saved) by extension 'colcon_pkg'
[0.241s] Level 1:colcon.colcon_core.package_identification:_identify(data_saved) by extensions ['colcon_meta']
[0.241s] Level 1:colcon.colcon_core.package_identification:_identify(data_saved) by extension 'colcon_meta'
[0.241s] Level 1:colcon.colcon_core.package_identification:_identify(data_saved) by extensions ['ros']
[0.241s] Level 1:colcon.colcon_core.package_identification:_identify(data_saved) by extension 'ros'
[0.241s] Level 1:colcon.colcon_core.package_identification:_identify(data_saved) by extensions ['cmake', 'python']
[0.241s] Level 1:colcon.colcon_core.package_identification:_identify(data_saved) by extension 'cmake'
[0.241s] Level 1:colcon.colcon_core.package_identification:_identify(data_saved) by extension 'python'
[0.241s] Level 1:colcon.colcon_core.package_identification:_identify(data_saved) by extensions ['python_setup_py']
[0.241s] Level 1:colcon.colcon_core.package_identification:_identify(data_saved) by extension 'python_setup_py'
[0.241s] Level 1:colcon.colcon_core.package_identification:_identify(harvest) by extensions ['ignore', 'ignore_ament_install']
[0.241s] Level 1:colcon.colcon_core.package_identification:_identify(harvest) by extension 'ignore'
[0.241s] Level 1:colcon.colcon_core.package_identification:_identify(harvest) by extension 'ignore_ament_install'
[0.241s] Level 1:colcon.colcon_core.package_identification:_identify(harvest) by extensions ['colcon_pkg']
[0.241s] Level 1:colcon.colcon_core.package_identification:_identify(harvest) by extension 'colcon_pkg'
[0.241s] Level 1:colcon.colcon_core.package_identification:_identify(harvest) by extensions ['colcon_meta']
[0.241s] Level 1:colcon.colcon_core.package_identification:_identify(harvest) by extension 'colcon_meta'
[0.241s] Level 1:colcon.colcon_core.package_identification:_identify(harvest) by extensions ['ros']
[0.241s] Level 1:colcon.colcon_core.package_identification:_identify(harvest) by extension 'ros'
[0.244s] DEBUG:colcon.colcon_core.package_identification:Package 'harvest' with type 'ros.ament_cmake' and name 'harvest'
[0.244s] Level 1:colcon.colcon_core.package_identification:_identify(harvest_control) by extensions ['ignore', 'ignore_ament_install']
[0.244s] Level 1:colcon.colcon_core.package_identification:_identify(harvest_control) by extension 'ignore'
[0.244s] Level 1:colcon.colcon_core.package_identification:_identify(harvest_control) by extension 'ignore_ament_install'
[0.244s] Level 1:colcon.colcon_core.package_identification:_identify(harvest_control) by extensions ['colcon_pkg']
[0.244s] Level 1:colcon.colcon_core.package_identification:_identify(harvest_control) by extension 'colcon_pkg'
[0.244s] Level 1:colcon.colcon_core.package_identification:_identify(harvest_control) by extensions ['colcon_meta']
[0.244s] Level 1:colcon.colcon_core.package_identification:_identify(harvest_control) by extension 'colcon_meta'
[0.244s] Level 1:colcon.colcon_core.package_identification:_identify(harvest_control) by extensions ['ros']
[0.244s] Level 1:colcon.colcon_core.package_identification:_identify(harvest_control) by extension 'ros'
[0.245s] DEBUG:colcon.colcon_core.package_identification:Package 'harvest_control' with type 'ros.ament_cmake' and name 'harvest_control'
[0.245s] Level 1:colcon.colcon_core.package_identification:_identify(harvest_hardware) by extensions ['ignore', 'ignore_ament_install']
[0.245s] Level 1:colcon.colcon_core.package_identification:_identify(harvest_hardware) by extension 'ignore'
[0.245s] Level 1:colcon.colcon_core.package_identification:_identify(harvest_hardware) by extension 'ignore_ament_install'
[0.245s] Level 1:colcon.colcon_core.package_identification:_identify(harvest_hardware) by extensions ['colcon_pkg']
[0.245s] Level 1:colcon.colcon_core.package_identification:_identify(harvest_hardware) by extension 'colcon_pkg'
[0.245s] Level 1:colcon.colcon_core.package_identification:_identify(harvest_hardware) by extensions ['colcon_meta']
[0.245s] Level 1:colcon.colcon_core.package_identification:_identify(harvest_hardware) by extension 'colcon_meta'
[0.245s] Level 1:colcon.colcon_core.package_identification:_identify(harvest_hardware) by extensions ['ros']
[0.245s] Level 1:colcon.colcon_core.package_identification:_identify(harvest_hardware) by extension 'ros'
[0.245s] Level 1:colcon.colcon_core.package_identification:_identify(harvest_hardware) by extensions ['cmake', 'python']
[0.245s] Level 1:colcon.colcon_core.package_identification:_identify(harvest_hardware) by extension 'cmake'
[0.245s] Level 1:colcon.colcon_core.package_identification:_identify(harvest_hardware) by extension 'python'
[0.245s] Level 1:colcon.colcon_core.package_identification:_identify(harvest_hardware) by extensions ['python_setup_py']
[0.245s] Level 1:colcon.colcon_core.package_identification:_identify(harvest_hardware) by extension 'python_setup_py'
[0.245s] Level 1:colcon.colcon_core.package_identification:_identify(harvest_hardware/Universal_Robots_ROS2_Description) by extensions ['ignore', 'ignore_ament_install']
[0.245s] Level 1:colcon.colcon_core.package_identification:_identify(harvest_hardware/Universal_Robots_ROS2_Description) by extension 'ignore'
[0.246s] Level 1:colcon.colcon_core.package_identification:_identify(harvest_hardware/Universal_Robots_ROS2_Description) by extension 'ignore_ament_install'
[0.246s] Level 1:colcon.colcon_core.package_identification:_identify(harvest_hardware/Universal_Robots_ROS2_Description) by extensions ['colcon_pkg']
[0.246s] Level 1:colcon.colcon_core.package_identification:_identify(harvest_hardware/Universal_Robots_ROS2_Description) by extension 'colcon_pkg'
[0.246s] Level 1:colcon.colcon_core.package_identification:_identify(harvest_hardware/Universal_Robots_ROS2_Description) by extensions ['colcon_meta']
[0.246s] Level 1:colcon.colcon_core.package_identification:_identify(harvest_hardware/Universal_Robots_ROS2_Description) by extension 'colcon_meta'
[0.246s] Level 1:colcon.colcon_core.package_identification:_identify(harvest_hardware/Universal_Robots_ROS2_Description) by extensions ['ros']
[0.246s] Level 1:colcon.colcon_core.package_identification:_identify(harvest_hardware/Universal_Robots_ROS2_Description) by extension 'ros'
[0.246s] DEBUG:colcon.colcon_core.package_identification:Package 'harvest_hardware/Universal_Robots_ROS2_Description' with type 'ros.ament_cmake' and name 'ur_description'
[0.246s] Level 1:colcon.colcon_core.package_identification:_identify(harvest_hardware/Universal_Robots_ROS2_Driver) by extensions ['ignore', 'ignore_ament_install']
[0.246s] Level 1:colcon.colcon_core.package_identification:_identify(harvest_hardware/Universal_Robots_ROS2_Driver) by extension 'ignore'
[0.246s] Level 1:colcon.colcon_core.package_identification:_identify(harvest_hardware/Universal_Robots_ROS2_Driver) by extension 'ignore_ament_install'
[0.246s] Level 1:colcon.colcon_core.package_identification:_identify(harvest_hardware/Universal_Robots_ROS2_Driver) by extensions ['colcon_pkg']
[0.246s] Level 1:colcon.colcon_core.package_identification:_identify(harvest_hardware/Universal_Robots_ROS2_Driver) by extension 'colcon_pkg'
[0.247s] Level 1:colcon.colcon_core.package_identification:_identify(harvest_hardware/Universal_Robots_ROS2_Driver) by extensions ['colcon_meta']
[0.247s] Level 1:colcon.colcon_core.package_identification:_identify(harvest_hardware/Universal_Robots_ROS2_Driver) by extension 'colcon_meta'
[0.247s] Level 1:colcon.colcon_core.package_identification:_identify(harvest_hardware/Universal_Robots_ROS2_Driver) by extensions ['ros']
[0.247s] Level 1:colcon.colcon_core.package_identification:_identify(harvest_hardware/Universal_Robots_ROS2_Driver) by extension 'ros'
[0.247s] Level 1:colcon.colcon_core.package_identification:_identify(harvest_hardware/Universal_Robots_ROS2_Driver) by extensions ['cmake', 'python']
[0.247s] Level 1:colcon.colcon_core.package_identification:_identify(harvest_hardware/Universal_Robots_ROS2_Driver) by extension 'cmake'
[0.247s] Level 1:colcon.colcon_core.package_identification:_identify(harvest_hardware/Universal_Robots_ROS2_Driver) by extension 'python'
[0.247s] Level 1:colcon.colcon_core.package_identification:_identify(harvest_hardware/Universal_Robots_ROS2_Driver) by extensions ['python_setup_py']
[0.247s] Level 1:colcon.colcon_core.package_identification:_identify(harvest_hardware/Universal_Robots_ROS2_Driver) by extension 'python_setup_py'
[0.247s] Level 1:colcon.colcon_core.package_identification:_identify(harvest_hardware/Universal_Robots_ROS2_Driver/ur) by extensions ['ignore', 'ignore_ament_install']
[0.247s] Level 1:colcon.colcon_core.package_identification:_identify(harvest_hardware/Universal_Robots_ROS2_Driver/ur) by extension 'ignore'
[0.247s] Level 1:colcon.colcon_core.package_identification:_identify(harvest_hardware/Universal_Robots_ROS2_Driver/ur) by extension 'ignore_ament_install'
[0.247s] Level 1:colcon.colcon_core.package_identification:_identify(harvest_hardware/Universal_Robots_ROS2_Driver/ur) by extensions ['colcon_pkg']
[0.247s] Level 1:colcon.colcon_core.package_identification:_identify(harvest_hardware/Universal_Robots_ROS2_Driver/ur) by extension 'colcon_pkg'
[0.247s] Level 1:colcon.colcon_core.package_identification:_identify(harvest_hardware/Universal_Robots_ROS2_Driver/ur) by extensions ['colcon_meta']
[0.247s] Level 1:colcon.colcon_core.package_identification:_identify(harvest_hardware/Universal_Robots_ROS2_Driver/ur) by extension 'colcon_meta'
[0.247s] Level 1:colcon.colcon_core.package_identification:_identify(harvest_hardware/Universal_Robots_ROS2_Driver/ur) by extensions ['ros']
[0.247s] Level 1:colcon.colcon_core.package_identification:_identify(harvest_hardware/Universal_Robots_ROS2_Driver/ur) by extension 'ros'
[0.247s] DEBUG:colcon.colcon_core.package_identification:Package 'harvest_hardware/Universal_Robots_ROS2_Driver/ur' with type 'ros.ament_cmake' and name 'ur'
[0.248s] Level 1:colcon.colcon_core.package_identification:_identify(harvest_hardware/Universal_Robots_ROS2_Driver/ur_bringup) by extensions ['ignore', 'ignore_ament_install']
[0.248s] Level 1:colcon.colcon_core.package_identification:_identify(harvest_hardware/Universal_Robots_ROS2_Driver/ur_bringup) by extension 'ignore'
[0.248s] Level 1:colcon.colcon_core.package_identification:_identify(harvest_hardware/Universal_Robots_ROS2_Driver/ur_bringup) by extension 'ignore_ament_install'
[0.248s] Level 1:colcon.colcon_core.package_identification:_identify(harvest_hardware/Universal_Robots_ROS2_Driver/ur_bringup) by extensions ['colcon_pkg']
[0.248s] Level 1:colcon.colcon_core.package_identification:_identify(harvest_hardware/Universal_Robots_ROS2_Driver/ur_bringup) by extension 'colcon_pkg'
[0.248s] Level 1:colcon.colcon_core.package_identification:_identify(harvest_hardware/Universal_Robots_ROS2_Driver/ur_bringup) by extensions ['colcon_meta']
[0.248s] Level 1:colcon.colcon_core.package_identification:_identify(harvest_hardware/Universal_Robots_ROS2_Driver/ur_bringup) by extension 'colcon_meta'
[0.248s] Level 1:colcon.colcon_core.package_identification:_identify(harvest_hardware/Universal_Robots_ROS2_Driver/ur_bringup) by extensions ['ros']
[0.248s] Level 1:colcon.colcon_core.package_identification:_identify(harvest_hardware/Universal_Robots_ROS2_Driver/ur_bringup) by extension 'ros'
[0.248s] DEBUG:colcon.colcon_core.package_identification:Package 'harvest_hardware/Universal_Robots_ROS2_Driver/ur_bringup' with type 'ros.ament_cmake' and name 'ur_bringup'
[0.249s] Level 1:colcon.colcon_core.package_identification:_identify(harvest_hardware/Universal_Robots_ROS2_Driver/ur_calibration) by extensions ['ignore', 'ignore_ament_install']
[0.249s] Level 1:colcon.colcon_core.package_identification:_identify(harvest_hardware/Universal_Robots_ROS2_Driver/ur_calibration) by extension 'ignore'
[0.249s] Level 1:colcon.colcon_core.package_identification:_identify(harvest_hardware/Universal_Robots_ROS2_Driver/ur_calibration) by extension 'ignore_ament_install'
[0.249s] Level 1:colcon.colcon_core.package_identification:_identify(harvest_hardware/Universal_Robots_ROS2_Driver/ur_calibration) by extensions ['colcon_pkg']
[0.249s] Level 1:colcon.colcon_core.package_identification:_identify(harvest_hardware/Universal_Robots_ROS2_Driver/ur_calibration) by extension 'colcon_pkg'
[0.249s] Level 1:colcon.colcon_core.package_identification:_identify(harvest_hardware/Universal_Robots_ROS2_Driver/ur_calibration) by extensions ['colcon_meta']
[0.249s] Level 1:colcon.colcon_core.package_identification:_identify(harvest_hardware/Universal_Robots_ROS2_Driver/ur_calibration) by extension 'colcon_meta'
[0.249s] Level 1:colcon.colcon_core.package_identification:_identify(harvest_hardware/Universal_Robots_ROS2_Driver/ur_calibration) by extensions ['ros']
[0.249s] Level 1:colcon.colcon_core.package_identification:_identify(harvest_hardware/Universal_Robots_ROS2_Driver/ur_calibration) by extension 'ros'
[0.249s] DEBUG:colcon.colcon_core.package_identification:Package 'harvest_hardware/Universal_Robots_ROS2_Driver/ur_calibration' with type 'ros.ament_cmake' and name 'ur_calibration'
[0.249s] Level 1:colcon.colcon_core.package_identification:_identify(harvest_hardware/Universal_Robots_ROS2_Driver/ur_controllers) by extensions ['ignore', 'ignore_ament_install']
[0.249s] Level 1:colcon.colcon_core.package_identification:_identify(harvest_hardware/Universal_Robots_ROS2_Driver/ur_controllers) by extension 'ignore'
[0.250s] Level 1:colcon.colcon_core.package_identification:_identify(harvest_hardware/Universal_Robots_ROS2_Driver/ur_controllers) by extension 'ignore_ament_install'
[0.250s] Level 1:colcon.colcon_core.package_identification:_identify(harvest_hardware/Universal_Robots_ROS2_Driver/ur_controllers) by extensions ['colcon_pkg']
[0.250s] Level 1:colcon.colcon_core.package_identification:_identify(harvest_hardware/Universal_Robots_ROS2_Driver/ur_controllers) by extension 'colcon_pkg'
[0.250s] Level 1:colcon.colcon_core.package_identification:_identify(harvest_hardware/Universal_Robots_ROS2_Driver/ur_controllers) by extensions ['colcon_meta']
[0.250s] Level 1:colcon.colcon_core.package_identification:_identify(harvest_hardware/Universal_Robots_ROS2_Driver/ur_controllers) by extension 'colcon_meta'
[0.250s] Level 1:colcon.colcon_core.package_identification:_identify(harvest_hardware/Universal_Robots_ROS2_Driver/ur_controllers) by extensions ['ros']
[0.250s] Level 1:colcon.colcon_core.package_identification:_identify(harvest_hardware/Universal_Robots_ROS2_Driver/ur_controllers) by extension 'ros'
[0.251s] DEBUG:colcon.colcon_core.package_identification:Package 'harvest_hardware/Universal_Robots_ROS2_Driver/ur_controllers' with type 'ros.ament_cmake' and name 'ur_controllers'
[0.251s] Level 1:colcon.colcon_core.package_identification:_identify(harvest_hardware/Universal_Robots_ROS2_Driver/ur_dashboard_msgs) by extensions ['ignore', 'ignore_ament_install']
[0.251s] Level 1:colcon.colcon_core.package_identification:_identify(harvest_hardware/Universal_Robots_ROS2_Driver/ur_dashboard_msgs) by extension 'ignore'
[0.251s] Level 1:colcon.colcon_core.package_identification:_identify(harvest_hardware/Universal_Robots_ROS2_Driver/ur_dashboard_msgs) by extension 'ignore_ament_install'
[0.251s] Level 1:colcon.colcon_core.package_identification:_identify(harvest_hardware/Universal_Robots_ROS2_Driver/ur_dashboard_msgs) by extensions ['colcon_pkg']
[0.251s] Level 1:colcon.colcon_core.package_identification:_identify(harvest_hardware/Universal_Robots_ROS2_Driver/ur_dashboard_msgs) by extension 'colcon_pkg'
[0.251s] Level 1:colcon.colcon_core.package_identification:_identify(harvest_hardware/Universal_Robots_ROS2_Driver/ur_dashboard_msgs) by extensions ['colcon_meta']
[0.251s] Level 1:colcon.colcon_core.package_identification:_identify(harvest_hardware/Universal_Robots_ROS2_Driver/ur_dashboard_msgs) by extension 'colcon_meta'
[0.251s] Level 1:colcon.colcon_core.package_identification:_identify(harvest_hardware/Universal_Robots_ROS2_Driver/ur_dashboard_msgs) by extensions ['ros']
[0.251s] Level 1:colcon.colcon_core.package_identification:_identify(harvest_hardware/Universal_Robots_ROS2_Driver/ur_dashboard_msgs) by extension 'ros'
[0.251s] DEBUG:colcon.colcon_core.package_identification:Package 'harvest_hardware/Universal_Robots_ROS2_Driver/ur_dashboard_msgs' with type 'ros.ament_cmake' and name 'ur_dashboard_msgs'
[0.251s] Level 1:colcon.colcon_core.package_identification:_identify(harvest_hardware/Universal_Robots_ROS2_Driver/ur_moveit_config) by extensions ['ignore', 'ignore_ament_install']
[0.251s] Level 1:colcon.colcon_core.package_identification:_identify(harvest_hardware/Universal_Robots_ROS2_Driver/ur_moveit_config) by extension 'ignore'
[0.252s] Level 1:colcon.colcon_core.package_identification:_identify(harvest_hardware/Universal_Robots_ROS2_Driver/ur_moveit_config) by extension 'ignore_ament_install'
[0.252s] Level 1:colcon.colcon_core.package_identification:_identify(harvest_hardware/Universal_Robots_ROS2_Driver/ur_moveit_config) by extensions ['colcon_pkg']
[0.252s] Level 1:colcon.colcon_core.package_identification:_identify(harvest_hardware/Universal_Robots_ROS2_Driver/ur_moveit_config) by extension 'colcon_pkg'
[0.252s] Level 1:colcon.colcon_core.package_identification:_identify(harvest_hardware/Universal_Robots_ROS2_Driver/ur_moveit_config) by extensions ['colcon_meta']
[0.252s] Level 1:colcon.colcon_core.package_identification:_identify(harvest_hardware/Universal_Robots_ROS2_Driver/ur_moveit_config) by extension 'colcon_meta'
[0.252s] Level 1:colcon.colcon_core.package_identification:_identify(harvest_hardware/Universal_Robots_ROS2_Driver/ur_moveit_config) by extensions ['ros']
[0.252s] Level 1:colcon.colcon_core.package_identification:_identify(harvest_hardware/Universal_Robots_ROS2_Driver/ur_moveit_config) by extension 'ros'
[0.252s] DEBUG:colcon.colcon_core.package_identification:Package 'harvest_hardware/Universal_Robots_ROS2_Driver/ur_moveit_config' with type 'ros.ament_cmake' and name 'ur_moveit_config'
[0.252s] Level 1:colcon.colcon_core.package_identification:_identify(harvest_hardware/Universal_Robots_ROS2_Driver/ur_robot_driver) by extensions ['ignore', 'ignore_ament_install']
[0.252s] Level 1:colcon.colcon_core.package_identification:_identify(harvest_hardware/Universal_Robots_ROS2_Driver/ur_robot_driver) by extension 'ignore'
[0.252s] Level 1:colcon.colcon_core.package_identification:_identify(harvest_hardware/Universal_Robots_ROS2_Driver/ur_robot_driver) by extension 'ignore_ament_install'
[0.252s] Level 1:colcon.colcon_core.package_identification:_identify(harvest_hardware/Universal_Robots_ROS2_Driver/ur_robot_driver) by extensions ['colcon_pkg']
[0.253s] Level 1:colcon.colcon_core.package_identification:_identify(harvest_hardware/Universal_Robots_ROS2_Driver/ur_robot_driver) by extension 'colcon_pkg'
[0.253s] Level 1:colcon.colcon_core.package_identification:_identify(harvest_hardware/Universal_Robots_ROS2_Driver/ur_robot_driver) by extensions ['colcon_meta']
[0.253s] Level 1:colcon.colcon_core.package_identification:_identify(harvest_hardware/Universal_Robots_ROS2_Driver/ur_robot_driver) by extension 'colcon_meta'
[0.253s] Level 1:colcon.colcon_core.package_identification:_identify(harvest_hardware/Universal_Robots_ROS2_Driver/ur_robot_driver) by extensions ['ros']
[0.253s] Level 1:colcon.colcon_core.package_identification:_identify(harvest_hardware/Universal_Robots_ROS2_Driver/ur_robot_driver) by extension 'ros'
[0.254s] DEBUG:colcon.colcon_core.package_identification:Package 'harvest_hardware/Universal_Robots_ROS2_Driver/ur_robot_driver' with type 'ros.ament_cmake' and name 'ur_robot_driver'
[0.254s] Level 1:colcon.colcon_core.package_identification:_identify(harvest_hardware/realsense-ros) by extensions ['ignore', 'ignore_ament_install']
[0.254s] Level 1:colcon.colcon_core.package_identification:_identify(harvest_hardware/realsense-ros) by extension 'ignore'
[0.254s] Level 1:colcon.colcon_core.package_identification:_identify(harvest_hardware/realsense-ros) by extension 'ignore_ament_install'
[0.254s] Level 1:colcon.colcon_core.package_identification:_identify(harvest_hardware/realsense-ros) by extensions ['colcon_pkg']
[0.254s] Level 1:colcon.colcon_core.package_identification:_identify(harvest_hardware/realsense-ros) by extension 'colcon_pkg'
[0.254s] Level 1:colcon.colcon_core.package_identification:_identify(harvest_hardware/realsense-ros) by extensions ['colcon_meta']
[0.254s] Level 1:colcon.colcon_core.package_identification:_identify(harvest_hardware/realsense-ros) by extension 'colcon_meta'
[0.254s] Level 1:colcon.colcon_core.package_identification:_identify(harvest_hardware/realsense-ros) by extensions ['ros']
[0.254s] Level 1:colcon.colcon_core.package_identification:_identify(harvest_hardware/realsense-ros) by extension 'ros'
[0.254s] Level 1:colcon.colcon_core.package_identification:_identify(harvest_hardware/realsense-ros) by extensions ['cmake', 'python']
[0.254s] Level 1:colcon.colcon_core.package_identification:_identify(harvest_hardware/realsense-ros) by extension 'cmake'
[0.254s] Level 1:colcon.colcon_core.package_identification:_identify(harvest_hardware/realsense-ros) by extension 'python'
[0.254s] Level 1:colcon.colcon_core.package_identification:_identify(harvest_hardware/realsense-ros) by extensions ['python_setup_py']
[0.255s] Level 1:colcon.colcon_core.package_identification:_identify(harvest_hardware/realsense-ros) by extension 'python_setup_py'
[0.255s] Level 1:colcon.colcon_core.package_identification:_identify(harvest_hardware/realsense-ros/realsense2_camera) by extensions ['ignore', 'ignore_ament_install']
[0.255s] Level 1:colcon.colcon_core.package_identification:_identify(harvest_hardware/realsense-ros/realsense2_camera) by extension 'ignore'
[0.255s] Level 1:colcon.colcon_core.package_identification:_identify(harvest_hardware/realsense-ros/realsense2_camera) by extension 'ignore_ament_install'
[0.255s] Level 1:colcon.colcon_core.package_identification:_identify(harvest_hardware/realsense-ros/realsense2_camera) by extensions ['colcon_pkg']
[0.255s] Level 1:colcon.colcon_core.package_identification:_identify(harvest_hardware/realsense-ros/realsense2_camera) by extension 'colcon_pkg'
[0.255s] Level 1:colcon.colcon_core.package_identification:_identify(harvest_hardware/realsense-ros/realsense2_camera) by extensions ['colcon_meta']
[0.255s] Level 1:colcon.colcon_core.package_identification:_identify(harvest_hardware/realsense-ros/realsense2_camera) by extension 'colcon_meta'
[0.255s] Level 1:colcon.colcon_core.package_identification:_identify(harvest_hardware/realsense-ros/realsense2_camera) by extensions ['ros']
[0.255s] Level 1:colcon.colcon_core.package_identification:_identify(harvest_hardware/realsense-ros/realsense2_camera) by extension 'ros'
[0.258s] DEBUG:colcon.colcon_core.package_identification:Package 'harvest_hardware/realsense-ros/realsense2_camera' with type 'ros.ament_cmake' and name 'realsense2_camera'
[0.259s] Level 1:colcon.colcon_core.package_identification:_identify(harvest_hardware/realsense-ros/realsense2_camera_msgs) by extensions ['ignore', 'ignore_ament_install']
[0.259s] Level 1:colcon.colcon_core.package_identification:_identify(harvest_hardware/realsense-ros/realsense2_camera_msgs) by extension 'ignore'
[0.259s] Level 1:colcon.colcon_core.package_identification:_identify(harvest_hardware/realsense-ros/realsense2_camera_msgs) by extension 'ignore_ament_install'
[0.259s] Level 1:colcon.colcon_core.package_identification:_identify(harvest_hardware/realsense-ros/realsense2_camera_msgs) by extensions ['colcon_pkg']
[0.259s] Level 1:colcon.colcon_core.package_identification:_identify(harvest_hardware/realsense-ros/realsense2_camera_msgs) by extension 'colcon_pkg'
[0.259s] Level 1:colcon.colcon_core.package_identification:_identify(harvest_hardware/realsense-ros/realsense2_camera_msgs) by extensions ['colcon_meta']
[0.259s] Level 1:colcon.colcon_core.package_identification:_identify(harvest_hardware/realsense-ros/realsense2_camera_msgs) by extension 'colcon_meta'
[0.259s] Level 1:colcon.colcon_core.package_identification:_identify(harvest_hardware/realsense-ros/realsense2_camera_msgs) by extensions ['ros']
[0.259s] Level 1:colcon.colcon_core.package_identification:_identify(harvest_hardware/realsense-ros/realsense2_camera_msgs) by extension 'ros'
[0.259s] DEBUG:colcon.colcon_core.package_identification:Package 'harvest_hardware/realsense-ros/realsense2_camera_msgs' with type 'ros.ament_cmake' and name 'realsense2_camera_msgs'
[0.259s] Level 1:colcon.colcon_core.package_identification:_identify(harvest_hardware/realsense-ros/realsense2_description) by extensions ['ignore', 'ignore_ament_install']
[0.259s] Level 1:colcon.colcon_core.package_identification:_identify(harvest_hardware/realsense-ros/realsense2_description) by extension 'ignore'
[0.259s] Level 1:colcon.colcon_core.package_identification:_identify(harvest_hardware/realsense-ros/realsense2_description) by extension 'ignore_ament_install'
[0.259s] Level 1:colcon.colcon_core.package_identification:_identify(harvest_hardware/realsense-ros/realsense2_description) by extensions ['colcon_pkg']
[0.260s] Level 1:colcon.colcon_core.package_identification:_identify(harvest_hardware/realsense-ros/realsense2_description) by extension 'colcon_pkg'
[0.260s] Level 1:colcon.colcon_core.package_identification:_identify(harvest_hardware/realsense-ros/realsense2_description) by extensions ['colcon_meta']
[0.260s] Level 1:colcon.colcon_core.package_identification:_identify(harvest_hardware/realsense-ros/realsense2_description) by extension 'colcon_meta'
[0.260s] Level 1:colcon.colcon_core.package_identification:_identify(harvest_hardware/realsense-ros/realsense2_description) by extensions ['ros']
[0.260s] Level 1:colcon.colcon_core.package_identification:_identify(harvest_hardware/realsense-ros/realsense2_description) by extension 'ros'
[0.260s] DEBUG:colcon.colcon_core.package_identification:Package 'harvest_hardware/realsense-ros/realsense2_description' with type 'ros.ament_cmake' and name 'realsense2_description'
[0.260s] Level 1:colcon.colcon_core.package_identification:_identify(harvest_hardware/realsense-ros/scripts) by extensions ['ignore', 'ignore_ament_install']
[0.260s] Level 1:colcon.colcon_core.package_identification:_identify(harvest_hardware/realsense-ros/scripts) by extension 'ignore'
[0.260s] Level 1:colcon.colcon_core.package_identification:_identify(harvest_hardware/realsense-ros/scripts) by extension 'ignore_ament_install'
[0.260s] Level 1:colcon.colcon_core.package_identification:_identify(harvest_hardware/realsense-ros/scripts) by extensions ['colcon_pkg']
[0.260s] Level 1:colcon.colcon_core.package_identification:_identify(harvest_hardware/realsense-ros/scripts) by extension 'colcon_pkg'
[0.260s] Level 1:colcon.colcon_core.package_identification:_identify(harvest_hardware/realsense-ros/scripts) by extensions ['colcon_meta']
[0.260s] Level 1:colcon.colcon_core.package_identification:_identify(harvest_hardware/realsense-ros/scripts) by extension 'colcon_meta'
[0.260s] Level 1:colcon.colcon_core.package_identification:_identify(harvest_hardware/realsense-ros/scripts) by extensions ['ros']
[0.260s] Level 1:colcon.colcon_core.package_identification:_identify(harvest_hardware/realsense-ros/scripts) by extension 'ros'
[0.261s] Level 1:colcon.colcon_core.package_identification:_identify(harvest_hardware/realsense-ros/scripts) by extensions ['cmake', 'python']
[0.261s] Level 1:colcon.colcon_core.package_identification:_identify(harvest_hardware/realsense-ros/scripts) by extension 'cmake'
[0.261s] Level 1:colcon.colcon_core.package_identification:_identify(harvest_hardware/realsense-ros/scripts) by extension 'python'
[0.261s] Level 1:colcon.colcon_core.package_identification:_identify(harvest_hardware/realsense-ros/scripts) by extensions ['python_setup_py']
[0.261s] Level 1:colcon.colcon_core.package_identification:_identify(harvest_hardware/realsense-ros/scripts) by extension 'python_setup_py'
[0.261s] Level 1:colcon.colcon_core.package_identification:_identify(harvest_hardware/ur5e_custom_hardware) by extensions ['ignore', 'ignore_ament_install']
[0.261s] Level 1:colcon.colcon_core.package_identification:_identify(harvest_hardware/ur5e_custom_hardware) by extension 'ignore'
[0.261s] Level 1:colcon.colcon_core.package_identification:_identify(harvest_hardware/ur5e_custom_hardware) by extension 'ignore_ament_install'
[0.261s] Level 1:colcon.colcon_core.package_identification:_identify(harvest_hardware/ur5e_custom_hardware) by extensions ['colcon_pkg']
[0.261s] Level 1:colcon.colcon_core.package_identification:_identify(harvest_hardware/ur5e_custom_hardware) by extension 'colcon_pkg'
[0.261s] Level 1:colcon.colcon_core.package_identification:_identify(harvest_hardware/ur5e_custom_hardware) by extensions ['colcon_meta']
[0.261s] Level 1:colcon.colcon_core.package_identification:_identify(harvest_hardware/ur5e_custom_hardware) by extension 'colcon_meta'
[0.261s] Level 1:colcon.colcon_core.package_identification:_identify(harvest_hardware/ur5e_custom_hardware) by extensions ['ros']
[0.261s] Level 1:colcon.colcon_core.package_identification:_identify(harvest_hardware/ur5e_custom_hardware) by extension 'ros'
[0.262s] DEBUG:colcon.colcon_core.package_identification:Package 'harvest_hardware/ur5e_custom_hardware' with type 'ros.ament_python' and name 'ur5e_custom_hardware'
[0.262s] Level 1:colcon.colcon_core.package_identification:_identify(harvest_interfaces) by extensions ['ignore', 'ignore_ament_install']
[0.262s] Level 1:colcon.colcon_core.package_identification:_identify(harvest_interfaces) by extension 'ignore'
[0.262s] Level 1:colcon.colcon_core.package_identification:_identify(harvest_interfaces) by extension 'ignore_ament_install'
[0.262s] Level 1:colcon.colcon_core.package_identification:_identify(harvest_interfaces) by extensions ['colcon_pkg']
[0.262s] Level 1:colcon.colcon_core.package_identification:_identify(harvest_interfaces) by extension 'colcon_pkg'
[0.262s] Level 1:colcon.colcon_core.package_identification:_identify(harvest_interfaces) by extensions ['colcon_meta']
[0.262s] Level 1:colcon.colcon_core.package_identification:_identify(harvest_interfaces) by extension 'colcon_meta'
[0.262s] Level 1:colcon.colcon_core.package_identification:_identify(harvest_interfaces) by extensions ['ros']
[0.262s] Level 1:colcon.colcon_core.package_identification:_identify(harvest_interfaces) by extension 'ros'
[0.262s] DEBUG:colcon.colcon_core.package_identification:Package 'harvest_interfaces' with type 'ros.ament_cmake' and name 'harvest_interfaces'
[0.262s] Level 1:colcon.colcon_core.package_identification:_identify(harvest_vision) by extensions ['ignore', 'ignore_ament_install']
[0.262s] Level 1:colcon.colcon_core.package_identification:_identify(harvest_vision) by extension 'ignore'
[0.263s] Level 1:colcon.colcon_core.package_identification:_identify(harvest_vision) by extension 'ignore_ament_install'
[0.263s] Level 1:colcon.colcon_core.package_identification:_identify(harvest_vision) by extensions ['colcon_pkg']
[0.263s] Level 1:colcon.colcon_core.package_identification:_identify(harvest_vision) by extension 'colcon_pkg'
[0.263s] Level 1:colcon.colcon_core.package_identification:_identify(harvest_vision) by extensions ['colcon_meta']
[0.263s] Level 1:colcon.colcon_core.package_identification:_identify(harvest_vision) by extension 'colcon_meta'
[0.263s] Level 1:colcon.colcon_core.package_identification:_identify(harvest_vision) by extensions ['ros']
[0.263s] Level 1:colcon.colcon_core.package_identification:_identify(harvest_vision) by extension 'ros'
[0.263s] DEBUG:colcon.colcon_core.package_identification:Package 'harvest_vision' with type 'ros.ament_python' and name 'harvest_vision'
[0.263s] Level 1:colcon.colcon_core.package_identification:_identify(install) by extensions ['ignore', 'ignore_ament_install']
[0.263s] Level 1:colcon.colcon_core.package_identification:_identify(install) by extension 'ignore'
[0.263s] Level 1:colcon.colcon_core.package_identification:_identify(install) ignored
[0.264s] Level 1:colcon.colcon_core.package_identification:_identify(log) by extensions ['ignore', 'ignore_ament_install']
[0.264s] Level 1:colcon.colcon_core.package_identification:_identify(log) by extension 'ignore'
[0.264s] Level 1:colcon.colcon_core.package_identification:_identify(log) ignored
[0.264s] Level 1:colcon.colcon_core.package_identification:_identify(project_code) by extensions ['ignore', 'ignore_ament_install']
[0.264s] Level 1:colcon.colcon_core.package_identification:_identify(project_code) by extension 'ignore'
[0.264s] Level 1:colcon.colcon_core.package_identification:_identify(project_code) by extension 'ignore_ament_install'
[0.264s] Level 1:colcon.colcon_core.package_identification:_identify(project_code) by extensions ['colcon_pkg']
[0.264s] Level 1:colcon.colcon_core.package_identification:_identify(project_code) by extension 'colcon_pkg'
[0.264s] Level 1:colcon.colcon_core.package_identification:_identify(project_code) by extensions ['colcon_meta']
[0.264s] Level 1:colcon.colcon_core.package_identification:_identify(project_code) by extension 'colcon_meta'
[0.264s] Level 1:colcon.colcon_core.package_identification:_identify(project_code) by extensions ['ros']
[0.264s] Level 1:colcon.colcon_core.package_identification:_identify(project_code) by extension 'ros'
[0.264s] Level 1:colcon.colcon_core.package_identification:_identify(project_code) by extensions ['cmake', 'python']
[0.264s] Level 1:colcon.colcon_core.package_identification:_identify(project_code) by extension 'cmake'
[0.264s] Level 1:colcon.colcon_core.package_identification:_identify(project_code) by extension 'python'
[0.264s] Level 1:colcon.colcon_core.package_identification:_identify(project_code) by extensions ['python_setup_py']
[0.264s] Level 1:colcon.colcon_core.package_identification:_identify(project_code) by extension 'python_setup_py'
[0.264s] Level 1:colcon.colcon_core.package_identification:_identify(project_code/images) by extensions ['ignore', 'ignore_ament_install']
[0.264s] Level 1:colcon.colcon_core.package_identification:_identify(project_code/images) by extension 'ignore'
[0.264s] Level 1:colcon.colcon_core.package_identification:_identify(project_code/images) by extension 'ignore_ament_install'
[0.264s] Level 1:colcon.colcon_core.package_identification:_identify(project_code/images) by extensions ['colcon_pkg']
[0.264s] Level 1:colcon.colcon_core.package_identification:_identify(project_code/images) by extension 'colcon_pkg'
[0.264s] Level 1:colcon.colcon_core.package_identification:_identify(project_code/images) by extensions ['colcon_meta']
[0.264s] Level 1:colcon.colcon_core.package_identification:_identify(project_code/images) by extension 'colcon_meta'
[0.264s] Level 1:colcon.colcon_core.package_identification:_identify(project_code/images) by extensions ['ros']
[0.264s] Level 1:colcon.colcon_core.package_identification:_identify(project_code/images) by extension 'ros'
[0.265s] Level 1:colcon.colcon_core.package_identification:_identify(project_code/images) by extensions ['cmake', 'python']
[0.265s] Level 1:colcon.colcon_core.package_identification:_identify(project_code/images) by extension 'cmake'
[0.265s] Level 1:colcon.colcon_core.package_identification:_identify(project_code/images) by extension 'python'
[0.265s] Level 1:colcon.colcon_core.package_identification:_identify(project_code/images) by extensions ['python_setup_py']
[0.265s] Level 1:colcon.colcon_core.package_identification:_identify(project_code/images) by extension 'python_setup_py'
[0.265s] Level 1:colcon.colcon_core.package_identification:_identify(project_code/scripts) by extensions ['ignore', 'ignore_ament_install']
[0.265s] Level 1:colcon.colcon_core.package_identification:_identify(project_code/scripts) by extension 'ignore'
[0.265s] Level 1:colcon.colcon_core.package_identification:_identify(project_code/scripts) by extension 'ignore_ament_install'
[0.265s] Level 1:colcon.colcon_core.package_identification:_identify(project_code/scripts) by extensions ['colcon_pkg']
[0.265s] Level 1:colcon.colcon_core.package_identification:_identify(project_code/scripts) by extension 'colcon_pkg'
[0.265s] Level 1:colcon.colcon_core.package_identification:_identify(project_code/scripts) by extensions ['colcon_meta']
[0.265s] Level 1:colcon.colcon_core.package_identification:_identify(project_code/scripts) by extension 'colcon_meta'
[0.265s] Level 1:colcon.colcon_core.package_identification:_identify(project_code/scripts) by extensions ['ros']
[0.265s] Level 1:colcon.colcon_core.package_identification:_identify(project_code/scripts) by extension 'ros'
[0.265s] Level 1:colcon.colcon_core.package_identification:_identify(project_code/scripts) by extensions ['cmake', 'python']
[0.265s] Level 1:colcon.colcon_core.package_identification:_identify(project_code/scripts) by extension 'cmake'
[0.265s] Level 1:colcon.colcon_core.package_identification:_identify(project_code/scripts) by extension 'python'
[0.265s] Level 1:colcon.colcon_core.package_identification:_identify(project_code/scripts) by extensions ['python_setup_py']
[0.265s] Level 1:colcon.colcon_core.package_identification:_identify(project_code/scripts) by extension 'python_setup_py'
[0.265s] Level 1:colcon.colcon_core.package_discovery:discover_packages(recursive) using defaults
[0.265s] Level 1:colcon.colcon_core.package_discovery:discover_packages(ignore) discover
[0.265s] Level 1:colcon.colcon_core.package_discovery:discover_packages(ignore) using defaults
[0.265s] Level 1:colcon.colcon_core.package_discovery:discover_packages(path) discover
[0.265s] Level 1:colcon.colcon_core.package_discovery:discover_packages(path) using defaults
[0.283s] Level 1:colcon.colcon_core.package_discovery:discover_packages(prefix_path) check parameters
[0.283s] Level 1:colcon.colcon_core.package_discovery:discover_packages(prefix_path) discover
[0.284s] DEBUG:colcon.colcon_installed_package_information.package_discovery:Found 16 installed packages in /home/imml/git/ROB_534_Project/install
[0.286s] DEBUG:colcon.colcon_installed_package_information.package_discovery:Found 388 installed packages in /opt/ros/humble
[0.287s] Level 1:colcon.colcon_core.package_discovery:discover_packages(prefix_path) using defaults
[0.325s] Level 5:colcon.colcon_core.verb:set package 'harvest_interfaces' build argument 'cmake_args' from command line to 'None'
[0.325s] Level 5:colcon.colcon_core.verb:set package 'harvest_interfaces' build argument 'cmake_target' from command line to 'None'
[0.325s] Level 5:colcon.colcon_core.verb:set package 'harvest_interfaces' build argument 'cmake_target_skip_unavailable' from command line to 'False'
[0.325s] Level 5:colcon.colcon_core.verb:set package 'harvest_interfaces' build argument 'cmake_clean_cache' from command line to 'False'
[0.325s] Level 5:colcon.colcon_core.verb:set package 'harvest_interfaces' build argument 'cmake_clean_first' from command line to 'False'
[0.325s] Level 5:colcon.colcon_core.verb:set package 'harvest_interfaces' build argument 'cmake_force_configure' from command line to 'False'
[0.325s] Level 5:colcon.colcon_core.verb:set package 'harvest_interfaces' build argument 'ament_cmake_args' from command line to 'None'
[0.325s] Level 5:colcon.colcon_core.verb:set package 'harvest_interfaces' build argument 'catkin_cmake_args' from command line to 'None'
[0.325s] Level 5:colcon.colcon_core.verb:set package 'harvest_interfaces' build argument 'catkin_skip_building_tests' from command line to 'False'
[0.325s] DEBUG:colcon.colcon_core.verb:Building package 'harvest_interfaces' with the following arguments: {'ament_cmake_args': None, 'build_base': '/home/imml/git/ROB_534_Project/build/harvest_interfaces', 'catkin_cmake_args': None, 'catkin_skip_building_tests': False, 'cmake_args': None, 'cmake_clean_cache': False, 'cmake_clean_first': False, 'cmake_force_configure': False, 'cmake_target': None, 'cmake_target_skip_unavailable': False, 'install_base': '/home/imml/git/ROB_534_Project/install/harvest_interfaces', 'merge_install': False, 'path': '/home/imml/git/ROB_534_Project/harvest_interfaces', 'symlink_install': True, 'test_result_base': None}
[0.325s] Level 5:colcon.colcon_core.verb:set package 'realsense2_camera_msgs' build argument 'cmake_args' from command line to 'None'
[0.325s] Level 5:colcon.colcon_core.verb:set package 'realsense2_camera_msgs' build argument 'cmake_target' from command line to 'None'
[0.326s] Level 5:colcon.colcon_core.verb:set package 'realsense2_camera_msgs' build argument 'cmake_target_skip_unavailable' from command line to 'False'
[0.326s] Level 5:colcon.colcon_core.verb:set package 'realsense2_camera_msgs' build argument 'cmake_clean_cache' from command line to 'False'
[0.326s] Level 5:colcon.colcon_core.verb:set package 'realsense2_camera_msgs' build argument 'cmake_clean_first' from command line to 'False'
[0.326s] Level 5:colcon.colcon_core.verb:set package 'realsense2_camera_msgs' build argument 'cmake_force_configure' from command line to 'False'
[0.326s] Level 5:colcon.colcon_core.verb:set package 'realsense2_camera_msgs' build argument 'ament_cmake_args' from command line to 'None'
[0.326s] Level 5:colcon.colcon_core.verb:set package 'realsense2_camera_msgs' build argument 'catkin_cmake_args' from command line to 'None'
[0.326s] Level 5:colcon.colcon_core.verb:set package 'realsense2_camera_msgs' build argument 'catkin_skip_building_tests' from command line to 'False'
[0.326s] DEBUG:colcon.colcon_core.verb:Building package 'realsense2_camera_msgs' with the following arguments: {'ament_cmake_args': None, 'build_base': '/home/imml/git/ROB_534_Project/build/realsense2_camera_msgs', 'catkin_cmake_args': None, 'catkin_skip_building_tests': False, 'cmake_args': None, 'cmake_clean_cache': False, 'cmake_clean_first': False, 'cmake_force_configure': False, 'cmake_target': None, 'cmake_target_skip_unavailable': False, 'install_base': '/home/imml/git/ROB_534_Project/install/realsense2_camera_msgs', 'merge_install': False, 'path': '/home/imml/git/ROB_534_Project/harvest_hardware/realsense-ros/realsense2_camera_msgs', 'symlink_install': True, 'test_result_base': None}
[0.326s] Level 5:colcon.colcon_core.verb:set package 'ur5e_custom_hardware' build argument 'cmake_args' from command line to 'None'
[0.326s] Level 5:colcon.colcon_core.verb:set package 'ur5e_custom_hardware' build argument 'cmake_target' from command line to 'None'
[0.326s] Level 5:colcon.colcon_core.verb:set package 'ur5e_custom_hardware' build argument 'cmake_target_skip_unavailable' from command line to 'False'
[0.326s] Level 5:colcon.colcon_core.verb:set package 'ur5e_custom_hardware' build argument 'cmake_clean_cache' from command line to 'False'
[0.326s] Level 5:colcon.colcon_core.verb:set package 'ur5e_custom_hardware' build argument 'cmake_clean_first' from command line to 'False'
[0.326s] Level 5:colcon.colcon_core.verb:set package 'ur5e_custom_hardware' build argument 'cmake_force_configure' from command line to 'False'
[0.326s] Level 5:colcon.colcon_core.verb:set package 'ur5e_custom_hardware' build argument 'ament_cmake_args' from command line to 'None'
[0.326s] Level 5:colcon.colcon_core.verb:set package 'ur5e_custom_hardware' build argument 'catkin_cmake_args' from command line to 'None'
[0.326s] Level 5:colcon.colcon_core.verb:set package 'ur5e_custom_hardware' build argument 'catkin_skip_building_tests' from command line to 'False'
[0.326s] DEBUG:colcon.colcon_core.verb:Building package 'ur5e_custom_hardware' with the following arguments: {'ament_cmake_args': None, 'build_base': '/home/imml/git/ROB_534_Project/build/ur5e_custom_hardware', 'catkin_cmake_args': None, 'catkin_skip_building_tests': False, 'cmake_args': None, 'cmake_clean_cache': False, 'cmake_clean_first': False, 'cmake_force_configure': False, 'cmake_target': None, 'cmake_target_skip_unavailable': False, 'install_base': '/home/imml/git/ROB_534_Project/install/ur5e_custom_hardware', 'merge_install': False, 'path': '/home/imml/git/ROB_534_Project/harvest_hardware/ur5e_custom_hardware', 'symlink_install': True, 'test_result_base': None}
[0.326s] Level 5:colcon.colcon_core.verb:set package 'ur_dashboard_msgs' build argument 'cmake_args' from command line to 'None'
[0.326s] Level 5:colcon.colcon_core.verb:set package 'ur_dashboard_msgs' build argument 'cmake_target' from command line to 'None'
[0.326s] Level 5:colcon.colcon_core.verb:set package 'ur_dashboard_msgs' build argument 'cmake_target_skip_unavailable' from command line to 'False'
[0.326s] Level 5:colcon.colcon_core.verb:set package 'ur_dashboard_msgs' build argument 'cmake_clean_cache' from command line to 'False'
[0.326s] Level 5:colcon.colcon_core.verb:set package 'ur_dashboard_msgs' build argument 'cmake_clean_first' from command line to 'False'
[0.326s] Level 5:colcon.colcon_core.verb:set package 'ur_dashboard_msgs' build argument 'cmake_force_configure' from command line to 'False'
[0.327s] Level 5:colcon.colcon_core.verb:set package 'ur_dashboard_msgs' build argument 'ament_cmake_args' from command line to 'None'
[0.327s] Level 5:colcon.colcon_core.verb:set package 'ur_dashboard_msgs' build argument 'catkin_cmake_args' from command line to 'None'
[0.327s] Level 5:colcon.colcon_core.verb:set package 'ur_dashboard_msgs' build argument 'catkin_skip_building_tests' from command line to 'False'
[0.327s] DEBUG:colcon.colcon_core.verb:Building package 'ur_dashboard_msgs' with the following arguments: {'ament_cmake_args': None, 'build_base': '/home/imml/git/ROB_534_Project/build/ur_dashboard_msgs', 'catkin_cmake_args': None, 'catkin_skip_building_tests': False, 'cmake_args': None, 'cmake_clean_cache': False, 'cmake_clean_first': False, 'cmake_force_configure': False, 'cmake_target': None, 'cmake_target_skip_unavailable': False, 'install_base': '/home/imml/git/ROB_534_Project/install/ur_dashboard_msgs', 'merge_install': False, 'path': '/home/imml/git/ROB_534_Project/harvest_hardware/Universal_Robots_ROS2_Driver/ur_dashboard_msgs', 'symlink_install': True, 'test_result_base': None}
[0.327s] Level 5:colcon.colcon_core.verb:set package 'ur_description' build argument 'cmake_args' from command line to 'None'
[0.327s] Level 5:colcon.colcon_core.verb:set package 'ur_description' build argument 'cmake_target' from command line to 'None'
[0.327s] Level 5:colcon.colcon_core.verb:set package 'ur_description' build argument 'cmake_target_skip_unavailable' from command line to 'False'
[0.327s] Level 5:colcon.colcon_core.verb:set package 'ur_description' build argument 'cmake_clean_cache' from command line to 'False'
[0.327s] Level 5:colcon.colcon_core.verb:set package 'ur_description' build argument 'cmake_clean_first' from command line to 'False'
[0.327s] Level 5:colcon.colcon_core.verb:set package 'ur_description' build argument 'cmake_force_configure' from command line to 'False'
[0.327s] Level 5:colcon.colcon_core.verb:set package 'ur_description' build argument 'ament_cmake_args' from command line to 'None'
[0.327s] Level 5:colcon.colcon_core.verb:set package 'ur_description' build argument 'catkin_cmake_args' from command line to 'None'
[0.327s] Level 5:colcon.colcon_core.verb:set package 'ur_description' build argument 'catkin_skip_building_tests' from command line to 'False'
[0.327s] DEBUG:colcon.colcon_core.verb:Building package 'ur_description' with the following arguments: {'ament_cmake_args': None, 'build_base': '/home/imml/git/ROB_534_Project/build/ur_description', 'catkin_cmake_args': None, 'catkin_skip_building_tests': False, 'cmake_args': None, 'cmake_clean_cache': False, 'cmake_clean_first': False, 'cmake_force_configure': False, 'cmake_target': None, 'cmake_target_skip_unavailable': False, 'install_base': '/home/imml/git/ROB_534_Project/install/ur_description', 'merge_install': False, 'path': '/home/imml/git/ROB_534_Project/harvest_hardware/Universal_Robots_ROS2_Description', 'symlink_install': True, 'test_result_base': None}
[0.327s] Level 5:colcon.colcon_core.verb:set package 'harvest' build argument 'cmake_args' from command line to 'None'
[0.327s] Level 5:colcon.colcon_core.verb:set package 'harvest' build argument 'cmake_target' from command line to 'None'
[0.327s] Level 5:colcon.colcon_core.verb:set package 'harvest' build argument 'cmake_target_skip_unavailable' from command line to 'False'
[0.327s] Level 5:colcon.colcon_core.verb:set package 'harvest' build argument 'cmake_clean_cache' from command line to 'False'
[0.327s] Level 5:colcon.colcon_core.verb:set package 'harvest' build argument 'cmake_clean_first' from command line to 'False'
[0.327s] Level 5:colcon.colcon_core.verb:set package 'harvest' build argument 'cmake_force_configure' from command line to 'False'
[0.327s] Level 5:colcon.colcon_core.verb:set package 'harvest' build argument 'ament_cmake_args' from command line to 'None'
[0.327s] Level 5:colcon.colcon_core.verb:set package 'harvest' build argument 'catkin_cmake_args' from command line to 'None'
[0.327s] Level 5:colcon.colcon_core.verb:set package 'harvest' build argument 'catkin_skip_building_tests' from command line to 'False'
[0.327s] DEBUG:colcon.colcon_core.verb:Building package 'harvest' with the following arguments: {'ament_cmake_args': None, 'build_base': '/home/imml/git/ROB_534_Project/build/harvest', 'catkin_cmake_args': None, 'catkin_skip_building_tests': False, 'cmake_args': None, 'cmake_clean_cache': False, 'cmake_clean_first': False, 'cmake_force_configure': False, 'cmake_target': None, 'cmake_target_skip_unavailable': False, 'install_base': '/home/imml/git/ROB_534_Project/install/harvest', 'merge_install': False, 'path': '/home/imml/git/ROB_534_Project/harvest', 'symlink_install': True, 'test_result_base': None}
[0.328s] Level 5:colcon.colcon_core.verb:set package 'harvest_control' build argument 'cmake_args' from command line to 'None'
[0.328s] Level 5:colcon.colcon_core.verb:set package 'harvest_control' build argument 'cmake_target' from command line to 'None'
[0.328s] Level 5:colcon.colcon_core.verb:set package 'harvest_control' build argument 'cmake_target_skip_unavailable' from command line to 'False'
[0.328s] Level 5:colcon.colcon_core.verb:set package 'harvest_control' build argument 'cmake_clean_cache' from command line to 'False'
[0.328s] Level 5:colcon.colcon_core.verb:set package 'harvest_control' build argument 'cmake_clean_first' from command line to 'False'
[0.328s] Level 5:colcon.colcon_core.verb:set package 'harvest_control' build argument 'cmake_force_configure' from command line to 'False'
[0.328s] Level 5:colcon.colcon_core.verb:set package 'harvest_control' build argument 'ament_cmake_args' from command line to 'None'
[0.328s] Level 5:colcon.colcon_core.verb:set package 'harvest_control' build argument 'catkin_cmake_args' from command line to 'None'
[0.328s] Level 5:colcon.colcon_core.verb:set package 'harvest_control' build argument 'catkin_skip_building_tests' from command line to 'False'
[0.328s] DEBUG:colcon.colcon_core.verb:Building package 'harvest_control' with the following arguments: {'ament_cmake_args': None, 'build_base': '/home/imml/git/ROB_534_Project/build/harvest_control', 'catkin_cmake_args': None, 'catkin_skip_building_tests': False, 'cmake_args': None, 'cmake_clean_cache': False, 'cmake_clean_first': False, 'cmake_force_configure': False, 'cmake_target': None, 'cmake_target_skip_unavailable': False, 'install_base': '/home/imml/git/ROB_534_Project/install/harvest_control', 'merge_install': False, 'path': '/home/imml/git/ROB_534_Project/harvest_control', 'symlink_install': True, 'test_result_base': None}
[0.329s] Level 5:colcon.colcon_core.verb:set package 'harvest_vision' build argument 'cmake_args' from command line to 'None'
[0.329s] Level 5:colcon.colcon_core.verb:set package 'harvest_vision' build argument 'cmake_target' from command line to 'None'
[0.329s] Level 5:colcon.colcon_core.verb:set package 'harvest_vision' build argument 'cmake_target_skip_unavailable' from command line to 'False'
[0.329s] Level 5:colcon.colcon_core.verb:set package 'harvest_vision' build argument 'cmake_clean_cache' from command line to 'False'
[0.329s] Level 5:colcon.colcon_core.verb:set package 'harvest_vision' build argument 'cmake_clean_first' from command line to 'False'
[0.329s] Level 5:colcon.colcon_core.verb:set package 'harvest_vision' build argument 'cmake_force_configure' from command line to 'False'
[0.329s] Level 5:colcon.colcon_core.verb:set package 'harvest_vision' build argument 'ament_cmake_args' from command line to 'None'
[0.329s] Level 5:colcon.colcon_core.verb:set package 'harvest_vision' build argument 'catkin_cmake_args' from command line to 'None'
[0.329s] Level 5:colcon.colcon_core.verb:set package 'harvest_vision' build argument 'catkin_skip_building_tests' from command line to 'False'
[0.329s] DEBUG:colcon.colcon_core.verb:Building package 'harvest_vision' with the following arguments: {'ament_cmake_args': None, 'build_base': '/home/imml/git/ROB_534_Project/build/harvest_vision', 'catkin_cmake_args': None, 'catkin_skip_building_tests': False, 'cmake_args': None, 'cmake_clean_cache': False, 'cmake_clean_first': False, 'cmake_force_configure': False, 'cmake_target': None, 'cmake_target_skip_unavailable': False, 'install_base': '/home/imml/git/ROB_534_Project/install/harvest_vision', 'merge_install': False, 'path': '/home/imml/git/ROB_534_Project/harvest_vision', 'symlink_install': True, 'test_result_base': None}
[0.329s] Level 5:colcon.colcon_core.verb:set package 'realsense2_camera' build argument 'cmake_args' from command line to 'None'
[0.329s] Level 5:colcon.colcon_core.verb:set package 'realsense2_camera' build argument 'cmake_target' from command line to 'None'
[0.329s] Level 5:colcon.colcon_core.verb:set package 'realsense2_camera' build argument 'cmake_target_skip_unavailable' from command line to 'False'
[0.329s] Level 5:colcon.colcon_core.verb:set package 'realsense2_camera' build argument 'cmake_clean_cache' from command line to 'False'
[0.329s] Level 5:colcon.colcon_core.verb:set package 'realsense2_camera' build argument 'cmake_clean_first' from command line to 'False'
[0.329s] Level 5:colcon.colcon_core.verb:set package 'realsense2_camera' build argument 'cmake_force_configure' from command line to 'False'
[0.329s] Level 5:colcon.colcon_core.verb:set package 'realsense2_camera' build argument 'ament_cmake_args' from command line to 'None'
[0.329s] Level 5:colcon.colcon_core.verb:set package 'realsense2_camera' build argument 'catkin_cmake_args' from command line to 'None'
[0.329s] Level 5:colcon.colcon_core.verb:set package 'realsense2_camera' build argument 'catkin_skip_building_tests' from command line to 'False'
[0.329s] DEBUG:colcon.colcon_core.verb:Building package 'realsense2_camera' with the following arguments: {'ament_cmake_args': None, 'build_base': '/home/imml/git/ROB_534_Project/build/realsense2_camera', 'catkin_cmake_args': None, 'catkin_skip_building_tests': False, 'cmake_args': None, 'cmake_clean_cache': False, 'cmake_clean_first': False, 'cmake_force_configure': False, 'cmake_target': None, 'cmake_target_skip_unavailable': False, 'install_base': '/home/imml/git/ROB_534_Project/install/realsense2_camera', 'merge_install': False, 'path': '/home/imml/git/ROB_534_Project/harvest_hardware/realsense-ros/realsense2_camera', 'symlink_install': True, 'test_result_base': None}
[0.330s] Level 5:colcon.colcon_core.verb:set package 'realsense2_description' build argument 'cmake_args' from command line to 'None'
[0.330s] Level 5:colcon.colcon_core.verb:set package 'realsense2_description' build argument 'cmake_target' from command line to 'None'
[0.330s] Level 5:colcon.colcon_core.verb:set package 'realsense2_description' build argument 'cmake_target_skip_unavailable' from command line to 'False'
[0.330s] Level 5:colcon.colcon_core.verb:set package 'realsense2_description' build argument 'cmake_clean_cache' from command line to 'False'
[0.330s] Level 5:colcon.colcon_core.verb:set package 'realsense2_description' build argument 'cmake_clean_first' from command line to 'False'
[0.330s] Level 5:colcon.colcon_core.verb:set package 'realsense2_description' build argument 'cmake_force_configure' from command line to 'False'
[0.330s] Level 5:colcon.colcon_core.verb:set package 'realsense2_description' build argument 'ament_cmake_args' from command line to 'None'
[0.330s] Level 5:colcon.colcon_core.verb:set package 'realsense2_description' build argument 'catkin_cmake_args' from command line to 'None'
[0.330s] Level 5:colcon.colcon_core.verb:set package 'realsense2_description' build argument 'catkin_skip_building_tests' from command line to 'False'
[0.330s] DEBUG:colcon.colcon_core.verb:Building package 'realsense2_description' with the following arguments: {'ament_cmake_args': None, 'build_base': '/home/imml/git/ROB_534_Project/build/realsense2_description', 'catkin_cmake_args': None, 'catkin_skip_building_tests': False, 'cmake_args': None, 'cmake_clean_cache': False, 'cmake_clean_first': False, 'cmake_force_configure': False, 'cmake_target': None, 'cmake_target_skip_unavailable': False, 'install_base': '/home/imml/git/ROB_534_Project/install/realsense2_description', 'merge_install': False, 'path': '/home/imml/git/ROB_534_Project/harvest_hardware/realsense-ros/realsense2_description', 'symlink_install': True, 'test_result_base': None}
[0.330s] Level 5:colcon.colcon_core.verb:set package 'ur_controllers' build argument 'cmake_args' from command line to 'None'
[0.330s] Level 5:colcon.colcon_core.verb:set package 'ur_controllers' build argument 'cmake_target' from command line to 'None'
[0.330s] Level 5:colcon.colcon_core.verb:set package 'ur_controllers' build argument 'cmake_target_skip_unavailable' from command line to 'False'
[0.330s] Level 5:colcon.colcon_core.verb:set package 'ur_controllers' build argument 'cmake_clean_cache' from command line to 'False'
[0.330s] Level 5:colcon.colcon_core.verb:set package 'ur_controllers' build argument 'cmake_clean_first' from command line to 'False'
[0.330s] Level 5:colcon.colcon_core.verb:set package 'ur_controllers' build argument 'cmake_force_configure' from command line to 'False'
[0.330s] Level 5:colcon.colcon_core.verb:set package 'ur_controllers' build argument 'ament_cmake_args' from command line to 'None'
[0.330s] Level 5:colcon.colcon_core.verb:set package 'ur_controllers' build argument 'catkin_cmake_args' from command line to 'None'
[0.330s] Level 5:colcon.colcon_core.verb:set package 'ur_controllers' build argument 'catkin_skip_building_tests' from command line to 'False'
[0.330s] DEBUG:colcon.colcon_core.verb:Building package 'ur_controllers' with the following arguments: {'ament_cmake_args': None, 'build_base': '/home/imml/git/ROB_534_Project/build/ur_controllers', 'catkin_cmake_args': None, 'catkin_skip_building_tests': False, 'cmake_args': None, 'cmake_clean_cache': False, 'cmake_clean_first': False, 'cmake_force_configure': False, 'cmake_target': None, 'cmake_target_skip_unavailable': False, 'install_base': '/home/imml/git/ROB_534_Project/install/ur_controllers', 'merge_install': False, 'path': '/home/imml/git/ROB_534_Project/harvest_hardware/Universal_Robots_ROS2_Driver/ur_controllers', 'symlink_install': True, 'test_result_base': None}
[0.330s] Level 5:colcon.colcon_core.verb:set package 'ur_moveit_config' build argument 'cmake_args' from command line to 'None'
[0.330s] Level 5:colcon.colcon_core.verb:set package 'ur_moveit_config' build argument 'cmake_target' from command line to 'None'
[0.330s] Level 5:colcon.colcon_core.verb:set package 'ur_moveit_config' build argument 'cmake_target_skip_unavailable' from command line to 'False'
[0.330s] Level 5:colcon.colcon_core.verb:set package 'ur_moveit_config' build argument 'cmake_clean_cache' from command line to 'False'
[0.330s] Level 5:colcon.colcon_core.verb:set package 'ur_moveit_config' build argument 'cmake_clean_first' from command line to 'False'
[0.330s] Level 5:colcon.colcon_core.verb:set package 'ur_moveit_config' build argument 'cmake_force_configure' from command line to 'False'
[0.330s] Level 5:colcon.colcon_core.verb:set package 'ur_moveit_config' build argument 'ament_cmake_args' from command line to 'None'
[0.330s] Level 5:colcon.colcon_core.verb:set package 'ur_moveit_config' build argument 'catkin_cmake_args' from command line to 'None'
[0.330s] Level 5:colcon.colcon_core.verb:set package 'ur_moveit_config' build argument 'catkin_skip_building_tests' from command line to 'False'
[0.331s] DEBUG:colcon.colcon_core.verb:Building package 'ur_moveit_config' with the following arguments: {'ament_cmake_args': None, 'build_base': '/home/imml/git/ROB_534_Project/build/ur_moveit_config', 'catkin_cmake_args': None, 'catkin_skip_building_tests': False, 'cmake_args': None, 'cmake_clean_cache': False, 'cmake_clean_first': False, 'cmake_force_configure': False, 'cmake_target': None, 'cmake_target_skip_unavailable': False, 'install_base': '/home/imml/git/ROB_534_Project/install/ur_moveit_config', 'merge_install': False, 'path': '/home/imml/git/ROB_534_Project/harvest_hardware/Universal_Robots_ROS2_Driver/ur_moveit_config', 'symlink_install': True, 'test_result_base': None}
[0.331s] Level 5:colcon.colcon_core.verb:set package 'ur_bringup' build argument 'cmake_args' from command line to 'None'
[0.331s] Level 5:colcon.colcon_core.verb:set package 'ur_bringup' build argument 'cmake_target' from command line to 'None'
[0.331s] Level 5:colcon.colcon_core.verb:set package 'ur_bringup' build argument 'cmake_target_skip_unavailable' from command line to 'False'
[0.331s] Level 5:colcon.colcon_core.verb:set package 'ur_bringup' build argument 'cmake_clean_cache' from command line to 'False'
[0.331s] Level 5:colcon.colcon_core.verb:set package 'ur_bringup' build argument 'cmake_clean_first' from command line to 'False'
[0.331s] Level 5:colcon.colcon_core.verb:set package 'ur_bringup' build argument 'cmake_force_configure' from command line to 'False'
[0.331s] Level 5:colcon.colcon_core.verb:set package 'ur_bringup' build argument 'ament_cmake_args' from command line to 'None'
[0.331s] Level 5:colcon.colcon_core.verb:set package 'ur_bringup' build argument 'catkin_cmake_args' from command line to 'None'
[0.331s] Level 5:colcon.colcon_core.verb:set package 'ur_bringup' build argument 'catkin_skip_building_tests' from command line to 'False'
[0.331s] DEBUG:colcon.colcon_core.verb:Building package 'ur_bringup' with the following arguments: {'ament_cmake_args': None, 'build_base': '/home/imml/git/ROB_534_Project/build/ur_bringup', 'catkin_cmake_args': None, 'catkin_skip_building_tests': False, 'cmake_args': None, 'cmake_clean_cache': False, 'cmake_clean_first': False, 'cmake_force_configure': False, 'cmake_target': None, 'cmake_target_skip_unavailable': False, 'install_base': '/home/imml/git/ROB_534_Project/install/ur_bringup', 'merge_install': False, 'path': '/home/imml/git/ROB_534_Project/harvest_hardware/Universal_Robots_ROS2_Driver/ur_bringup', 'symlink_install': True, 'test_result_base': None}
[0.331s] Level 5:colcon.colcon_core.verb:set package 'ur_robot_driver' build argument 'cmake_args' from command line to 'None'
[0.331s] Level 5:colcon.colcon_core.verb:set package 'ur_robot_driver' build argument 'cmake_target' from command line to 'None'
[0.331s] Level 5:colcon.colcon_core.verb:set package 'ur_robot_driver' build argument 'cmake_target_skip_unavailable' from command line to 'False'
[0.331s] Level 5:colcon.colcon_core.verb:set package 'ur_robot_driver' build argument 'cmake_clean_cache' from command line to 'False'
[0.331s] Level 5:colcon.colcon_core.verb:set package 'ur_robot_driver' build argument 'cmake_clean_first' from command line to 'False'
[0.331s] Level 5:colcon.colcon_core.verb:set package 'ur_robot_driver' build argument 'cmake_force_configure' from command line to 'False'
[0.331s] Level 5:colcon.colcon_core.verb:set package 'ur_robot_driver' build argument 'ament_cmake_args' from command line to 'None'
[0.331s] Level 5:colcon.colcon_core.verb:set package 'ur_robot_driver' build argument 'catkin_cmake_args' from command line to 'None'
[0.331s] Level 5:colcon.colcon_core.verb:set package 'ur_robot_driver' build argument 'catkin_skip_building_tests' from command line to 'False'
[0.331s] DEBUG:colcon.colcon_core.verb:Building package 'ur_robot_driver' with the following arguments: {'ament_cmake_args': None, 'build_base': '/home/imml/git/ROB_534_Project/build/ur_robot_driver', 'catkin_cmake_args': None, 'catkin_skip_building_tests': False, 'cmake_args': None, 'cmake_clean_cache': False, 'cmake_clean_first': False, 'cmake_force_configure': False, 'cmake_target': None, 'cmake_target_skip_unavailable': False, 'install_base': '/home/imml/git/ROB_534_Project/install/ur_robot_driver', 'merge_install': False, 'path': '/home/imml/git/ROB_534_Project/harvest_hardware/Universal_Robots_ROS2_Driver/ur_robot_driver', 'symlink_install': True, 'test_result_base': None}
[0.331s] Level 5:colcon.colcon_core.verb:set package 'ur_calibration' build argument 'cmake_args' from command line to 'None'
[0.332s] Level 5:colcon.colcon_core.verb:set package 'ur_calibration' build argument 'cmake_target' from command line to 'None'
[0.332s] Level 5:colcon.colcon_core.verb:set package 'ur_calibration' build argument 'cmake_target_skip_unavailable' from command line to 'False'
[0.332s] Level 5:colcon.colcon_core.verb:set package 'ur_calibration' build argument 'cmake_clean_cache' from command line to 'False'
[0.332s] Level 5:colcon.colcon_core.verb:set package 'ur_calibration' build argument 'cmake_clean_first' from command line to 'False'
[0.332s] Level 5:colcon.colcon_core.verb:set package 'ur_calibration' build argument 'cmake_force_configure' from command line to 'False'
[0.332s] Level 5:colcon.colcon_core.verb:set package 'ur_calibration' build argument 'ament_cmake_args' from command line to 'None'
[0.332s] Level 5:colcon.colcon_core.verb:set package 'ur_calibration' build argument 'catkin_cmake_args' from command line to 'None'
[0.332s] Level 5:colcon.colcon_core.verb:set package 'ur_calibration' build argument 'catkin_skip_building_tests' from command line to 'False'
[0.332s] DEBUG:colcon.colcon_core.verb:Building package 'ur_calibration' with the following arguments: {'ament_cmake_args': None, 'build_base': '/home/imml/git/ROB_534_Project/build/ur_calibration', 'catkin_cmake_args': None, 'catkin_skip_building_tests': False, 'cmake_args': None, 'cmake_clean_cache': False, 'cmake_clean_first': False, 'cmake_force_configure': False, 'cmake_target': None, 'cmake_target_skip_unavailable': False, 'install_base': '/home/imml/git/ROB_534_Project/install/ur_calibration', 'merge_install': False, 'path': '/home/imml/git/ROB_534_Project/harvest_hardware/Universal_Robots_ROS2_Driver/ur_calibration', 'symlink_install': True, 'test_result_base': None}
[0.332s] Level 5:colcon.colcon_core.verb:set package 'ur' build argument 'cmake_args' from command line to 'None'
[0.332s] Level 5:colcon.colcon_core.verb:set package 'ur' build argument 'cmake_target' from command line to 'None'
[0.332s] Level 5:colcon.colcon_core.verb:set package 'ur' build argument 'cmake_target_skip_unavailable' from command line to 'False'
[0.332s] Level 5:colcon.colcon_core.verb:set package 'ur' build argument 'cmake_clean_cache' from command line to 'False'
[0.332s] Level 5:colcon.colcon_core.verb:set package 'ur' build argument 'cmake_clean_first' from command line to 'False'
[0.332s] Level 5:colcon.colcon_core.verb:set package 'ur' build argument 'cmake_force_configure' from command line to 'False'
[0.332s] Level 5:colcon.colcon_core.verb:set package 'ur' build argument 'ament_cmake_args' from command line to 'None'
[0.332s] Level 5:colcon.colcon_core.verb:set package 'ur' build argument 'catkin_cmake_args' from command line to 'None'
[0.332s] Level 5:colcon.colcon_core.verb:set package 'ur' build argument 'catkin_skip_building_tests' from command line to 'False'
[0.332s] DEBUG:colcon.colcon_core.verb:Building package 'ur' with the following arguments: {'ament_cmake_args': None, 'build_base': '/home/imml/git/ROB_534_Project/build/ur', 'catkin_cmake_args': None, 'catkin_skip_building_tests': False, 'cmake_args': None, 'cmake_clean_cache': False, 'cmake_clean_first': False, 'cmake_force_configure': False, 'cmake_target': None, 'cmake_target_skip_unavailable': False, 'install_base': '/home/imml/git/ROB_534_Project/install/ur', 'merge_install': False, 'path': '/home/imml/git/ROB_534_Project/harvest_hardware/Universal_Robots_ROS2_Driver/ur', 'symlink_install': True, 'test_result_base': None}
[0.332s] INFO:colcon.colcon_core.executor:Executing jobs using 'parallel' executor
[0.333s] DEBUG:colcon.colcon_parallel_executor.executor.parallel:run_until_complete
[0.333s] INFO:colcon.colcon_ros.task.ament_cmake.build:Building ROS package in '/home/imml/git/ROB_534_Project/harvest_hardware/Universal_Robots_ROS2_Driver/ur_dashboard_msgs' with build type 'ament_cmake'
[0.334s] INFO:colcon.colcon_cmake.task.cmake.build:Building CMake package in '/home/imml/git/ROB_534_Project/harvest_hardware/Universal_Robots_ROS2_Driver/ur_dashboard_msgs'
[0.336s] INFO:colcon.colcon_core.plugin_system:Skipping extension 'colcon_core.shell.bat': Not used on non-Windows systems
[0.336s] INFO:colcon.colcon_core.shell:Skip shell extension 'powershell' for command environment: Not usable outside of PowerShell
[0.336s] DEBUG:colcon.colcon_core.shell:Skip shell extension 'dsv' for command environment
[0.340s] INFO:colcon.colcon_ros.task.ament_cmake.build:Building ROS package in '/home/imml/git/ROB_534_Project/harvest_hardware/Universal_Robots_ROS2_Description' with build type 'ament_cmake'
[0.340s] INFO:colcon.colcon_cmake.task.cmake.build:Building CMake package in '/home/imml/git/ROB_534_Project/harvest_hardware/Universal_Robots_ROS2_Description'
[0.340s] INFO:colcon.colcon_core.shell:Skip shell extension 'powershell' for command environment: Not usable outside of PowerShell
[0.340s] DEBUG:colcon.colcon_core.shell:Skip shell extension 'dsv' for command environment
[0.343s] INFO:colcon.colcon_ros.task.ament_cmake.build:Building ROS package in '/home/imml/git/ROB_534_Project/harvest_interfaces' with build type 'ament_cmake'
[0.343s] INFO:colcon.colcon_cmake.task.cmake.build:Building CMake package in '/home/imml/git/ROB_534_Project/harvest_interfaces'
[0.343s] INFO:colcon.colcon_core.shell:Skip shell extension 'powershell' for command environment: Not usable outside of PowerShell
[0.343s] DEBUG:colcon.colcon_core.shell:Skip shell extension 'dsv' for command environment
[0.347s] INFO:colcon.colcon_ros.task.ament_cmake.build:Building ROS package in '/home/imml/git/ROB_534_Project/harvest_hardware/realsense-ros/realsense2_camera_msgs' with build type 'ament_cmake'
[0.347s] INFO:colcon.colcon_cmake.task.cmake.build:Building CMake package in '/home/imml/git/ROB_534_Project/harvest_hardware/realsense-ros/realsense2_camera_msgs'
[0.347s] INFO:colcon.colcon_core.shell:Skip shell extension 'powershell' for command environment: Not usable outside of PowerShell
[0.347s] DEBUG:colcon.colcon_core.shell:Skip shell extension 'dsv' for command environment
[0.350s] INFO:colcon.colcon_ros.task.ament_python.build:Building ROS package in '/home/imml/git/ROB_534_Project/harvest_hardware/ur5e_custom_hardware' with build type 'ament_python'
[0.350s] Level 1:colcon.colcon_core.shell:create_environment_hook('ur5e_custom_hardware', 'ament_prefix_path')
[0.350s] INFO:colcon.colcon_core.shell:Creating environment hook '/home/imml/git/ROB_534_Project/install/ur5e_custom_hardware/share/ur5e_custom_hardware/hook/ament_prefix_path.ps1'
[0.351s] INFO:colcon.colcon_core.shell:Creating environment descriptor '/home/imml/git/ROB_534_Project/install/ur5e_custom_hardware/share/ur5e_custom_hardware/hook/ament_prefix_path.dsv'
[0.351s] INFO:colcon.colcon_core.shell:Creating environment hook '/home/imml/git/ROB_534_Project/install/ur5e_custom_hardware/share/ur5e_custom_hardware/hook/ament_prefix_path.sh'
[0.352s] INFO:colcon.colcon_core.shell:Skip shell extension 'powershell' for command environment: Not usable outside of PowerShell
[0.352s] DEBUG:colcon.colcon_core.shell:Skip shell extension 'dsv' for command environment
[0.359s] DEBUG:colcon.colcon_core.event_handler.log_command:Invoking command in '/home/imml/git/ROB_534_Project/build/ur_dashboard_msgs': CMAKE_PREFIX_PATH=${CMAKE_PREFIX_PATH}:/home/imml/git/ROB_534_Project/install/ur5e_custom_hardware:/home/imml/git/ROB_534_Project/install/harvest_vision:/opt/ros/humble /usr/bin/cmake --build /home/imml/git/ROB_534_Project/build/ur_dashboard_msgs -- -j16 -l16
[0.360s] DEBUG:colcon.colcon_core.event_handler.log_command:Invoking command in '/home/imml/git/ROB_534_Project/build/ur_description': CMAKE_PREFIX_PATH=${CMAKE_PREFIX_PATH}:/home/imml/git/ROB_534_Project/install/ur5e_custom_hardware:/home/imml/git/ROB_534_Project/install/harvest_vision:/opt/ros/humble /usr/bin/cmake --build /home/imml/git/ROB_534_Project/build/ur_description -- -j16 -l16
[0.363s] DEBUG:colcon.colcon_core.event_handler.log_command:Invoking command in '/home/imml/git/ROB_534_Project/build/harvest_interfaces': CMAKE_PREFIX_PATH=${CMAKE_PREFIX_PATH}:/home/imml/git/ROB_534_Project/install/ur5e_custom_hardware:/home/imml/git/ROB_534_Project/install/harvest_vision:/opt/ros/humble /usr/bin/cmake --build /home/imml/git/ROB_534_Project/build/harvest_interfaces -- -j16 -l16
[0.366s] DEBUG:colcon.colcon_core.event_handler.log_command:Invoking command in '/home/imml/git/ROB_534_Project/build/realsense2_camera_msgs': CMAKE_PREFIX_PATH=${CMAKE_PREFIX_PATH}:/home/imml/git/ROB_534_Project/install/ur5e_custom_hardware:/home/imml/git/ROB_534_Project/install/harvest_vision:/opt/ros/humble /usr/bin/cmake --build /home/imml/git/ROB_534_Project/build/realsense2_camera_msgs -- -j16 -l16
[0.636s] INFO:colcon.colcon_core.task.python.build:Building Python package in '/home/imml/git/ROB_534_Project/harvest_hardware/ur5e_custom_hardware'
[0.637s] INFO:colcon.colcon_core.shell:Skip shell extension 'powershell' for command environment: Not usable outside of PowerShell
[0.637s] DEBUG:colcon.colcon_core.shell:Skip shell extension 'dsv' for command environment
[0.642s] DEBUG:colcon.colcon_core.event_handler.log_command:Invoked command in '/home/imml/git/ROB_534_Project/build/ur_description' returned '0': CMAKE_PREFIX_PATH=${CMAKE_PREFIX_PATH}:/home/imml/git/ROB_534_Project/install/ur5e_custom_hardware:/home/imml/git/ROB_534_Project/install/harvest_vision:/opt/ros/humble /usr/bin/cmake --build /home/imml/git/ROB_534_Project/build/ur_description -- -j16 -l16
[0.651s] DEBUG:colcon.colcon_core.event_handler.log_command:Invoking command in '/home/imml/git/ROB_534_Project/build/ur_description': CMAKE_PREFIX_PATH=${CMAKE_PREFIX_PATH}:/home/imml/git/ROB_534_Project/install/ur5e_custom_hardware:/home/imml/git/ROB_534_Project/install/harvest_vision:/opt/ros/humble /usr/bin/cmake --install /home/imml/git/ROB_534_Project/build/ur_description
[0.688s] Level 1:colcon.colcon_core.environment:create_environment_scripts_only(ur_description)
[0.689s] DEBUG:colcon.colcon_core.event_handler.log_command:Invoked command in '/home/imml/git/ROB_534_Project/build/ur_description' returned '0': CMAKE_PREFIX_PATH=${CMAKE_PREFIX_PATH}:/home/imml/git/ROB_534_Project/install/ur5e_custom_hardware:/home/imml/git/ROB_534_Project/install/harvest_vision:/opt/ros/humble /usr/bin/cmake --install /home/imml/git/ROB_534_Project/build/ur_description
[0.691s] Level 1:colcon.colcon_core.environment:checking '/home/imml/git/ROB_534_Project/install/ur_description' for CMake module files
[0.691s] Level 1:colcon.colcon_core.environment:checking '/home/imml/git/ROB_534_Project/install/ur_description' for CMake config files
[0.693s] Level 1:colcon.colcon_core.shell:create_environment_hook('ur_description', 'cmake_prefix_path')
[0.693s] INFO:colcon.colcon_core.shell:Creating environment hook '/home/imml/git/ROB_534_Project/install/ur_description/share/ur_description/hook/cmake_prefix_path.ps1'
[0.694s] INFO:colcon.colcon_core.shell:Creating environment descriptor '/home/imml/git/ROB_534_Project/install/ur_description/share/ur_description/hook/cmake_prefix_path.dsv'
[0.694s] INFO:colcon.colcon_core.shell:Creating environment hook '/home/imml/git/ROB_534_Project/install/ur_description/share/ur_description/hook/cmake_prefix_path.sh'
[0.695s] Level 1:colcon.colcon_core.environment:checking '/home/imml/git/ROB_534_Project/install/ur_description/bin'
[0.695s] Level 1:colcon.colcon_core.environment:checking '/home/imml/git/ROB_534_Project/install/ur_description/lib/pkgconfig/ur_description.pc'
[0.695s] Level 1:colcon.colcon_core.environment:checking '/home/imml/git/ROB_534_Project/install/ur_description/lib/python3.10/site-packages'
[0.695s] Level 1:colcon.colcon_core.environment:checking '/home/imml/git/ROB_534_Project/install/ur_description/bin'
[0.695s] INFO:colcon.colcon_core.shell:Creating package script '/home/imml/git/ROB_534_Project/install/ur_description/share/ur_description/package.ps1'
[0.696s] INFO:colcon.colcon_core.shell:Creating package descriptor '/home/imml/git/ROB_534_Project/install/ur_description/share/ur_description/package.dsv'
[0.696s] INFO:colcon.colcon_core.shell:Creating package script '/home/imml/git/ROB_534_Project/install/ur_description/share/ur_description/package.sh'
[0.697s] INFO:colcon.colcon_core.shell:Creating package script '/home/imml/git/ROB_534_Project/install/ur_description/share/ur_description/package.bash'
[0.698s] INFO:colcon.colcon_core.shell:Creating package script '/home/imml/git/ROB_534_Project/install/ur_description/share/ur_description/package.zsh'
[0.698s] Level 1:colcon.colcon_core.environment:create_file_with_runtime_dependencies(/home/imml/git/ROB_534_Project/install/ur_description/share/colcon-core/packages/ur_description)
[0.699s] Level 1:colcon.colcon_core.environment:create_environment_scripts_only(ur_description)
[0.699s] Level 1:colcon.colcon_core.environment:checking '/home/imml/git/ROB_534_Project/install/ur_description' for CMake module files
[0.699s] Level 1:colcon.colcon_core.environment:checking '/home/imml/git/ROB_534_Project/install/ur_description' for CMake config files
[0.701s] Level 1:colcon.colcon_core.shell:create_environment_hook('ur_description', 'cmake_prefix_path')
[0.701s] INFO:colcon.colcon_core.shell:Creating environment hook '/home/imml/git/ROB_534_Project/install/ur_description/share/ur_description/hook/cmake_prefix_path.ps1'
[0.701s] INFO:colcon.colcon_core.shell:Creating environment descriptor '/home/imml/git/ROB_534_Project/install/ur_description/share/ur_description/hook/cmake_prefix_path.dsv'
[0.702s] INFO:colcon.colcon_core.shell:Creating environment hook '/home/imml/git/ROB_534_Project/install/ur_description/share/ur_description/hook/cmake_prefix_path.sh'
[0.702s] Level 1:colcon.colcon_core.environment:checking '/home/imml/git/ROB_534_Project/install/ur_description/bin'
[0.702s] Level 1:colcon.colcon_core.environment:checking '/home/imml/git/ROB_534_Project/install/ur_description/lib/pkgconfig/ur_description.pc'
[0.702s] Level 1:colcon.colcon_core.environment:checking '/home/imml/git/ROB_534_Project/install/ur_description/lib/python3.10/site-packages'
[0.702s] Level 1:colcon.colcon_core.environment:checking '/home/imml/git/ROB_534_Project/install/ur_description/bin'
[0.703s] INFO:colcon.colcon_core.shell:Creating package script '/home/imml/git/ROB_534_Project/install/ur_description/share/ur_description/package.ps1'
[0.703s] INFO:colcon.colcon_core.shell:Creating package descriptor '/home/imml/git/ROB_534_Project/install/ur_description/share/ur_description/package.dsv'
[0.703s] INFO:colcon.colcon_core.shell:Creating package script '/home/imml/git/ROB_534_Project/install/ur_description/share/ur_description/package.sh'
[0.704s] INFO:colcon.colcon_core.shell:Creating package script '/home/imml/git/ROB_534_Project/install/ur_description/share/ur_description/package.bash'
[0.704s] INFO:colcon.colcon_core.shell:Creating package script '/home/imml/git/ROB_534_Project/install/ur_description/share/ur_description/package.zsh'
[0.704s] Level 1:colcon.colcon_core.environment:create_file_with_runtime_dependencies(/home/imml/git/ROB_534_Project/install/ur_description/share/colcon-core/packages/ur_description)
[0.705s] INFO:colcon.colcon_ros.task.ament_cmake.build:Building ROS package in '/home/imml/git/ROB_534_Project/harvest_hardware/Universal_Robots_ROS2_Driver/ur_moveit_config' with build type 'ament_cmake'
[0.705s] INFO:colcon.colcon_cmake.task.cmake.build:Building CMake package in '/home/imml/git/ROB_534_Project/harvest_hardware/Universal_Robots_ROS2_Driver/ur_moveit_config'
[0.705s] INFO:colcon.colcon_core.shell:Skip shell extension 'powershell' for command environment: Not usable outside of PowerShell
[0.705s] DEBUG:colcon.colcon_core.shell:Skip shell extension 'dsv' for command environment
[0.715s] DEBUG:colcon.colcon_core.event_handler.log_command:Invoking command in '/home/imml/git/ROB_534_Project/build/ur_moveit_config': CMAKE_PREFIX_PATH=/home/imml/git/ROB_534_Project/install/ur_description:/home/imml/git/ROB_534_Project/install/ur:/home/imml/git/ROB_534_Project/install/ur_calibration:/home/imml/git/ROB_534_Project/install/ur_robot_driver:/home/imml/git/ROB_534_Project/install/ur_moveit_config:/home/imml/git/ROB_534_Project/install/ur_bringup:/home/imml/git/ROB_534_Project/install/ur_controllers:/home/imml/git/ROB_534_Project/install/ur_dashboard_msgs:/home/imml/git/ROB_534_Project/install/realsense2_description:/home/imml/git/ROB_534_Project/install/realsense2_camera:/home/imml/git/ROB_534_Project/install/realsense2_camera_msgs:/home/imml/git/ROB_534_Project/install/harvest_control:/home/imml/git/ROB_534_Project/install/harvest:/home/imml/git/ROB_534_Project/install/harvest_interfaces:/home/imml/git/ROB_534_Project/install/ur5e_custom_hardware:/home/imml/git/ROB_534_Project/install/harvest_vision:/opt/ros/humble /usr/bin/cmake --build /home/imml/git/ROB_534_Project/build/ur_moveit_config -- -j16 -l16
[0.734s] DEBUG:colcon.colcon_core.event_handler.log_command:Invoked command in '/home/imml/git/ROB_534_Project/build/realsense2_camera_msgs' returned '0': CMAKE_PREFIX_PATH=${CMAKE_PREFIX_PATH}:/home/imml/git/ROB_534_Project/install/ur5e_custom_hardware:/home/imml/git/ROB_534_Project/install/harvest_vision:/opt/ros/humble /usr/bin/cmake --build /home/imml/git/ROB_534_Project/build/realsense2_camera_msgs -- -j16 -l16
[0.736s] DEBUG:colcon.colcon_core.event_handler.log_command:Invoking command in '/home/imml/git/ROB_534_Project/build/realsense2_camera_msgs': CMAKE_PREFIX_PATH=${CMAKE_PREFIX_PATH}:/home/imml/git/ROB_534_Project/install/ur5e_custom_hardware:/home/imml/git/ROB_534_Project/install/harvest_vision:/opt/ros/humble /usr/bin/cmake --install /home/imml/git/ROB_534_Project/build/realsense2_camera_msgs
[0.741s] DEBUG:colcon.colcon_core.event_handler.log_command:Invoked command in '/home/imml/git/ROB_534_Project/build/ur_dashboard_msgs' returned '0': CMAKE_PREFIX_PATH=${CMAKE_PREFIX_PATH}:/home/imml/git/ROB_534_Project/install/ur5e_custom_hardware:/home/imml/git/ROB_534_Project/install/harvest_vision:/opt/ros/humble /usr/bin/cmake --build /home/imml/git/ROB_534_Project/build/ur_dashboard_msgs -- -j16 -l16
[0.742s] DEBUG:colcon.colcon_core.event_handler.log_command:Invoking command in '/home/imml/git/ROB_534_Project/build/ur_dashboard_msgs': CMAKE_PREFIX_PATH=${CMAKE_PREFIX_PATH}:/home/imml/git/ROB_534_Project/install/ur5e_custom_hardware:/home/imml/git/ROB_534_Project/install/harvest_vision:/opt/ros/humble /usr/bin/cmake --install /home/imml/git/ROB_534_Project/build/ur_dashboard_msgs
[0.745s] DEBUG:colcon.colcon_core.event_handler.log_command:Invoked command in '/home/imml/git/ROB_534_Project/build/harvest_interfaces' returned '0': CMAKE_PREFIX_PATH=${CMAKE_PREFIX_PATH}:/home/imml/git/ROB_534_Project/install/ur5e_custom_hardware:/home/imml/git/ROB_534_Project/install/harvest_vision:/opt/ros/humble /usr/bin/cmake --build /home/imml/git/ROB_534_Project/build/harvest_interfaces -- -j16 -l16
[0.747s] DEBUG:colcon.colcon_core.event_handler.log_command:Invoking command in '/home/imml/git/ROB_534_Project/build/harvest_interfaces': CMAKE_PREFIX_PATH=${CMAKE_PREFIX_PATH}:/home/imml/git/ROB_534_Project/install/ur5e_custom_hardware:/home/imml/git/ROB_534_Project/install/harvest_vision:/opt/ros/humble /usr/bin/cmake --install /home/imml/git/ROB_534_Project/build/harvest_interfaces
[0.814s] Level 1:colcon.colcon_core.environment:create_environment_scripts_only(realsense2_camera_msgs)
[0.815s] Level 1:colcon.colcon_core.environment:checking '/home/imml/git/ROB_534_Project/install/realsense2_camera_msgs' for CMake module files
[0.815s] DEBUG:colcon.colcon_core.event_handler.log_command:Invoked command in '/home/imml/git/ROB_534_Project/build/realsense2_camera_msgs' returned '0': CMAKE_PREFIX_PATH=${CMAKE_PREFIX_PATH}:/home/imml/git/ROB_534_Project/install/ur5e_custom_hardware:/home/imml/git/ROB_534_Project/install/harvest_vision:/opt/ros/humble /usr/bin/cmake --install /home/imml/git/ROB_534_Project/build/realsense2_camera_msgs
[0.816s] Level 1:colcon.colcon_core.environment:checking '/home/imml/git/ROB_534_Project/install/realsense2_camera_msgs' for CMake config files
[0.817s] Level 1:colcon.colcon_core.shell:create_environment_hook('realsense2_camera_msgs', 'cmake_prefix_path')
[0.817s] INFO:colcon.colcon_core.shell:Creating environment hook '/home/imml/git/ROB_534_Project/install/realsense2_camera_msgs/share/realsense2_camera_msgs/hook/cmake_prefix_path.ps1'
[0.818s] INFO:colcon.colcon_core.shell:Creating environment descriptor '/home/imml/git/ROB_534_Project/install/realsense2_camera_msgs/share/realsense2_camera_msgs/hook/cmake_prefix_path.dsv'
[0.818s] INFO:colcon.colcon_core.shell:Creating environment hook '/home/imml/git/ROB_534_Project/install/realsense2_camera_msgs/share/realsense2_camera_msgs/hook/cmake_prefix_path.sh'
[0.818s] Level 1:colcon.colcon_core.environment:checking '/home/imml/git/ROB_534_Project/install/realsense2_camera_msgs/lib'
[0.818s] Level 1:colcon.colcon_core.shell:create_environment_hook('realsense2_camera_msgs', 'ld_library_path_lib')
[0.819s] INFO:colcon.colcon_core.shell:Creating environment hook '/home/imml/git/ROB_534_Project/install/realsense2_camera_msgs/share/realsense2_camera_msgs/hook/ld_library_path_lib.ps1'
[0.819s] INFO:colcon.colcon_core.shell:Creating environment descriptor '/home/imml/git/ROB_534_Project/install/realsense2_camera_msgs/share/realsense2_camera_msgs/hook/ld_library_path_lib.dsv'
[0.819s] INFO:colcon.colcon_core.shell:Creating environment hook '/home/imml/git/ROB_534_Project/install/realsense2_camera_msgs/share/realsense2_camera_msgs/hook/ld_library_path_lib.sh'
[0.820s] Level 1:colcon.colcon_core.environment:checking '/home/imml/git/ROB_534_Project/install/realsense2_camera_msgs/bin'
[0.820s] Level 1:colcon.colcon_core.environment:checking '/home/imml/git/ROB_534_Project/install/realsense2_camera_msgs/lib/pkgconfig/realsense2_camera_msgs.pc'
[0.820s] Level 1:colcon.colcon_core.environment:checking '/home/imml/git/ROB_534_Project/install/realsense2_camera_msgs/lib/python3.10/site-packages'
[0.820s] Level 1:colcon.colcon_core.environment:checking '/home/imml/git/ROB_534_Project/install/realsense2_camera_msgs/bin'
[0.820s] INFO:colcon.colcon_core.shell:Creating package script '/home/imml/git/ROB_534_Project/install/realsense2_camera_msgs/share/realsense2_camera_msgs/package.ps1'
[0.821s] INFO:colcon.colcon_core.shell:Creating package descriptor '/home/imml/git/ROB_534_Project/install/realsense2_camera_msgs/share/realsense2_camera_msgs/package.dsv'
[0.821s] INFO:colcon.colcon_core.shell:Creating package script '/home/imml/git/ROB_534_Project/install/realsense2_camera_msgs/share/realsense2_camera_msgs/package.sh'
[0.821s] INFO:colcon.colcon_core.shell:Creating package script '/home/imml/git/ROB_534_Project/install/realsense2_camera_msgs/share/realsense2_camera_msgs/package.bash'
[0.822s] INFO:colcon.colcon_core.shell:Creating package script '/home/imml/git/ROB_534_Project/install/realsense2_camera_msgs/share/realsense2_camera_msgs/package.zsh'
[0.822s] Level 1:colcon.colcon_core.environment:create_file_with_runtime_dependencies(/home/imml/git/ROB_534_Project/install/realsense2_camera_msgs/share/colcon-core/packages/realsense2_camera_msgs)
[0.822s] Level 1:colcon.colcon_core.environment:create_environment_scripts_only(realsense2_camera_msgs)
[0.823s] Level 1:colcon.colcon_core.environment:checking '/home/imml/git/ROB_534_Project/install/realsense2_camera_msgs' for CMake module files
[0.823s] Level 1:colcon.colcon_core.environment:checking '/home/imml/git/ROB_534_Project/install/realsense2_camera_msgs' for CMake config files
[0.824s] Level 1:colcon.colcon_core.shell:create_environment_hook('realsense2_camera_msgs', 'cmake_prefix_path')
[0.824s] INFO:colcon.colcon_core.shell:Creating environment hook '/home/imml/git/ROB_534_Project/install/realsense2_camera_msgs/share/realsense2_camera_msgs/hook/cmake_prefix_path.ps1'
[0.825s] INFO:colcon.colcon_core.shell:Creating environment descriptor '/home/imml/git/ROB_534_Project/install/realsense2_camera_msgs/share/realsense2_camera_msgs/hook/cmake_prefix_path.dsv'
[0.825s] INFO:colcon.colcon_core.shell:Creating environment hook '/home/imml/git/ROB_534_Project/install/realsense2_camera_msgs/share/realsense2_camera_msgs/hook/cmake_prefix_path.sh'
[0.825s] Level 1:colcon.colcon_core.environment:checking '/home/imml/git/ROB_534_Project/install/realsense2_camera_msgs/lib'
[0.826s] Level 1:colcon.colcon_core.shell:create_environment_hook('realsense2_camera_msgs', 'ld_library_path_lib')
[0.826s] INFO:colcon.colcon_core.shell:Creating environment hook '/home/imml/git/ROB_534_Project/install/realsense2_camera_msgs/share/realsense2_camera_msgs/hook/ld_library_path_lib.ps1'
[0.826s] INFO:colcon.colcon_core.shell:Creating environment descriptor '/home/imml/git/ROB_534_Project/install/realsense2_camera_msgs/share/realsense2_camera_msgs/hook/ld_library_path_lib.dsv'
[0.826s] INFO:colcon.colcon_core.shell:Creating environment hook '/home/imml/git/ROB_534_Project/install/realsense2_camera_msgs/share/realsense2_camera_msgs/hook/ld_library_path_lib.sh'
[0.827s] Level 1:colcon.colcon_core.environment:checking '/home/imml/git/ROB_534_Project/install/realsense2_camera_msgs/bin'
[0.827s] Level 1:colcon.colcon_core.environment:checking '/home/imml/git/ROB_534_Project/install/realsense2_camera_msgs/lib/pkgconfig/realsense2_camera_msgs.pc'
[0.827s] Level 1:colcon.colcon_core.environment:checking '/home/imml/git/ROB_534_Project/install/realsense2_camera_msgs/lib/python3.10/site-packages'
[0.827s] Level 1:colcon.colcon_core.environment:checking '/home/imml/git/ROB_534_Project/install/realsense2_camera_msgs/bin'
[0.827s] INFO:colcon.colcon_core.shell:Creating package script '/home/imml/git/ROB_534_Project/install/realsense2_camera_msgs/share/realsense2_camera_msgs/package.ps1'
[0.828s] INFO:colcon.colcon_core.shell:Creating package descriptor '/home/imml/git/ROB_534_Project/install/realsense2_camera_msgs/share/realsense2_camera_msgs/package.dsv'
[0.828s] INFO:colcon.colcon_core.shell:Creating package script '/home/imml/git/ROB_534_Project/install/realsense2_camera_msgs/share/realsense2_camera_msgs/package.sh'
[0.828s] INFO:colcon.colcon_core.shell:Creating package script '/home/imml/git/ROB_534_Project/install/realsense2_camera_msgs/share/realsense2_camera_msgs/package.bash'
[0.829s] INFO:colcon.colcon_core.shell:Creating package script '/home/imml/git/ROB_534_Project/install/realsense2_camera_msgs/share/realsense2_camera_msgs/package.zsh'
[0.829s] Level 1:colcon.colcon_core.environment:create_file_with_runtime_dependencies(/home/imml/git/ROB_534_Project/install/realsense2_camera_msgs/share/colcon-core/packages/realsense2_camera_msgs)
[0.829s] INFO:colcon.colcon_ros.task.ament_cmake.build:Building ROS package in '/home/imml/git/ROB_534_Project/harvest_hardware/realsense-ros/realsense2_camera' with build type 'ament_cmake'
[0.829s] INFO:colcon.colcon_cmake.task.cmake.build:Building CMake package in '/home/imml/git/ROB_534_Project/harvest_hardware/realsense-ros/realsense2_camera'
[0.830s] INFO:colcon.colcon_core.shell:Skip shell extension 'powershell' for command environment: Not usable outside of PowerShell
[0.830s] DEBUG:colcon.colcon_core.shell:Skip shell extension 'dsv' for command environment
[0.834s] INFO:colcon.colcon_ros.task.ament_cmake.build:Building ROS package in '/home/imml/git/ROB_534_Project/harvest_hardware/realsense-ros/realsense2_description' with build type 'ament_cmake'
[0.834s] INFO:colcon.colcon_cmake.task.cmake.build:Building CMake package in '/home/imml/git/ROB_534_Project/harvest_hardware/realsense-ros/realsense2_description'
[0.834s] INFO:colcon.colcon_core.shell:Skip shell extension 'powershell' for command environment: Not usable outside of PowerShell
[0.834s] DEBUG:colcon.colcon_core.shell:Skip shell extension 'dsv' for command environment
[0.843s] DEBUG:colcon.colcon_core.event_handler.log_command:Invoking command in '/home/imml/git/ROB_534_Project/build/realsense2_camera': CMAKE_PREFIX_PATH=/home/imml/git/ROB_534_Project/install/realsense2_camera_msgs:/home/imml/git/ROB_534_Project/install/ur:/home/imml/git/ROB_534_Project/install/ur_calibration:/home/imml/git/ROB_534_Project/install/ur_robot_driver:/home/imml/git/ROB_534_Project/install/ur_moveit_config:/home/imml/git/ROB_534_Project/install/ur_bringup:/home/imml/git/ROB_534_Project/install/ur_description:/home/imml/git/ROB_534_Project/install/ur_controllers:/home/imml/git/ROB_534_Project/install/ur_dashboard_msgs:/home/imml/git/ROB_534_Project/install/realsense2_description:/home/imml/git/ROB_534_Project/install/realsense2_camera:/home/imml/git/ROB_534_Project/install/harvest_control:/home/imml/git/ROB_534_Project/install/harvest:/home/imml/git/ROB_534_Project/install/harvest_interfaces:/home/imml/git/ROB_534_Project/install/ur5e_custom_hardware:/home/imml/git/ROB_534_Project/install/harvest_vision:/opt/ros/humble LD_LIBRARY_PATH=/home/imml/git/ROB_534_Project/install/realsense2_camera_msgs/lib:/home/imml/git/ROB_534_Project/install/ur_robot_driver/lib:/home/imml/git/ROB_534_Project/install/ur_controllers/lib:/home/imml/git/ROB_534_Project/install/ur_dashboard_msgs/lib:/home/imml/git/ROB_534_Project/install/realsense2_camera/lib:/home/imml/git/ROB_534_Project/install/harvest_interfaces/lib:/opt/ros/humble/opt/rviz_ogre_vendor/lib:/opt/ros/humble/lib/x86_64-linux-gnu:/opt/ros/humble/lib /usr/bin/cmake --build /home/imml/git/ROB_534_Project/build/realsense2_camera -- -j16 -l16
[0.848s] Level 1:colcon.colcon_core.environment:create_environment_scripts_only(harvest_interfaces)
[0.848s] DEBUG:colcon.colcon_core.event_handler.log_command:Invoking command in '/home/imml/git/ROB_534_Project/build/realsense2_description': CMAKE_PREFIX_PATH=/home/imml/git/ROB_534_Project/install/realsense2_camera_msgs:/home/imml/git/ROB_534_Project/install/ur:/home/imml/git/ROB_534_Project/install/ur_calibration:/home/imml/git/ROB_534_Project/install/ur_robot_driver:/home/imml/git/ROB_534_Project/install/ur_moveit_config:/home/imml/git/ROB_534_Project/install/ur_bringup:/home/imml/git/ROB_534_Project/install/ur_description:/home/imml/git/ROB_534_Project/install/ur_controllers:/home/imml/git/ROB_534_Project/install/ur_dashboard_msgs:/home/imml/git/ROB_534_Project/install/realsense2_description:/home/imml/git/ROB_534_Project/install/realsense2_camera:/home/imml/git/ROB_534_Project/install/harvest_control:/home/imml/git/ROB_534_Project/install/harvest:/home/imml/git/ROB_534_Project/install/harvest_interfaces:/home/imml/git/ROB_534_Project/install/ur5e_custom_hardware:/home/imml/git/ROB_534_Project/install/harvest_vision:/opt/ros/humble LD_LIBRARY_PATH=/home/imml/git/ROB_534_Project/install/realsense2_camera_msgs/lib:/home/imml/git/ROB_534_Project/install/ur_robot_driver/lib:/home/imml/git/ROB_534_Project/install/ur_controllers/lib:/home/imml/git/ROB_534_Project/install/ur_dashboard_msgs/lib:/home/imml/git/ROB_534_Project/install/realsense2_camera/lib:/home/imml/git/ROB_534_Project/install/harvest_interfaces/lib:/opt/ros/humble/opt/rviz_ogre_vendor/lib:/opt/ros/humble/lib/x86_64-linux-gnu:/opt/ros/humble/lib /usr/bin/cmake --build /home/imml/git/ROB_534_Project/build/realsense2_description -- -j16 -l16
[0.848s] Level 1:colcon.colcon_core.environment:checking '/home/imml/git/ROB_534_Project/install/harvest_interfaces' for CMake module files
[0.849s] DEBUG:colcon.colcon_core.event_handler.log_command:Invoked command in '/home/imml/git/ROB_534_Project/build/harvest_interfaces' returned '0': CMAKE_PREFIX_PATH=${CMAKE_PREFIX_PATH}:/home/imml/git/ROB_534_Project/install/ur5e_custom_hardware:/home/imml/git/ROB_534_Project/install/harvest_vision:/opt/ros/humble /usr/bin/cmake --install /home/imml/git/ROB_534_Project/build/harvest_interfaces
[0.849s] Level 1:colcon.colcon_core.environment:checking '/home/imml/git/ROB_534_Project/install/harvest_interfaces' for CMake config files
[0.851s] Level 1:colcon.colcon_core.shell:create_environment_hook('harvest_interfaces', 'cmake_prefix_path')
[0.852s] INFO:colcon.colcon_core.shell:Creating environment hook '/home/imml/git/ROB_534_Project/install/harvest_interfaces/share/harvest_interfaces/hook/cmake_prefix_path.ps1'
[0.852s] INFO:colcon.colcon_core.shell:Creating environment descriptor '/home/imml/git/ROB_534_Project/install/harvest_interfaces/share/harvest_interfaces/hook/cmake_prefix_path.dsv'
[0.852s] INFO:colcon.colcon_core.shell:Creating environment hook '/home/imml/git/ROB_534_Project/install/harvest_interfaces/share/harvest_interfaces/hook/cmake_prefix_path.sh'
[0.853s] Level 1:colcon.colcon_core.environment:checking '/home/imml/git/ROB_534_Project/install/harvest_interfaces/lib'
[0.853s] Level 1:colcon.colcon_core.shell:create_environment_hook('harvest_interfaces', 'ld_library_path_lib')
[0.853s] INFO:colcon.colcon_core.shell:Creating environment hook '/home/imml/git/ROB_534_Project/install/harvest_interfaces/share/harvest_interfaces/hook/ld_library_path_lib.ps1'
[0.853s] INFO:colcon.colcon_core.shell:Creating environment descriptor '/home/imml/git/ROB_534_Project/install/harvest_interfaces/share/harvest_interfaces/hook/ld_library_path_lib.dsv'
[0.854s] INFO:colcon.colcon_core.shell:Creating environment hook '/home/imml/git/ROB_534_Project/install/harvest_interfaces/share/harvest_interfaces/hook/ld_library_path_lib.sh'
[0.854s] Level 1:colcon.colcon_core.environment:checking '/home/imml/git/ROB_534_Project/install/harvest_interfaces/bin'
[0.854s] Level 1:colcon.colcon_core.environment:checking '/home/imml/git/ROB_534_Project/install/harvest_interfaces/lib/pkgconfig/harvest_interfaces.pc'
[0.854s] Level 1:colcon.colcon_core.environment:checking '/home/imml/git/ROB_534_Project/install/harvest_interfaces/lib/python3.10/site-packages'
[0.855s] Level 1:colcon.colcon_core.environment:checking '/home/imml/git/ROB_534_Project/install/harvest_interfaces/bin'
[0.855s] INFO:colcon.colcon_core.shell:Creating package script '/home/imml/git/ROB_534_Project/install/harvest_interfaces/share/harvest_interfaces/package.ps1'
[0.855s] INFO:colcon.colcon_core.shell:Creating package descriptor '/home/imml/git/ROB_534_Project/install/harvest_interfaces/share/harvest_interfaces/package.dsv'
[0.856s] INFO:colcon.colcon_core.shell:Creating package script '/home/imml/git/ROB_534_Project/install/harvest_interfaces/share/harvest_interfaces/package.sh'
[0.856s] INFO:colcon.colcon_core.shell:Creating package script '/home/imml/git/ROB_534_Project/install/harvest_interfaces/share/harvest_interfaces/package.bash'
[0.856s] INFO:colcon.colcon_core.shell:Creating package script '/home/imml/git/ROB_534_Project/install/harvest_interfaces/share/harvest_interfaces/package.zsh'
[0.857s] Level 1:colcon.colcon_core.environment:create_file_with_runtime_dependencies(/home/imml/git/ROB_534_Project/install/harvest_interfaces/share/colcon-core/packages/harvest_interfaces)
[0.857s] Level 1:colcon.colcon_core.environment:create_environment_scripts_only(harvest_interfaces)
[0.858s] Level 1:colcon.colcon_core.environment:checking '/home/imml/git/ROB_534_Project/install/harvest_interfaces' for CMake module files
[0.858s] Level 1:colcon.colcon_core.environment:checking '/home/imml/git/ROB_534_Project/install/harvest_interfaces' for CMake config files
[0.861s] Level 1:colcon.colcon_core.shell:create_environment_hook('harvest_interfaces', 'cmake_prefix_path')
[0.861s] INFO:colcon.colcon_core.shell:Creating environment hook '/home/imml/git/ROB_534_Project/install/harvest_interfaces/share/harvest_interfaces/hook/cmake_prefix_path.ps1'
[0.861s] INFO:colcon.colcon_core.shell:Creating environment descriptor '/home/imml/git/ROB_534_Project/install/harvest_interfaces/share/harvest_interfaces/hook/cmake_prefix_path.dsv'
[0.862s] INFO:colcon.colcon_core.shell:Creating environment hook '/home/imml/git/ROB_534_Project/install/harvest_interfaces/share/harvest_interfaces/hook/cmake_prefix_path.sh'
[0.862s] Level 1:colcon.colcon_core.environment:checking '/home/imml/git/ROB_534_Project/install/harvest_interfaces/lib'
[0.862s] Level 1:colcon.colcon_core.shell:create_environment_hook('harvest_interfaces', 'ld_library_path_lib')
[0.862s] INFO:colcon.colcon_core.shell:Creating environment hook '/home/imml/git/ROB_534_Project/install/harvest_interfaces/share/harvest_interfaces/hook/ld_library_path_lib.ps1'
[0.863s] INFO:colcon.colcon_core.shell:Creating environment descriptor '/home/imml/git/ROB_534_Project/install/harvest_interfaces/share/harvest_interfaces/hook/ld_library_path_lib.dsv'
[0.863s] INFO:colcon.colcon_core.shell:Creating environment hook '/home/imml/git/ROB_534_Project/install/harvest_interfaces/share/harvest_interfaces/hook/ld_library_path_lib.sh'
[0.863s] Level 1:colcon.colcon_core.environment:checking '/home/imml/git/ROB_534_Project/install/harvest_interfaces/bin'
[0.863s] Level 1:colcon.colcon_core.environment:checking '/home/imml/git/ROB_534_Project/install/harvest_interfaces/lib/pkgconfig/harvest_interfaces.pc'
[0.864s] Level 1:colcon.colcon_core.environment:checking '/home/imml/git/ROB_534_Project/install/harvest_interfaces/lib/python3.10/site-packages'
[0.864s] Level 1:colcon.colcon_core.environment:checking '/home/imml/git/ROB_534_Project/install/harvest_interfaces/bin'
[0.864s] INFO:colcon.colcon_core.shell:Creating package script '/home/imml/git/ROB_534_Project/install/harvest_interfaces/share/harvest_interfaces/package.ps1'
[0.864s] INFO:colcon.colcon_core.shell:Creating package descriptor '/home/imml/git/ROB_534_Project/install/harvest_interfaces/share/harvest_interfaces/package.dsv'
[0.865s] INFO:colcon.colcon_core.shell:Creating package script '/home/imml/git/ROB_534_Project/install/harvest_interfaces/share/harvest_interfaces/package.sh'
[0.865s] INFO:colcon.colcon_core.shell:Creating package script '/home/imml/git/ROB_534_Project/install/harvest_interfaces/share/harvest_interfaces/package.bash'
[0.865s] INFO:colcon.colcon_core.shell:Creating package script '/home/imml/git/ROB_534_Project/install/harvest_interfaces/share/harvest_interfaces/package.zsh'
[0.866s] Level 1:colcon.colcon_core.environment:create_file_with_runtime_dependencies(/home/imml/git/ROB_534_Project/install/harvest_interfaces/share/colcon-core/packages/harvest_interfaces)
[0.866s] INFO:colcon.colcon_ros.task.ament_cmake.build:Building ROS package in '/home/imml/git/ROB_534_Project/harvest' with build type 'ament_cmake'
[0.866s] INFO:colcon.colcon_cmake.task.cmake.build:Building CMake package in '/home/imml/git/ROB_534_Project/harvest'
[0.867s] INFO:colcon.colcon_core.shell:Skip shell extension 'powershell' for command environment: Not usable outside of PowerShell
[0.867s] DEBUG:colcon.colcon_core.shell:Skip shell extension 'dsv' for command environment
[0.871s] INFO:colcon.colcon_ros.task.ament_cmake.build:Building ROS package in '/home/imml/git/ROB_534_Project/harvest_control' with build type 'ament_cmake'
[0.871s] INFO:colcon.colcon_cmake.task.cmake.build:Building CMake package in '/home/imml/git/ROB_534_Project/harvest_control'
[0.871s] INFO:colcon.colcon_core.shell:Skip shell extension 'powershell' for command environment: Not usable outside of PowerShell
[0.871s] DEBUG:colcon.colcon_core.shell:Skip shell extension 'dsv' for command environment
[0.875s] INFO:colcon.colcon_ros.task.ament_python.build:Building ROS package in '/home/imml/git/ROB_534_Project/harvest_vision' with build type 'ament_python'
[0.875s] Level 1:colcon.colcon_core.shell:create_environment_hook('harvest_vision', 'ament_prefix_path')
[0.876s] INFO:colcon.colcon_core.shell:Creating environment hook '/home/imml/git/ROB_534_Project/install/harvest_vision/share/harvest_vision/hook/ament_prefix_path.ps1'
[0.876s] INFO:colcon.colcon_core.shell:Creating environment descriptor '/home/imml/git/ROB_534_Project/install/harvest_vision/share/harvest_vision/hook/ament_prefix_path.dsv'
[0.877s] INFO:colcon.colcon_core.shell:Creating environment hook '/home/imml/git/ROB_534_Project/install/harvest_vision/share/harvest_vision/hook/ament_prefix_path.sh'
[0.877s] INFO:colcon.colcon_core.shell:Skip shell extension 'powershell' for command environment: Not usable outside of PowerShell
[0.877s] DEBUG:colcon.colcon_core.shell:Skip shell extension 'dsv' for command environment
[0.882s] Level 1:colcon.colcon_core.environment:create_environment_scripts_only(ur_dashboard_msgs)
[0.882s] Level 1:colcon.colcon_core.environment:checking '/home/imml/git/ROB_534_Project/install/ur_dashboard_msgs' for CMake module files
[0.883s] DEBUG:colcon.colcon_core.event_handler.log_command:Invoked command in '/home/imml/git/ROB_534_Project/build/ur_dashboard_msgs' returned '0': CMAKE_PREFIX_PATH=${CMAKE_PREFIX_PATH}:/home/imml/git/ROB_534_Project/install/ur5e_custom_hardware:/home/imml/git/ROB_534_Project/install/harvest_vision:/opt/ros/humble /usr/bin/cmake --install /home/imml/git/ROB_534_Project/build/ur_dashboard_msgs
[0.883s] Level 1:colcon.colcon_core.environment:checking '/home/imml/git/ROB_534_Project/install/ur_dashboard_msgs' for CMake config files
[0.886s] Level 1:colcon.colcon_core.shell:create_environment_hook('ur_dashboard_msgs', 'cmake_prefix_path')
[0.887s] INFO:colcon.colcon_core.shell:Creating environment hook '/home/imml/git/ROB_534_Project/install/ur_dashboard_msgs/share/ur_dashboard_msgs/hook/cmake_prefix_path.ps1'
[0.887s] INFO:colcon.colcon_core.shell:Creating environment descriptor '/home/imml/git/ROB_534_Project/install/ur_dashboard_msgs/share/ur_dashboard_msgs/hook/cmake_prefix_path.dsv'
[0.888s] INFO:colcon.colcon_core.shell:Creating environment hook '/home/imml/git/ROB_534_Project/install/ur_dashboard_msgs/share/ur_dashboard_msgs/hook/cmake_prefix_path.sh'
[0.888s] Level 1:colcon.colcon_core.environment:checking '/home/imml/git/ROB_534_Project/install/ur_dashboard_msgs/lib'
[0.889s] Level 1:colcon.colcon_core.shell:create_environment_hook('ur_dashboard_msgs', 'ld_library_path_lib')
[0.889s] INFO:colcon.colcon_core.shell:Creating environment hook '/home/imml/git/ROB_534_Project/install/ur_dashboard_msgs/share/ur_dashboard_msgs/hook/ld_library_path_lib.ps1'
[0.890s] INFO:colcon.colcon_core.shell:Creating environment descriptor '/home/imml/git/ROB_534_Project/install/ur_dashboard_msgs/share/ur_dashboard_msgs/hook/ld_library_path_lib.dsv'
[0.890s] INFO:colcon.colcon_core.shell:Creating environment hook '/home/imml/git/ROB_534_Project/install/ur_dashboard_msgs/share/ur_dashboard_msgs/hook/ld_library_path_lib.sh'
[0.890s] Level 1:colcon.colcon_core.environment:checking '/home/imml/git/ROB_534_Project/install/ur_dashboard_msgs/bin'
[0.891s] Level 1:colcon.colcon_core.environment:checking '/home/imml/git/ROB_534_Project/install/ur_dashboard_msgs/lib/pkgconfig/ur_dashboard_msgs.pc'
[0.891s] Level 1:colcon.colcon_core.environment:checking '/home/imml/git/ROB_534_Project/install/ur_dashboard_msgs/lib/python3.10/site-packages'
[0.891s] Level 1:colcon.colcon_core.environment:checking '/home/imml/git/ROB_534_Project/install/ur_dashboard_msgs/bin'
[0.891s] INFO:colcon.colcon_core.shell:Creating package script '/home/imml/git/ROB_534_Project/install/ur_dashboard_msgs/share/ur_dashboard_msgs/package.ps1'
[0.892s] INFO:colcon.colcon_core.shell:Creating package descriptor '/home/imml/git/ROB_534_Project/install/ur_dashboard_msgs/share/ur_dashboard_msgs/package.dsv'
[0.893s] INFO:colcon.colcon_core.shell:Creating package script '/home/imml/git/ROB_534_Project/install/ur_dashboard_msgs/share/ur_dashboard_msgs/package.sh'
[0.893s] INFO:colcon.colcon_core.shell:Creating package script '/home/imml/git/ROB_534_Project/install/ur_dashboard_msgs/share/ur_dashboard_msgs/package.bash'
[0.893s] INFO:colcon.colcon_core.shell:Creating package script '/home/imml/git/ROB_534_Project/install/ur_dashboard_msgs/share/ur_dashboard_msgs/package.zsh'
[0.894s] Level 1:colcon.colcon_core.environment:create_file_with_runtime_dependencies(/home/imml/git/ROB_534_Project/install/ur_dashboard_msgs/share/colcon-core/packages/ur_dashboard_msgs)
[0.894s] Level 1:colcon.colcon_core.environment:create_environment_scripts_only(ur_dashboard_msgs)
[0.894s] Level 1:colcon.colcon_core.environment:checking '/home/imml/git/ROB_534_Project/install/ur_dashboard_msgs' for CMake module files
[0.895s] Level 1:colcon.colcon_core.environment:checking '/home/imml/git/ROB_534_Project/install/ur_dashboard_msgs' for CMake config files
[0.898s] Level 1:colcon.colcon_core.shell:create_environment_hook('ur_dashboard_msgs', 'cmake_prefix_path')
[0.898s] INFO:colcon.colcon_core.shell:Creating environment hook '/home/imml/git/ROB_534_Project/install/ur_dashboard_msgs/share/ur_dashboard_msgs/hook/cmake_prefix_path.ps1'
[0.898s] INFO:colcon.colcon_core.shell:Creating environment descriptor '/home/imml/git/ROB_534_Project/install/ur_dashboard_msgs/share/ur_dashboard_msgs/hook/cmake_prefix_path.dsv'
[0.898s] INFO:colcon.colcon_core.shell:Creating environment hook '/home/imml/git/ROB_534_Project/install/ur_dashboard_msgs/share/ur_dashboard_msgs/hook/cmake_prefix_path.sh'
[0.899s] Level 1:colcon.colcon_core.environment:checking '/home/imml/git/ROB_534_Project/install/ur_dashboard_msgs/lib'
[0.899s] Level 1:colcon.colcon_core.shell:create_environment_hook('ur_dashboard_msgs', 'ld_library_path_lib')
[0.899s] INFO:colcon.colcon_core.shell:Creating environment hook '/home/imml/git/ROB_534_Project/install/ur_dashboard_msgs/share/ur_dashboard_msgs/hook/ld_library_path_lib.ps1'
[0.900s] INFO:colcon.colcon_core.shell:Creating environment descriptor '/home/imml/git/ROB_534_Project/install/ur_dashboard_msgs/share/ur_dashboard_msgs/hook/ld_library_path_lib.dsv'
[0.900s] INFO:colcon.colcon_core.shell:Creating environment hook '/home/imml/git/ROB_534_Project/install/ur_dashboard_msgs/share/ur_dashboard_msgs/hook/ld_library_path_lib.sh'
[0.900s] Level 1:colcon.colcon_core.environment:checking '/home/imml/git/ROB_534_Project/install/ur_dashboard_msgs/bin'
[0.900s] Level 1:colcon.colcon_core.environment:checking '/home/imml/git/ROB_534_Project/install/ur_dashboard_msgs/lib/pkgconfig/ur_dashboard_msgs.pc'
[0.900s] Level 1:colcon.colcon_core.environment:checking '/home/imml/git/ROB_534_Project/install/ur_dashboard_msgs/lib/python3.10/site-packages'
[0.901s] Level 1:colcon.colcon_core.environment:checking '/home/imml/git/ROB_534_Project/install/ur_dashboard_msgs/bin'
[0.901s] INFO:colcon.colcon_core.shell:Creating package script '/home/imml/git/ROB_534_Project/install/ur_dashboard_msgs/share/ur_dashboard_msgs/package.ps1'
[0.901s] INFO:colcon.colcon_core.shell:Creating package descriptor '/home/imml/git/ROB_534_Project/install/ur_dashboard_msgs/share/ur_dashboard_msgs/package.dsv'
[0.902s] INFO:colcon.colcon_core.shell:Creating package script '/home/imml/git/ROB_534_Project/install/ur_dashboard_msgs/share/ur_dashboard_msgs/package.sh'
[0.902s] INFO:colcon.colcon_core.shell:Creating package script '/home/imml/git/ROB_534_Project/install/ur_dashboard_msgs/share/ur_dashboard_msgs/package.bash'
[0.903s] INFO:colcon.colcon_core.shell:Creating package script '/home/imml/git/ROB_534_Project/install/ur_dashboard_msgs/share/ur_dashboard_msgs/package.zsh'
[0.903s] Level 1:colcon.colcon_core.environment:create_file_with_runtime_dependencies(/home/imml/git/ROB_534_Project/install/ur_dashboard_msgs/share/colcon-core/packages/ur_dashboard_msgs)
[0.904s] INFO:colcon.colcon_ros.task.ament_cmake.build:Building ROS package in '/home/imml/git/ROB_534_Project/harvest_hardware/Universal_Robots_ROS2_Driver/ur_controllers' with build type 'ament_cmake'
[0.904s] INFO:colcon.colcon_cmake.task.cmake.build:Building CMake package in '/home/imml/git/ROB_534_Project/harvest_hardware/Universal_Robots_ROS2_Driver/ur_controllers'
[0.904s] INFO:colcon.colcon_core.shell:Skip shell extension 'powershell' for command environment: Not usable outside of PowerShell
[0.904s] DEBUG:colcon.colcon_core.shell:Skip shell extension 'dsv' for command environment
[0.910s] DEBUG:colcon.colcon_core.event_handler.log_command:Invoked command in '/home/imml/git/ROB_534_Project/build/realsense2_description' returned '0': CMAKE_PREFIX_PATH=/home/imml/git/ROB_534_Project/install/realsense2_camera_msgs:/home/imml/git/ROB_534_Project/install/ur:/home/imml/git/ROB_534_Project/install/ur_calibration:/home/imml/git/ROB_534_Project/install/ur_robot_driver:/home/imml/git/ROB_534_Project/install/ur_moveit_config:/home/imml/git/ROB_534_Project/install/ur_bringup:/home/imml/git/ROB_534_Project/install/ur_description:/home/imml/git/ROB_534_Project/install/ur_controllers:/home/imml/git/ROB_534_Project/install/ur_dashboard_msgs:/home/imml/git/ROB_534_Project/install/realsense2_description:/home/imml/git/ROB_534_Project/install/realsense2_camera:/home/imml/git/ROB_534_Project/install/harvest_control:/home/imml/git/ROB_534_Project/install/harvest:/home/imml/git/ROB_534_Project/install/harvest_interfaces:/home/imml/git/ROB_534_Project/install/ur5e_custom_hardware:/home/imml/git/ROB_534_Project/install/harvest_vision:/opt/ros/humble LD_LIBRARY_PATH=/home/imml/git/ROB_534_Project/install/realsense2_camera_msgs/lib:/home/imml/git/ROB_534_Project/install/ur_robot_driver/lib:/home/imml/git/ROB_534_Project/install/ur_controllers/lib:/home/imml/git/ROB_534_Project/install/ur_dashboard_msgs/lib:/home/imml/git/ROB_534_Project/install/realsense2_camera/lib:/home/imml/git/ROB_534_Project/install/harvest_interfaces/lib:/opt/ros/humble/opt/rviz_ogre_vendor/lib:/opt/ros/humble/lib/x86_64-linux-gnu:/opt/ros/humble/lib /usr/bin/cmake --build /home/imml/git/ROB_534_Project/build/realsense2_description -- -j16 -l16
[0.912s] DEBUG:colcon.colcon_core.event_handler.log_command:Invoking command in '/home/imml/git/ROB_534_Project/build/realsense2_description': CMAKE_PREFIX_PATH=/home/imml/git/ROB_534_Project/install/realsense2_camera_msgs:/home/imml/git/ROB_534_Project/install/ur:/home/imml/git/ROB_534_Project/install/ur_calibration:/home/imml/git/ROB_534_Project/install/ur_robot_driver:/home/imml/git/ROB_534_Project/install/ur_moveit_config:/home/imml/git/ROB_534_Project/install/ur_bringup:/home/imml/git/ROB_534_Project/install/ur_description:/home/imml/git/ROB_534_Project/install/ur_controllers:/home/imml/git/ROB_534_Project/install/ur_dashboard_msgs:/home/imml/git/ROB_534_Project/install/realsense2_description:/home/imml/git/ROB_534_Project/install/realsense2_camera:/home/imml/git/ROB_534_Project/install/harvest_control:/home/imml/git/ROB_534_Project/install/harvest:/home/imml/git/ROB_534_Project/install/harvest_interfaces:/home/imml/git/ROB_534_Project/install/ur5e_custom_hardware:/home/imml/git/ROB_534_Project/install/harvest_vision:/opt/ros/humble LD_LIBRARY_PATH=/home/imml/git/ROB_534_Project/install/realsense2_camera_msgs/lib:/home/imml/git/ROB_534_Project/install/ur_robot_driver/lib:/home/imml/git/ROB_534_Project/install/ur_controllers/lib:/home/imml/git/ROB_534_Project/install/ur_dashboard_msgs/lib:/home/imml/git/ROB_534_Project/install/realsense2_camera/lib:/home/imml/git/ROB_534_Project/install/harvest_interfaces/lib:/opt/ros/humble/opt/rviz_ogre_vendor/lib:/opt/ros/humble/lib/x86_64-linux-gnu:/opt/ros/humble/lib /usr/bin/cmake --install /home/imml/git/ROB_534_Project/build/realsense2_description
[0.914s] DEBUG:colcon.colcon_core.event_handler.log_command:Invoking command in '/home/imml/git/ROB_534_Project/build/harvest': CMAKE_PREFIX_PATH=/home/imml/git/ROB_534_Project/install/harvest_interfaces:/home/imml/git/ROB_534_Project/install/ur:/home/imml/git/ROB_534_Project/install/ur_calibration:/home/imml/git/ROB_534_Project/install/ur_robot_driver:/home/imml/git/ROB_534_Project/install/ur_moveit_config:/home/imml/git/ROB_534_Project/install/ur_bringup:/home/imml/git/ROB_534_Project/install/ur_description:/home/imml/git/ROB_534_Project/install/ur_controllers:/home/imml/git/ROB_534_Project/install/ur_dashboard_msgs:/home/imml/git/ROB_534_Project/install/realsense2_description:/home/imml/git/ROB_534_Project/install/realsense2_camera:/home/imml/git/ROB_534_Project/install/realsense2_camera_msgs:/home/imml/git/ROB_534_Project/install/harvest_control:/home/imml/git/ROB_534_Project/install/harvest:/home/imml/git/ROB_534_Project/install/ur5e_custom_hardware:/home/imml/git/ROB_534_Project/install/harvest_vision:/opt/ros/humble LD_LIBRARY_PATH=/home/imml/git/ROB_534_Project/install/harvest_interfaces/lib:/home/imml/git/ROB_534_Project/install/ur_robot_driver/lib:/home/imml/git/ROB_534_Project/install/ur_controllers/lib:/home/imml/git/ROB_534_Project/install/ur_dashboard_msgs/lib:/home/imml/git/ROB_534_Project/install/realsense2_camera/lib:/home/imml/git/ROB_534_Project/install/realsense2_camera_msgs/lib:/opt/ros/humble/opt/rviz_ogre_vendor/lib:/opt/ros/humble/lib/x86_64-linux-gnu:/opt/ros/humble/lib /usr/bin/cmake --build /home/imml/git/ROB_534_Project/build/harvest -- -j16 -l16
[0.917s] DEBUG:colcon.colcon_core.event_handler.log_command:Invoking command in '/home/imml/git/ROB_534_Project/build/harvest_control': CMAKE_PREFIX_PATH=/home/imml/git/ROB_534_Project/install/harvest_interfaces:/home/imml/git/ROB_534_Project/install/ur:/home/imml/git/ROB_534_Project/install/ur_calibration:/home/imml/git/ROB_534_Project/install/ur_robot_driver:/home/imml/git/ROB_534_Project/install/ur_moveit_config:/home/imml/git/ROB_534_Project/install/ur_bringup:/home/imml/git/ROB_534_Project/install/ur_description:/home/imml/git/ROB_534_Project/install/ur_controllers:/home/imml/git/ROB_534_Project/install/ur_dashboard_msgs:/home/imml/git/ROB_534_Project/install/realsense2_description:/home/imml/git/ROB_534_Project/install/realsense2_camera:/home/imml/git/ROB_534_Project/install/realsense2_camera_msgs:/home/imml/git/ROB_534_Project/install/harvest_control:/home/imml/git/ROB_534_Project/install/harvest:/home/imml/git/ROB_534_Project/install/ur5e_custom_hardware:/home/imml/git/ROB_534_Project/install/harvest_vision:/opt/ros/humble LD_LIBRARY_PATH=/home/imml/git/ROB_534_Project/install/harvest_interfaces/lib:/home/imml/git/ROB_534_Project/install/ur_robot_driver/lib:/home/imml/git/ROB_534_Project/install/ur_controllers/lib:/home/imml/git/ROB_534_Project/install/ur_dashboard_msgs/lib:/home/imml/git/ROB_534_Project/install/realsense2_camera/lib:/home/imml/git/ROB_534_Project/install/realsense2_camera_msgs/lib:/opt/ros/humble/opt/rviz_ogre_vendor/lib:/opt/ros/humble/lib/x86_64-linux-gnu:/opt/ros/humble/lib /usr/bin/cmake --build /home/imml/git/ROB_534_Project/build/harvest_control -- -j16 -l16
[1.162s] INFO:colcon.colcon_core.task.python.build:Building Python package in '/home/imml/git/ROB_534_Project/harvest_vision'
[1.162s] INFO:colcon.colcon_core.shell:Skip shell extension 'powershell' for command environment: Not usable outside of PowerShell
[1.162s] DEBUG:colcon.colcon_core.shell:Skip shell extension 'dsv' for command environment
[1.168s] Level 1:colcon.colcon_core.environment:create_environment_scripts_only(realsense2_description)
[1.169s] Level 1:colcon.colcon_core.environment:checking '/home/imml/git/ROB_534_Project/install/realsense2_description' for CMake module files
[1.170s] Level 1:colcon.colcon_core.environment:checking '/home/imml/git/ROB_534_Project/install/realsense2_description' for CMake config files
[1.172s] DEBUG:colcon.colcon_core.event_handler.log_command:Invoked command in '/home/imml/git/ROB_534_Project/build/realsense2_description' returned '0': CMAKE_PREFIX_PATH=/home/imml/git/ROB_534_Project/install/realsense2_camera_msgs:/home/imml/git/ROB_534_Project/install/ur:/home/imml/git/ROB_534_Project/install/ur_calibration:/home/imml/git/ROB_534_Project/install/ur_robot_driver:/home/imml/git/ROB_534_Project/install/ur_moveit_config:/home/imml/git/ROB_534_Project/install/ur_bringup:/home/imml/git/ROB_534_Project/install/ur_description:/home/imml/git/ROB_534_Project/install/ur_controllers:/home/imml/git/ROB_534_Project/install/ur_dashboard_msgs:/home/imml/git/ROB_534_Project/install/realsense2_description:/home/imml/git/ROB_534_Project/install/realsense2_camera:/home/imml/git/ROB_534_Project/install/harvest_control:/home/imml/git/ROB_534_Project/install/harvest:/home/imml/git/ROB_534_Project/install/harvest_interfaces:/home/imml/git/ROB_534_Project/install/ur5e_custom_hardware:/home/imml/git/ROB_534_Project/install/harvest_vision:/opt/ros/humble LD_LIBRARY_PATH=/home/imml/git/ROB_534_Project/install/realsense2_camera_msgs/lib:/home/imml/git/ROB_534_Project/install/ur_robot_driver/lib:/home/imml/git/ROB_534_Project/install/ur_controllers/lib:/home/imml/git/ROB_534_Project/install/ur_dashboard_msgs/lib:/home/imml/git/ROB_534_Project/install/realsense2_camera/lib:/home/imml/git/ROB_534_Project/install/harvest_interfaces/lib:/opt/ros/humble/opt/rviz_ogre_vendor/lib:/opt/ros/humble/lib/x86_64-linux-gnu:/opt/ros/humble/lib /usr/bin/cmake --install /home/imml/git/ROB_534_Project/build/realsense2_description
[1.172s] Level 1:colcon.colcon_core.shell:create_environment_hook('realsense2_description', 'cmake_prefix_path')
[1.172s] INFO:colcon.colcon_core.shell:Creating environment hook '/home/imml/git/ROB_534_Project/install/realsense2_description/share/realsense2_description/hook/cmake_prefix_path.ps1'
[1.173s] INFO:colcon.colcon_core.shell:Creating environment descriptor '/home/imml/git/ROB_534_Project/install/realsense2_description/share/realsense2_description/hook/cmake_prefix_path.dsv'
[1.173s] INFO:colcon.colcon_core.shell:Creating environment hook '/home/imml/git/ROB_534_Project/install/realsense2_description/share/realsense2_description/hook/cmake_prefix_path.sh'
[1.174s] Level 1:colcon.colcon_core.environment:checking '/home/imml/git/ROB_534_Project/install/realsense2_description/bin'
[1.174s] Level 1:colcon.colcon_core.environment:checking '/home/imml/git/ROB_534_Project/install/realsense2_description/lib/pkgconfig/realsense2_description.pc'
[1.174s] Level 1:colcon.colcon_core.environment:checking '/home/imml/git/ROB_534_Project/install/realsense2_description/lib/python3.10/site-packages'
[1.174s] Level 1:colcon.colcon_core.environment:checking '/home/imml/git/ROB_534_Project/install/realsense2_description/bin'
[1.174s] INFO:colcon.colcon_core.shell:Creating package script '/home/imml/git/ROB_534_Project/install/realsense2_description/share/realsense2_description/package.ps1'
[1.175s] INFO:colcon.colcon_core.shell:Creating package descriptor '/home/imml/git/ROB_534_Project/install/realsense2_description/share/realsense2_description/package.dsv'
[1.175s] INFO:colcon.colcon_core.shell:Creating package script '/home/imml/git/ROB_534_Project/install/realsense2_description/share/realsense2_description/package.sh'
[1.175s] INFO:colcon.colcon_core.shell:Creating package script '/home/imml/git/ROB_534_Project/install/realsense2_description/share/realsense2_description/package.bash'
[1.175s] INFO:colcon.colcon_core.shell:Creating package script '/home/imml/git/ROB_534_Project/install/realsense2_description/share/realsense2_description/package.zsh'
[1.176s] Level 1:colcon.colcon_core.environment:create_file_with_runtime_dependencies(/home/imml/git/ROB_534_Project/install/realsense2_description/share/colcon-core/packages/realsense2_description)
[1.176s] Level 1:colcon.colcon_core.environment:create_environment_scripts_only(realsense2_description)
[1.176s] Level 1:colcon.colcon_core.environment:checking '/home/imml/git/ROB_534_Project/install/realsense2_description' for CMake module files
[1.177s] Level 1:colcon.colcon_core.environment:checking '/home/imml/git/ROB_534_Project/install/realsense2_description' for CMake config files
[1.177s] Level 1:colcon.colcon_core.shell:create_environment_hook('realsense2_description', 'cmake_prefix_path')
[1.177s] INFO:colcon.colcon_core.shell:Creating environment hook '/home/imml/git/ROB_534_Project/install/realsense2_description/share/realsense2_description/hook/cmake_prefix_path.ps1'
[1.177s] INFO:colcon.colcon_core.shell:Creating environment descriptor '/home/imml/git/ROB_534_Project/install/realsense2_description/share/realsense2_description/hook/cmake_prefix_path.dsv'
[1.178s] INFO:colcon.colcon_core.shell:Creating environment hook '/home/imml/git/ROB_534_Project/install/realsense2_description/share/realsense2_description/hook/cmake_prefix_path.sh'
[1.178s] Level 1:colcon.colcon_core.environment:checking '/home/imml/git/ROB_534_Project/install/realsense2_description/bin'
[1.178s] Level 1:colcon.colcon_core.environment:checking '/home/imml/git/ROB_534_Project/install/realsense2_description/lib/pkgconfig/realsense2_description.pc'
[1.178s] Level 1:colcon.colcon_core.environment:checking '/home/imml/git/ROB_534_Project/install/realsense2_description/lib/python3.10/site-packages'
[1.178s] Level 1:colcon.colcon_core.environment:checking '/home/imml/git/ROB_534_Project/install/realsense2_description/bin'
[1.179s] INFO:colcon.colcon_core.shell:Creating package script '/home/imml/git/ROB_534_Project/install/realsense2_description/share/realsense2_description/package.ps1'
[1.179s] INFO:colcon.colcon_core.shell:Creating package descriptor '/home/imml/git/ROB_534_Project/install/realsense2_description/share/realsense2_description/package.dsv'
[1.179s] INFO:colcon.colcon_core.shell:Creating package script '/home/imml/git/ROB_534_Project/install/realsense2_description/share/realsense2_description/package.sh'
[1.179s] INFO:colcon.colcon_core.shell:Creating package script '/home/imml/git/ROB_534_Project/install/realsense2_description/share/realsense2_description/package.bash'
[1.180s] INFO:colcon.colcon_core.shell:Creating package script '/home/imml/git/ROB_534_Project/install/realsense2_description/share/realsense2_description/package.zsh'
[1.180s] Level 1:colcon.colcon_core.environment:create_file_with_runtime_dependencies(/home/imml/git/ROB_534_Project/install/realsense2_description/share/colcon-core/packages/realsense2_description)
[1.182s] DEBUG:colcon.colcon_core.event_handler.log_command:Invoked command in '/home/imml/git/ROB_534_Project/build/realsense2_camera' returned '0': CMAKE_PREFIX_PATH=/home/imml/git/ROB_534_Project/install/realsense2_camera_msgs:/home/imml/git/ROB_534_Project/install/ur:/home/imml/git/ROB_534_Project/install/ur_calibration:/home/imml/git/ROB_534_Project/install/ur_robot_driver:/home/imml/git/ROB_534_Project/install/ur_moveit_config:/home/imml/git/ROB_534_Project/install/ur_bringup:/home/imml/git/ROB_534_Project/install/ur_description:/home/imml/git/ROB_534_Project/install/ur_controllers:/home/imml/git/ROB_534_Project/install/ur_dashboard_msgs:/home/imml/git/ROB_534_Project/install/realsense2_description:/home/imml/git/ROB_534_Project/install/realsense2_camera:/home/imml/git/ROB_534_Project/install/harvest_control:/home/imml/git/ROB_534_Project/install/harvest:/home/imml/git/ROB_534_Project/install/harvest_interfaces:/home/imml/git/ROB_534_Project/install/ur5e_custom_hardware:/home/imml/git/ROB_534_Project/install/harvest_vision:/opt/ros/humble LD_LIBRARY_PATH=/home/imml/git/ROB_534_Project/install/realsense2_camera_msgs/lib:/home/imml/git/ROB_534_Project/install/ur_robot_driver/lib:/home/imml/git/ROB_534_Project/install/ur_controllers/lib:/home/imml/git/ROB_534_Project/install/ur_dashboard_msgs/lib:/home/imml/git/ROB_534_Project/install/realsense2_camera/lib:/home/imml/git/ROB_534_Project/install/harvest_interfaces/lib:/opt/ros/humble/opt/rviz_ogre_vendor/lib:/opt/ros/humble/lib/x86_64-linux-gnu:/opt/ros/humble/lib /usr/bin/cmake --build /home/imml/git/ROB_534_Project/build/realsense2_camera -- -j16 -l16
[1.183s] DEBUG:colcon.colcon_core.event_handler.log_command:Invoking command in '/home/imml/git/ROB_534_Project/build/realsense2_camera': CMAKE_PREFIX_PATH=/home/imml/git/ROB_534_Project/install/realsense2_camera_msgs:/home/imml/git/ROB_534_Project/install/ur:/home/imml/git/ROB_534_Project/install/ur_calibration:/home/imml/git/ROB_534_Project/install/ur_robot_driver:/home/imml/git/ROB_534_Project/install/ur_moveit_config:/home/imml/git/ROB_534_Project/install/ur_bringup:/home/imml/git/ROB_534_Project/install/ur_description:/home/imml/git/ROB_534_Project/install/ur_controllers:/home/imml/git/ROB_534_Project/install/ur_dashboard_msgs:/home/imml/git/ROB_534_Project/install/realsense2_description:/home/imml/git/ROB_534_Project/install/realsense2_camera:/home/imml/git/ROB_534_Project/install/harvest_control:/home/imml/git/ROB_534_Project/install/harvest:/home/imml/git/ROB_534_Project/install/harvest_interfaces:/home/imml/git/ROB_534_Project/install/ur5e_custom_hardware:/home/imml/git/ROB_534_Project/install/harvest_vision:/opt/ros/humble LD_LIBRARY_PATH=/home/imml/git/ROB_534_Project/install/realsense2_camera_msgs/lib:/home/imml/git/ROB_534_Project/install/ur_robot_driver/lib:/home/imml/git/ROB_534_Project/install/ur_controllers/lib:/home/imml/git/ROB_534_Project/install/ur_dashboard_msgs/lib:/home/imml/git/ROB_534_Project/install/realsense2_camera/lib:/home/imml/git/ROB_534_Project/install/harvest_interfaces/lib:/opt/ros/humble/opt/rviz_ogre_vendor/lib:/opt/ros/humble/lib/x86_64-linux-gnu:/opt/ros/humble/lib /usr/bin/cmake --install /home/imml/git/ROB_534_Project/build/realsense2_camera
[1.185s] DEBUG:colcon.colcon_core.event_handler.log_command:Invoking command in '/home/imml/git/ROB_534_Project/build/ur_controllers': CMAKE_PREFIX_PATH=/home/imml/git/ROB_534_Project/install/ur_dashboard_msgs:/home/imml/git/ROB_534_Project/install/ur:/home/imml/git/ROB_534_Project/install/ur_calibration:/home/imml/git/ROB_534_Project/install/ur_robot_driver:/home/imml/git/ROB_534_Project/install/ur_moveit_config:/home/imml/git/ROB_534_Project/install/ur_bringup:/home/imml/git/ROB_534_Project/install/ur_description:/home/imml/git/ROB_534_Project/install/ur_controllers:/home/imml/git/ROB_534_Project/install/realsense2_description:/home/imml/git/ROB_534_Project/install/realsense2_camera:/home/imml/git/ROB_534_Project/install/realsense2_camera_msgs:/home/imml/git/ROB_534_Project/install/harvest_control:/home/imml/git/ROB_534_Project/install/harvest:/home/imml/git/ROB_534_Project/install/harvest_interfaces:/home/imml/git/ROB_534_Project/install/ur5e_custom_hardware:/home/imml/git/ROB_534_Project/install/harvest_vision:/opt/ros/humble LD_LIBRARY_PATH=/home/imml/git/ROB_534_Project/install/ur_dashboard_msgs/lib:/home/imml/git/ROB_534_Project/install/ur_robot_driver/lib:/home/imml/git/ROB_534_Project/install/ur_controllers/lib:/home/imml/git/ROB_534_Project/install/realsense2_camera/lib:/home/imml/git/ROB_534_Project/install/realsense2_camera_msgs/lib:/home/imml/git/ROB_534_Project/install/harvest_interfaces/lib:/opt/ros/humble/opt/rviz_ogre_vendor/lib:/opt/ros/humble/lib/x86_64-linux-gnu:/opt/ros/humble/lib /usr/bin/cmake --build /home/imml/git/ROB_534_Project/build/ur_controllers -- -j16 -l16
[1.188s] DEBUG:colcon.colcon_core.event_handler.log_command:Invoking command in '/home/imml/git/ROB_534_Project/build/ur5e_custom_hardware': PYTHONPATH=/home/imml/git/ROB_534_Project/build/ur5e_custom_hardware/prefix_override:/usr/lib/python3/dist-packages/colcon_core/task/python/colcon_distutils_commands:/home/imml/git/ROB_534_Project/install/ur5e_custom_hardware/lib/python3.10/site-packages:${PYTHONPATH} /usr/bin/python3 -W ignore:setup.py install is deprecated -W ignore:easy_install command is deprecated setup.py develop --editable --build-directory /home/imml/git/ROB_534_Project/build/ur5e_custom_hardware/build --no-deps symlink_data
[1.189s] DEBUG:colcon.colcon_core.event_handler.log_command:Invoked command in '/home/imml/git/ROB_534_Project/build/ur_moveit_config' returned '0': CMAKE_PREFIX_PATH=/home/imml/git/ROB_534_Project/install/ur_description:/home/imml/git/ROB_534_Project/install/ur:/home/imml/git/ROB_534_Project/install/ur_calibration:/home/imml/git/ROB_534_Project/install/ur_robot_driver:/home/imml/git/ROB_534_Project/install/ur_moveit_config:/home/imml/git/ROB_534_Project/install/ur_bringup:/home/imml/git/ROB_534_Project/install/ur_controllers:/home/imml/git/ROB_534_Project/install/ur_dashboard_msgs:/home/imml/git/ROB_534_Project/install/realsense2_description:/home/imml/git/ROB_534_Project/install/realsense2_camera:/home/imml/git/ROB_534_Project/install/realsense2_camera_msgs:/home/imml/git/ROB_534_Project/install/harvest_control:/home/imml/git/ROB_534_Project/install/harvest:/home/imml/git/ROB_534_Project/install/harvest_interfaces:/home/imml/git/ROB_534_Project/install/ur5e_custom_hardware:/home/imml/git/ROB_534_Project/install/harvest_vision:/opt/ros/humble /usr/bin/cmake --build /home/imml/git/ROB_534_Project/build/ur_moveit_config -- -j16 -l16
[1.191s] DEBUG:colcon.colcon_core.event_handler.log_command:Invoking command in '/home/imml/git/ROB_534_Project/build/ur_moveit_config': CMAKE_PREFIX_PATH=/home/imml/git/ROB_534_Project/install/ur_description:/home/imml/git/ROB_534_Project/install/ur:/home/imml/git/ROB_534_Project/install/ur_calibration:/home/imml/git/ROB_534_Project/install/ur_robot_driver:/home/imml/git/ROB_534_Project/install/ur_moveit_config:/home/imml/git/ROB_534_Project/install/ur_bringup:/home/imml/git/ROB_534_Project/install/ur_controllers:/home/imml/git/ROB_534_Project/install/ur_dashboard_msgs:/home/imml/git/ROB_534_Project/install/realsense2_description:/home/imml/git/ROB_534_Project/install/realsense2_camera:/home/imml/git/ROB_534_Project/install/realsense2_camera_msgs:/home/imml/git/ROB_534_Project/install/harvest_control:/home/imml/git/ROB_534_Project/install/harvest:/home/imml/git/ROB_534_Project/install/harvest_interfaces:/home/imml/git/ROB_534_Project/install/ur5e_custom_hardware:/home/imml/git/ROB_534_Project/install/harvest_vision:/opt/ros/humble /usr/bin/cmake --install /home/imml/git/ROB_534_Project/build/ur_moveit_config
[1.210s] Level 1:colcon.colcon_core.environment:create_environment_scripts_only(realsense2_camera)
[1.210s] Level 1:colcon.colcon_core.environment:checking '/home/imml/git/ROB_534_Project/install/realsense2_camera' for CMake module files
[1.211s] DEBUG:colcon.colcon_core.event_handler.log_command:Invoked command in '/home/imml/git/ROB_534_Project/build/realsense2_camera' returned '0': CMAKE_PREFIX_PATH=/home/imml/git/ROB_534_Project/install/realsense2_camera_msgs:/home/imml/git/ROB_534_Project/install/ur:/home/imml/git/ROB_534_Project/install/ur_calibration:/home/imml/git/ROB_534_Project/install/ur_robot_driver:/home/imml/git/ROB_534_Project/install/ur_moveit_config:/home/imml/git/ROB_534_Project/install/ur_bringup:/home/imml/git/ROB_534_Project/install/ur_description:/home/imml/git/ROB_534_Project/install/ur_controllers:/home/imml/git/ROB_534_Project/install/ur_dashboard_msgs:/home/imml/git/ROB_534_Project/install/realsense2_description:/home/imml/git/ROB_534_Project/install/realsense2_camera:/home/imml/git/ROB_534_Project/install/harvest_control:/home/imml/git/ROB_534_Project/install/harvest:/home/imml/git/ROB_534_Project/install/harvest_interfaces:/home/imml/git/ROB_534_Project/install/ur5e_custom_hardware:/home/imml/git/ROB_534_Project/install/harvest_vision:/opt/ros/humble LD_LIBRARY_PATH=/home/imml/git/ROB_534_Project/install/realsense2_camera_msgs/lib:/home/imml/git/ROB_534_Project/install/ur_robot_driver/lib:/home/imml/git/ROB_534_Project/install/ur_controllers/lib:/home/imml/git/ROB_534_Project/install/ur_dashboard_msgs/lib:/home/imml/git/ROB_534_Project/install/realsense2_camera/lib:/home/imml/git/ROB_534_Project/install/harvest_interfaces/lib:/opt/ros/humble/opt/rviz_ogre_vendor/lib:/opt/ros/humble/lib/x86_64-linux-gnu:/opt/ros/humble/lib /usr/bin/cmake --install /home/imml/git/ROB_534_Project/build/realsense2_camera
[1.211s] Level 1:colcon.colcon_core.environment:checking '/home/imml/git/ROB_534_Project/install/realsense2_camera' for CMake config files
[1.212s] Level 1:colcon.colcon_core.shell:create_environment_hook('realsense2_camera', 'cmake_prefix_path')
[1.213s] INFO:colcon.colcon_core.shell:Creating environment hook '/home/imml/git/ROB_534_Project/install/realsense2_camera/share/realsense2_camera/hook/cmake_prefix_path.ps1'
[1.214s] INFO:colcon.colcon_core.shell:Creating environment descriptor '/home/imml/git/ROB_534_Project/install/realsense2_camera/share/realsense2_camera/hook/cmake_prefix_path.dsv'
[1.214s] INFO:colcon.colcon_core.shell:Creating environment hook '/home/imml/git/ROB_534_Project/install/realsense2_camera/share/realsense2_camera/hook/cmake_prefix_path.sh'
[1.215s] Level 1:colcon.colcon_core.environment:checking '/home/imml/git/ROB_534_Project/install/realsense2_camera/lib'
[1.215s] Level 1:colcon.colcon_core.shell:create_environment_hook('realsense2_camera', 'ld_library_path_lib')
[1.215s] INFO:colcon.colcon_core.shell:Creating environment hook '/home/imml/git/ROB_534_Project/install/realsense2_camera/share/realsense2_camera/hook/ld_library_path_lib.ps1'
[1.216s] INFO:colcon.colcon_core.shell:Creating environment descriptor '/home/imml/git/ROB_534_Project/install/realsense2_camera/share/realsense2_camera/hook/ld_library_path_lib.dsv'
[1.218s] INFO:colcon.colcon_core.shell:Creating environment hook '/home/imml/git/ROB_534_Project/install/realsense2_camera/share/realsense2_camera/hook/ld_library_path_lib.sh'
[1.219s] Level 1:colcon.colcon_core.environment:checking '/home/imml/git/ROB_534_Project/install/realsense2_camera/bin'
[1.219s] Level 1:colcon.colcon_core.environment:checking '/home/imml/git/ROB_534_Project/install/realsense2_camera/lib/pkgconfig/realsense2_camera.pc'
[1.219s] Level 1:colcon.colcon_core.environment:checking '/home/imml/git/ROB_534_Project/install/realsense2_camera/lib/python3.10/site-packages'
[1.219s] Level 1:colcon.colcon_core.environment:checking '/home/imml/git/ROB_534_Project/install/realsense2_camera/bin'
[1.220s] INFO:colcon.colcon_core.shell:Creating package script '/home/imml/git/ROB_534_Project/install/realsense2_camera/share/realsense2_camera/package.ps1'
[1.221s] INFO:colcon.colcon_core.shell:Creating package descriptor '/home/imml/git/ROB_534_Project/install/realsense2_camera/share/realsense2_camera/package.dsv'
[1.221s] INFO:colcon.colcon_core.shell:Creating package script '/home/imml/git/ROB_534_Project/install/realsense2_camera/share/realsense2_camera/package.sh'
[1.222s] INFO:colcon.colcon_core.shell:Creating package script '/home/imml/git/ROB_534_Project/install/realsense2_camera/share/realsense2_camera/package.bash'
[1.223s] INFO:colcon.colcon_core.shell:Creating package script '/home/imml/git/ROB_534_Project/install/realsense2_camera/share/realsense2_camera/package.zsh'
[1.223s] Level 1:colcon.colcon_core.environment:create_file_with_runtime_dependencies(/home/imml/git/ROB_534_Project/install/realsense2_camera/share/colcon-core/packages/realsense2_camera)
[1.224s] Level 1:colcon.colcon_core.environment:create_environment_scripts_only(realsense2_camera)
[1.224s] Level 1:colcon.colcon_core.environment:checking '/home/imml/git/ROB_534_Project/install/realsense2_camera' for CMake module files
[1.225s] Level 1:colcon.colcon_core.environment:checking '/home/imml/git/ROB_534_Project/install/realsense2_camera' for CMake config files
[1.226s] Level 1:colcon.colcon_core.shell:create_environment_hook('realsense2_camera', 'cmake_prefix_path')
[1.226s] INFO:colcon.colcon_core.shell:Creating environment hook '/home/imml/git/ROB_534_Project/install/realsense2_camera/share/realsense2_camera/hook/cmake_prefix_path.ps1'
[1.227s] INFO:colcon.colcon_core.shell:Creating environment descriptor '/home/imml/git/ROB_534_Project/install/realsense2_camera/share/realsense2_camera/hook/cmake_prefix_path.dsv'
[1.227s] INFO:colcon.colcon_core.shell:Creating environment hook '/home/imml/git/ROB_534_Project/install/realsense2_camera/share/realsense2_camera/hook/cmake_prefix_path.sh'
[1.228s] Level 1:colcon.colcon_core.environment:checking '/home/imml/git/ROB_534_Project/install/realsense2_camera/lib'
[1.228s] Level 1:colcon.colcon_core.shell:create_environment_hook('realsense2_camera', 'ld_library_path_lib')
[1.229s] INFO:colcon.colcon_core.shell:Creating environment hook '/home/imml/git/ROB_534_Project/install/realsense2_camera/share/realsense2_camera/hook/ld_library_path_lib.ps1'
[1.229s] INFO:colcon.colcon_core.shell:Creating environment descriptor '/home/imml/git/ROB_534_Project/install/realsense2_camera/share/realsense2_camera/hook/ld_library_path_lib.dsv'
[1.229s] INFO:colcon.colcon_core.shell:Creating environment hook '/home/imml/git/ROB_534_Project/install/realsense2_camera/share/realsense2_camera/hook/ld_library_path_lib.sh'
[1.230s] Level 1:colcon.colcon_core.environment:checking '/home/imml/git/ROB_534_Project/install/realsense2_camera/bin'
[1.230s] Level 1:colcon.colcon_core.environment:checking '/home/imml/git/ROB_534_Project/install/realsense2_camera/lib/pkgconfig/realsense2_camera.pc'
[1.230s] Level 1:colcon.colcon_core.environment:checking '/home/imml/git/ROB_534_Project/install/realsense2_camera/lib/python3.10/site-packages'
[1.230s] Level 1:colcon.colcon_core.environment:checking '/home/imml/git/ROB_534_Project/install/realsense2_camera/bin'
[1.231s] INFO:colcon.colcon_core.shell:Creating package script '/home/imml/git/ROB_534_Project/install/realsense2_camera/share/realsense2_camera/package.ps1'
[1.232s] INFO:colcon.colcon_core.shell:Creating package descriptor '/home/imml/git/ROB_534_Project/install/realsense2_camera/share/realsense2_camera/package.dsv'
[1.232s] INFO:colcon.colcon_core.shell:Creating package script '/home/imml/git/ROB_534_Project/install/realsense2_camera/share/realsense2_camera/package.sh'
[1.233s] INFO:colcon.colcon_core.shell:Creating package script '/home/imml/git/ROB_534_Project/install/realsense2_camera/share/realsense2_camera/package.bash'
[1.233s] INFO:colcon.colcon_core.shell:Creating package script '/home/imml/git/ROB_534_Project/install/realsense2_camera/share/realsense2_camera/package.zsh'
[1.233s] Level 1:colcon.colcon_core.environment:create_file_with_runtime_dependencies(/home/imml/git/ROB_534_Project/install/realsense2_camera/share/colcon-core/packages/realsense2_camera)
[1.283s] DEBUG:colcon.colcon_core.event_handler.log_command:Invoked command in '/home/imml/git/ROB_534_Project/build/harvest' returned '0': CMAKE_PREFIX_PATH=/home/imml/git/ROB_534_Project/install/harvest_interfaces:/home/imml/git/ROB_534_Project/install/ur:/home/imml/git/ROB_534_Project/install/ur_calibration:/home/imml/git/ROB_534_Project/install/ur_robot_driver:/home/imml/git/ROB_534_Project/install/ur_moveit_config:/home/imml/git/ROB_534_Project/install/ur_bringup:/home/imml/git/ROB_534_Project/install/ur_description:/home/imml/git/ROB_534_Project/install/ur_controllers:/home/imml/git/ROB_534_Project/install/ur_dashboard_msgs:/home/imml/git/ROB_534_Project/install/realsense2_description:/home/imml/git/ROB_534_Project/install/realsense2_camera:/home/imml/git/ROB_534_Project/install/realsense2_camera_msgs:/home/imml/git/ROB_534_Project/install/harvest_control:/home/imml/git/ROB_534_Project/install/harvest:/home/imml/git/ROB_534_Project/install/ur5e_custom_hardware:/home/imml/git/ROB_534_Project/install/harvest_vision:/opt/ros/humble LD_LIBRARY_PATH=/home/imml/git/ROB_534_Project/install/harvest_interfaces/lib:/home/imml/git/ROB_534_Project/install/ur_robot_driver/lib:/home/imml/git/ROB_534_Project/install/ur_controllers/lib:/home/imml/git/ROB_534_Project/install/ur_dashboard_msgs/lib:/home/imml/git/ROB_534_Project/install/realsense2_camera/lib:/home/imml/git/ROB_534_Project/install/realsense2_camera_msgs/lib:/opt/ros/humble/opt/rviz_ogre_vendor/lib:/opt/ros/humble/lib/x86_64-linux-gnu:/opt/ros/humble/lib /usr/bin/cmake --build /home/imml/git/ROB_534_Project/build/harvest -- -j16 -l16
[1.284s] DEBUG:colcon.colcon_core.event_handler.log_command:Invoking command in '/home/imml/git/ROB_534_Project/build/harvest': CMAKE_PREFIX_PATH=/home/imml/git/ROB_534_Project/install/harvest_interfaces:/home/imml/git/ROB_534_Project/install/ur:/home/imml/git/ROB_534_Project/install/ur_calibration:/home/imml/git/ROB_534_Project/install/ur_robot_driver:/home/imml/git/ROB_534_Project/install/ur_moveit_config:/home/imml/git/ROB_534_Project/install/ur_bringup:/home/imml/git/ROB_534_Project/install/ur_description:/home/imml/git/ROB_534_Project/install/ur_controllers:/home/imml/git/ROB_534_Project/install/ur_dashboard_msgs:/home/imml/git/ROB_534_Project/install/realsense2_description:/home/imml/git/ROB_534_Project/install/realsense2_camera:/home/imml/git/ROB_534_Project/install/realsense2_camera_msgs:/home/imml/git/ROB_534_Project/install/harvest_control:/home/imml/git/ROB_534_Project/install/harvest:/home/imml/git/ROB_534_Project/install/ur5e_custom_hardware:/home/imml/git/ROB_534_Project/install/harvest_vision:/opt/ros/humble LD_LIBRARY_PATH=/home/imml/git/ROB_534_Project/install/harvest_interfaces/lib:/home/imml/git/ROB_534_Project/install/ur_robot_driver/lib:/home/imml/git/ROB_534_Project/install/ur_controllers/lib:/home/imml/git/ROB_534_Project/install/ur_dashboard_msgs/lib:/home/imml/git/ROB_534_Project/install/realsense2_camera/lib:/home/imml/git/ROB_534_Project/install/realsense2_camera_msgs/lib:/opt/ros/humble/opt/rviz_ogre_vendor/lib:/opt/ros/humble/lib/x86_64-linux-gnu:/opt/ros/humble/lib /usr/bin/cmake --install /home/imml/git/ROB_534_Project/build/harvest
[1.301s] DEBUG:colcon.colcon_core.event_handler.log_command:Invoked command in '/home/imml/git/ROB_534_Project/build/ur_controllers' returned '0': CMAKE_PREFIX_PATH=/home/imml/git/ROB_534_Project/install/ur_dashboard_msgs:/home/imml/git/ROB_534_Project/install/ur:/home/imml/git/ROB_534_Project/install/ur_calibration:/home/imml/git/ROB_534_Project/install/ur_robot_driver:/home/imml/git/ROB_534_Project/install/ur_moveit_config:/home/imml/git/ROB_534_Project/install/ur_bringup:/home/imml/git/ROB_534_Project/install/ur_description:/home/imml/git/ROB_534_Project/install/ur_controllers:/home/imml/git/ROB_534_Project/install/realsense2_description:/home/imml/git/ROB_534_Project/install/realsense2_camera:/home/imml/git/ROB_534_Project/install/realsense2_camera_msgs:/home/imml/git/ROB_534_Project/install/harvest_control:/home/imml/git/ROB_534_Project/install/harvest:/home/imml/git/ROB_534_Project/install/harvest_interfaces:/home/imml/git/ROB_534_Project/install/ur5e_custom_hardware:/home/imml/git/ROB_534_Project/install/harvest_vision:/opt/ros/humble LD_LIBRARY_PATH=/home/imml/git/ROB_534_Project/install/ur_dashboard_msgs/lib:/home/imml/git/ROB_534_Project/install/ur_robot_driver/lib:/home/imml/git/ROB_534_Project/install/ur_controllers/lib:/home/imml/git/ROB_534_Project/install/realsense2_camera/lib:/home/imml/git/ROB_534_Project/install/realsense2_camera_msgs/lib:/home/imml/git/ROB_534_Project/install/harvest_interfaces/lib:/opt/ros/humble/opt/rviz_ogre_vendor/lib:/opt/ros/humble/lib/x86_64-linux-gnu:/opt/ros/humble/lib /usr/bin/cmake --build /home/imml/git/ROB_534_Project/build/ur_controllers -- -j16 -l16
[1.303s] DEBUG:colcon.colcon_core.event_handler.log_command:Invoking command in '/home/imml/git/ROB_534_Project/build/ur_controllers': CMAKE_PREFIX_PATH=/home/imml/git/ROB_534_Project/install/ur_dashboard_msgs:/home/imml/git/ROB_534_Project/install/ur:/home/imml/git/ROB_534_Project/install/ur_calibration:/home/imml/git/ROB_534_Project/install/ur_robot_driver:/home/imml/git/ROB_534_Project/install/ur_moveit_config:/home/imml/git/ROB_534_Project/install/ur_bringup:/home/imml/git/ROB_534_Project/install/ur_description:/home/imml/git/ROB_534_Project/install/ur_controllers:/home/imml/git/ROB_534_Project/install/realsense2_description:/home/imml/git/ROB_534_Project/install/realsense2_camera:/home/imml/git/ROB_534_Project/install/realsense2_camera_msgs:/home/imml/git/ROB_534_Project/install/harvest_control:/home/imml/git/ROB_534_Project/install/harvest:/home/imml/git/ROB_534_Project/install/harvest_interfaces:/home/imml/git/ROB_534_Project/install/ur5e_custom_hardware:/home/imml/git/ROB_534_Project/install/harvest_vision:/opt/ros/humble LD_LIBRARY_PATH=/home/imml/git/ROB_534_Project/install/ur_dashboard_msgs/lib:/home/imml/git/ROB_534_Project/install/ur_robot_driver/lib:/home/imml/git/ROB_534_Project/install/ur_controllers/lib:/home/imml/git/ROB_534_Project/install/realsense2_camera/lib:/home/imml/git/ROB_534_Project/install/realsense2_camera_msgs/lib:/home/imml/git/ROB_534_Project/install/harvest_interfaces/lib:/opt/ros/humble/opt/rviz_ogre_vendor/lib:/opt/ros/humble/lib/x86_64-linux-gnu:/opt/ros/humble/lib /usr/bin/cmake --install /home/imml/git/ROB_534_Project/build/ur_controllers
[1.311s] Level 1:colcon.colcon_core.environment:create_environment_scripts_only(ur_moveit_config)
[1.312s] Level 1:colcon.colcon_core.environment:checking '/home/imml/git/ROB_534_Project/install/ur_moveit_config' for CMake module files
[1.313s] DEBUG:colcon.colcon_core.event_handler.log_command:Invoked command in '/home/imml/git/ROB_534_Project/build/ur_moveit_config' returned '0': CMAKE_PREFIX_PATH=/home/imml/git/ROB_534_Project/install/ur_description:/home/imml/git/ROB_534_Project/install/ur:/home/imml/git/ROB_534_Project/install/ur_calibration:/home/imml/git/ROB_534_Project/install/ur_robot_driver:/home/imml/git/ROB_534_Project/install/ur_moveit_config:/home/imml/git/ROB_534_Project/install/ur_bringup:/home/imml/git/ROB_534_Project/install/ur_controllers:/home/imml/git/ROB_534_Project/install/ur_dashboard_msgs:/home/imml/git/ROB_534_Project/install/realsense2_description:/home/imml/git/ROB_534_Project/install/realsense2_camera:/home/imml/git/ROB_534_Project/install/realsense2_camera_msgs:/home/imml/git/ROB_534_Project/install/harvest_control:/home/imml/git/ROB_534_Project/install/harvest:/home/imml/git/ROB_534_Project/install/harvest_interfaces:/home/imml/git/ROB_534_Project/install/ur5e_custom_hardware:/home/imml/git/ROB_534_Project/install/harvest_vision:/opt/ros/humble /usr/bin/cmake --install /home/imml/git/ROB_534_Project/build/ur_moveit_config
[1.314s] Level 1:colcon.colcon_core.environment:checking '/home/imml/git/ROB_534_Project/install/ur_moveit_config' for CMake config files
[1.317s] Level 1:colcon.colcon_core.shell:create_environment_hook('ur_moveit_config', 'cmake_prefix_path')
[1.318s] INFO:colcon.colcon_core.shell:Creating environment hook '/home/imml/git/ROB_534_Project/install/ur_moveit_config/share/ur_moveit_config/hook/cmake_prefix_path.ps1'
[1.318s] INFO:colcon.colcon_core.shell:Creating environment descriptor '/home/imml/git/ROB_534_Project/install/ur_moveit_config/share/ur_moveit_config/hook/cmake_prefix_path.dsv'
[1.319s] INFO:colcon.colcon_core.shell:Creating environment hook '/home/imml/git/ROB_534_Project/install/ur_moveit_config/share/ur_moveit_config/hook/cmake_prefix_path.sh'
[1.320s] Level 1:colcon.colcon_core.environment:checking '/home/imml/git/ROB_534_Project/install/ur_moveit_config/bin'
[1.320s] Level 1:colcon.colcon_core.environment:checking '/home/imml/git/ROB_534_Project/install/ur_moveit_config/lib/pkgconfig/ur_moveit_config.pc'
[1.320s] Level 1:colcon.colcon_core.environment:checking '/home/imml/git/ROB_534_Project/install/ur_moveit_config/lib/python3.10/site-packages'
[1.321s] Level 1:colcon.colcon_core.environment:checking '/home/imml/git/ROB_534_Project/install/ur_moveit_config/bin'
[1.321s] INFO:colcon.colcon_core.shell:Creating package script '/home/imml/git/ROB_534_Project/install/ur_moveit_config/share/ur_moveit_config/package.ps1'
[1.322s] INFO:colcon.colcon_core.shell:Creating package descriptor '/home/imml/git/ROB_534_Project/install/ur_moveit_config/share/ur_moveit_config/package.dsv'
[1.322s] INFO:colcon.colcon_core.shell:Creating package script '/home/imml/git/ROB_534_Project/install/ur_moveit_config/share/ur_moveit_config/package.sh'
[1.323s] INFO:colcon.colcon_core.shell:Creating package script '/home/imml/git/ROB_534_Project/install/ur_moveit_config/share/ur_moveit_config/package.bash'
[1.323s] INFO:colcon.colcon_core.shell:Creating package script '/home/imml/git/ROB_534_Project/install/ur_moveit_config/share/ur_moveit_config/package.zsh'
[1.324s] Level 1:colcon.colcon_core.environment:create_file_with_runtime_dependencies(/home/imml/git/ROB_534_Project/install/ur_moveit_config/share/colcon-core/packages/ur_moveit_config)
[1.324s] Level 1:colcon.colcon_core.environment:create_environment_scripts_only(ur_moveit_config)
[1.325s] Level 1:colcon.colcon_core.environment:checking '/home/imml/git/ROB_534_Project/install/ur_moveit_config' for CMake module files
[1.325s] Level 1:colcon.colcon_core.environment:checking '/home/imml/git/ROB_534_Project/install/ur_moveit_config' for CMake config files
[1.326s] Level 1:colcon.colcon_core.shell:create_environment_hook('ur_moveit_config', 'cmake_prefix_path')
[1.326s] INFO:colcon.colcon_core.shell:Creating environment hook '/home/imml/git/ROB_534_Project/install/ur_moveit_config/share/ur_moveit_config/hook/cmake_prefix_path.ps1'
[1.327s] INFO:colcon.colcon_core.shell:Creating environment descriptor '/home/imml/git/ROB_534_Project/install/ur_moveit_config/share/ur_moveit_config/hook/cmake_prefix_path.dsv'
[1.327s] INFO:colcon.colcon_core.shell:Creating environment hook '/home/imml/git/ROB_534_Project/install/ur_moveit_config/share/ur_moveit_config/hook/cmake_prefix_path.sh'
[1.328s] Level 1:colcon.colcon_core.environment:checking '/home/imml/git/ROB_534_Project/install/ur_moveit_config/bin'
[1.328s] Level 1:colcon.colcon_core.environment:checking '/home/imml/git/ROB_534_Project/install/ur_moveit_config/lib/pkgconfig/ur_moveit_config.pc'
[1.328s] Level 1:colcon.colcon_core.environment:checking '/home/imml/git/ROB_534_Project/install/ur_moveit_config/lib/python3.10/site-packages'
[1.328s] Level 1:colcon.colcon_core.environment:checking '/home/imml/git/ROB_534_Project/install/ur_moveit_config/bin'
[1.328s] INFO:colcon.colcon_core.shell:Creating package script '/home/imml/git/ROB_534_Project/install/ur_moveit_config/share/ur_moveit_config/package.ps1'
[1.329s] INFO:colcon.colcon_core.shell:Creating package descriptor '/home/imml/git/ROB_534_Project/install/ur_moveit_config/share/ur_moveit_config/package.dsv'
[1.329s] INFO:colcon.colcon_core.shell:Creating package script '/home/imml/git/ROB_534_Project/install/ur_moveit_config/share/ur_moveit_config/package.sh'
[1.330s] INFO:colcon.colcon_core.shell:Creating package script '/home/imml/git/ROB_534_Project/install/ur_moveit_config/share/ur_moveit_config/package.bash'
[1.330s] INFO:colcon.colcon_core.shell:Creating package script '/home/imml/git/ROB_534_Project/install/ur_moveit_config/share/ur_moveit_config/package.zsh'
[1.331s] Level 1:colcon.colcon_core.environment:create_file_with_runtime_dependencies(/home/imml/git/ROB_534_Project/install/ur_moveit_config/share/colcon-core/packages/ur_moveit_config)
[1.335s] Level 1:colcon.colcon_core.environment:create_environment_scripts_only(ur_controllers)
[1.335s] Level 1:colcon.colcon_core.environment:checking '/home/imml/git/ROB_534_Project/install/ur_controllers' for CMake module files
[1.336s] DEBUG:colcon.colcon_core.event_handler.log_command:Invoked command in '/home/imml/git/ROB_534_Project/build/ur_controllers' returned '0': CMAKE_PREFIX_PATH=/home/imml/git/ROB_534_Project/install/ur_dashboard_msgs:/home/imml/git/ROB_534_Project/install/ur:/home/imml/git/ROB_534_Project/install/ur_calibration:/home/imml/git/ROB_534_Project/install/ur_robot_driver:/home/imml/git/ROB_534_Project/install/ur_moveit_config:/home/imml/git/ROB_534_Project/install/ur_bringup:/home/imml/git/ROB_534_Project/install/ur_description:/home/imml/git/ROB_534_Project/install/ur_controllers:/home/imml/git/ROB_534_Project/install/realsense2_description:/home/imml/git/ROB_534_Project/install/realsense2_camera:/home/imml/git/ROB_534_Project/install/realsense2_camera_msgs:/home/imml/git/ROB_534_Project/install/harvest_control:/home/imml/git/ROB_534_Project/install/harvest:/home/imml/git/ROB_534_Project/install/harvest_interfaces:/home/imml/git/ROB_534_Project/install/ur5e_custom_hardware:/home/imml/git/ROB_534_Project/install/harvest_vision:/opt/ros/humble LD_LIBRARY_PATH=/home/imml/git/ROB_534_Project/install/ur_dashboard_msgs/lib:/home/imml/git/ROB_534_Project/install/ur_robot_driver/lib:/home/imml/git/ROB_534_Project/install/ur_controllers/lib:/home/imml/git/ROB_534_Project/install/realsense2_camera/lib:/home/imml/git/ROB_534_Project/install/realsense2_camera_msgs/lib:/home/imml/git/ROB_534_Project/install/harvest_interfaces/lib:/opt/ros/humble/opt/rviz_ogre_vendor/lib:/opt/ros/humble/lib/x86_64-linux-gnu:/opt/ros/humble/lib /usr/bin/cmake --install /home/imml/git/ROB_534_Project/build/ur_controllers
[1.337s] Level 1:colcon.colcon_core.environment:checking '/home/imml/git/ROB_534_Project/install/ur_controllers' for CMake config files
[1.337s] Level 1:colcon.colcon_core.shell:create_environment_hook('ur_controllers', 'cmake_prefix_path')
[1.337s] INFO:colcon.colcon_core.shell:Creating environment hook '/home/imml/git/ROB_534_Project/install/ur_controllers/share/ur_controllers/hook/cmake_prefix_path.ps1'
[1.338s] INFO:colcon.colcon_core.shell:Creating environment descriptor '/home/imml/git/ROB_534_Project/install/ur_controllers/share/ur_controllers/hook/cmake_prefix_path.dsv'
[1.339s] INFO:colcon.colcon_core.shell:Creating environment hook '/home/imml/git/ROB_534_Project/install/ur_controllers/share/ur_controllers/hook/cmake_prefix_path.sh'
[1.339s] Level 1:colcon.colcon_core.environment:checking '/home/imml/git/ROB_534_Project/install/ur_controllers/lib'
[1.339s] Level 1:colcon.colcon_core.shell:create_environment_hook('ur_controllers', 'ld_library_path_lib')
[1.340s] INFO:colcon.colcon_core.shell:Creating environment hook '/home/imml/git/ROB_534_Project/install/ur_controllers/share/ur_controllers/hook/ld_library_path_lib.ps1'
[1.340s] INFO:colcon.colcon_core.shell:Creating environment descriptor '/home/imml/git/ROB_534_Project/install/ur_controllers/share/ur_controllers/hook/ld_library_path_lib.dsv'
[1.340s] INFO:colcon.colcon_core.shell:Creating environment hook '/home/imml/git/ROB_534_Project/install/ur_controllers/share/ur_controllers/hook/ld_library_path_lib.sh'
[1.341s] Level 1:colcon.colcon_core.environment:checking '/home/imml/git/ROB_534_Project/install/ur_controllers/bin'
[1.341s] Level 1:colcon.colcon_core.environment:checking '/home/imml/git/ROB_534_Project/install/ur_controllers/lib/pkgconfig/ur_controllers.pc'
[1.341s] Level 1:colcon.colcon_core.environment:checking '/home/imml/git/ROB_534_Project/install/ur_controllers/lib/python3.10/site-packages'
[1.341s] Level 1:colcon.colcon_core.environment:checking '/home/imml/git/ROB_534_Project/install/ur_controllers/bin'
[1.342s] INFO:colcon.colcon_core.shell:Creating package script '/home/imml/git/ROB_534_Project/install/ur_controllers/share/ur_controllers/package.ps1'
[1.342s] INFO:colcon.colcon_core.shell:Creating package descriptor '/home/imml/git/ROB_534_Project/install/ur_controllers/share/ur_controllers/package.dsv'
[1.343s] INFO:colcon.colcon_core.shell:Creating package script '/home/imml/git/ROB_534_Project/install/ur_controllers/share/ur_controllers/package.sh'
[1.343s] INFO:colcon.colcon_core.shell:Creating package script '/home/imml/git/ROB_534_Project/install/ur_controllers/share/ur_controllers/package.bash'
[1.344s] INFO:colcon.colcon_core.shell:Creating package script '/home/imml/git/ROB_534_Project/install/ur_controllers/share/ur_controllers/package.zsh'
[1.344s] Level 1:colcon.colcon_core.environment:create_file_with_runtime_dependencies(/home/imml/git/ROB_534_Project/install/ur_controllers/share/colcon-core/packages/ur_controllers)
[1.345s] Level 1:colcon.colcon_core.environment:create_environment_scripts_only(ur_controllers)
[1.345s] Level 1:colcon.colcon_core.environment:checking '/home/imml/git/ROB_534_Project/install/ur_controllers' for CMake module files
[1.346s] Level 1:colcon.colcon_core.environment:checking '/home/imml/git/ROB_534_Project/install/ur_controllers' for CMake config files
[1.346s] Level 1:colcon.colcon_core.shell:create_environment_hook('ur_controllers', 'cmake_prefix_path')
[1.346s] INFO:colcon.colcon_core.shell:Creating environment hook '/home/imml/git/ROB_534_Project/install/ur_controllers/share/ur_controllers/hook/cmake_prefix_path.ps1'
[1.347s] INFO:colcon.colcon_core.shell:Creating environment descriptor '/home/imml/git/ROB_534_Project/install/ur_controllers/share/ur_controllers/hook/cmake_prefix_path.dsv'
[1.347s] INFO:colcon.colcon_core.shell:Creating environment hook '/home/imml/git/ROB_534_Project/install/ur_controllers/share/ur_controllers/hook/cmake_prefix_path.sh'
[1.348s] Level 1:colcon.colcon_core.environment:checking '/home/imml/git/ROB_534_Project/install/ur_controllers/lib'
[1.348s] Level 1:colcon.colcon_core.shell:create_environment_hook('ur_controllers', 'ld_library_path_lib')
[1.348s] INFO:colcon.colcon_core.shell:Creating environment hook '/home/imml/git/ROB_534_Project/install/ur_controllers/share/ur_controllers/hook/ld_library_path_lib.ps1'
[1.349s] INFO:colcon.colcon_core.shell:Creating environment descriptor '/home/imml/git/ROB_534_Project/install/ur_controllers/share/ur_controllers/hook/ld_library_path_lib.dsv'
[1.349s] INFO:colcon.colcon_core.shell:Creating environment hook '/home/imml/git/ROB_534_Project/install/ur_controllers/share/ur_controllers/hook/ld_library_path_lib.sh'
[1.349s] Level 1:colcon.colcon_core.environment:checking '/home/imml/git/ROB_534_Project/install/ur_controllers/bin'
[1.349s] Level 1:colcon.colcon_core.environment:checking '/home/imml/git/ROB_534_Project/install/ur_controllers/lib/pkgconfig/ur_controllers.pc'
[1.350s] Level 1:colcon.colcon_core.environment:checking '/home/imml/git/ROB_534_Project/install/ur_controllers/lib/python3.10/site-packages'
[1.350s] Level 1:colcon.colcon_core.environment:checking '/home/imml/git/ROB_534_Project/install/ur_controllers/bin'
[1.350s] INFO:colcon.colcon_core.shell:Creating package script '/home/imml/git/ROB_534_Project/install/ur_controllers/share/ur_controllers/package.ps1'
[1.351s] INFO:colcon.colcon_core.shell:Creating package descriptor '/home/imml/git/ROB_534_Project/install/ur_controllers/share/ur_controllers/package.dsv'
[1.351s] INFO:colcon.colcon_core.shell:Creating package script '/home/imml/git/ROB_534_Project/install/ur_controllers/share/ur_controllers/package.sh'
[1.351s] INFO:colcon.colcon_core.shell:Creating package script '/home/imml/git/ROB_534_Project/install/ur_controllers/share/ur_controllers/package.bash'
[1.352s] INFO:colcon.colcon_core.shell:Creating package script '/home/imml/git/ROB_534_Project/install/ur_controllers/share/ur_controllers/package.zsh'
[1.352s] Level 1:colcon.colcon_core.environment:create_file_with_runtime_dependencies(/home/imml/git/ROB_534_Project/install/ur_controllers/share/colcon-core/packages/ur_controllers)
[1.353s] INFO:colcon.colcon_ros.task.ament_cmake.build:Building ROS package in '/home/imml/git/ROB_534_Project/harvest_hardware/Universal_Robots_ROS2_Driver/ur_robot_driver' with build type 'ament_cmake'
[1.353s] INFO:colcon.colcon_cmake.task.cmake.build:Building CMake package in '/home/imml/git/ROB_534_Project/harvest_hardware/Universal_Robots_ROS2_Driver/ur_robot_driver'
[1.353s] INFO:colcon.colcon_core.shell:Skip shell extension 'powershell' for command environment: Not usable outside of PowerShell
[1.353s] DEBUG:colcon.colcon_core.shell:Skip shell extension 'dsv' for command environment
[1.358s] INFO:colcon.colcon_ros.task.ament_cmake.build:Building ROS package in '/home/imml/git/ROB_534_Project/harvest_hardware/Universal_Robots_ROS2_Driver/ur_bringup' with build type 'ament_cmake'
[1.359s] INFO:colcon.colcon_cmake.task.cmake.build:Building CMake package in '/home/imml/git/ROB_534_Project/harvest_hardware/Universal_Robots_ROS2_Driver/ur_bringup'
[1.359s] INFO:colcon.colcon_core.shell:Skip shell extension 'powershell' for command environment: Not usable outside of PowerShell
[1.359s] DEBUG:colcon.colcon_core.shell:Skip shell extension 'dsv' for command environment
[1.366s] Level 1:colcon.colcon_core.environment:create_environment_scripts_only(harvest)
[1.366s] Level 1:colcon.colcon_core.environment:checking '/home/imml/git/ROB_534_Project/install/harvest' for CMake module files
[1.367s] DEBUG:colcon.colcon_core.event_handler.log_command:Invoked command in '/home/imml/git/ROB_534_Project/build/harvest' returned '0': CMAKE_PREFIX_PATH=/home/imml/git/ROB_534_Project/install/harvest_interfaces:/home/imml/git/ROB_534_Project/install/ur:/home/imml/git/ROB_534_Project/install/ur_calibration:/home/imml/git/ROB_534_Project/install/ur_robot_driver:/home/imml/git/ROB_534_Project/install/ur_moveit_config:/home/imml/git/ROB_534_Project/install/ur_bringup:/home/imml/git/ROB_534_Project/install/ur_description:/home/imml/git/ROB_534_Project/install/ur_controllers:/home/imml/git/ROB_534_Project/install/ur_dashboard_msgs:/home/imml/git/ROB_534_Project/install/realsense2_description:/home/imml/git/ROB_534_Project/install/realsense2_camera:/home/imml/git/ROB_534_Project/install/realsense2_camera_msgs:/home/imml/git/ROB_534_Project/install/harvest_control:/home/imml/git/ROB_534_Project/install/harvest:/home/imml/git/ROB_534_Project/install/ur5e_custom_hardware:/home/imml/git/ROB_534_Project/install/harvest_vision:/opt/ros/humble LD_LIBRARY_PATH=/home/imml/git/ROB_534_Project/install/harvest_interfaces/lib:/home/imml/git/ROB_534_Project/install/ur_robot_driver/lib:/home/imml/git/ROB_534_Project/install/ur_controllers/lib:/home/imml/git/ROB_534_Project/install/ur_dashboard_msgs/lib:/home/imml/git/ROB_534_Project/install/realsense2_camera/lib:/home/imml/git/ROB_534_Project/install/realsense2_camera_msgs/lib:/opt/ros/humble/opt/rviz_ogre_vendor/lib:/opt/ros/humble/lib/x86_64-linux-gnu:/opt/ros/humble/lib /usr/bin/cmake --install /home/imml/git/ROB_534_Project/build/harvest
[1.367s] Level 1:colcon.colcon_core.environment:checking '/home/imml/git/ROB_534_Project/install/harvest' for CMake config files
[1.367s] Level 1:colcon.colcon_core.shell:create_environment_hook('harvest', 'cmake_prefix_path')
[1.368s] INFO:colcon.colcon_core.shell:Creating environment hook '/home/imml/git/ROB_534_Project/install/harvest/share/harvest/hook/cmake_prefix_path.ps1'
[1.368s] INFO:colcon.colcon_core.shell:Creating environment descriptor '/home/imml/git/ROB_534_Project/install/harvest/share/harvest/hook/cmake_prefix_path.dsv'
[1.369s] INFO:colcon.colcon_core.shell:Creating environment hook '/home/imml/git/ROB_534_Project/install/harvest/share/harvest/hook/cmake_prefix_path.sh'
[1.369s] Level 1:colcon.colcon_core.environment:checking '/home/imml/git/ROB_534_Project/install/harvest/lib'
[1.369s] Level 1:colcon.colcon_core.environment:checking '/home/imml/git/ROB_534_Project/install/harvest/bin'
[1.369s] Level 1:colcon.colcon_core.environment:checking '/home/imml/git/ROB_534_Project/install/harvest/lib/pkgconfig/harvest.pc'
[1.369s] Level 1:colcon.colcon_core.environment:checking '/home/imml/git/ROB_534_Project/install/harvest/lib/python3.10/site-packages'
[1.370s] Level 1:colcon.colcon_core.environment:checking '/home/imml/git/ROB_534_Project/install/harvest/bin'
[1.370s] INFO:colcon.colcon_core.shell:Creating package script '/home/imml/git/ROB_534_Project/install/harvest/share/harvest/package.ps1'
[1.370s] INFO:colcon.colcon_core.shell:Creating package descriptor '/home/imml/git/ROB_534_Project/install/harvest/share/harvest/package.dsv'
[1.371s] INFO:colcon.colcon_core.shell:Creating package script '/home/imml/git/ROB_534_Project/install/harvest/share/harvest/package.sh'
[1.371s] INFO:colcon.colcon_core.shell:Creating package script '/home/imml/git/ROB_534_Project/install/harvest/share/harvest/package.bash'
[1.372s] INFO:colcon.colcon_core.shell:Creating package script '/home/imml/git/ROB_534_Project/install/harvest/share/harvest/package.zsh'
[1.372s] Level 1:colcon.colcon_core.environment:create_file_with_runtime_dependencies(/home/imml/git/ROB_534_Project/install/harvest/share/colcon-core/packages/harvest)
[1.373s] Level 1:colcon.colcon_core.environment:create_environment_scripts_only(harvest)
[1.373s] Level 1:colcon.colcon_core.environment:checking '/home/imml/git/ROB_534_Project/install/harvest' for CMake module files
[1.374s] Level 1:colcon.colcon_core.environment:checking '/home/imml/git/ROB_534_Project/install/harvest' for CMake config files
[1.374s] Level 1:colcon.colcon_core.shell:create_environment_hook('harvest', 'cmake_prefix_path')
[1.374s] INFO:colcon.colcon_core.shell:Creating environment hook '/home/imml/git/ROB_534_Project/install/harvest/share/harvest/hook/cmake_prefix_path.ps1'
[1.375s] INFO:colcon.colcon_core.shell:Creating environment descriptor '/home/imml/git/ROB_534_Project/install/harvest/share/harvest/hook/cmake_prefix_path.dsv'
[1.375s] INFO:colcon.colcon_core.shell:Creating environment hook '/home/imml/git/ROB_534_Project/install/harvest/share/harvest/hook/cmake_prefix_path.sh'
[1.375s] Level 1:colcon.colcon_core.environment:checking '/home/imml/git/ROB_534_Project/install/harvest/lib'
[1.376s] Level 1:colcon.colcon_core.environment:checking '/home/imml/git/ROB_534_Project/install/harvest/bin'
[1.376s] Level 1:colcon.colcon_core.environment:checking '/home/imml/git/ROB_534_Project/install/harvest/lib/pkgconfig/harvest.pc'
[1.376s] Level 1:colcon.colcon_core.environment:checking '/home/imml/git/ROB_534_Project/install/harvest/lib/python3.10/site-packages'
[1.376s] Level 1:colcon.colcon_core.environment:checking '/home/imml/git/ROB_534_Project/install/harvest/bin'
[1.376s] INFO:colcon.colcon_core.shell:Creating package script '/home/imml/git/ROB_534_Project/install/harvest/share/harvest/package.ps1'
[1.377s] INFO:colcon.colcon_core.shell:Creating package descriptor '/home/imml/git/ROB_534_Project/install/harvest/share/harvest/package.dsv'
[1.377s] INFO:colcon.colcon_core.shell:Creating package script '/home/imml/git/ROB_534_Project/install/harvest/share/harvest/package.sh'
[1.377s] INFO:colcon.colcon_core.shell:Creating package script '/home/imml/git/ROB_534_Project/install/harvest/share/harvest/package.bash'
[1.378s] INFO:colcon.colcon_core.shell:Creating package script '/home/imml/git/ROB_534_Project/install/harvest/share/harvest/package.zsh'
[1.378s] Level 1:colcon.colcon_core.environment:create_file_with_runtime_dependencies(/home/imml/git/ROB_534_Project/install/harvest/share/colcon-core/packages/harvest)
[1.381s] DEBUG:colcon.colcon_core.event_handler.log_command:Invoking command in '/home/imml/git/ROB_534_Project/build/ur_robot_driver': CMAKE_PREFIX_PATH=/home/imml/git/ROB_534_Project/install/ur_controllers:/home/imml/git/ROB_534_Project/install/ur_description:/home/imml/git/ROB_534_Project/install/ur_dashboard_msgs:/home/imml/git/ROB_534_Project/install/ur:/home/imml/git/ROB_534_Project/install/ur_calibration:/home/imml/git/ROB_534_Project/install/ur_robot_driver:/home/imml/git/ROB_534_Project/install/ur_moveit_config:/home/imml/git/ROB_534_Project/install/ur_bringup:/home/imml/git/ROB_534_Project/install/realsense2_description:/home/imml/git/ROB_534_Project/install/realsense2_camera:/home/imml/git/ROB_534_Project/install/realsense2_camera_msgs:/home/imml/git/ROB_534_Project/install/harvest_control:/home/imml/git/ROB_534_Project/install/harvest:/home/imml/git/ROB_534_Project/install/harvest_interfaces:/home/imml/git/ROB_534_Project/install/ur5e_custom_hardware:/home/imml/git/ROB_534_Project/install/harvest_vision:/opt/ros/humble LD_LIBRARY_PATH=/home/imml/git/ROB_534_Project/install/ur_controllers/lib:/home/imml/git/ROB_534_Project/install/ur_dashboard_msgs/lib:/home/imml/git/ROB_534_Project/install/ur_robot_driver/lib:/home/imml/git/ROB_534_Project/install/realsense2_camera/lib:/home/imml/git/ROB_534_Project/install/realsense2_camera_msgs/lib:/home/imml/git/ROB_534_Project/install/harvest_interfaces/lib:/opt/ros/humble/opt/rviz_ogre_vendor/lib:/opt/ros/humble/lib/x86_64-linux-gnu:/opt/ros/humble/lib /usr/bin/cmake --build /home/imml/git/ROB_534_Project/build/ur_robot_driver -- -j16 -l16
[1.383s] DEBUG:colcon.colcon_core.event_handler.log_command:Invoking command in '/home/imml/git/ROB_534_Project/build/ur_bringup': CMAKE_PREFIX_PATH=/home/imml/git/ROB_534_Project/install/ur_controllers:/home/imml/git/ROB_534_Project/install/ur_description:/home/imml/git/ROB_534_Project/install/ur_dashboard_msgs:/home/imml/git/ROB_534_Project/install/ur:/home/imml/git/ROB_534_Project/install/ur_calibration:/home/imml/git/ROB_534_Project/install/ur_robot_driver:/home/imml/git/ROB_534_Project/install/ur_moveit_config:/home/imml/git/ROB_534_Project/install/ur_bringup:/home/imml/git/ROB_534_Project/install/realsense2_description:/home/imml/git/ROB_534_Project/install/realsense2_camera:/home/imml/git/ROB_534_Project/install/realsense2_camera_msgs:/home/imml/git/ROB_534_Project/install/harvest_control:/home/imml/git/ROB_534_Project/install/harvest:/home/imml/git/ROB_534_Project/install/harvest_interfaces:/home/imml/git/ROB_534_Project/install/ur5e_custom_hardware:/home/imml/git/ROB_534_Project/install/harvest_vision:/opt/ros/humble LD_LIBRARY_PATH=/home/imml/git/ROB_534_Project/install/ur_controllers/lib:/home/imml/git/ROB_534_Project/install/ur_dashboard_msgs/lib:/home/imml/git/ROB_534_Project/install/ur_robot_driver/lib:/home/imml/git/ROB_534_Project/install/realsense2_camera/lib:/home/imml/git/ROB_534_Project/install/realsense2_camera_msgs/lib:/home/imml/git/ROB_534_Project/install/harvest_interfaces/lib:/opt/ros/humble/opt/rviz_ogre_vendor/lib:/opt/ros/humble/lib/x86_64-linux-gnu:/opt/ros/humble/lib /usr/bin/cmake --build /home/imml/git/ROB_534_Project/build/ur_bringup -- -j16 -l16
[1.428s] DEBUG:colcon.colcon_core.event_handler.log_command:Invoked command in '/home/imml/git/ROB_534_Project/build/ur_bringup' returned '0': CMAKE_PREFIX_PATH=/home/imml/git/ROB_534_Project/install/ur_controllers:/home/imml/git/ROB_534_Project/install/ur_description:/home/imml/git/ROB_534_Project/install/ur_dashboard_msgs:/home/imml/git/ROB_534_Project/install/ur:/home/imml/git/ROB_534_Project/install/ur_calibration:/home/imml/git/ROB_534_Project/install/ur_robot_driver:/home/imml/git/ROB_534_Project/install/ur_moveit_config:/home/imml/git/ROB_534_Project/install/ur_bringup:/home/imml/git/ROB_534_Project/install/realsense2_description:/home/imml/git/ROB_534_Project/install/realsense2_camera:/home/imml/git/ROB_534_Project/install/realsense2_camera_msgs:/home/imml/git/ROB_534_Project/install/harvest_control:/home/imml/git/ROB_534_Project/install/harvest:/home/imml/git/ROB_534_Project/install/harvest_interfaces:/home/imml/git/ROB_534_Project/install/ur5e_custom_hardware:/home/imml/git/ROB_534_Project/install/harvest_vision:/opt/ros/humble LD_LIBRARY_PATH=/home/imml/git/ROB_534_Project/install/ur_controllers/lib:/home/imml/git/ROB_534_Project/install/ur_dashboard_msgs/lib:/home/imml/git/ROB_534_Project/install/ur_robot_driver/lib:/home/imml/git/ROB_534_Project/install/realsense2_camera/lib:/home/imml/git/ROB_534_Project/install/realsense2_camera_msgs/lib:/home/imml/git/ROB_534_Project/install/harvest_interfaces/lib:/opt/ros/humble/opt/rviz_ogre_vendor/lib:/opt/ros/humble/lib/x86_64-linux-gnu:/opt/ros/humble/lib /usr/bin/cmake --build /home/imml/git/ROB_534_Project/build/ur_bringup -- -j16 -l16
[1.429s] DEBUG:colcon.colcon_core.event_handler.log_command:Invoking command in '/home/imml/git/ROB_534_Project/build/ur_bringup': CMAKE_PREFIX_PATH=/home/imml/git/ROB_534_Project/install/ur_controllers:/home/imml/git/ROB_534_Project/install/ur_description:/home/imml/git/ROB_534_Project/install/ur_dashboard_msgs:/home/imml/git/ROB_534_Project/install/ur:/home/imml/git/ROB_534_Project/install/ur_calibration:/home/imml/git/ROB_534_Project/install/ur_robot_driver:/home/imml/git/ROB_534_Project/install/ur_moveit_config:/home/imml/git/ROB_534_Project/install/ur_bringup:/home/imml/git/ROB_534_Project/install/realsense2_description:/home/imml/git/ROB_534_Project/install/realsense2_camera:/home/imml/git/ROB_534_Project/install/realsense2_camera_msgs:/home/imml/git/ROB_534_Project/install/harvest_control:/home/imml/git/ROB_534_Project/install/harvest:/home/imml/git/ROB_534_Project/install/harvest_interfaces:/home/imml/git/ROB_534_Project/install/ur5e_custom_hardware:/home/imml/git/ROB_534_Project/install/harvest_vision:/opt/ros/humble LD_LIBRARY_PATH=/home/imml/git/ROB_534_Project/install/ur_controllers/lib:/home/imml/git/ROB_534_Project/install/ur_dashboard_msgs/lib:/home/imml/git/ROB_534_Project/install/ur_robot_driver/lib:/home/imml/git/ROB_534_Project/install/realsense2_camera/lib:/home/imml/git/ROB_534_Project/install/realsense2_camera_msgs/lib:/home/imml/git/ROB_534_Project/install/harvest_interfaces/lib:/opt/ros/humble/opt/rviz_ogre_vendor/lib:/opt/ros/humble/lib/x86_64-linux-gnu:/opt/ros/humble/lib /usr/bin/cmake --install /home/imml/git/ROB_534_Project/build/ur_bringup
[1.459s] Level 1:colcon.colcon_core.environment:create_environment_scripts_only(ur_bringup)
[1.460s] Level 1:colcon.colcon_core.environment:checking '/home/imml/git/ROB_534_Project/install/ur_bringup' for CMake module files
[1.460s] DEBUG:colcon.colcon_core.event_handler.log_command:Invoked command in '/home/imml/git/ROB_534_Project/build/ur_bringup' returned '0': CMAKE_PREFIX_PATH=/home/imml/git/ROB_534_Project/install/ur_controllers:/home/imml/git/ROB_534_Project/install/ur_description:/home/imml/git/ROB_534_Project/install/ur_dashboard_msgs:/home/imml/git/ROB_534_Project/install/ur:/home/imml/git/ROB_534_Project/install/ur_calibration:/home/imml/git/ROB_534_Project/install/ur_robot_driver:/home/imml/git/ROB_534_Project/install/ur_moveit_config:/home/imml/git/ROB_534_Project/install/ur_bringup:/home/imml/git/ROB_534_Project/install/realsense2_description:/home/imml/git/ROB_534_Project/install/realsense2_camera:/home/imml/git/ROB_534_Project/install/realsense2_camera_msgs:/home/imml/git/ROB_534_Project/install/harvest_control:/home/imml/git/ROB_534_Project/install/harvest:/home/imml/git/ROB_534_Project/install/harvest_interfaces:/home/imml/git/ROB_534_Project/install/ur5e_custom_hardware:/home/imml/git/ROB_534_Project/install/harvest_vision:/opt/ros/humble LD_LIBRARY_PATH=/home/imml/git/ROB_534_Project/install/ur_controllers/lib:/home/imml/git/ROB_534_Project/install/ur_dashboard_msgs/lib:/home/imml/git/ROB_534_Project/install/ur_robot_driver/lib:/home/imml/git/ROB_534_Project/install/realsense2_camera/lib:/home/imml/git/ROB_534_Project/install/realsense2_camera_msgs/lib:/home/imml/git/ROB_534_Project/install/harvest_interfaces/lib:/opt/ros/humble/opt/rviz_ogre_vendor/lib:/opt/ros/humble/lib/x86_64-linux-gnu:/opt/ros/humble/lib /usr/bin/cmake --install /home/imml/git/ROB_534_Project/build/ur_bringup
[1.461s] Level 1:colcon.colcon_core.environment:checking '/home/imml/git/ROB_534_Project/install/ur_bringup' for CMake config files
[1.461s] Level 1:colcon.colcon_core.shell:create_environment_hook('ur_bringup', 'cmake_prefix_path')
[1.461s] INFO:colcon.colcon_core.shell:Creating environment hook '/home/imml/git/ROB_534_Project/install/ur_bringup/share/ur_bringup/hook/cmake_prefix_path.ps1'
[1.462s] INFO:colcon.colcon_core.shell:Creating environment descriptor '/home/imml/git/ROB_534_Project/install/ur_bringup/share/ur_bringup/hook/cmake_prefix_path.dsv'
[1.462s] INFO:colcon.colcon_core.shell:Creating environment hook '/home/imml/git/ROB_534_Project/install/ur_bringup/share/ur_bringup/hook/cmake_prefix_path.sh'
[1.463s] Level 1:colcon.colcon_core.environment:checking '/home/imml/git/ROB_534_Project/install/ur_bringup/lib'
[1.463s] Level 1:colcon.colcon_core.environment:checking '/home/imml/git/ROB_534_Project/install/ur_bringup/bin'
[1.463s] Level 1:colcon.colcon_core.environment:checking '/home/imml/git/ROB_534_Project/install/ur_bringup/lib/pkgconfig/ur_bringup.pc'
[1.463s] Level 1:colcon.colcon_core.environment:checking '/home/imml/git/ROB_534_Project/install/ur_bringup/lib/python3.10/site-packages'
[1.463s] Level 1:colcon.colcon_core.environment:checking '/home/imml/git/ROB_534_Project/install/ur_bringup/bin'
[1.464s] INFO:colcon.colcon_core.shell:Creating package script '/home/imml/git/ROB_534_Project/install/ur_bringup/share/ur_bringup/package.ps1'
[1.464s] INFO:colcon.colcon_core.shell:Creating package descriptor '/home/imml/git/ROB_534_Project/install/ur_bringup/share/ur_bringup/package.dsv'
[1.465s] INFO:colcon.colcon_core.shell:Creating package script '/home/imml/git/ROB_534_Project/install/ur_bringup/share/ur_bringup/package.sh'
[1.465s] INFO:colcon.colcon_core.shell:Creating package script '/home/imml/git/ROB_534_Project/install/ur_bringup/share/ur_bringup/package.bash'
[1.465s] INFO:colcon.colcon_core.shell:Creating package script '/home/imml/git/ROB_534_Project/install/ur_bringup/share/ur_bringup/package.zsh'
[1.466s] Level 1:colcon.colcon_core.environment:create_file_with_runtime_dependencies(/home/imml/git/ROB_534_Project/install/ur_bringup/share/colcon-core/packages/ur_bringup)
[1.466s] Level 1:colcon.colcon_core.environment:create_environment_scripts_only(ur_bringup)
[1.467s] Level 1:colcon.colcon_core.environment:checking '/home/imml/git/ROB_534_Project/install/ur_bringup' for CMake module files
[1.467s] Level 1:colcon.colcon_core.environment:checking '/home/imml/git/ROB_534_Project/install/ur_bringup' for CMake config files
[1.467s] Level 1:colcon.colcon_core.shell:create_environment_hook('ur_bringup', 'cmake_prefix_path')
[1.468s] INFO:colcon.colcon_core.shell:Creating environment hook '/home/imml/git/ROB_534_Project/install/ur_bringup/share/ur_bringup/hook/cmake_prefix_path.ps1'
[1.468s] INFO:colcon.colcon_core.shell:Creating environment descriptor '/home/imml/git/ROB_534_Project/install/ur_bringup/share/ur_bringup/hook/cmake_prefix_path.dsv'
[1.468s] INFO:colcon.colcon_core.shell:Creating environment hook '/home/imml/git/ROB_534_Project/install/ur_bringup/share/ur_bringup/hook/cmake_prefix_path.sh'
[1.469s] Level 1:colcon.colcon_core.environment:checking '/home/imml/git/ROB_534_Project/install/ur_bringup/lib'
[1.469s] Level 1:colcon.colcon_core.environment:checking '/home/imml/git/ROB_534_Project/install/ur_bringup/bin'
[1.469s] Level 1:colcon.colcon_core.environment:checking '/home/imml/git/ROB_534_Project/install/ur_bringup/lib/pkgconfig/ur_bringup.pc'
[1.469s] Level 1:colcon.colcon_core.environment:checking '/home/imml/git/ROB_534_Project/install/ur_bringup/lib/python3.10/site-packages'
[1.469s] Level 1:colcon.colcon_core.environment:checking '/home/imml/git/ROB_534_Project/install/ur_bringup/bin'
[1.470s] INFO:colcon.colcon_core.shell:Creating package script '/home/imml/git/ROB_534_Project/install/ur_bringup/share/ur_bringup/package.ps1'
[1.470s] INFO:colcon.colcon_core.shell:Creating package descriptor '/home/imml/git/ROB_534_Project/install/ur_bringup/share/ur_bringup/package.dsv'
[1.470s] INFO:colcon.colcon_core.shell:Creating package script '/home/imml/git/ROB_534_Project/install/ur_bringup/share/ur_bringup/package.sh'
[1.471s] INFO:colcon.colcon_core.shell:Creating package script '/home/imml/git/ROB_534_Project/install/ur_bringup/share/ur_bringup/package.bash'
[1.471s] INFO:colcon.colcon_core.shell:Creating package script '/home/imml/git/ROB_534_Project/install/ur_bringup/share/ur_bringup/package.zsh'
[1.471s] Level 1:colcon.colcon_core.environment:create_file_with_runtime_dependencies(/home/imml/git/ROB_534_Project/install/ur_bringup/share/colcon-core/packages/ur_bringup)
[1.576s] DEBUG:colcon.colcon_core.event_handler.log_command:Invoking command in '/home/imml/git/ROB_534_Project/build/harvest_vision': CMAKE_PREFIX_PATH=/home/imml/git/ROB_534_Project/install/harvest_interfaces:/home/imml/git/ROB_534_Project/install/ur:/home/imml/git/ROB_534_Project/install/ur_calibration:/home/imml/git/ROB_534_Project/install/ur_robot_driver:/home/imml/git/ROB_534_Project/install/ur_moveit_config:/home/imml/git/ROB_534_Project/install/ur_bringup:/home/imml/git/ROB_534_Project/install/ur_description:/home/imml/git/ROB_534_Project/install/ur_controllers:/home/imml/git/ROB_534_Project/install/ur_dashboard_msgs:/home/imml/git/ROB_534_Project/install/realsense2_description:/home/imml/git/ROB_534_Project/install/realsense2_camera:/home/imml/git/ROB_534_Project/install/realsense2_camera_msgs:/home/imml/git/ROB_534_Project/install/harvest_control:/home/imml/git/ROB_534_Project/install/harvest LD_LIBRARY_PATH=/home/imml/git/ROB_534_Project/install/harvest_interfaces/lib:/home/imml/git/ROB_534_Project/install/ur_robot_driver/lib:/home/imml/git/ROB_534_Project/install/ur_controllers/lib:/home/imml/git/ROB_534_Project/install/ur_dashboard_msgs/lib:/home/imml/git/ROB_534_Project/install/realsense2_camera/lib:/home/imml/git/ROB_534_Project/install/realsense2_camera_msgs/lib:/opt/ros/humble/opt/rviz_ogre_vendor/lib:/opt/ros/humble/lib/x86_64-linux-gnu:/opt/ros/humble/lib PYTHONPATH=/home/imml/git/ROB_534_Project/build/harvest_vision/prefix_override:/usr/lib/python3/dist-packages/colcon_core/task/python/colcon_distutils_commands:/home/imml/git/ROB_534_Project/install/harvest_vision/lib/python3.10/site-packages:${PYTHONPATH} /usr/bin/python3 -W ignore:setup.py install is deprecated -W ignore:easy_install command is deprecated setup.py develop --editable --build-directory /home/imml/git/ROB_534_Project/build/harvest_vision/build --no-deps symlink_data
[1.698s] Level 1:colcon.colcon_core.shell:create_environment_hook('ur5e_custom_hardware', 'pythonpath_develop')
[1.699s] INFO:colcon.colcon_core.shell:Creating environment hook '/home/imml/git/ROB_534_Project/build/ur5e_custom_hardware/share/ur5e_custom_hardware/hook/pythonpath_develop.ps1'
[1.699s] DEBUG:colcon.colcon_core.event_handler.log_command:Invoked command in '/home/imml/git/ROB_534_Project/build/ur5e_custom_hardware' returned '0': PYTHONPATH=/home/imml/git/ROB_534_Project/build/ur5e_custom_hardware/prefix_override:/usr/lib/python3/dist-packages/colcon_core/task/python/colcon_distutils_commands:/home/imml/git/ROB_534_Project/install/ur5e_custom_hardware/lib/python3.10/site-packages:${PYTHONPATH} /usr/bin/python3 -W ignore:setup.py install is deprecated -W ignore:easy_install command is deprecated setup.py develop --editable --build-directory /home/imml/git/ROB_534_Project/build/ur5e_custom_hardware/build --no-deps symlink_data
[1.700s] INFO:colcon.colcon_core.shell:Creating environment descriptor '/home/imml/git/ROB_534_Project/build/ur5e_custom_hardware/share/ur5e_custom_hardware/hook/pythonpath_develop.dsv'
[1.700s] INFO:colcon.colcon_core.shell:Creating environment hook '/home/imml/git/ROB_534_Project/build/ur5e_custom_hardware/share/ur5e_custom_hardware/hook/pythonpath_develop.sh'
[1.701s] Level 1:colcon.colcon_core.environment:checking '/home/imml/git/ROB_534_Project/install/ur5e_custom_hardware' for CMake module files
[1.701s] Level 1:colcon.colcon_core.environment:checking '/home/imml/git/ROB_534_Project/install/ur5e_custom_hardware' for CMake config files
[1.701s] Level 1:colcon.colcon_core.environment:checking '/home/imml/git/ROB_534_Project/install/ur5e_custom_hardware/lib'
[1.701s] Level 1:colcon.colcon_core.environment:checking '/home/imml/git/ROB_534_Project/install/ur5e_custom_hardware/bin'
[1.701s] Level 1:colcon.colcon_core.environment:checking '/home/imml/git/ROB_534_Project/install/ur5e_custom_hardware/lib/pkgconfig/ur5e_custom_hardware.pc'
[1.702s] Level 1:colcon.colcon_core.environment:checking '/home/imml/git/ROB_534_Project/install/ur5e_custom_hardware/lib/python3.10/site-packages'
[1.702s] Level 1:colcon.colcon_core.shell:create_environment_hook('ur5e_custom_hardware', 'pythonpath')
[1.702s] INFO:colcon.colcon_core.shell:Creating environment hook '/home/imml/git/ROB_534_Project/install/ur5e_custom_hardware/share/ur5e_custom_hardware/hook/pythonpath.ps1'
[1.702s] INFO:colcon.colcon_core.shell:Creating environment descriptor '/home/imml/git/ROB_534_Project/install/ur5e_custom_hardware/share/ur5e_custom_hardware/hook/pythonpath.dsv'
[1.703s] INFO:colcon.colcon_core.shell:Creating environment hook '/home/imml/git/ROB_534_Project/install/ur5e_custom_hardware/share/ur5e_custom_hardware/hook/pythonpath.sh'
[1.703s] Level 1:colcon.colcon_core.environment:checking '/home/imml/git/ROB_534_Project/install/ur5e_custom_hardware/bin'
[1.703s] Level 1:colcon.colcon_core.environment:create_environment_scripts_only(ur5e_custom_hardware)
[1.704s] INFO:colcon.colcon_core.shell:Creating package script '/home/imml/git/ROB_534_Project/install/ur5e_custom_hardware/share/ur5e_custom_hardware/package.ps1'
[1.704s] INFO:colcon.colcon_core.shell:Creating package descriptor '/home/imml/git/ROB_534_Project/install/ur5e_custom_hardware/share/ur5e_custom_hardware/package.dsv'
[1.705s] INFO:colcon.colcon_core.shell:Creating package script '/home/imml/git/ROB_534_Project/install/ur5e_custom_hardware/share/ur5e_custom_hardware/package.sh'
[1.705s] INFO:colcon.colcon_core.shell:Creating package script '/home/imml/git/ROB_534_Project/install/ur5e_custom_hardware/share/ur5e_custom_hardware/package.bash'
[1.705s] INFO:colcon.colcon_core.shell:Creating package script '/home/imml/git/ROB_534_Project/install/ur5e_custom_hardware/share/ur5e_custom_hardware/package.zsh'
[1.705s] Level 1:colcon.colcon_core.environment:create_file_with_runtime_dependencies(/home/imml/git/ROB_534_Project/install/ur5e_custom_hardware/share/colcon-core/packages/ur5e_custom_hardware)
[1.745s] DEBUG:colcon.colcon_core.event_handler.log_command:Invoked command in '/home/imml/git/ROB_534_Project/build/ur_robot_driver' returned '0': CMAKE_PREFIX_PATH=/home/imml/git/ROB_534_Project/install/ur_controllers:/home/imml/git/ROB_534_Project/install/ur_description:/home/imml/git/ROB_534_Project/install/ur_dashboard_msgs:/home/imml/git/ROB_534_Project/install/ur:/home/imml/git/ROB_534_Project/install/ur_calibration:/home/imml/git/ROB_534_Project/install/ur_robot_driver:/home/imml/git/ROB_534_Project/install/ur_moveit_config:/home/imml/git/ROB_534_Project/install/ur_bringup:/home/imml/git/ROB_534_Project/install/realsense2_description:/home/imml/git/ROB_534_Project/install/realsense2_camera:/home/imml/git/ROB_534_Project/install/realsense2_camera_msgs:/home/imml/git/ROB_534_Project/install/harvest_control:/home/imml/git/ROB_534_Project/install/harvest:/home/imml/git/ROB_534_Project/install/harvest_interfaces:/home/imml/git/ROB_534_Project/install/ur5e_custom_hardware:/home/imml/git/ROB_534_Project/install/harvest_vision:/opt/ros/humble LD_LIBRARY_PATH=/home/imml/git/ROB_534_Project/install/ur_controllers/lib:/home/imml/git/ROB_534_Project/install/ur_dashboard_msgs/lib:/home/imml/git/ROB_534_Project/install/ur_robot_driver/lib:/home/imml/git/ROB_534_Project/install/realsense2_camera/lib:/home/imml/git/ROB_534_Project/install/realsense2_camera_msgs/lib:/home/imml/git/ROB_534_Project/install/harvest_interfaces/lib:/opt/ros/humble/opt/rviz_ogre_vendor/lib:/opt/ros/humble/lib/x86_64-linux-gnu:/opt/ros/humble/lib /usr/bin/cmake --build /home/imml/git/ROB_534_Project/build/ur_robot_driver -- -j16 -l16
[1.747s] DEBUG:colcon.colcon_core.event_handler.log_command:Invoking command in '/home/imml/git/ROB_534_Project/build/ur_robot_driver': CMAKE_PREFIX_PATH=/home/imml/git/ROB_534_Project/install/ur_controllers:/home/imml/git/ROB_534_Project/install/ur_description:/home/imml/git/ROB_534_Project/install/ur_dashboard_msgs:/home/imml/git/ROB_534_Project/install/ur:/home/imml/git/ROB_534_Project/install/ur_calibration:/home/imml/git/ROB_534_Project/install/ur_robot_driver:/home/imml/git/ROB_534_Project/install/ur_moveit_config:/home/imml/git/ROB_534_Project/install/ur_bringup:/home/imml/git/ROB_534_Project/install/realsense2_description:/home/imml/git/ROB_534_Project/install/realsense2_camera:/home/imml/git/ROB_534_Project/install/realsense2_camera_msgs:/home/imml/git/ROB_534_Project/install/harvest_control:/home/imml/git/ROB_534_Project/install/harvest:/home/imml/git/ROB_534_Project/install/harvest_interfaces:/home/imml/git/ROB_534_Project/install/ur5e_custom_hardware:/home/imml/git/ROB_534_Project/install/harvest_vision:/opt/ros/humble LD_LIBRARY_PATH=/home/imml/git/ROB_534_Project/install/ur_controllers/lib:/home/imml/git/ROB_534_Project/install/ur_dashboard_msgs/lib:/home/imml/git/ROB_534_Project/install/ur_robot_driver/lib:/home/imml/git/ROB_534_Project/install/realsense2_camera/lib:/home/imml/git/ROB_534_Project/install/realsense2_camera_msgs/lib:/home/imml/git/ROB_534_Project/install/harvest_interfaces/lib:/opt/ros/humble/opt/rviz_ogre_vendor/lib:/opt/ros/humble/lib/x86_64-linux-gnu:/opt/ros/humble/lib /usr/bin/cmake --install /home/imml/git/ROB_534_Project/build/ur_robot_driver
[1.817s] Level 1:colcon.colcon_core.environment:create_environment_scripts_only(ur_robot_driver)
[1.817s] Level 1:colcon.colcon_core.environment:checking '/home/imml/git/ROB_534_Project/install/ur_robot_driver' for CMake module files
[1.818s] DEBUG:colcon.colcon_core.event_handler.log_command:Invoked command in '/home/imml/git/ROB_534_Project/build/ur_robot_driver' returned '0': CMAKE_PREFIX_PATH=/home/imml/git/ROB_534_Project/install/ur_controllers:/home/imml/git/ROB_534_Project/install/ur_description:/home/imml/git/ROB_534_Project/install/ur_dashboard_msgs:/home/imml/git/ROB_534_Project/install/ur:/home/imml/git/ROB_534_Project/install/ur_calibration:/home/imml/git/ROB_534_Project/install/ur_robot_driver:/home/imml/git/ROB_534_Project/install/ur_moveit_config:/home/imml/git/ROB_534_Project/install/ur_bringup:/home/imml/git/ROB_534_Project/install/realsense2_description:/home/imml/git/ROB_534_Project/install/realsense2_camera:/home/imml/git/ROB_534_Project/install/realsense2_camera_msgs:/home/imml/git/ROB_534_Project/install/harvest_control:/home/imml/git/ROB_534_Project/install/harvest:/home/imml/git/ROB_534_Project/install/harvest_interfaces:/home/imml/git/ROB_534_Project/install/ur5e_custom_hardware:/home/imml/git/ROB_534_Project/install/harvest_vision:/opt/ros/humble LD_LIBRARY_PATH=/home/imml/git/ROB_534_Project/install/ur_controllers/lib:/home/imml/git/ROB_534_Project/install/ur_dashboard_msgs/lib:/home/imml/git/ROB_534_Project/install/ur_robot_driver/lib:/home/imml/git/ROB_534_Project/install/realsense2_camera/lib:/home/imml/git/ROB_534_Project/install/realsense2_camera_msgs/lib:/home/imml/git/ROB_534_Project/install/harvest_interfaces/lib:/opt/ros/humble/opt/rviz_ogre_vendor/lib:/opt/ros/humble/lib/x86_64-linux-gnu:/opt/ros/humble/lib /usr/bin/cmake --install /home/imml/git/ROB_534_Project/build/ur_robot_driver
[1.818s] Level 1:colcon.colcon_core.environment:checking '/home/imml/git/ROB_534_Project/install/ur_robot_driver' for CMake config files
[1.819s] Level 1:colcon.colcon_core.shell:create_environment_hook('ur_robot_driver', 'cmake_prefix_path')
[1.819s] INFO:colcon.colcon_core.shell:Creating environment hook '/home/imml/git/ROB_534_Project/install/ur_robot_driver/share/ur_robot_driver/hook/cmake_prefix_path.ps1'
[1.820s] INFO:colcon.colcon_core.shell:Creating environment descriptor '/home/imml/git/ROB_534_Project/install/ur_robot_driver/share/ur_robot_driver/hook/cmake_prefix_path.dsv'
[1.820s] INFO:colcon.colcon_core.shell:Creating environment hook '/home/imml/git/ROB_534_Project/install/ur_robot_driver/share/ur_robot_driver/hook/cmake_prefix_path.sh'
[1.821s] Level 1:colcon.colcon_core.environment:checking '/home/imml/git/ROB_534_Project/install/ur_robot_driver/lib'
[1.821s] Level 1:colcon.colcon_core.shell:create_environment_hook('ur_robot_driver', 'ld_library_path_lib')
[1.821s] INFO:colcon.colcon_core.shell:Creating environment hook '/home/imml/git/ROB_534_Project/install/ur_robot_driver/share/ur_robot_driver/hook/ld_library_path_lib.ps1'
[1.822s] INFO:colcon.colcon_core.shell:Creating environment descriptor '/home/imml/git/ROB_534_Project/install/ur_robot_driver/share/ur_robot_driver/hook/ld_library_path_lib.dsv'
[1.822s] INFO:colcon.colcon_core.shell:Creating environment hook '/home/imml/git/ROB_534_Project/install/ur_robot_driver/share/ur_robot_driver/hook/ld_library_path_lib.sh'
[1.822s] Level 1:colcon.colcon_core.environment:checking '/home/imml/git/ROB_534_Project/install/ur_robot_driver/bin'
[1.822s] Level 1:colcon.colcon_core.shell:create_environment_hook('ur_robot_driver', 'path')
[1.823s] INFO:colcon.colcon_core.shell:Creating environment hook '/home/imml/git/ROB_534_Project/install/ur_robot_driver/share/ur_robot_driver/hook/path.ps1'
[1.823s] INFO:colcon.colcon_core.shell:Creating environment descriptor '/home/imml/git/ROB_534_Project/install/ur_robot_driver/share/ur_robot_driver/hook/path.dsv'
[1.823s] INFO:colcon.colcon_core.shell:Creating environment hook '/home/imml/git/ROB_534_Project/install/ur_robot_driver/share/ur_robot_driver/hook/path.sh'
[1.824s] Level 1:colcon.colcon_core.environment:checking '/home/imml/git/ROB_534_Project/install/ur_robot_driver/lib/pkgconfig/ur_robot_driver.pc'
[1.824s] Level 1:colcon.colcon_core.environment:checking '/home/imml/git/ROB_534_Project/install/ur_robot_driver/lib/python3.10/site-packages'
[1.824s] Level 1:colcon.colcon_core.environment:checking '/home/imml/git/ROB_534_Project/install/ur_robot_driver/bin'
[1.824s] Level 1:colcon.colcon_core.shell:create_environment_hook('ur_robot_driver', 'pythonscriptspath')
[1.824s] INFO:colcon.colcon_core.shell:Creating environment hook '/home/imml/git/ROB_534_Project/install/ur_robot_driver/share/ur_robot_driver/hook/pythonscriptspath.ps1'
[1.825s] INFO:colcon.colcon_core.shell:Creating environment descriptor '/home/imml/git/ROB_534_Project/install/ur_robot_driver/share/ur_robot_driver/hook/pythonscriptspath.dsv'
[1.825s] INFO:colcon.colcon_core.shell:Creating environment hook '/home/imml/git/ROB_534_Project/install/ur_robot_driver/share/ur_robot_driver/hook/pythonscriptspath.sh'
[1.826s] INFO:colcon.colcon_core.shell:Creating package script '/home/imml/git/ROB_534_Project/install/ur_robot_driver/share/ur_robot_driver/package.ps1'
[1.826s] INFO:colcon.colcon_core.shell:Creating package descriptor '/home/imml/git/ROB_534_Project/install/ur_robot_driver/share/ur_robot_driver/package.dsv'
[1.826s] INFO:colcon.colcon_core.shell:Creating package script '/home/imml/git/ROB_534_Project/install/ur_robot_driver/share/ur_robot_driver/package.sh'
[1.827s] INFO:colcon.colcon_core.shell:Creating package script '/home/imml/git/ROB_534_Project/install/ur_robot_driver/share/ur_robot_driver/package.bash'
[1.827s] INFO:colcon.colcon_core.shell:Creating package script '/home/imml/git/ROB_534_Project/install/ur_robot_driver/share/ur_robot_driver/package.zsh'
[1.827s] Level 1:colcon.colcon_core.environment:create_file_with_runtime_dependencies(/home/imml/git/ROB_534_Project/install/ur_robot_driver/share/colcon-core/packages/ur_robot_driver)
[1.828s] Level 1:colcon.colcon_core.environment:create_environment_scripts_only(ur_robot_driver)
[1.828s] Level 1:colcon.colcon_core.environment:checking '/home/imml/git/ROB_534_Project/install/ur_robot_driver' for CMake module files
[1.829s] Level 1:colcon.colcon_core.environment:checking '/home/imml/git/ROB_534_Project/install/ur_robot_driver' for CMake config files
[1.830s] Level 1:colcon.colcon_core.shell:create_environment_hook('ur_robot_driver', 'cmake_prefix_path')
[1.830s] INFO:colcon.colcon_core.shell:Creating environment hook '/home/imml/git/ROB_534_Project/install/ur_robot_driver/share/ur_robot_driver/hook/cmake_prefix_path.ps1'
[1.830s] INFO:colcon.colcon_core.shell:Creating environment descriptor '/home/imml/git/ROB_534_Project/install/ur_robot_driver/share/ur_robot_driver/hook/cmake_prefix_path.dsv'
[1.830s] INFO:colcon.colcon_core.shell:Creating environment hook '/home/imml/git/ROB_534_Project/install/ur_robot_driver/share/ur_robot_driver/hook/cmake_prefix_path.sh'
[1.831s] Level 1:colcon.colcon_core.environment:checking '/home/imml/git/ROB_534_Project/install/ur_robot_driver/lib'
[1.831s] Level 1:colcon.colcon_core.shell:create_environment_hook('ur_robot_driver', 'ld_library_path_lib')
[1.831s] INFO:colcon.colcon_core.shell:Creating environment hook '/home/imml/git/ROB_534_Project/install/ur_robot_driver/share/ur_robot_driver/hook/ld_library_path_lib.ps1'
[1.832s] INFO:colcon.colcon_core.shell:Creating environment descriptor '/home/imml/git/ROB_534_Project/install/ur_robot_driver/share/ur_robot_driver/hook/ld_library_path_lib.dsv'
[1.832s] INFO:colcon.colcon_core.shell:Creating environment hook '/home/imml/git/ROB_534_Project/install/ur_robot_driver/share/ur_robot_driver/hook/ld_library_path_lib.sh'
[1.832s] Level 1:colcon.colcon_core.environment:checking '/home/imml/git/ROB_534_Project/install/ur_robot_driver/bin'
[1.832s] Level 1:colcon.colcon_core.shell:create_environment_hook('ur_robot_driver', 'path')
[1.832s] INFO:colcon.colcon_core.shell:Creating environment hook '/home/imml/git/ROB_534_Project/install/ur_robot_driver/share/ur_robot_driver/hook/path.ps1'
[1.833s] INFO:colcon.colcon_core.shell:Creating environment descriptor '/home/imml/git/ROB_534_Project/install/ur_robot_driver/share/ur_robot_driver/hook/path.dsv'
[1.833s] INFO:colcon.colcon_core.shell:Creating environment hook '/home/imml/git/ROB_534_Project/install/ur_robot_driver/share/ur_robot_driver/hook/path.sh'
[1.833s] Level 1:colcon.colcon_core.environment:checking '/home/imml/git/ROB_534_Project/install/ur_robot_driver/lib/pkgconfig/ur_robot_driver.pc'
[1.833s] Level 1:colcon.colcon_core.environment:checking '/home/imml/git/ROB_534_Project/install/ur_robot_driver/lib/python3.10/site-packages'
[1.834s] Level 1:colcon.colcon_core.environment:checking '/home/imml/git/ROB_534_Project/install/ur_robot_driver/bin'
[1.834s] Level 1:colcon.colcon_core.shell:create_environment_hook('ur_robot_driver', 'pythonscriptspath')
[1.834s] INFO:colcon.colcon_core.shell:Creating environment hook '/home/imml/git/ROB_534_Project/install/ur_robot_driver/share/ur_robot_driver/hook/pythonscriptspath.ps1'
[1.834s] INFO:colcon.colcon_core.shell:Creating environment descriptor '/home/imml/git/ROB_534_Project/install/ur_robot_driver/share/ur_robot_driver/hook/pythonscriptspath.dsv'
[1.834s] INFO:colcon.colcon_core.shell:Creating environment hook '/home/imml/git/ROB_534_Project/install/ur_robot_driver/share/ur_robot_driver/hook/pythonscriptspath.sh'
[1.835s] INFO:colcon.colcon_core.shell:Creating package script '/home/imml/git/ROB_534_Project/install/ur_robot_driver/share/ur_robot_driver/package.ps1'
[1.835s] INFO:colcon.colcon_core.shell:Creating package descriptor '/home/imml/git/ROB_534_Project/install/ur_robot_driver/share/ur_robot_driver/package.dsv'
[1.836s] INFO:colcon.colcon_core.shell:Creating package script '/home/imml/git/ROB_534_Project/install/ur_robot_driver/share/ur_robot_driver/package.sh'
[1.836s] INFO:colcon.colcon_core.shell:Creating package script '/home/imml/git/ROB_534_Project/install/ur_robot_driver/share/ur_robot_driver/package.bash'
[1.836s] INFO:colcon.colcon_core.shell:Creating package script '/home/imml/git/ROB_534_Project/install/ur_robot_driver/share/ur_robot_driver/package.zsh'
[1.837s] Level 1:colcon.colcon_core.environment:create_file_with_runtime_dependencies(/home/imml/git/ROB_534_Project/install/ur_robot_driver/share/colcon-core/packages/ur_robot_driver)
[1.837s] INFO:colcon.colcon_ros.task.ament_cmake.build:Building ROS package in '/home/imml/git/ROB_534_Project/harvest_hardware/Universal_Robots_ROS2_Driver/ur_calibration' with build type 'ament_cmake'
[1.837s] INFO:colcon.colcon_cmake.task.cmake.build:Building CMake package in '/home/imml/git/ROB_534_Project/harvest_hardware/Universal_Robots_ROS2_Driver/ur_calibration'
[1.837s] INFO:colcon.colcon_core.shell:Skip shell extension 'powershell' for command environment: Not usable outside of PowerShell
[1.837s] DEBUG:colcon.colcon_core.shell:Skip shell extension 'dsv' for command environment
[1.853s] DEBUG:colcon.colcon_core.event_handler.log_command:Invoking command in '/home/imml/git/ROB_534_Project/build/ur_calibration': CMAKE_PREFIX_PATH=/home/imml/git/ROB_534_Project/install/ur_robot_driver:/home/imml/git/ROB_534_Project/install/ur_controllers:/home/imml/git/ROB_534_Project/install/ur_description:/home/imml/git/ROB_534_Project/install/ur_dashboard_msgs:/home/imml/git/ROB_534_Project/install/ur:/home/imml/git/ROB_534_Project/install/ur_calibration:/home/imml/git/ROB_534_Project/install/ur_moveit_config:/home/imml/git/ROB_534_Project/install/ur_bringup:/home/imml/git/ROB_534_Project/install/realsense2_description:/home/imml/git/ROB_534_Project/install/realsense2_camera:/home/imml/git/ROB_534_Project/install/realsense2_camera_msgs:/home/imml/git/ROB_534_Project/install/harvest_control:/home/imml/git/ROB_534_Project/install/harvest:/home/imml/git/ROB_534_Project/install/harvest_interfaces:/home/imml/git/ROB_534_Project/install/ur5e_custom_hardware:/home/imml/git/ROB_534_Project/install/harvest_vision:/opt/ros/humble /usr/bin/cmake --build /home/imml/git/ROB_534_Project/build/ur_calibration -- -j16 -l16
[1.958s] DEBUG:colcon.colcon_core.event_handler.log_command:Invoked command in '/home/imml/git/ROB_534_Project/build/ur_calibration' returned '0': CMAKE_PREFIX_PATH=/home/imml/git/ROB_534_Project/install/ur_robot_driver:/home/imml/git/ROB_534_Project/install/ur_controllers:/home/imml/git/ROB_534_Project/install/ur_description:/home/imml/git/ROB_534_Project/install/ur_dashboard_msgs:/home/imml/git/ROB_534_Project/install/ur:/home/imml/git/ROB_534_Project/install/ur_calibration:/home/imml/git/ROB_534_Project/install/ur_moveit_config:/home/imml/git/ROB_534_Project/install/ur_bringup:/home/imml/git/ROB_534_Project/install/realsense2_description:/home/imml/git/ROB_534_Project/install/realsense2_camera:/home/imml/git/ROB_534_Project/install/realsense2_camera_msgs:/home/imml/git/ROB_534_Project/install/harvest_control:/home/imml/git/ROB_534_Project/install/harvest:/home/imml/git/ROB_534_Project/install/harvest_interfaces:/home/imml/git/ROB_534_Project/install/ur5e_custom_hardware:/home/imml/git/ROB_534_Project/install/harvest_vision:/opt/ros/humble /usr/bin/cmake --build /home/imml/git/ROB_534_Project/build/ur_calibration -- -j16 -l16
[1.960s] DEBUG:colcon.colcon_core.event_handler.log_command:Invoking command in '/home/imml/git/ROB_534_Project/build/ur_calibration': CMAKE_PREFIX_PATH=/home/imml/git/ROB_534_Project/install/ur_robot_driver:/home/imml/git/ROB_534_Project/install/ur_controllers:/home/imml/git/ROB_534_Project/install/ur_description:/home/imml/git/ROB_534_Project/install/ur_dashboard_msgs:/home/imml/git/ROB_534_Project/install/ur:/home/imml/git/ROB_534_Project/install/ur_calibration:/home/imml/git/ROB_534_Project/install/ur_moveit_config:/home/imml/git/ROB_534_Project/install/ur_bringup:/home/imml/git/ROB_534_Project/install/realsense2_description:/home/imml/git/ROB_534_Project/install/realsense2_camera:/home/imml/git/ROB_534_Project/install/realsense2_camera_msgs:/home/imml/git/ROB_534_Project/install/harvest_control:/home/imml/git/ROB_534_Project/install/harvest:/home/imml/git/ROB_534_Project/install/harvest_interfaces:/home/imml/git/ROB_534_Project/install/ur5e_custom_hardware:/home/imml/git/ROB_534_Project/install/harvest_vision:/opt/ros/humble /usr/bin/cmake --install /home/imml/git/ROB_534_Project/build/ur_calibration
[1.985s] Level 1:colcon.colcon_core.environment:create_environment_scripts_only(ur_calibration)
[1.986s] Level 1:colcon.colcon_core.environment:checking '/home/imml/git/ROB_534_Project/install/ur_calibration' for CMake module files
[1.986s] DEBUG:colcon.colcon_core.event_handler.log_command:Invoked command in '/home/imml/git/ROB_534_Project/build/ur_calibration' returned '0': CMAKE_PREFIX_PATH=/home/imml/git/ROB_534_Project/install/ur_robot_driver:/home/imml/git/ROB_534_Project/install/ur_controllers:/home/imml/git/ROB_534_Project/install/ur_description:/home/imml/git/ROB_534_Project/install/ur_dashboard_msgs:/home/imml/git/ROB_534_Project/install/ur:/home/imml/git/ROB_534_Project/install/ur_calibration:/home/imml/git/ROB_534_Project/install/ur_moveit_config:/home/imml/git/ROB_534_Project/install/ur_bringup:/home/imml/git/ROB_534_Project/install/realsense2_description:/home/imml/git/ROB_534_Project/install/realsense2_camera:/home/imml/git/ROB_534_Project/install/realsense2_camera_msgs:/home/imml/git/ROB_534_Project/install/harvest_control:/home/imml/git/ROB_534_Project/install/harvest:/home/imml/git/ROB_534_Project/install/harvest_interfaces:/home/imml/git/ROB_534_Project/install/ur5e_custom_hardware:/home/imml/git/ROB_534_Project/install/harvest_vision:/opt/ros/humble /usr/bin/cmake --install /home/imml/git/ROB_534_Project/build/ur_calibration
[1.986s] Level 1:colcon.colcon_core.environment:checking '/home/imml/git/ROB_534_Project/install/ur_calibration' for CMake config files
[1.987s] Level 1:colcon.colcon_core.shell:create_environment_hook('ur_calibration', 'cmake_prefix_path')
[1.987s] INFO:colcon.colcon_core.shell:Creating environment hook '/home/imml/git/ROB_534_Project/install/ur_calibration/share/ur_calibration/hook/cmake_prefix_path.ps1'
[1.987s] INFO:colcon.colcon_core.shell:Creating environment descriptor '/home/imml/git/ROB_534_Project/install/ur_calibration/share/ur_calibration/hook/cmake_prefix_path.dsv'
[1.988s] INFO:colcon.colcon_core.shell:Creating environment hook '/home/imml/git/ROB_534_Project/install/ur_calibration/share/ur_calibration/hook/cmake_prefix_path.sh'
[1.988s] Level 1:colcon.colcon_core.environment:checking '/home/imml/git/ROB_534_Project/install/ur_calibration/lib'
[1.988s] Level 1:colcon.colcon_core.environment:checking '/home/imml/git/ROB_534_Project/install/ur_calibration/bin'
[1.988s] Level 1:colcon.colcon_core.environment:checking '/home/imml/git/ROB_534_Project/install/ur_calibration/lib/pkgconfig/ur_calibration.pc'
[1.989s] Level 1:colcon.colcon_core.environment:checking '/home/imml/git/ROB_534_Project/install/ur_calibration/lib/python3.10/site-packages'
[1.989s] Level 1:colcon.colcon_core.environment:checking '/home/imml/git/ROB_534_Project/install/ur_calibration/bin'
[1.989s] INFO:colcon.colcon_core.shell:Creating package script '/home/imml/git/ROB_534_Project/install/ur_calibration/share/ur_calibration/package.ps1'
[1.989s] INFO:colcon.colcon_core.shell:Creating package descriptor '/home/imml/git/ROB_534_Project/install/ur_calibration/share/ur_calibration/package.dsv'
[1.990s] INFO:colcon.colcon_core.shell:Creating package script '/home/imml/git/ROB_534_Project/install/ur_calibration/share/ur_calibration/package.sh'
[1.990s] INFO:colcon.colcon_core.shell:Creating package script '/home/imml/git/ROB_534_Project/install/ur_calibration/share/ur_calibration/package.bash'
[1.990s] INFO:colcon.colcon_core.shell:Creating package script '/home/imml/git/ROB_534_Project/install/ur_calibration/share/ur_calibration/package.zsh'
[1.991s] Level 1:colcon.colcon_core.environment:create_file_with_runtime_dependencies(/home/imml/git/ROB_534_Project/install/ur_calibration/share/colcon-core/packages/ur_calibration)
[1.991s] Level 1:colcon.colcon_core.environment:create_environment_scripts_only(ur_calibration)
[1.991s] Level 1:colcon.colcon_core.environment:checking '/home/imml/git/ROB_534_Project/install/ur_calibration' for CMake module files
[1.992s] Level 1:colcon.colcon_core.environment:checking '/home/imml/git/ROB_534_Project/install/ur_calibration' for CMake config files
[1.992s] Level 1:colcon.colcon_core.shell:create_environment_hook('ur_calibration', 'cmake_prefix_path')
[1.992s] INFO:colcon.colcon_core.shell:Creating environment hook '/home/imml/git/ROB_534_Project/install/ur_calibration/share/ur_calibration/hook/cmake_prefix_path.ps1'
[1.992s] INFO:colcon.colcon_core.shell:Creating environment descriptor '/home/imml/git/ROB_534_Project/install/ur_calibration/share/ur_calibration/hook/cmake_prefix_path.dsv'
[1.993s] INFO:colcon.colcon_core.shell:Creating environment hook '/home/imml/git/ROB_534_Project/install/ur_calibration/share/ur_calibration/hook/cmake_prefix_path.sh'
[1.993s] Level 1:colcon.colcon_core.environment:checking '/home/imml/git/ROB_534_Project/install/ur_calibration/lib'
[1.993s] Level 1:colcon.colcon_core.environment:checking '/home/imml/git/ROB_534_Project/install/ur_calibration/bin'
[1.993s] Level 1:colcon.colcon_core.environment:checking '/home/imml/git/ROB_534_Project/install/ur_calibration/lib/pkgconfig/ur_calibration.pc'
[1.993s] Level 1:colcon.colcon_core.environment:checking '/home/imml/git/ROB_534_Project/install/ur_calibration/lib/python3.10/site-packages'
[1.994s] Level 1:colcon.colcon_core.environment:checking '/home/imml/git/ROB_534_Project/install/ur_calibration/bin'
[1.994s] INFO:colcon.colcon_core.shell:Creating package script '/home/imml/git/ROB_534_Project/install/ur_calibration/share/ur_calibration/package.ps1'
[1.994s] INFO:colcon.colcon_core.shell:Creating package descriptor '/home/imml/git/ROB_534_Project/install/ur_calibration/share/ur_calibration/package.dsv'
[1.994s] INFO:colcon.colcon_core.shell:Creating package script '/home/imml/git/ROB_534_Project/install/ur_calibration/share/ur_calibration/package.sh'
[1.995s] INFO:colcon.colcon_core.shell:Creating package script '/home/imml/git/ROB_534_Project/install/ur_calibration/share/ur_calibration/package.bash'
[1.995s] INFO:colcon.colcon_core.shell:Creating package script '/home/imml/git/ROB_534_Project/install/ur_calibration/share/ur_calibration/package.zsh'
[1.995s] Level 1:colcon.colcon_core.environment:create_file_with_runtime_dependencies(/home/imml/git/ROB_534_Project/install/ur_calibration/share/colcon-core/packages/ur_calibration)
[1.996s] INFO:colcon.colcon_ros.task.ament_cmake.build:Building ROS package in '/home/imml/git/ROB_534_Project/harvest_hardware/Universal_Robots_ROS2_Driver/ur' with build type 'ament_cmake'
[1.996s] INFO:colcon.colcon_cmake.task.cmake.build:Building CMake package in '/home/imml/git/ROB_534_Project/harvest_hardware/Universal_Robots_ROS2_Driver/ur'
[1.996s] INFO:colcon.colcon_core.shell:Skip shell extension 'powershell' for command environment: Not usable outside of PowerShell
[1.996s] DEBUG:colcon.colcon_core.shell:Skip shell extension 'dsv' for command environment
[2.015s] DEBUG:colcon.colcon_core.event_handler.log_command:Invoking command in '/home/imml/git/ROB_534_Project/build/ur': CMAKE_PREFIX_PATH=/home/imml/git/ROB_534_Project/install/ur_calibration:/home/imml/git/ROB_534_Project/install/ur_robot_driver:/home/imml/git/ROB_534_Project/install/ur_moveit_config:/home/imml/git/ROB_534_Project/install/ur_controllers:/home/imml/git/ROB_534_Project/install/ur_description:/home/imml/git/ROB_534_Project/install/ur_dashboard_msgs:/home/imml/git/ROB_534_Project/install/ur:/home/imml/git/ROB_534_Project/install/ur_bringup:/home/imml/git/ROB_534_Project/install/realsense2_description:/home/imml/git/ROB_534_Project/install/realsense2_camera:/home/imml/git/ROB_534_Project/install/realsense2_camera_msgs:/home/imml/git/ROB_534_Project/install/harvest_control:/home/imml/git/ROB_534_Project/install/harvest:/home/imml/git/ROB_534_Project/install/harvest_interfaces:/home/imml/git/ROB_534_Project/install/ur5e_custom_hardware:/home/imml/git/ROB_534_Project/install/harvest_vision:/opt/ros/humble /usr/bin/cmake --build /home/imml/git/ROB_534_Project/build/ur -- -j16 -l16
[2.058s] DEBUG:colcon.colcon_core.event_handler.log_command:Invoked command in '/home/imml/git/ROB_534_Project/build/ur' returned '0': CMAKE_PREFIX_PATH=/home/imml/git/ROB_534_Project/install/ur_calibration:/home/imml/git/ROB_534_Project/install/ur_robot_driver:/home/imml/git/ROB_534_Project/install/ur_moveit_config:/home/imml/git/ROB_534_Project/install/ur_controllers:/home/imml/git/ROB_534_Project/install/ur_description:/home/imml/git/ROB_534_Project/install/ur_dashboard_msgs:/home/imml/git/ROB_534_Project/install/ur:/home/imml/git/ROB_534_Project/install/ur_bringup:/home/imml/git/ROB_534_Project/install/realsense2_description:/home/imml/git/ROB_534_Project/install/realsense2_camera:/home/imml/git/ROB_534_Project/install/realsense2_camera_msgs:/home/imml/git/ROB_534_Project/install/harvest_control:/home/imml/git/ROB_534_Project/install/harvest:/home/imml/git/ROB_534_Project/install/harvest_interfaces:/home/imml/git/ROB_534_Project/install/ur5e_custom_hardware:/home/imml/git/ROB_534_Project/install/harvest_vision:/opt/ros/humble /usr/bin/cmake --build /home/imml/git/ROB_534_Project/build/ur -- -j16 -l16
[2.059s] DEBUG:colcon.colcon_core.event_handler.log_command:Invoking command in '/home/imml/git/ROB_534_Project/build/ur': CMAKE_PREFIX_PATH=/home/imml/git/ROB_534_Project/install/ur_calibration:/home/imml/git/ROB_534_Project/install/ur_robot_driver:/home/imml/git/ROB_534_Project/install/ur_moveit_config:/home/imml/git/ROB_534_Project/install/ur_controllers:/home/imml/git/ROB_534_Project/install/ur_description:/home/imml/git/ROB_534_Project/install/ur_dashboard_msgs:/home/imml/git/ROB_534_Project/install/ur:/home/imml/git/ROB_534_Project/install/ur_bringup:/home/imml/git/ROB_534_Project/install/realsense2_description:/home/imml/git/ROB_534_Project/install/realsense2_camera:/home/imml/git/ROB_534_Project/install/realsense2_camera_msgs:/home/imml/git/ROB_534_Project/install/harvest_control:/home/imml/git/ROB_534_Project/install/harvest:/home/imml/git/ROB_534_Project/install/harvest_interfaces:/home/imml/git/ROB_534_Project/install/ur5e_custom_hardware:/home/imml/git/ROB_534_Project/install/harvest_vision:/opt/ros/humble /usr/bin/cmake --install /home/imml/git/ROB_534_Project/build/ur
[2.063s] Level 1:colcon.colcon_core.shell:create_environment_hook('harvest_vision', 'pythonpath_develop')
[2.064s] INFO:colcon.colcon_core.shell:Creating environment hook '/home/imml/git/ROB_534_Project/build/harvest_vision/share/harvest_vision/hook/pythonpath_develop.ps1'
[2.064s] DEBUG:colcon.colcon_core.event_handler.log_command:Invoked command in '/home/imml/git/ROB_534_Project/build/harvest_vision' returned '0': CMAKE_PREFIX_PATH=/home/imml/git/ROB_534_Project/install/harvest_interfaces:/home/imml/git/ROB_534_Project/install/ur:/home/imml/git/ROB_534_Project/install/ur_calibration:/home/imml/git/ROB_534_Project/install/ur_robot_driver:/home/imml/git/ROB_534_Project/install/ur_moveit_config:/home/imml/git/ROB_534_Project/install/ur_bringup:/home/imml/git/ROB_534_Project/install/ur_description:/home/imml/git/ROB_534_Project/install/ur_controllers:/home/imml/git/ROB_534_Project/install/ur_dashboard_msgs:/home/imml/git/ROB_534_Project/install/realsense2_description:/home/imml/git/ROB_534_Project/install/realsense2_camera:/home/imml/git/ROB_534_Project/install/realsense2_camera_msgs:/home/imml/git/ROB_534_Project/install/harvest_control:/home/imml/git/ROB_534_Project/install/harvest LD_LIBRARY_PATH=/home/imml/git/ROB_534_Project/install/harvest_interfaces/lib:/home/imml/git/ROB_534_Project/install/ur_robot_driver/lib:/home/imml/git/ROB_534_Project/install/ur_controllers/lib:/home/imml/git/ROB_534_Project/install/ur_dashboard_msgs/lib:/home/imml/git/ROB_534_Project/install/realsense2_camera/lib:/home/imml/git/ROB_534_Project/install/realsense2_camera_msgs/lib:/opt/ros/humble/opt/rviz_ogre_vendor/lib:/opt/ros/humble/lib/x86_64-linux-gnu:/opt/ros/humble/lib PYTHONPATH=/home/imml/git/ROB_534_Project/build/harvest_vision/prefix_override:/usr/lib/python3/dist-packages/colcon_core/task/python/colcon_distutils_commands:/home/imml/git/ROB_534_Project/install/harvest_vision/lib/python3.10/site-packages:${PYTHONPATH} /usr/bin/python3 -W ignore:setup.py install is deprecated -W ignore:easy_install command is deprecated setup.py develop --editable --build-directory /home/imml/git/ROB_534_Project/build/harvest_vision/build --no-deps symlink_data
[2.065s] INFO:colcon.colcon_core.shell:Creating environment descriptor '/home/imml/git/ROB_534_Project/build/harvest_vision/share/harvest_vision/hook/pythonpath_develop.dsv'
[2.065s] INFO:colcon.colcon_core.shell:Creating environment hook '/home/imml/git/ROB_534_Project/build/harvest_vision/share/harvest_vision/hook/pythonpath_develop.sh'
[2.065s] Level 1:colcon.colcon_core.environment:checking '/home/imml/git/ROB_534_Project/install/harvest_vision' for CMake module files
[2.066s] Level 1:colcon.colcon_core.environment:checking '/home/imml/git/ROB_534_Project/install/harvest_vision' for CMake config files
[2.067s] Level 1:colcon.colcon_core.environment:checking '/home/imml/git/ROB_534_Project/install/harvest_vision/lib'
[2.067s] Level 1:colcon.colcon_core.environment:checking '/home/imml/git/ROB_534_Project/install/harvest_vision/bin'
[2.067s] Level 1:colcon.colcon_core.environment:checking '/home/imml/git/ROB_534_Project/install/harvest_vision/lib/pkgconfig/harvest_vision.pc'
[2.067s] Level 1:colcon.colcon_core.environment:checking '/home/imml/git/ROB_534_Project/install/harvest_vision/lib/python3.10/site-packages'
[2.067s] Level 1:colcon.colcon_core.shell:create_environment_hook('harvest_vision', 'pythonpath')
[2.067s] INFO:colcon.colcon_core.shell:Creating environment hook '/home/imml/git/ROB_534_Project/install/harvest_vision/share/harvest_vision/hook/pythonpath.ps1'
[2.069s] INFO:colcon.colcon_core.shell:Creating environment descriptor '/home/imml/git/ROB_534_Project/install/harvest_vision/share/harvest_vision/hook/pythonpath.dsv'
[2.069s] INFO:colcon.colcon_core.shell:Creating environment hook '/home/imml/git/ROB_534_Project/install/harvest_vision/share/harvest_vision/hook/pythonpath.sh'
[2.069s] Level 1:colcon.colcon_core.environment:checking '/home/imml/git/ROB_534_Project/install/harvest_vision/bin'
[2.070s] Level 1:colcon.colcon_core.environment:create_environment_scripts_only(harvest_vision)
[2.070s] INFO:colcon.colcon_core.shell:Creating package script '/home/imml/git/ROB_534_Project/install/harvest_vision/share/harvest_vision/package.ps1'
[2.070s] INFO:colcon.colcon_core.shell:Creating package descriptor '/home/imml/git/ROB_534_Project/install/harvest_vision/share/harvest_vision/package.dsv'
[2.071s] INFO:colcon.colcon_core.shell:Creating package script '/home/imml/git/ROB_534_Project/install/harvest_vision/share/harvest_vision/package.sh'
[2.071s] INFO:colcon.colcon_core.shell:Creating package script '/home/imml/git/ROB_534_Project/install/harvest_vision/share/harvest_vision/package.bash'
[2.071s] INFO:colcon.colcon_core.shell:Creating package script '/home/imml/git/ROB_534_Project/install/harvest_vision/share/harvest_vision/package.zsh'
[2.071s] Level 1:colcon.colcon_core.environment:create_file_with_runtime_dependencies(/home/imml/git/ROB_534_Project/install/harvest_vision/share/colcon-core/packages/harvest_vision)
[2.081s] Level 1:colcon.colcon_core.environment:create_environment_scripts_only(ur)
[2.081s] Level 1:colcon.colcon_core.environment:checking '/home/imml/git/ROB_534_Project/install/ur' for CMake module files
[2.082s] DEBUG:colcon.colcon_core.event_handler.log_command:Invoked command in '/home/imml/git/ROB_534_Project/build/ur' returned '0': CMAKE_PREFIX_PATH=/home/imml/git/ROB_534_Project/install/ur_calibration:/home/imml/git/ROB_534_Project/install/ur_robot_driver:/home/imml/git/ROB_534_Project/install/ur_moveit_config:/home/imml/git/ROB_534_Project/install/ur_controllers:/home/imml/git/ROB_534_Project/install/ur_description:/home/imml/git/ROB_534_Project/install/ur_dashboard_msgs:/home/imml/git/ROB_534_Project/install/ur:/home/imml/git/ROB_534_Project/install/ur_bringup:/home/imml/git/ROB_534_Project/install/realsense2_description:/home/imml/git/ROB_534_Project/install/realsense2_camera:/home/imml/git/ROB_534_Project/install/realsense2_camera_msgs:/home/imml/git/ROB_534_Project/install/harvest_control:/home/imml/git/ROB_534_Project/install/harvest:/home/imml/git/ROB_534_Project/install/harvest_interfaces:/home/imml/git/ROB_534_Project/install/ur5e_custom_hardware:/home/imml/git/ROB_534_Project/install/harvest_vision:/opt/ros/humble /usr/bin/cmake --install /home/imml/git/ROB_534_Project/build/ur
[2.082s] Level 1:colcon.colcon_core.environment:checking '/home/imml/git/ROB_534_Project/install/ur' for CMake config files
[2.082s] Level 1:colcon.colcon_core.shell:create_environment_hook('ur', 'cmake_prefix_path')
[2.082s] INFO:colcon.colcon_core.shell:Creating environment hook '/home/imml/git/ROB_534_Project/install/ur/share/ur/hook/cmake_prefix_path.ps1'
[2.083s] INFO:colcon.colcon_core.shell:Creating environment descriptor '/home/imml/git/ROB_534_Project/install/ur/share/ur/hook/cmake_prefix_path.dsv'
[2.083s] INFO:colcon.colcon_core.shell:Creating environment hook '/home/imml/git/ROB_534_Project/install/ur/share/ur/hook/cmake_prefix_path.sh'
[2.084s] Level 1:colcon.colcon_core.environment:checking '/home/imml/git/ROB_534_Project/install/ur/bin'
[2.084s] Level 1:colcon.colcon_core.environment:checking '/home/imml/git/ROB_534_Project/install/ur/lib/pkgconfig/ur.pc'
[2.084s] Level 1:colcon.colcon_core.environment:checking '/home/imml/git/ROB_534_Project/install/ur/lib/python3.10/site-packages'
[2.084s] Level 1:colcon.colcon_core.environment:checking '/home/imml/git/ROB_534_Project/install/ur/bin'
[2.085s] INFO:colcon.colcon_core.shell:Creating package script '/home/imml/git/ROB_534_Project/install/ur/share/ur/package.ps1'
[2.085s] INFO:colcon.colcon_core.shell:Creating package descriptor '/home/imml/git/ROB_534_Project/install/ur/share/ur/package.dsv'
[2.085s] INFO:colcon.colcon_core.shell:Creating package script '/home/imml/git/ROB_534_Project/install/ur/share/ur/package.sh'
[2.086s] INFO:colcon.colcon_core.shell:Creating package script '/home/imml/git/ROB_534_Project/install/ur/share/ur/package.bash'
[2.086s] INFO:colcon.colcon_core.shell:Creating package script '/home/imml/git/ROB_534_Project/install/ur/share/ur/package.zsh'
[2.086s] Level 1:colcon.colcon_core.environment:create_file_with_runtime_dependencies(/home/imml/git/ROB_534_Project/install/ur/share/colcon-core/packages/ur)
[2.087s] Level 1:colcon.colcon_core.environment:create_environment_scripts_only(ur)
[2.087s] Level 1:colcon.colcon_core.environment:checking '/home/imml/git/ROB_534_Project/install/ur' for CMake module files
[2.087s] Level 1:colcon.colcon_core.environment:checking '/home/imml/git/ROB_534_Project/install/ur' for CMake config files
[2.088s] Level 1:colcon.colcon_core.shell:create_environment_hook('ur', 'cmake_prefix_path')
[2.088s] INFO:colcon.colcon_core.shell:Creating environment hook '/home/imml/git/ROB_534_Project/install/ur/share/ur/hook/cmake_prefix_path.ps1'
[2.088s] INFO:colcon.colcon_core.shell:Creating environment descriptor '/home/imml/git/ROB_534_Project/install/ur/share/ur/hook/cmake_prefix_path.dsv'
[2.088s] INFO:colcon.colcon_core.shell:Creating environment hook '/home/imml/git/ROB_534_Project/install/ur/share/ur/hook/cmake_prefix_path.sh'
[2.089s] Level 1:colcon.colcon_core.environment:checking '/home/imml/git/ROB_534_Project/install/ur/bin'
[2.089s] Level 1:colcon.colcon_core.environment:checking '/home/imml/git/ROB_534_Project/install/ur/lib/pkgconfig/ur.pc'
[2.089s] Level 1:colcon.colcon_core.environment:checking '/home/imml/git/ROB_534_Project/install/ur/lib/python3.10/site-packages'
[2.089s] Level 1:colcon.colcon_core.environment:checking '/home/imml/git/ROB_534_Project/install/ur/bin'
[2.090s] INFO:colcon.colcon_core.shell:Creating package script '/home/imml/git/ROB_534_Project/install/ur/share/ur/package.ps1'
[2.090s] INFO:colcon.colcon_core.shell:Creating package descriptor '/home/imml/git/ROB_534_Project/install/ur/share/ur/package.dsv'
[2.090s] INFO:colcon.colcon_core.shell:Creating package script '/home/imml/git/ROB_534_Project/install/ur/share/ur/package.sh'
[2.091s] INFO:colcon.colcon_core.shell:Creating package script '/home/imml/git/ROB_534_Project/install/ur/share/ur/package.bash'
[2.091s] INFO:colcon.colcon_core.shell:Creating package script '/home/imml/git/ROB_534_Project/install/ur/share/ur/package.zsh'
[2.091s] Level 1:colcon.colcon_core.environment:create_file_with_runtime_dependencies(/home/imml/git/ROB_534_Project/install/ur/share/colcon-core/packages/ur)
[13.309s] DEBUG:colcon.colcon_core.event_handler.log_command:Invoked command in '/home/imml/git/ROB_534_Project/build/harvest_control' returned '0': CMAKE_PREFIX_PATH=/home/imml/git/ROB_534_Project/install/harvest_interfaces:/home/imml/git/ROB_534_Project/install/ur:/home/imml/git/ROB_534_Project/install/ur_calibration:/home/imml/git/ROB_534_Project/install/ur_robot_driver:/home/imml/git/ROB_534_Project/install/ur_moveit_config:/home/imml/git/ROB_534_Project/install/ur_bringup:/home/imml/git/ROB_534_Project/install/ur_description:/home/imml/git/ROB_534_Project/install/ur_controllers:/home/imml/git/ROB_534_Project/install/ur_dashboard_msgs:/home/imml/git/ROB_534_Project/install/realsense2_description:/home/imml/git/ROB_534_Project/install/realsense2_camera:/home/imml/git/ROB_534_Project/install/realsense2_camera_msgs:/home/imml/git/ROB_534_Project/install/harvest_control:/home/imml/git/ROB_534_Project/install/harvest:/home/imml/git/ROB_534_Project/install/ur5e_custom_hardware:/home/imml/git/ROB_534_Project/install/harvest_vision:/opt/ros/humble LD_LIBRARY_PATH=/home/imml/git/ROB_534_Project/install/harvest_interfaces/lib:/home/imml/git/ROB_534_Project/install/ur_robot_driver/lib:/home/imml/git/ROB_534_Project/install/ur_controllers/lib:/home/imml/git/ROB_534_Project/install/ur_dashboard_msgs/lib:/home/imml/git/ROB_534_Project/install/realsense2_camera/lib:/home/imml/git/ROB_534_Project/install/realsense2_camera_msgs/lib:/opt/ros/humble/opt/rviz_ogre_vendor/lib:/opt/ros/humble/lib/x86_64-linux-gnu:/opt/ros/humble/lib /usr/bin/cmake --build /home/imml/git/ROB_534_Project/build/harvest_control -- -j16 -l16
[13.311s] DEBUG:colcon.colcon_core.event_handler.log_command:Invoking command in '/home/imml/git/ROB_534_Project/build/harvest_control': CMAKE_PREFIX_PATH=/home/imml/git/ROB_534_Project/install/harvest_interfaces:/home/imml/git/ROB_534_Project/install/ur:/home/imml/git/ROB_534_Project/install/ur_calibration:/home/imml/git/ROB_534_Project/install/ur_robot_driver:/home/imml/git/ROB_534_Project/install/ur_moveit_config:/home/imml/git/ROB_534_Project/install/ur_bringup:/home/imml/git/ROB_534_Project/install/ur_description:/home/imml/git/ROB_534_Project/install/ur_controllers:/home/imml/git/ROB_534_Project/install/ur_dashboard_msgs:/home/imml/git/ROB_534_Project/install/realsense2_description:/home/imml/git/ROB_534_Project/install/realsense2_camera:/home/imml/git/ROB_534_Project/install/realsense2_camera_msgs:/home/imml/git/ROB_534_Project/install/harvest_control:/home/imml/git/ROB_534_Project/install/harvest:/home/imml/git/ROB_534_Project/install/ur5e_custom_hardware:/home/imml/git/ROB_534_Project/install/harvest_vision:/opt/ros/humble LD_LIBRARY_PATH=/home/imml/git/ROB_534_Project/install/harvest_interfaces/lib:/home/imml/git/ROB_534_Project/install/ur_robot_driver/lib:/home/imml/git/ROB_534_Project/install/ur_controllers/lib:/home/imml/git/ROB_534_Project/install/ur_dashboard_msgs/lib:/home/imml/git/ROB_534_Project/install/realsense2_camera/lib:/home/imml/git/ROB_534_Project/install/realsense2_camera_msgs/lib:/opt/ros/humble/opt/rviz_ogre_vendor/lib:/opt/ros/humble/lib/x86_64-linux-gnu:/opt/ros/humble/lib /usr/bin/cmake --install /home/imml/git/ROB_534_Project/build/harvest_control
[13.366s] Level 1:colcon.colcon_core.environment:create_environment_scripts_only(harvest_control)
[13.366s] Level 1:colcon.colcon_core.environment:checking '/home/imml/git/ROB_534_Project/install/harvest_control' for CMake module files
[13.366s] DEBUG:colcon.colcon_core.event_handler.log_command:Invoked command in '/home/imml/git/ROB_534_Project/build/harvest_control' returned '0': CMAKE_PREFIX_PATH=/home/imml/git/ROB_534_Project/install/harvest_interfaces:/home/imml/git/ROB_534_Project/install/ur:/home/imml/git/ROB_534_Project/install/ur_calibration:/home/imml/git/ROB_534_Project/install/ur_robot_driver:/home/imml/git/ROB_534_Project/install/ur_moveit_config:/home/imml/git/ROB_534_Project/install/ur_bringup:/home/imml/git/ROB_534_Project/install/ur_description:/home/imml/git/ROB_534_Project/install/ur_controllers:/home/imml/git/ROB_534_Project/install/ur_dashboard_msgs:/home/imml/git/ROB_534_Project/install/realsense2_description:/home/imml/git/ROB_534_Project/install/realsense2_camera:/home/imml/git/ROB_534_Project/install/realsense2_camera_msgs:/home/imml/git/ROB_534_Project/install/harvest_control:/home/imml/git/ROB_534_Project/install/harvest:/home/imml/git/ROB_534_Project/install/ur5e_custom_hardware:/home/imml/git/ROB_534_Project/install/harvest_vision:/opt/ros/humble LD_LIBRARY_PATH=/home/imml/git/ROB_534_Project/install/harvest_interfaces/lib:/home/imml/git/ROB_534_Project/install/ur_robot_driver/lib:/home/imml/git/ROB_534_Project/install/ur_controllers/lib:/home/imml/git/ROB_534_Project/install/ur_dashboard_msgs/lib:/home/imml/git/ROB_534_Project/install/realsense2_camera/lib:/home/imml/git/ROB_534_Project/install/realsense2_camera_msgs/lib:/opt/ros/humble/opt/rviz_ogre_vendor/lib:/opt/ros/humble/lib/x86_64-linux-gnu:/opt/ros/humble/lib /usr/bin/cmake --install /home/imml/git/ROB_534_Project/build/harvest_control
[13.367s] Level 1:colcon.colcon_core.environment:checking '/home/imml/git/ROB_534_Project/install/harvest_control' for CMake config files
[13.367s] Level 1:colcon.colcon_core.shell:create_environment_hook('harvest_control', 'cmake_prefix_path')
[13.367s] INFO:colcon.colcon_core.shell:Creating environment hook '/home/imml/git/ROB_534_Project/install/harvest_control/share/harvest_control/hook/cmake_prefix_path.ps1'
[13.368s] INFO:colcon.colcon_core.shell:Creating environment descriptor '/home/imml/git/ROB_534_Project/install/harvest_control/share/harvest_control/hook/cmake_prefix_path.dsv'
[13.368s] INFO:colcon.colcon_core.shell:Creating environment hook '/home/imml/git/ROB_534_Project/install/harvest_control/share/harvest_control/hook/cmake_prefix_path.sh'
[13.368s] Level 1:colcon.colcon_core.environment:checking '/home/imml/git/ROB_534_Project/install/harvest_control/lib'
[13.368s] Level 1:colcon.colcon_core.environment:checking '/home/imml/git/ROB_534_Project/install/harvest_control/bin'
[13.368s] Level 1:colcon.colcon_core.environment:checking '/home/imml/git/ROB_534_Project/install/harvest_control/lib/pkgconfig/harvest_control.pc'
[13.369s] Level 1:colcon.colcon_core.environment:checking '/home/imml/git/ROB_534_Project/install/harvest_control/lib/python3.10/site-packages'
[13.369s] Level 1:colcon.colcon_core.environment:checking '/home/imml/git/ROB_534_Project/install/harvest_control/bin'
[13.369s] INFO:colcon.colcon_core.shell:Creating package script '/home/imml/git/ROB_534_Project/install/harvest_control/share/harvest_control/package.ps1'
[13.369s] INFO:colcon.colcon_core.shell:Creating package descriptor '/home/imml/git/ROB_534_Project/install/harvest_control/share/harvest_control/package.dsv'
[13.369s] INFO:colcon.colcon_core.shell:Creating package script '/home/imml/git/ROB_534_Project/install/harvest_control/share/harvest_control/package.sh'
[13.370s] INFO:colcon.colcon_core.shell:Creating package script '/home/imml/git/ROB_534_Project/install/harvest_control/share/harvest_control/package.bash'
[13.370s] INFO:colcon.colcon_core.shell:Creating package script '/home/imml/git/ROB_534_Project/install/harvest_control/share/harvest_control/package.zsh'
[13.370s] Level 1:colcon.colcon_core.environment:create_file_with_runtime_dependencies(/home/imml/git/ROB_534_Project/install/harvest_control/share/colcon-core/packages/harvest_control)
[13.371s] Level 1:colcon.colcon_core.environment:create_environment_scripts_only(harvest_control)
[13.371s] Level 1:colcon.colcon_core.environment:checking '/home/imml/git/ROB_534_Project/install/harvest_control' for CMake module files
[13.371s] Level 1:colcon.colcon_core.environment:checking '/home/imml/git/ROB_534_Project/install/harvest_control' for CMake config files
[13.372s] Level 1:colcon.colcon_core.shell:create_environment_hook('harvest_control', 'cmake_prefix_path')
[13.372s] INFO:colcon.colcon_core.shell:Creating environment hook '/home/imml/git/ROB_534_Project/install/harvest_control/share/harvest_control/hook/cmake_prefix_path.ps1'
[13.372s] INFO:colcon.colcon_core.shell:Creating environment descriptor '/home/imml/git/ROB_534_Project/install/harvest_control/share/harvest_control/hook/cmake_prefix_path.dsv'
[13.372s] INFO:colcon.colcon_core.shell:Creating environment hook '/home/imml/git/ROB_534_Project/install/harvest_control/share/harvest_control/hook/cmake_prefix_path.sh'
[13.373s] Level 1:colcon.colcon_core.environment:checking '/home/imml/git/ROB_534_Project/install/harvest_control/lib'
[13.373s] Level 1:colcon.colcon_core.environment:checking '/home/imml/git/ROB_534_Project/install/harvest_control/bin'
[13.373s] Level 1:colcon.colcon_core.environment:checking '/home/imml/git/ROB_534_Project/install/harvest_control/lib/pkgconfig/harvest_control.pc'
[13.373s] Level 1:colcon.colcon_core.environment:checking '/home/imml/git/ROB_534_Project/install/harvest_control/lib/python3.10/site-packages'
[13.373s] Level 1:colcon.colcon_core.environment:checking '/home/imml/git/ROB_534_Project/install/harvest_control/bin'
[13.373s] INFO:colcon.colcon_core.shell:Creating package script '/home/imml/git/ROB_534_Project/install/harvest_control/share/harvest_control/package.ps1'
[13.374s] INFO:colcon.colcon_core.shell:Creating package descriptor '/home/imml/git/ROB_534_Project/install/harvest_control/share/harvest_control/package.dsv'
[13.374s] INFO:colcon.colcon_core.shell:Creating package script '/home/imml/git/ROB_534_Project/install/harvest_control/share/harvest_control/package.sh'
[13.375s] INFO:colcon.colcon_core.shell:Creating package script '/home/imml/git/ROB_534_Project/install/harvest_control/share/harvest_control/package.bash'
[13.375s] INFO:colcon.colcon_core.shell:Creating package script '/home/imml/git/ROB_534_Project/install/harvest_control/share/harvest_control/package.zsh'
[13.375s] Level 1:colcon.colcon_core.environment:create_file_with_runtime_dependencies(/home/imml/git/ROB_534_Project/install/harvest_control/share/colcon-core/packages/harvest_control)
[13.375s] DEBUG:colcon.colcon_parallel_executor.executor.parallel:closing loop
[13.376s] DEBUG:colcon.colcon_parallel_executor.executor.parallel:loop closed
[13.376s] DEBUG:colcon.colcon_parallel_executor.executor.parallel:run_until_complete finished with '0'
[13.376s] DEBUG:colcon.colcon_core.event_reactor:joining thread
[13.380s] INFO:colcon.colcon_core.plugin_system:Skipping extension 'colcon_notification.desktop_notification.terminal_notifier': Not used on non-Darwin systems
[13.380s] INFO:colcon.colcon_core.plugin_system:Skipping extension 'colcon_notification.desktop_notification.win32': Not used on non-Windows systems
[13.381s] INFO:colcon.colcon_notification.desktop_notification:Sending desktop notification using 'notify2'
[13.388s] DEBUG:colcon.colcon_core.event_reactor:joined thread
[13.388s] INFO:colcon.colcon_core.shell:Creating prefix script '/home/imml/git/ROB_534_Project/install/local_setup.ps1'
[13.389s] INFO:colcon.colcon_core.shell:Creating prefix util module '/home/imml/git/ROB_534_Project/install/_local_setup_util_ps1.py'
[13.390s] INFO:colcon.colcon_core.shell:Creating prefix chain script '/home/imml/git/ROB_534_Project/install/setup.ps1'
[13.391s] INFO:colcon.colcon_core.shell:Creating prefix script '/home/imml/git/ROB_534_Project/install/local_setup.sh'
[13.392s] INFO:colcon.colcon_core.shell:Creating prefix util module '/home/imml/git/ROB_534_Project/install/_local_setup_util_sh.py'
[13.392s] INFO:colcon.colcon_core.shell:Creating prefix chain script '/home/imml/git/ROB_534_Project/install/setup.sh'
[13.393s] INFO:colcon.colcon_core.shell:Creating prefix script '/home/imml/git/ROB_534_Project/install/local_setup.bash'
[13.394s] INFO:colcon.colcon_core.shell:Creating prefix chain script '/home/imml/git/ROB_534_Project/install/setup.bash'
[13.395s] INFO:colcon.colcon_core.shell:Creating prefix script '/home/imml/git/ROB_534_Project/install/local_setup.zsh'
[13.395s] INFO:colcon.colcon_core.shell:Creating prefix chain script '/home/imml/git/ROB_534_Project/install/setup.zsh'
