[0.081s] DEBUG:colcon:Command line arguments: ['/usr/bin/colcon', 'build', '--symlink-install']
[0.081s] DEBUG:colcon:Parsed command line arguments: Namespace(log_base=None, log_level=None, verb_name='build', build_base='build', install_base='install', merge_install=False, symlink_install=True, test_result_base=None, continue_on_error=False, executor='parallel', parallel_workers=16, event_handlers=None, ignore_user_meta=False, metas=['./colcon.meta'], base_paths=['.'], packages_ignore=None, packages_ignore_regex=None, paths=None, packages_up_to=None, packages_up_to_regex=None, packages_above=None, packages_above_and_dependencies=None, packages_above_depth=None, packages_select_by_dep=None, packages_skip_by_dep=None, packages_skip_up_to=None, packages_select_build_failed=False, packages_skip_build_finished=False, packages_select_test_failures=False, packages_skip_test_passed=False, packages_select=None, packages_skip=None, packages_select_regex=None, packages_skip_regex=None, packages_start=None, packages_end=None, allow_overriding=[], cmake_args=None, cmake_target=None, cmake_target_skip_unavailable=False, cmake_clean_cache=False, cmake_clean_first=False, cmake_force_configure=False, ament_cmake_args=None, catkin_cmake_args=None, catkin_skip_building_tests=False, mixin_files=None, mixin=None, verb_parser=<colcon_mixin.mixin.mixin_argument.MixinArgumentDecorator object at 0x7924a73a8970>, verb_extension=<colcon_core.verb.build.BuildVerb object at 0x7924a73a8370>, main=<bound method BuildVerb.main of <colcon_core.verb.build.BuildVerb object at 0x7924a73a8370>>, mixin_verb=('build',))
[0.221s] Level 1:colcon.colcon_core.package_discovery:discover_packages(colcon_meta) check parameters
[0.221s] Level 1:colcon.colcon_core.package_discovery:discover_packages(recursive) check parameters
[0.221s] Level 1:colcon.colcon_core.package_discovery:discover_packages(ignore) check parameters
[0.221s] Level 1:colcon.colcon_core.package_discovery:discover_packages(path) check parameters
[0.221s] Level 1:colcon.colcon_core.package_discovery:discover_packages(colcon_meta) discover
[0.222s] Level 1:colcon.colcon_core.package_discovery:discover_packages(recursive) discover
[0.222s] INFO:colcon.colcon_core.package_discovery:Crawling recursively for packages in '/home/imml/git/ROB_534_Project'
[0.222s] Level 1:colcon.colcon_core.package_identification:_identify(.) by extensions ['ignore', 'ignore_ament_install']
[0.222s] Level 1:colcon.colcon_core.package_identification:_identify(.) by extension 'ignore'
[0.222s] Level 1:colcon.colcon_core.package_identification:_identify(.) by extension 'ignore_ament_install'
[0.222s] Level 1:colcon.colcon_core.package_identification:_identify(.) by extensions ['colcon_pkg']
[0.222s] Level 1:colcon.colcon_core.package_identification:_identify(.) by extension 'colcon_pkg'
[0.222s] Level 1:colcon.colcon_core.package_identification:_identify(.) by extensions ['colcon_meta']
[0.222s] Level 1:colcon.colcon_core.package_identification:_identify(.) by extension 'colcon_meta'
[0.222s] Level 1:colcon.colcon_core.package_identification:_identify(.) by extensions ['ros']
[0.222s] Level 1:colcon.colcon_core.package_identification:_identify(.) by extension 'ros'
[0.239s] Level 1:colcon.colcon_core.package_identification:_identify(.) by extensions ['cmake', 'python']
[0.239s] Level 1:colcon.colcon_core.package_identification:_identify(.) by extension 'cmake'
[0.239s] Level 1:colcon.colcon_core.package_identification:_identify(.) by extension 'python'
[0.239s] Level 1:colcon.colcon_core.package_identification:_identify(.) by extensions ['python_setup_py']
[0.239s] Level 1:colcon.colcon_core.package_identification:_identify(.) by extension 'python_setup_py'
[0.239s] Level 1:colcon.colcon_core.package_identification:_identify(build) by extensions ['ignore', 'ignore_ament_install']
[0.239s] Level 1:colcon.colcon_core.package_identification:_identify(build) by extension 'ignore'
[0.239s] Level 1:colcon.colcon_core.package_identification:_identify(build) ignored
[0.239s] Level 1:colcon.colcon_core.package_identification:_identify(data_saved) by extensions ['ignore', 'ignore_ament_install']
[0.239s] Level 1:colcon.colcon_core.package_identification:_identify(data_saved) by extension 'ignore'
[0.239s] Level 1:colcon.colcon_core.package_identification:_identify(data_saved) by extension 'ignore_ament_install'
[0.239s] Level 1:colcon.colcon_core.package_identification:_identify(data_saved) by extensions ['colcon_pkg']
[0.239s] Level 1:colcon.colcon_core.package_identification:_identify(data_saved) by extension 'colcon_pkg'
[0.239s] Level 1:colcon.colcon_core.package_identification:_identify(data_saved) by extensions ['colcon_meta']
[0.239s] Level 1:colcon.colcon_core.package_identification:_identify(data_saved) by extension 'colcon_meta'
[0.239s] Level 1:colcon.colcon_core.package_identification:_identify(data_saved) by extensions ['ros']
[0.239s] Level 1:colcon.colcon_core.package_identification:_identify(data_saved) by extension 'ros'
[0.240s] Level 1:colcon.colcon_core.package_identification:_identify(data_saved) by extensions ['cmake', 'python']
[0.240s] Level 1:colcon.colcon_core.package_identification:_identify(data_saved) by extension 'cmake'
[0.240s] Level 1:colcon.colcon_core.package_identification:_identify(data_saved) by extension 'python'
[0.240s] Level 1:colcon.colcon_core.package_identification:_identify(data_saved) by extensions ['python_setup_py']
[0.240s] Level 1:colcon.colcon_core.package_identification:_identify(data_saved) by extension 'python_setup_py'
[0.240s] Level 1:colcon.colcon_core.package_identification:_identify(harvest) by extensions ['ignore', 'ignore_ament_install']
[0.240s] Level 1:colcon.colcon_core.package_identification:_identify(harvest) by extension 'ignore'
[0.240s] Level 1:colcon.colcon_core.package_identification:_identify(harvest) by extension 'ignore_ament_install'
[0.240s] Level 1:colcon.colcon_core.package_identification:_identify(harvest) by extensions ['colcon_pkg']
[0.240s] Level 1:colcon.colcon_core.package_identification:_identify(harvest) by extension 'colcon_pkg'
[0.240s] Level 1:colcon.colcon_core.package_identification:_identify(harvest) by extensions ['colcon_meta']
[0.240s] Level 1:colcon.colcon_core.package_identification:_identify(harvest) by extension 'colcon_meta'
[0.240s] Level 1:colcon.colcon_core.package_identification:_identify(harvest) by extensions ['ros']
[0.240s] Level 1:colcon.colcon_core.package_identification:_identify(harvest) by extension 'ros'
[0.242s] DEBUG:colcon.colcon_core.package_identification:Package 'harvest' with type 'ros.ament_cmake' and name 'harvest'
[0.242s] Level 1:colcon.colcon_core.package_identification:_identify(harvest_control) by extensions ['ignore', 'ignore_ament_install']
[0.242s] Level 1:colcon.colcon_core.package_identification:_identify(harvest_control) by extension 'ignore'
[0.242s] Level 1:colcon.colcon_core.package_identification:_identify(harvest_control) by extension 'ignore_ament_install'
[0.242s] Level 1:colcon.colcon_core.package_identification:_identify(harvest_control) by extensions ['colcon_pkg']
[0.242s] Level 1:colcon.colcon_core.package_identification:_identify(harvest_control) by extension 'colcon_pkg'
[0.242s] Level 1:colcon.colcon_core.package_identification:_identify(harvest_control) by extensions ['colcon_meta']
[0.242s] Level 1:colcon.colcon_core.package_identification:_identify(harvest_control) by extension 'colcon_meta'
[0.242s] Level 1:colcon.colcon_core.package_identification:_identify(harvest_control) by extensions ['ros']
[0.242s] Level 1:colcon.colcon_core.package_identification:_identify(harvest_control) by extension 'ros'
[0.243s] DEBUG:colcon.colcon_core.package_identification:Package 'harvest_control' with type 'ros.ament_cmake' and name 'harvest_control'
[0.244s] Level 1:colcon.colcon_core.package_identification:_identify(harvest_hardware) by extensions ['ignore', 'ignore_ament_install']
[0.244s] Level 1:colcon.colcon_core.package_identification:_identify(harvest_hardware) by extension 'ignore'
[0.244s] Level 1:colcon.colcon_core.package_identification:_identify(harvest_hardware) by extension 'ignore_ament_install'
[0.244s] Level 1:colcon.colcon_core.package_identification:_identify(harvest_hardware) by extensions ['colcon_pkg']
[0.244s] Level 1:colcon.colcon_core.package_identification:_identify(harvest_hardware) by extension 'colcon_pkg'
[0.244s] Level 1:colcon.colcon_core.package_identification:_identify(harvest_hardware) by extensions ['colcon_meta']
[0.244s] Level 1:colcon.colcon_core.package_identification:_identify(harvest_hardware) by extension 'colcon_meta'
[0.244s] Level 1:colcon.colcon_core.package_identification:_identify(harvest_hardware) by extensions ['ros']
[0.244s] Level 1:colcon.colcon_core.package_identification:_identify(harvest_hardware) by extension 'ros'
[0.244s] Level 1:colcon.colcon_core.package_identification:_identify(harvest_hardware) by extensions ['cmake', 'python']
[0.244s] Level 1:colcon.colcon_core.package_identification:_identify(harvest_hardware) by extension 'cmake'
[0.244s] Level 1:colcon.colcon_core.package_identification:_identify(harvest_hardware) by extension 'python'
[0.244s] Level 1:colcon.colcon_core.package_identification:_identify(harvest_hardware) by extensions ['python_setup_py']
[0.244s] Level 1:colcon.colcon_core.package_identification:_identify(harvest_hardware) by extension 'python_setup_py'
[0.244s] Level 1:colcon.colcon_core.package_identification:_identify(harvest_hardware/Universal_Robots_ROS2_Description) by extensions ['ignore', 'ignore_ament_install']
[0.244s] Level 1:colcon.colcon_core.package_identification:_identify(harvest_hardware/Universal_Robots_ROS2_Description) by extension 'ignore'
[0.244s] Level 1:colcon.colcon_core.package_identification:_identify(harvest_hardware/Universal_Robots_ROS2_Description) by extension 'ignore_ament_install'
[0.244s] Level 1:colcon.colcon_core.package_identification:_identify(harvest_hardware/Universal_Robots_ROS2_Description) by extensions ['colcon_pkg']
[0.244s] Level 1:colcon.colcon_core.package_identification:_identify(harvest_hardware/Universal_Robots_ROS2_Description) by extension 'colcon_pkg'
[0.244s] Level 1:colcon.colcon_core.package_identification:_identify(harvest_hardware/Universal_Robots_ROS2_Description) by extensions ['colcon_meta']
[0.244s] Level 1:colcon.colcon_core.package_identification:_identify(harvest_hardware/Universal_Robots_ROS2_Description) by extension 'colcon_meta'
[0.244s] Level 1:colcon.colcon_core.package_identification:_identify(harvest_hardware/Universal_Robots_ROS2_Description) by extensions ['ros']
[0.244s] Level 1:colcon.colcon_core.package_identification:_identify(harvest_hardware/Universal_Robots_ROS2_Description) by extension 'ros'
[0.245s] DEBUG:colcon.colcon_core.package_identification:Package 'harvest_hardware/Universal_Robots_ROS2_Description' with type 'ros.ament_cmake' and name 'ur_description'
[0.245s] Level 1:colcon.colcon_core.package_identification:_identify(harvest_hardware/Universal_Robots_ROS2_Driver) by extensions ['ignore', 'ignore_ament_install']
[0.245s] Level 1:colcon.colcon_core.package_identification:_identify(harvest_hardware/Universal_Robots_ROS2_Driver) by extension 'ignore'
[0.245s] Level 1:colcon.colcon_core.package_identification:_identify(harvest_hardware/Universal_Robots_ROS2_Driver) by extension 'ignore_ament_install'
[0.245s] Level 1:colcon.colcon_core.package_identification:_identify(harvest_hardware/Universal_Robots_ROS2_Driver) by extensions ['colcon_pkg']
[0.245s] Level 1:colcon.colcon_core.package_identification:_identify(harvest_hardware/Universal_Robots_ROS2_Driver) by extension 'colcon_pkg'
[0.245s] Level 1:colcon.colcon_core.package_identification:_identify(harvest_hardware/Universal_Robots_ROS2_Driver) by extensions ['colcon_meta']
[0.245s] Level 1:colcon.colcon_core.package_identification:_identify(harvest_hardware/Universal_Robots_ROS2_Driver) by extension 'colcon_meta'
[0.245s] Level 1:colcon.colcon_core.package_identification:_identify(harvest_hardware/Universal_Robots_ROS2_Driver) by extensions ['ros']
[0.245s] Level 1:colcon.colcon_core.package_identification:_identify(harvest_hardware/Universal_Robots_ROS2_Driver) by extension 'ros'
[0.245s] Level 1:colcon.colcon_core.package_identification:_identify(harvest_hardware/Universal_Robots_ROS2_Driver) by extensions ['cmake', 'python']
[0.245s] Level 1:colcon.colcon_core.package_identification:_identify(harvest_hardware/Universal_Robots_ROS2_Driver) by extension 'cmake'
[0.245s] Level 1:colcon.colcon_core.package_identification:_identify(harvest_hardware/Universal_Robots_ROS2_Driver) by extension 'python'
[0.245s] Level 1:colcon.colcon_core.package_identification:_identify(harvest_hardware/Universal_Robots_ROS2_Driver) by extensions ['python_setup_py']
[0.246s] Level 1:colcon.colcon_core.package_identification:_identify(harvest_hardware/Universal_Robots_ROS2_Driver) by extension 'python_setup_py'
[0.246s] Level 1:colcon.colcon_core.package_identification:_identify(harvest_hardware/Universal_Robots_ROS2_Driver/ur) by extensions ['ignore', 'ignore_ament_install']
[0.246s] Level 1:colcon.colcon_core.package_identification:_identify(harvest_hardware/Universal_Robots_ROS2_Driver/ur) by extension 'ignore'
[0.246s] Level 1:colcon.colcon_core.package_identification:_identify(harvest_hardware/Universal_Robots_ROS2_Driver/ur) by extension 'ignore_ament_install'
[0.246s] Level 1:colcon.colcon_core.package_identification:_identify(harvest_hardware/Universal_Robots_ROS2_Driver/ur) by extensions ['colcon_pkg']
[0.246s] Level 1:colcon.colcon_core.package_identification:_identify(harvest_hardware/Universal_Robots_ROS2_Driver/ur) by extension 'colcon_pkg'
[0.246s] Level 1:colcon.colcon_core.package_identification:_identify(harvest_hardware/Universal_Robots_ROS2_Driver/ur) by extensions ['colcon_meta']
[0.246s] Level 1:colcon.colcon_core.package_identification:_identify(harvest_hardware/Universal_Robots_ROS2_Driver/ur) by extension 'colcon_meta'
[0.246s] Level 1:colcon.colcon_core.package_identification:_identify(harvest_hardware/Universal_Robots_ROS2_Driver/ur) by extensions ['ros']
[0.246s] Level 1:colcon.colcon_core.package_identification:_identify(harvest_hardware/Universal_Robots_ROS2_Driver/ur) by extension 'ros'
[0.246s] DEBUG:colcon.colcon_core.package_identification:Package 'harvest_hardware/Universal_Robots_ROS2_Driver/ur' with type 'ros.ament_cmake' and name 'ur'
[0.246s] Level 1:colcon.colcon_core.package_identification:_identify(harvest_hardware/Universal_Robots_ROS2_Driver/ur_bringup) by extensions ['ignore', 'ignore_ament_install']
[0.246s] Level 1:colcon.colcon_core.package_identification:_identify(harvest_hardware/Universal_Robots_ROS2_Driver/ur_bringup) by extension 'ignore'
[0.246s] Level 1:colcon.colcon_core.package_identification:_identify(harvest_hardware/Universal_Robots_ROS2_Driver/ur_bringup) by extension 'ignore_ament_install'
[0.246s] Level 1:colcon.colcon_core.package_identification:_identify(harvest_hardware/Universal_Robots_ROS2_Driver/ur_bringup) by extensions ['colcon_pkg']
[0.246s] Level 1:colcon.colcon_core.package_identification:_identify(harvest_hardware/Universal_Robots_ROS2_Driver/ur_bringup) by extension 'colcon_pkg'
[0.247s] Level 1:colcon.colcon_core.package_identification:_identify(harvest_hardware/Universal_Robots_ROS2_Driver/ur_bringup) by extensions ['colcon_meta']
[0.247s] Level 1:colcon.colcon_core.package_identification:_identify(harvest_hardware/Universal_Robots_ROS2_Driver/ur_bringup) by extension 'colcon_meta'
[0.247s] Level 1:colcon.colcon_core.package_identification:_identify(harvest_hardware/Universal_Robots_ROS2_Driver/ur_bringup) by extensions ['ros']
[0.247s] Level 1:colcon.colcon_core.package_identification:_identify(harvest_hardware/Universal_Robots_ROS2_Driver/ur_bringup) by extension 'ros'
[0.247s] DEBUG:colcon.colcon_core.package_identification:Package 'harvest_hardware/Universal_Robots_ROS2_Driver/ur_bringup' with type 'ros.ament_cmake' and name 'ur_bringup'
[0.247s] Level 1:colcon.colcon_core.package_identification:_identify(harvest_hardware/Universal_Robots_ROS2_Driver/ur_calibration) by extensions ['ignore', 'ignore_ament_install']
[0.247s] Level 1:colcon.colcon_core.package_identification:_identify(harvest_hardware/Universal_Robots_ROS2_Driver/ur_calibration) by extension 'ignore'
[0.247s] Level 1:colcon.colcon_core.package_identification:_identify(harvest_hardware/Universal_Robots_ROS2_Driver/ur_calibration) by extension 'ignore_ament_install'
[0.247s] Level 1:colcon.colcon_core.package_identification:_identify(harvest_hardware/Universal_Robots_ROS2_Driver/ur_calibration) by extensions ['colcon_pkg']
[0.247s] Level 1:colcon.colcon_core.package_identification:_identify(harvest_hardware/Universal_Robots_ROS2_Driver/ur_calibration) by extension 'colcon_pkg'
[0.247s] Level 1:colcon.colcon_core.package_identification:_identify(harvest_hardware/Universal_Robots_ROS2_Driver/ur_calibration) by extensions ['colcon_meta']
[0.248s] Level 1:colcon.colcon_core.package_identification:_identify(harvest_hardware/Universal_Robots_ROS2_Driver/ur_calibration) by extension 'colcon_meta'
[0.248s] Level 1:colcon.colcon_core.package_identification:_identify(harvest_hardware/Universal_Robots_ROS2_Driver/ur_calibration) by extensions ['ros']
[0.248s] Level 1:colcon.colcon_core.package_identification:_identify(harvest_hardware/Universal_Robots_ROS2_Driver/ur_calibration) by extension 'ros'
[0.248s] DEBUG:colcon.colcon_core.package_identification:Package 'harvest_hardware/Universal_Robots_ROS2_Driver/ur_calibration' with type 'ros.ament_cmake' and name 'ur_calibration'
[0.248s] Level 1:colcon.colcon_core.package_identification:_identify(harvest_hardware/Universal_Robots_ROS2_Driver/ur_controllers) by extensions ['ignore', 'ignore_ament_install']
[0.248s] Level 1:colcon.colcon_core.package_identification:_identify(harvest_hardware/Universal_Robots_ROS2_Driver/ur_controllers) by extension 'ignore'
[0.248s] Level 1:colcon.colcon_core.package_identification:_identify(harvest_hardware/Universal_Robots_ROS2_Driver/ur_controllers) by extension 'ignore_ament_install'
[0.248s] Level 1:colcon.colcon_core.package_identification:_identify(harvest_hardware/Universal_Robots_ROS2_Driver/ur_controllers) by extensions ['colcon_pkg']
[0.248s] Level 1:colcon.colcon_core.package_identification:_identify(harvest_hardware/Universal_Robots_ROS2_Driver/ur_controllers) by extension 'colcon_pkg'
[0.248s] Level 1:colcon.colcon_core.package_identification:_identify(harvest_hardware/Universal_Robots_ROS2_Driver/ur_controllers) by extensions ['colcon_meta']
[0.248s] Level 1:colcon.colcon_core.package_identification:_identify(harvest_hardware/Universal_Robots_ROS2_Driver/ur_controllers) by extension 'colcon_meta'
[0.248s] Level 1:colcon.colcon_core.package_identification:_identify(harvest_hardware/Universal_Robots_ROS2_Driver/ur_controllers) by extensions ['ros']
[0.248s] Level 1:colcon.colcon_core.package_identification:_identify(harvest_hardware/Universal_Robots_ROS2_Driver/ur_controllers) by extension 'ros'
[0.249s] DEBUG:colcon.colcon_core.package_identification:Package 'harvest_hardware/Universal_Robots_ROS2_Driver/ur_controllers' with type 'ros.ament_cmake' and name 'ur_controllers'
[0.249s] Level 1:colcon.colcon_core.package_identification:_identify(harvest_hardware/Universal_Robots_ROS2_Driver/ur_dashboard_msgs) by extensions ['ignore', 'ignore_ament_install']
[0.249s] Level 1:colcon.colcon_core.package_identification:_identify(harvest_hardware/Universal_Robots_ROS2_Driver/ur_dashboard_msgs) by extension 'ignore'
[0.250s] Level 1:colcon.colcon_core.package_identification:_identify(harvest_hardware/Universal_Robots_ROS2_Driver/ur_dashboard_msgs) by extension 'ignore_ament_install'
[0.250s] Level 1:colcon.colcon_core.package_identification:_identify(harvest_hardware/Universal_Robots_ROS2_Driver/ur_dashboard_msgs) by extensions ['colcon_pkg']
[0.250s] Level 1:colcon.colcon_core.package_identification:_identify(harvest_hardware/Universal_Robots_ROS2_Driver/ur_dashboard_msgs) by extension 'colcon_pkg'
[0.250s] Level 1:colcon.colcon_core.package_identification:_identify(harvest_hardware/Universal_Robots_ROS2_Driver/ur_dashboard_msgs) by extensions ['colcon_meta']
[0.250s] Level 1:colcon.colcon_core.package_identification:_identify(harvest_hardware/Universal_Robots_ROS2_Driver/ur_dashboard_msgs) by extension 'colcon_meta'
[0.250s] Level 1:colcon.colcon_core.package_identification:_identify(harvest_hardware/Universal_Robots_ROS2_Driver/ur_dashboard_msgs) by extensions ['ros']
[0.250s] Level 1:colcon.colcon_core.package_identification:_identify(harvest_hardware/Universal_Robots_ROS2_Driver/ur_dashboard_msgs) by extension 'ros'
[0.250s] DEBUG:colcon.colcon_core.package_identification:Package 'harvest_hardware/Universal_Robots_ROS2_Driver/ur_dashboard_msgs' with type 'ros.ament_cmake' and name 'ur_dashboard_msgs'
[0.250s] Level 1:colcon.colcon_core.package_identification:_identify(harvest_hardware/Universal_Robots_ROS2_Driver/ur_moveit_config) by extensions ['ignore', 'ignore_ament_install']
[0.250s] Level 1:colcon.colcon_core.package_identification:_identify(harvest_hardware/Universal_Robots_ROS2_Driver/ur_moveit_config) by extension 'ignore'
[0.250s] Level 1:colcon.colcon_core.package_identification:_identify(harvest_hardware/Universal_Robots_ROS2_Driver/ur_moveit_config) by extension 'ignore_ament_install'
[0.250s] Level 1:colcon.colcon_core.package_identification:_identify(harvest_hardware/Universal_Robots_ROS2_Driver/ur_moveit_config) by extensions ['colcon_pkg']
[0.250s] Level 1:colcon.colcon_core.package_identification:_identify(harvest_hardware/Universal_Robots_ROS2_Driver/ur_moveit_config) by extension 'colcon_pkg'
[0.250s] Level 1:colcon.colcon_core.package_identification:_identify(harvest_hardware/Universal_Robots_ROS2_Driver/ur_moveit_config) by extensions ['colcon_meta']
[0.250s] Level 1:colcon.colcon_core.package_identification:_identify(harvest_hardware/Universal_Robots_ROS2_Driver/ur_moveit_config) by extension 'colcon_meta'
[0.251s] Level 1:colcon.colcon_core.package_identification:_identify(harvest_hardware/Universal_Robots_ROS2_Driver/ur_moveit_config) by extensions ['ros']
[0.251s] Level 1:colcon.colcon_core.package_identification:_identify(harvest_hardware/Universal_Robots_ROS2_Driver/ur_moveit_config) by extension 'ros'
[0.251s] DEBUG:colcon.colcon_core.package_identification:Package 'harvest_hardware/Universal_Robots_ROS2_Driver/ur_moveit_config' with type 'ros.ament_cmake' and name 'ur_moveit_config'
[0.251s] Level 1:colcon.colcon_core.package_identification:_identify(harvest_hardware/Universal_Robots_ROS2_Driver/ur_robot_driver) by extensions ['ignore', 'ignore_ament_install']
[0.251s] Level 1:colcon.colcon_core.package_identification:_identify(harvest_hardware/Universal_Robots_ROS2_Driver/ur_robot_driver) by extension 'ignore'
[0.251s] Level 1:colcon.colcon_core.package_identification:_identify(harvest_hardware/Universal_Robots_ROS2_Driver/ur_robot_driver) by extension 'ignore_ament_install'
[0.251s] Level 1:colcon.colcon_core.package_identification:_identify(harvest_hardware/Universal_Robots_ROS2_Driver/ur_robot_driver) by extensions ['colcon_pkg']
[0.251s] Level 1:colcon.colcon_core.package_identification:_identify(harvest_hardware/Universal_Robots_ROS2_Driver/ur_robot_driver) by extension 'colcon_pkg'
[0.251s] Level 1:colcon.colcon_core.package_identification:_identify(harvest_hardware/Universal_Robots_ROS2_Driver/ur_robot_driver) by extensions ['colcon_meta']
[0.251s] Level 1:colcon.colcon_core.package_identification:_identify(harvest_hardware/Universal_Robots_ROS2_Driver/ur_robot_driver) by extension 'colcon_meta'
[0.251s] Level 1:colcon.colcon_core.package_identification:_identify(harvest_hardware/Universal_Robots_ROS2_Driver/ur_robot_driver) by extensions ['ros']
[0.251s] Level 1:colcon.colcon_core.package_identification:_identify(harvest_hardware/Universal_Robots_ROS2_Driver/ur_robot_driver) by extension 'ros'
[0.253s] DEBUG:colcon.colcon_core.package_identification:Package 'harvest_hardware/Universal_Robots_ROS2_Driver/ur_robot_driver' with type 'ros.ament_cmake' and name 'ur_robot_driver'
[0.253s] Level 1:colcon.colcon_core.package_identification:_identify(harvest_hardware/realsense-ros) by extensions ['ignore', 'ignore_ament_install']
[0.253s] Level 1:colcon.colcon_core.package_identification:_identify(harvest_hardware/realsense-ros) by extension 'ignore'
[0.253s] Level 1:colcon.colcon_core.package_identification:_identify(harvest_hardware/realsense-ros) by extension 'ignore_ament_install'
[0.253s] Level 1:colcon.colcon_core.package_identification:_identify(harvest_hardware/realsense-ros) by extensions ['colcon_pkg']
[0.253s] Level 1:colcon.colcon_core.package_identification:_identify(harvest_hardware/realsense-ros) by extension 'colcon_pkg'
[0.253s] Level 1:colcon.colcon_core.package_identification:_identify(harvest_hardware/realsense-ros) by extensions ['colcon_meta']
[0.253s] Level 1:colcon.colcon_core.package_identification:_identify(harvest_hardware/realsense-ros) by extension 'colcon_meta'
[0.253s] Level 1:colcon.colcon_core.package_identification:_identify(harvest_hardware/realsense-ros) by extensions ['ros']
[0.253s] Level 1:colcon.colcon_core.package_identification:_identify(harvest_hardware/realsense-ros) by extension 'ros'
[0.253s] Level 1:colcon.colcon_core.package_identification:_identify(harvest_hardware/realsense-ros) by extensions ['cmake', 'python']
[0.253s] Level 1:colcon.colcon_core.package_identification:_identify(harvest_hardware/realsense-ros) by extension 'cmake'
[0.253s] Level 1:colcon.colcon_core.package_identification:_identify(harvest_hardware/realsense-ros) by extension 'python'
[0.253s] Level 1:colcon.colcon_core.package_identification:_identify(harvest_hardware/realsense-ros) by extensions ['python_setup_py']
[0.253s] Level 1:colcon.colcon_core.package_identification:_identify(harvest_hardware/realsense-ros) by extension 'python_setup_py'
[0.254s] Level 1:colcon.colcon_core.package_identification:_identify(harvest_hardware/realsense-ros/realsense2_camera) by extensions ['ignore', 'ignore_ament_install']
[0.254s] Level 1:colcon.colcon_core.package_identification:_identify(harvest_hardware/realsense-ros/realsense2_camera) by extension 'ignore'
[0.254s] Level 1:colcon.colcon_core.package_identification:_identify(harvest_hardware/realsense-ros/realsense2_camera) by extension 'ignore_ament_install'
[0.254s] Level 1:colcon.colcon_core.package_identification:_identify(harvest_hardware/realsense-ros/realsense2_camera) by extensions ['colcon_pkg']
[0.254s] Level 1:colcon.colcon_core.package_identification:_identify(harvest_hardware/realsense-ros/realsense2_camera) by extension 'colcon_pkg'
[0.254s] Level 1:colcon.colcon_core.package_identification:_identify(harvest_hardware/realsense-ros/realsense2_camera) by extensions ['colcon_meta']
[0.254s] Level 1:colcon.colcon_core.package_identification:_identify(harvest_hardware/realsense-ros/realsense2_camera) by extension 'colcon_meta'
[0.254s] Level 1:colcon.colcon_core.package_identification:_identify(harvest_hardware/realsense-ros/realsense2_camera) by extensions ['ros']
[0.254s] Level 1:colcon.colcon_core.package_identification:_identify(harvest_hardware/realsense-ros/realsense2_camera) by extension 'ros'
[0.258s] DEBUG:colcon.colcon_core.package_identification:Package 'harvest_hardware/realsense-ros/realsense2_camera' with type 'ros.ament_cmake' and name 'realsense2_camera'
[0.258s] Level 1:colcon.colcon_core.package_identification:_identify(harvest_hardware/realsense-ros/realsense2_camera_msgs) by extensions ['ignore', 'ignore_ament_install']
[0.258s] Level 1:colcon.colcon_core.package_identification:_identify(harvest_hardware/realsense-ros/realsense2_camera_msgs) by extension 'ignore'
[0.258s] Level 1:colcon.colcon_core.package_identification:_identify(harvest_hardware/realsense-ros/realsense2_camera_msgs) by extension 'ignore_ament_install'
[0.258s] Level 1:colcon.colcon_core.package_identification:_identify(harvest_hardware/realsense-ros/realsense2_camera_msgs) by extensions ['colcon_pkg']
[0.258s] Level 1:colcon.colcon_core.package_identification:_identify(harvest_hardware/realsense-ros/realsense2_camera_msgs) by extension 'colcon_pkg'
[0.258s] Level 1:colcon.colcon_core.package_identification:_identify(harvest_hardware/realsense-ros/realsense2_camera_msgs) by extensions ['colcon_meta']
[0.258s] Level 1:colcon.colcon_core.package_identification:_identify(harvest_hardware/realsense-ros/realsense2_camera_msgs) by extension 'colcon_meta'
[0.258s] Level 1:colcon.colcon_core.package_identification:_identify(harvest_hardware/realsense-ros/realsense2_camera_msgs) by extensions ['ros']
[0.258s] Level 1:colcon.colcon_core.package_identification:_identify(harvest_hardware/realsense-ros/realsense2_camera_msgs) by extension 'ros'
[0.258s] DEBUG:colcon.colcon_core.package_identification:Package 'harvest_hardware/realsense-ros/realsense2_camera_msgs' with type 'ros.ament_cmake' and name 'realsense2_camera_msgs'
[0.259s] Level 1:colcon.colcon_core.package_identification:_identify(harvest_hardware/realsense-ros/realsense2_description) by extensions ['ignore', 'ignore_ament_install']
[0.259s] Level 1:colcon.colcon_core.package_identification:_identify(harvest_hardware/realsense-ros/realsense2_description) by extension 'ignore'
[0.259s] Level 1:colcon.colcon_core.package_identification:_identify(harvest_hardware/realsense-ros/realsense2_description) by extension 'ignore_ament_install'
[0.259s] Level 1:colcon.colcon_core.package_identification:_identify(harvest_hardware/realsense-ros/realsense2_description) by extensions ['colcon_pkg']
[0.259s] Level 1:colcon.colcon_core.package_identification:_identify(harvest_hardware/realsense-ros/realsense2_description) by extension 'colcon_pkg'
[0.259s] Level 1:colcon.colcon_core.package_identification:_identify(harvest_hardware/realsense-ros/realsense2_description) by extensions ['colcon_meta']
[0.259s] Level 1:colcon.colcon_core.package_identification:_identify(harvest_hardware/realsense-ros/realsense2_description) by extension 'colcon_meta'
[0.259s] Level 1:colcon.colcon_core.package_identification:_identify(harvest_hardware/realsense-ros/realsense2_description) by extensions ['ros']
[0.259s] Level 1:colcon.colcon_core.package_identification:_identify(harvest_hardware/realsense-ros/realsense2_description) by extension 'ros'
[0.259s] DEBUG:colcon.colcon_core.package_identification:Package 'harvest_hardware/realsense-ros/realsense2_description' with type 'ros.ament_cmake' and name 'realsense2_description'
[0.259s] Level 1:colcon.colcon_core.package_identification:_identify(harvest_hardware/realsense-ros/scripts) by extensions ['ignore', 'ignore_ament_install']
[0.259s] Level 1:colcon.colcon_core.package_identification:_identify(harvest_hardware/realsense-ros/scripts) by extension 'ignore'
[0.259s] Level 1:colcon.colcon_core.package_identification:_identify(harvest_hardware/realsense-ros/scripts) by extension 'ignore_ament_install'
[0.260s] Level 1:colcon.colcon_core.package_identification:_identify(harvest_hardware/realsense-ros/scripts) by extensions ['colcon_pkg']
[0.260s] Level 1:colcon.colcon_core.package_identification:_identify(harvest_hardware/realsense-ros/scripts) by extension 'colcon_pkg'
[0.260s] Level 1:colcon.colcon_core.package_identification:_identify(harvest_hardware/realsense-ros/scripts) by extensions ['colcon_meta']
[0.260s] Level 1:colcon.colcon_core.package_identification:_identify(harvest_hardware/realsense-ros/scripts) by extension 'colcon_meta'
[0.260s] Level 1:colcon.colcon_core.package_identification:_identify(harvest_hardware/realsense-ros/scripts) by extensions ['ros']
[0.260s] Level 1:colcon.colcon_core.package_identification:_identify(harvest_hardware/realsense-ros/scripts) by extension 'ros'
[0.260s] Level 1:colcon.colcon_core.package_identification:_identify(harvest_hardware/realsense-ros/scripts) by extensions ['cmake', 'python']
[0.260s] Level 1:colcon.colcon_core.package_identification:_identify(harvest_hardware/realsense-ros/scripts) by extension 'cmake'
[0.260s] Level 1:colcon.colcon_core.package_identification:_identify(harvest_hardware/realsense-ros/scripts) by extension 'python'
[0.260s] Level 1:colcon.colcon_core.package_identification:_identify(harvest_hardware/realsense-ros/scripts) by extensions ['python_setup_py']
[0.260s] Level 1:colcon.colcon_core.package_identification:_identify(harvest_hardware/realsense-ros/scripts) by extension 'python_setup_py'
[0.260s] Level 1:colcon.colcon_core.package_identification:_identify(harvest_hardware/ur5e_custom_hardware) by extensions ['ignore', 'ignore_ament_install']
[0.260s] Level 1:colcon.colcon_core.package_identification:_identify(harvest_hardware/ur5e_custom_hardware) by extension 'ignore'
[0.260s] Level 1:colcon.colcon_core.package_identification:_identify(harvest_hardware/ur5e_custom_hardware) by extension 'ignore_ament_install'
[0.260s] Level 1:colcon.colcon_core.package_identification:_identify(harvest_hardware/ur5e_custom_hardware) by extensions ['colcon_pkg']
[0.260s] Level 1:colcon.colcon_core.package_identification:_identify(harvest_hardware/ur5e_custom_hardware) by extension 'colcon_pkg'
[0.260s] Level 1:colcon.colcon_core.package_identification:_identify(harvest_hardware/ur5e_custom_hardware) by extensions ['colcon_meta']
[0.260s] Level 1:colcon.colcon_core.package_identification:_identify(harvest_hardware/ur5e_custom_hardware) by extension 'colcon_meta'
[0.260s] Level 1:colcon.colcon_core.package_identification:_identify(harvest_hardware/ur5e_custom_hardware) by extensions ['ros']
[0.260s] Level 1:colcon.colcon_core.package_identification:_identify(harvest_hardware/ur5e_custom_hardware) by extension 'ros'
[0.261s] DEBUG:colcon.colcon_core.package_identification:Package 'harvest_hardware/ur5e_custom_hardware' with type 'ros.ament_python' and name 'ur5e_custom_hardware'
[0.261s] Level 1:colcon.colcon_core.package_identification:_identify(harvest_interfaces) by extensions ['ignore', 'ignore_ament_install']
[0.261s] Level 1:colcon.colcon_core.package_identification:_identify(harvest_interfaces) by extension 'ignore'
[0.261s] Level 1:colcon.colcon_core.package_identification:_identify(harvest_interfaces) by extension 'ignore_ament_install'
[0.261s] Level 1:colcon.colcon_core.package_identification:_identify(harvest_interfaces) by extensions ['colcon_pkg']
[0.261s] Level 1:colcon.colcon_core.package_identification:_identify(harvest_interfaces) by extension 'colcon_pkg'
[0.261s] Level 1:colcon.colcon_core.package_identification:_identify(harvest_interfaces) by extensions ['colcon_meta']
[0.261s] Level 1:colcon.colcon_core.package_identification:_identify(harvest_interfaces) by extension 'colcon_meta'
[0.261s] Level 1:colcon.colcon_core.package_identification:_identify(harvest_interfaces) by extensions ['ros']
[0.261s] Level 1:colcon.colcon_core.package_identification:_identify(harvest_interfaces) by extension 'ros'
[0.262s] DEBUG:colcon.colcon_core.package_identification:Package 'harvest_interfaces' with type 'ros.ament_cmake' and name 'harvest_interfaces'
[0.262s] Level 1:colcon.colcon_core.package_identification:_identify(harvest_vision) by extensions ['ignore', 'ignore_ament_install']
[0.262s] Level 1:colcon.colcon_core.package_identification:_identify(harvest_vision) by extension 'ignore'
[0.262s] Level 1:colcon.colcon_core.package_identification:_identify(harvest_vision) by extension 'ignore_ament_install'
[0.262s] Level 1:colcon.colcon_core.package_identification:_identify(harvest_vision) by extensions ['colcon_pkg']
[0.262s] Level 1:colcon.colcon_core.package_identification:_identify(harvest_vision) by extension 'colcon_pkg'
[0.262s] Level 1:colcon.colcon_core.package_identification:_identify(harvest_vision) by extensions ['colcon_meta']
[0.262s] Level 1:colcon.colcon_core.package_identification:_identify(harvest_vision) by extension 'colcon_meta'
[0.262s] Level 1:colcon.colcon_core.package_identification:_identify(harvest_vision) by extensions ['ros']
[0.262s] Level 1:colcon.colcon_core.package_identification:_identify(harvest_vision) by extension 'ros'
[0.263s] DEBUG:colcon.colcon_core.package_identification:Package 'harvest_vision' with type 'ros.ament_python' and name 'harvest_vision'
[0.263s] Level 1:colcon.colcon_core.package_identification:_identify(install) by extensions ['ignore', 'ignore_ament_install']
[0.263s] Level 1:colcon.colcon_core.package_identification:_identify(install) by extension 'ignore'
[0.263s] Level 1:colcon.colcon_core.package_identification:_identify(install) ignored
[0.263s] Level 1:colcon.colcon_core.package_identification:_identify(log) by extensions ['ignore', 'ignore_ament_install']
[0.263s] Level 1:colcon.colcon_core.package_identification:_identify(log) by extension 'ignore'
[0.263s] Level 1:colcon.colcon_core.package_identification:_identify(log) ignored
[0.263s] Level 1:colcon.colcon_core.package_identification:_identify(project_code) by extensions ['ignore', 'ignore_ament_install']
[0.263s] Level 1:colcon.colcon_core.package_identification:_identify(project_code) by extension 'ignore'
[0.263s] Level 1:colcon.colcon_core.package_identification:_identify(project_code) by extension 'ignore_ament_install'
[0.263s] Level 1:colcon.colcon_core.package_identification:_identify(project_code) by extensions ['colcon_pkg']
[0.263s] Level 1:colcon.colcon_core.package_identification:_identify(project_code) by extension 'colcon_pkg'
[0.263s] Level 1:colcon.colcon_core.package_identification:_identify(project_code) by extensions ['colcon_meta']
[0.263s] Level 1:colcon.colcon_core.package_identification:_identify(project_code) by extension 'colcon_meta'
[0.263s] Level 1:colcon.colcon_core.package_identification:_identify(project_code) by extensions ['ros']
[0.263s] Level 1:colcon.colcon_core.package_identification:_identify(project_code) by extension 'ros'
[0.263s] Level 1:colcon.colcon_core.package_identification:_identify(project_code) by extensions ['cmake', 'python']
[0.263s] Level 1:colcon.colcon_core.package_identification:_identify(project_code) by extension 'cmake'
[0.263s] Level 1:colcon.colcon_core.package_identification:_identify(project_code) by extension 'python'
[0.263s] Level 1:colcon.colcon_core.package_identification:_identify(project_code) by extensions ['python_setup_py']
[0.263s] Level 1:colcon.colcon_core.package_identification:_identify(project_code) by extension 'python_setup_py'
[0.264s] Level 1:colcon.colcon_core.package_identification:_identify(project_code/images) by extensions ['ignore', 'ignore_ament_install']
[0.264s] Level 1:colcon.colcon_core.package_identification:_identify(project_code/images) by extension 'ignore'
[0.264s] Level 1:colcon.colcon_core.package_identification:_identify(project_code/images) by extension 'ignore_ament_install'
[0.264s] Level 1:colcon.colcon_core.package_identification:_identify(project_code/images) by extensions ['colcon_pkg']
[0.264s] Level 1:colcon.colcon_core.package_identification:_identify(project_code/images) by extension 'colcon_pkg'
[0.264s] Level 1:colcon.colcon_core.package_identification:_identify(project_code/images) by extensions ['colcon_meta']
[0.264s] Level 1:colcon.colcon_core.package_identification:_identify(project_code/images) by extension 'colcon_meta'
[0.264s] Level 1:colcon.colcon_core.package_identification:_identify(project_code/images) by extensions ['ros']
[0.264s] Level 1:colcon.colcon_core.package_identification:_identify(project_code/images) by extension 'ros'
[0.264s] Level 1:colcon.colcon_core.package_identification:_identify(project_code/images) by extensions ['cmake', 'python']
[0.264s] Level 1:colcon.colcon_core.package_identification:_identify(project_code/images) by extension 'cmake'
[0.264s] Level 1:colcon.colcon_core.package_identification:_identify(project_code/images) by extension 'python'
[0.264s] Level 1:colcon.colcon_core.package_identification:_identify(project_code/images) by extensions ['python_setup_py']
[0.264s] Level 1:colcon.colcon_core.package_identification:_identify(project_code/images) by extension 'python_setup_py'
[0.264s] Level 1:colcon.colcon_core.package_identification:_identify(project_code/scripts) by extensions ['ignore', 'ignore_ament_install']
[0.264s] Level 1:colcon.colcon_core.package_identification:_identify(project_code/scripts) by extension 'ignore'
[0.264s] Level 1:colcon.colcon_core.package_identification:_identify(project_code/scripts) by extension 'ignore_ament_install'
[0.264s] Level 1:colcon.colcon_core.package_identification:_identify(project_code/scripts) by extensions ['colcon_pkg']
[0.264s] Level 1:colcon.colcon_core.package_identification:_identify(project_code/scripts) by extension 'colcon_pkg'
[0.264s] Level 1:colcon.colcon_core.package_identification:_identify(project_code/scripts) by extensions ['colcon_meta']
[0.264s] Level 1:colcon.colcon_core.package_identification:_identify(project_code/scripts) by extension 'colcon_meta'
[0.264s] Level 1:colcon.colcon_core.package_identification:_identify(project_code/scripts) by extensions ['ros']
[0.264s] Level 1:colcon.colcon_core.package_identification:_identify(project_code/scripts) by extension 'ros'
[0.264s] Level 1:colcon.colcon_core.package_identification:_identify(project_code/scripts) by extensions ['cmake', 'python']
[0.264s] Level 1:colcon.colcon_core.package_identification:_identify(project_code/scripts) by extension 'cmake'
[0.264s] Level 1:colcon.colcon_core.package_identification:_identify(project_code/scripts) by extension 'python'
[0.264s] Level 1:colcon.colcon_core.package_identification:_identify(project_code/scripts) by extensions ['python_setup_py']
[0.264s] Level 1:colcon.colcon_core.package_identification:_identify(project_code/scripts) by extension 'python_setup_py'
[0.265s] Level 1:colcon.colcon_core.package_discovery:discover_packages(recursive) using defaults
[0.265s] Level 1:colcon.colcon_core.package_discovery:discover_packages(ignore) discover
[0.265s] Level 1:colcon.colcon_core.package_discovery:discover_packages(ignore) using defaults
[0.265s] Level 1:colcon.colcon_core.package_discovery:discover_packages(path) discover
[0.265s] Level 1:colcon.colcon_core.package_discovery:discover_packages(path) using defaults
[0.283s] Level 1:colcon.colcon_core.package_discovery:discover_packages(prefix_path) check parameters
[0.283s] Level 1:colcon.colcon_core.package_discovery:discover_packages(prefix_path) discover
[0.285s] DEBUG:colcon.colcon_installed_package_information.package_discovery:Found 16 installed packages in /home/imml/git/ROB_534_Project/install
[0.286s] DEBUG:colcon.colcon_installed_package_information.package_discovery:Found 388 installed packages in /opt/ros/humble
[0.288s] Level 1:colcon.colcon_core.package_discovery:discover_packages(prefix_path) using defaults
[0.324s] Level 5:colcon.colcon_core.verb:set package 'harvest_interfaces' build argument 'cmake_args' from command line to 'None'
[0.325s] Level 5:colcon.colcon_core.verb:set package 'harvest_interfaces' build argument 'cmake_target' from command line to 'None'
[0.325s] Level 5:colcon.colcon_core.verb:set package 'harvest_interfaces' build argument 'cmake_target_skip_unavailable' from command line to 'False'
[0.325s] Level 5:colcon.colcon_core.verb:set package 'harvest_interfaces' build argument 'cmake_clean_cache' from command line to 'False'
[0.325s] Level 5:colcon.colcon_core.verb:set package 'harvest_interfaces' build argument 'cmake_clean_first' from command line to 'False'
[0.325s] Level 5:colcon.colcon_core.verb:set package 'harvest_interfaces' build argument 'cmake_force_configure' from command line to 'False'
[0.325s] Level 5:colcon.colcon_core.verb:set package 'harvest_interfaces' build argument 'ament_cmake_args' from command line to 'None'
[0.325s] Level 5:colcon.colcon_core.verb:set package 'harvest_interfaces' build argument 'catkin_cmake_args' from command line to 'None'
[0.325s] Level 5:colcon.colcon_core.verb:set package 'harvest_interfaces' build argument 'catkin_skip_building_tests' from command line to 'False'
[0.325s] DEBUG:colcon.colcon_core.verb:Building package 'harvest_interfaces' with the following arguments: {'ament_cmake_args': None, 'build_base': '/home/imml/git/ROB_534_Project/build/harvest_interfaces', 'catkin_cmake_args': None, 'catkin_skip_building_tests': False, 'cmake_args': None, 'cmake_clean_cache': False, 'cmake_clean_first': False, 'cmake_force_configure': False, 'cmake_target': None, 'cmake_target_skip_unavailable': False, 'install_base': '/home/imml/git/ROB_534_Project/install/harvest_interfaces', 'merge_install': False, 'path': '/home/imml/git/ROB_534_Project/harvest_interfaces', 'symlink_install': True, 'test_result_base': None}
[0.325s] Level 5:colcon.colcon_core.verb:set package 'realsense2_camera_msgs' build argument 'cmake_args' from command line to 'None'
[0.325s] Level 5:colcon.colcon_core.verb:set package 'realsense2_camera_msgs' build argument 'cmake_target' from command line to 'None'
[0.325s] Level 5:colcon.colcon_core.verb:set package 'realsense2_camera_msgs' build argument 'cmake_target_skip_unavailable' from command line to 'False'
[0.325s] Level 5:colcon.colcon_core.verb:set package 'realsense2_camera_msgs' build argument 'cmake_clean_cache' from command line to 'False'
[0.325s] Level 5:colcon.colcon_core.verb:set package 'realsense2_camera_msgs' build argument 'cmake_clean_first' from command line to 'False'
[0.325s] Level 5:colcon.colcon_core.verb:set package 'realsense2_camera_msgs' build argument 'cmake_force_configure' from command line to 'False'
[0.325s] Level 5:colcon.colcon_core.verb:set package 'realsense2_camera_msgs' build argument 'ament_cmake_args' from command line to 'None'
[0.325s] Level 5:colcon.colcon_core.verb:set package 'realsense2_camera_msgs' build argument 'catkin_cmake_args' from command line to 'None'
[0.325s] Level 5:colcon.colcon_core.verb:set package 'realsense2_camera_msgs' build argument 'catkin_skip_building_tests' from command line to 'False'
[0.325s] DEBUG:colcon.colcon_core.verb:Building package 'realsense2_camera_msgs' with the following arguments: {'ament_cmake_args': None, 'build_base': '/home/imml/git/ROB_534_Project/build/realsense2_camera_msgs', 'catkin_cmake_args': None, 'catkin_skip_building_tests': False, 'cmake_args': None, 'cmake_clean_cache': False, 'cmake_clean_first': False, 'cmake_force_configure': False, 'cmake_target': None, 'cmake_target_skip_unavailable': False, 'install_base': '/home/imml/git/ROB_534_Project/install/realsense2_camera_msgs', 'merge_install': False, 'path': '/home/imml/git/ROB_534_Project/harvest_hardware/realsense-ros/realsense2_camera_msgs', 'symlink_install': True, 'test_result_base': None}
[0.325s] Level 5:colcon.colcon_core.verb:set package 'ur5e_custom_hardware' build argument 'cmake_args' from command line to 'None'
[0.326s] Level 5:colcon.colcon_core.verb:set package 'ur5e_custom_hardware' build argument 'cmake_target' from command line to 'None'
[0.326s] Level 5:colcon.colcon_core.verb:set package 'ur5e_custom_hardware' build argument 'cmake_target_skip_unavailable' from command line to 'False'
[0.326s] Level 5:colcon.colcon_core.verb:set package 'ur5e_custom_hardware' build argument 'cmake_clean_cache' from command line to 'False'
[0.326s] Level 5:colcon.colcon_core.verb:set package 'ur5e_custom_hardware' build argument 'cmake_clean_first' from command line to 'False'
[0.326s] Level 5:colcon.colcon_core.verb:set package 'ur5e_custom_hardware' build argument 'cmake_force_configure' from command line to 'False'
[0.326s] Level 5:colcon.colcon_core.verb:set package 'ur5e_custom_hardware' build argument 'ament_cmake_args' from command line to 'None'
[0.326s] Level 5:colcon.colcon_core.verb:set package 'ur5e_custom_hardware' build argument 'catkin_cmake_args' from command line to 'None'
[0.326s] Level 5:colcon.colcon_core.verb:set package 'ur5e_custom_hardware' build argument 'catkin_skip_building_tests' from command line to 'False'
[0.326s] DEBUG:colcon.colcon_core.verb:Building package 'ur5e_custom_hardware' with the following arguments: {'ament_cmake_args': None, 'build_base': '/home/imml/git/ROB_534_Project/build/ur5e_custom_hardware', 'catkin_cmake_args': None, 'catkin_skip_building_tests': False, 'cmake_args': None, 'cmake_clean_cache': False, 'cmake_clean_first': False, 'cmake_force_configure': False, 'cmake_target': None, 'cmake_target_skip_unavailable': False, 'install_base': '/home/imml/git/ROB_534_Project/install/ur5e_custom_hardware', 'merge_install': False, 'path': '/home/imml/git/ROB_534_Project/harvest_hardware/ur5e_custom_hardware', 'symlink_install': True, 'test_result_base': None}
[0.326s] Level 5:colcon.colcon_core.verb:set package 'ur_dashboard_msgs' build argument 'cmake_args' from command line to 'None'
[0.326s] Level 5:colcon.colcon_core.verb:set package 'ur_dashboard_msgs' build argument 'cmake_target' from command line to 'None'
[0.326s] Level 5:colcon.colcon_core.verb:set package 'ur_dashboard_msgs' build argument 'cmake_target_skip_unavailable' from command line to 'False'
[0.326s] Level 5:colcon.colcon_core.verb:set package 'ur_dashboard_msgs' build argument 'cmake_clean_cache' from command line to 'False'
[0.326s] Level 5:colcon.colcon_core.verb:set package 'ur_dashboard_msgs' build argument 'cmake_clean_first' from command line to 'False'
[0.326s] Level 5:colcon.colcon_core.verb:set package 'ur_dashboard_msgs' build argument 'cmake_force_configure' from command line to 'False'
[0.326s] Level 5:colcon.colcon_core.verb:set package 'ur_dashboard_msgs' build argument 'ament_cmake_args' from command line to 'None'
[0.326s] Level 5:colcon.colcon_core.verb:set package 'ur_dashboard_msgs' build argument 'catkin_cmake_args' from command line to 'None'
[0.326s] Level 5:colcon.colcon_core.verb:set package 'ur_dashboard_msgs' build argument 'catkin_skip_building_tests' from command line to 'False'
[0.326s] DEBUG:colcon.colcon_core.verb:Building package 'ur_dashboard_msgs' with the following arguments: {'ament_cmake_args': None, 'build_base': '/home/imml/git/ROB_534_Project/build/ur_dashboard_msgs', 'catkin_cmake_args': None, 'catkin_skip_building_tests': False, 'cmake_args': None, 'cmake_clean_cache': False, 'cmake_clean_first': False, 'cmake_force_configure': False, 'cmake_target': None, 'cmake_target_skip_unavailable': False, 'install_base': '/home/imml/git/ROB_534_Project/install/ur_dashboard_msgs', 'merge_install': False, 'path': '/home/imml/git/ROB_534_Project/harvest_hardware/Universal_Robots_ROS2_Driver/ur_dashboard_msgs', 'symlink_install': True, 'test_result_base': None}
[0.326s] Level 5:colcon.colcon_core.verb:set package 'ur_description' build argument 'cmake_args' from command line to 'None'
[0.326s] Level 5:colcon.colcon_core.verb:set package 'ur_description' build argument 'cmake_target' from command line to 'None'
[0.326s] Level 5:colcon.colcon_core.verb:set package 'ur_description' build argument 'cmake_target_skip_unavailable' from command line to 'False'
[0.326s] Level 5:colcon.colcon_core.verb:set package 'ur_description' build argument 'cmake_clean_cache' from command line to 'False'
[0.326s] Level 5:colcon.colcon_core.verb:set package 'ur_description' build argument 'cmake_clean_first' from command line to 'False'
[0.326s] Level 5:colcon.colcon_core.verb:set package 'ur_description' build argument 'cmake_force_configure' from command line to 'False'
[0.327s] Level 5:colcon.colcon_core.verb:set package 'ur_description' build argument 'ament_cmake_args' from command line to 'None'
[0.327s] Level 5:colcon.colcon_core.verb:set package 'ur_description' build argument 'catkin_cmake_args' from command line to 'None'
[0.327s] Level 5:colcon.colcon_core.verb:set package 'ur_description' build argument 'catkin_skip_building_tests' from command line to 'False'
[0.327s] DEBUG:colcon.colcon_core.verb:Building package 'ur_description' with the following arguments: {'ament_cmake_args': None, 'build_base': '/home/imml/git/ROB_534_Project/build/ur_description', 'catkin_cmake_args': None, 'catkin_skip_building_tests': False, 'cmake_args': None, 'cmake_clean_cache': False, 'cmake_clean_first': False, 'cmake_force_configure': False, 'cmake_target': None, 'cmake_target_skip_unavailable': False, 'install_base': '/home/imml/git/ROB_534_Project/install/ur_description', 'merge_install': False, 'path': '/home/imml/git/ROB_534_Project/harvest_hardware/Universal_Robots_ROS2_Description', 'symlink_install': True, 'test_result_base': None}
[0.327s] Level 5:colcon.colcon_core.verb:set package 'harvest' build argument 'cmake_args' from command line to 'None'
[0.327s] Level 5:colcon.colcon_core.verb:set package 'harvest' build argument 'cmake_target' from command line to 'None'
[0.327s] Level 5:colcon.colcon_core.verb:set package 'harvest' build argument 'cmake_target_skip_unavailable' from command line to 'False'
[0.327s] Level 5:colcon.colcon_core.verb:set package 'harvest' build argument 'cmake_clean_cache' from command line to 'False'
[0.327s] Level 5:colcon.colcon_core.verb:set package 'harvest' build argument 'cmake_clean_first' from command line to 'False'
[0.327s] Level 5:colcon.colcon_core.verb:set package 'harvest' build argument 'cmake_force_configure' from command line to 'False'
[0.327s] Level 5:colcon.colcon_core.verb:set package 'harvest' build argument 'ament_cmake_args' from command line to 'None'
[0.327s] Level 5:colcon.colcon_core.verb:set package 'harvest' build argument 'catkin_cmake_args' from command line to 'None'
[0.327s] Level 5:colcon.colcon_core.verb:set package 'harvest' build argument 'catkin_skip_building_tests' from command line to 'False'
[0.327s] DEBUG:colcon.colcon_core.verb:Building package 'harvest' with the following arguments: {'ament_cmake_args': None, 'build_base': '/home/imml/git/ROB_534_Project/build/harvest', 'catkin_cmake_args': None, 'catkin_skip_building_tests': False, 'cmake_args': None, 'cmake_clean_cache': False, 'cmake_clean_first': False, 'cmake_force_configure': False, 'cmake_target': None, 'cmake_target_skip_unavailable': False, 'install_base': '/home/imml/git/ROB_534_Project/install/harvest', 'merge_install': False, 'path': '/home/imml/git/ROB_534_Project/harvest', 'symlink_install': True, 'test_result_base': None}
[0.327s] Level 5:colcon.colcon_core.verb:set package 'harvest_control' build argument 'cmake_args' from command line to 'None'
[0.327s] Level 5:colcon.colcon_core.verb:set package 'harvest_control' build argument 'cmake_target' from command line to 'None'
[0.327s] Level 5:colcon.colcon_core.verb:set package 'harvest_control' build argument 'cmake_target_skip_unavailable' from command line to 'False'
[0.327s] Level 5:colcon.colcon_core.verb:set package 'harvest_control' build argument 'cmake_clean_cache' from command line to 'False'
[0.327s] Level 5:colcon.colcon_core.verb:set package 'harvest_control' build argument 'cmake_clean_first' from command line to 'False'
[0.327s] Level 5:colcon.colcon_core.verb:set package 'harvest_control' build argument 'cmake_force_configure' from command line to 'False'
[0.327s] Level 5:colcon.colcon_core.verb:set package 'harvest_control' build argument 'ament_cmake_args' from command line to 'None'
[0.327s] Level 5:colcon.colcon_core.verb:set package 'harvest_control' build argument 'catkin_cmake_args' from command line to 'None'
[0.327s] Level 5:colcon.colcon_core.verb:set package 'harvest_control' build argument 'catkin_skip_building_tests' from command line to 'False'
[0.327s] DEBUG:colcon.colcon_core.verb:Building package 'harvest_control' with the following arguments: {'ament_cmake_args': None, 'build_base': '/home/imml/git/ROB_534_Project/build/harvest_control', 'catkin_cmake_args': None, 'catkin_skip_building_tests': False, 'cmake_args': None, 'cmake_clean_cache': False, 'cmake_clean_first': False, 'cmake_force_configure': False, 'cmake_target': None, 'cmake_target_skip_unavailable': False, 'install_base': '/home/imml/git/ROB_534_Project/install/harvest_control', 'merge_install': False, 'path': '/home/imml/git/ROB_534_Project/harvest_control', 'symlink_install': True, 'test_result_base': None}
[0.328s] Level 5:colcon.colcon_core.verb:set package 'harvest_vision' build argument 'cmake_args' from command line to 'None'
[0.328s] Level 5:colcon.colcon_core.verb:set package 'harvest_vision' build argument 'cmake_target' from command line to 'None'
[0.328s] Level 5:colcon.colcon_core.verb:set package 'harvest_vision' build argument 'cmake_target_skip_unavailable' from command line to 'False'
[0.328s] Level 5:colcon.colcon_core.verb:set package 'harvest_vision' build argument 'cmake_clean_cache' from command line to 'False'
[0.328s] Level 5:colcon.colcon_core.verb:set package 'harvest_vision' build argument 'cmake_clean_first' from command line to 'False'
[0.328s] Level 5:colcon.colcon_core.verb:set package 'harvest_vision' build argument 'cmake_force_configure' from command line to 'False'
[0.328s] Level 5:colcon.colcon_core.verb:set package 'harvest_vision' build argument 'ament_cmake_args' from command line to 'None'
[0.328s] Level 5:colcon.colcon_core.verb:set package 'harvest_vision' build argument 'catkin_cmake_args' from command line to 'None'
[0.328s] Level 5:colcon.colcon_core.verb:set package 'harvest_vision' build argument 'catkin_skip_building_tests' from command line to 'False'
[0.328s] DEBUG:colcon.colcon_core.verb:Building package 'harvest_vision' with the following arguments: {'ament_cmake_args': None, 'build_base': '/home/imml/git/ROB_534_Project/build/harvest_vision', 'catkin_cmake_args': None, 'catkin_skip_building_tests': False, 'cmake_args': None, 'cmake_clean_cache': False, 'cmake_clean_first': False, 'cmake_force_configure': False, 'cmake_target': None, 'cmake_target_skip_unavailable': False, 'install_base': '/home/imml/git/ROB_534_Project/install/harvest_vision', 'merge_install': False, 'path': '/home/imml/git/ROB_534_Project/harvest_vision', 'symlink_install': True, 'test_result_base': None}
[0.328s] Level 5:colcon.colcon_core.verb:set package 'realsense2_camera' build argument 'cmake_args' from command line to 'None'
[0.328s] Level 5:colcon.colcon_core.verb:set package 'realsense2_camera' build argument 'cmake_target' from command line to 'None'
[0.328s] Level 5:colcon.colcon_core.verb:set package 'realsense2_camera' build argument 'cmake_target_skip_unavailable' from command line to 'False'
[0.328s] Level 5:colcon.colcon_core.verb:set package 'realsense2_camera' build argument 'cmake_clean_cache' from command line to 'False'
[0.328s] Level 5:colcon.colcon_core.verb:set package 'realsense2_camera' build argument 'cmake_clean_first' from command line to 'False'
[0.328s] Level 5:colcon.colcon_core.verb:set package 'realsense2_camera' build argument 'cmake_force_configure' from command line to 'False'
[0.328s] Level 5:colcon.colcon_core.verb:set package 'realsense2_camera' build argument 'ament_cmake_args' from command line to 'None'
[0.328s] Level 5:colcon.colcon_core.verb:set package 'realsense2_camera' build argument 'catkin_cmake_args' from command line to 'None'
[0.328s] Level 5:colcon.colcon_core.verb:set package 'realsense2_camera' build argument 'catkin_skip_building_tests' from command line to 'False'
[0.328s] DEBUG:colcon.colcon_core.verb:Building package 'realsense2_camera' with the following arguments: {'ament_cmake_args': None, 'build_base': '/home/imml/git/ROB_534_Project/build/realsense2_camera', 'catkin_cmake_args': None, 'catkin_skip_building_tests': False, 'cmake_args': None, 'cmake_clean_cache': False, 'cmake_clean_first': False, 'cmake_force_configure': False, 'cmake_target': None, 'cmake_target_skip_unavailable': False, 'install_base': '/home/imml/git/ROB_534_Project/install/realsense2_camera', 'merge_install': False, 'path': '/home/imml/git/ROB_534_Project/harvest_hardware/realsense-ros/realsense2_camera', 'symlink_install': True, 'test_result_base': None}
[0.329s] Level 5:colcon.colcon_core.verb:set package 'realsense2_description' build argument 'cmake_args' from command line to 'None'
[0.329s] Level 5:colcon.colcon_core.verb:set package 'realsense2_description' build argument 'cmake_target' from command line to 'None'
[0.329s] Level 5:colcon.colcon_core.verb:set package 'realsense2_description' build argument 'cmake_target_skip_unavailable' from command line to 'False'
[0.329s] Level 5:colcon.colcon_core.verb:set package 'realsense2_description' build argument 'cmake_clean_cache' from command line to 'False'
[0.329s] Level 5:colcon.colcon_core.verb:set package 'realsense2_description' build argument 'cmake_clean_first' from command line to 'False'
[0.329s] Level 5:colcon.colcon_core.verb:set package 'realsense2_description' build argument 'cmake_force_configure' from command line to 'False'
[0.329s] Level 5:colcon.colcon_core.verb:set package 'realsense2_description' build argument 'ament_cmake_args' from command line to 'None'
[0.329s] Level 5:colcon.colcon_core.verb:set package 'realsense2_description' build argument 'catkin_cmake_args' from command line to 'None'
[0.329s] Level 5:colcon.colcon_core.verb:set package 'realsense2_description' build argument 'catkin_skip_building_tests' from command line to 'False'
[0.329s] DEBUG:colcon.colcon_core.verb:Building package 'realsense2_description' with the following arguments: {'ament_cmake_args': None, 'build_base': '/home/imml/git/ROB_534_Project/build/realsense2_description', 'catkin_cmake_args': None, 'catkin_skip_building_tests': False, 'cmake_args': None, 'cmake_clean_cache': False, 'cmake_clean_first': False, 'cmake_force_configure': False, 'cmake_target': None, 'cmake_target_skip_unavailable': False, 'install_base': '/home/imml/git/ROB_534_Project/install/realsense2_description', 'merge_install': False, 'path': '/home/imml/git/ROB_534_Project/harvest_hardware/realsense-ros/realsense2_description', 'symlink_install': True, 'test_result_base': None}
[0.329s] Level 5:colcon.colcon_core.verb:set package 'ur_controllers' build argument 'cmake_args' from command line to 'None'
[0.329s] Level 5:colcon.colcon_core.verb:set package 'ur_controllers' build argument 'cmake_target' from command line to 'None'
[0.329s] Level 5:colcon.colcon_core.verb:set package 'ur_controllers' build argument 'cmake_target_skip_unavailable' from command line to 'False'
[0.329s] Level 5:colcon.colcon_core.verb:set package 'ur_controllers' build argument 'cmake_clean_cache' from command line to 'False'
[0.329s] Level 5:colcon.colcon_core.verb:set package 'ur_controllers' build argument 'cmake_clean_first' from command line to 'False'
[0.329s] Level 5:colcon.colcon_core.verb:set package 'ur_controllers' build argument 'cmake_force_configure' from command line to 'False'
[0.329s] Level 5:colcon.colcon_core.verb:set package 'ur_controllers' build argument 'ament_cmake_args' from command line to 'None'
[0.329s] Level 5:colcon.colcon_core.verb:set package 'ur_controllers' build argument 'catkin_cmake_args' from command line to 'None'
[0.329s] Level 5:colcon.colcon_core.verb:set package 'ur_controllers' build argument 'catkin_skip_building_tests' from command line to 'False'
[0.329s] DEBUG:colcon.colcon_core.verb:Building package 'ur_controllers' with the following arguments: {'ament_cmake_args': None, 'build_base': '/home/imml/git/ROB_534_Project/build/ur_controllers', 'catkin_cmake_args': None, 'catkin_skip_building_tests': False, 'cmake_args': None, 'cmake_clean_cache': False, 'cmake_clean_first': False, 'cmake_force_configure': False, 'cmake_target': None, 'cmake_target_skip_unavailable': False, 'install_base': '/home/imml/git/ROB_534_Project/install/ur_controllers', 'merge_install': False, 'path': '/home/imml/git/ROB_534_Project/harvest_hardware/Universal_Robots_ROS2_Driver/ur_controllers', 'symlink_install': True, 'test_result_base': None}
[0.329s] Level 5:colcon.colcon_core.verb:set package 'ur_moveit_config' build argument 'cmake_args' from command line to 'None'
[0.329s] Level 5:colcon.colcon_core.verb:set package 'ur_moveit_config' build argument 'cmake_target' from command line to 'None'
[0.329s] Level 5:colcon.colcon_core.verb:set package 'ur_moveit_config' build argument 'cmake_target_skip_unavailable' from command line to 'False'
[0.329s] Level 5:colcon.colcon_core.verb:set package 'ur_moveit_config' build argument 'cmake_clean_cache' from command line to 'False'
[0.329s] Level 5:colcon.colcon_core.verb:set package 'ur_moveit_config' build argument 'cmake_clean_first' from command line to 'False'
[0.330s] Level 5:colcon.colcon_core.verb:set package 'ur_moveit_config' build argument 'cmake_force_configure' from command line to 'False'
[0.330s] Level 5:colcon.colcon_core.verb:set package 'ur_moveit_config' build argument 'ament_cmake_args' from command line to 'None'
[0.330s] Level 5:colcon.colcon_core.verb:set package 'ur_moveit_config' build argument 'catkin_cmake_args' from command line to 'None'
[0.330s] Level 5:colcon.colcon_core.verb:set package 'ur_moveit_config' build argument 'catkin_skip_building_tests' from command line to 'False'
[0.330s] DEBUG:colcon.colcon_core.verb:Building package 'ur_moveit_config' with the following arguments: {'ament_cmake_args': None, 'build_base': '/home/imml/git/ROB_534_Project/build/ur_moveit_config', 'catkin_cmake_args': None, 'catkin_skip_building_tests': False, 'cmake_args': None, 'cmake_clean_cache': False, 'cmake_clean_first': False, 'cmake_force_configure': False, 'cmake_target': None, 'cmake_target_skip_unavailable': False, 'install_base': '/home/imml/git/ROB_534_Project/install/ur_moveit_config', 'merge_install': False, 'path': '/home/imml/git/ROB_534_Project/harvest_hardware/Universal_Robots_ROS2_Driver/ur_moveit_config', 'symlink_install': True, 'test_result_base': None}
[0.330s] Level 5:colcon.colcon_core.verb:set package 'ur_bringup' build argument 'cmake_args' from command line to 'None'
[0.330s] Level 5:colcon.colcon_core.verb:set package 'ur_bringup' build argument 'cmake_target' from command line to 'None'
[0.330s] Level 5:colcon.colcon_core.verb:set package 'ur_bringup' build argument 'cmake_target_skip_unavailable' from command line to 'False'
[0.330s] Level 5:colcon.colcon_core.verb:set package 'ur_bringup' build argument 'cmake_clean_cache' from command line to 'False'
[0.330s] Level 5:colcon.colcon_core.verb:set package 'ur_bringup' build argument 'cmake_clean_first' from command line to 'False'
[0.330s] Level 5:colcon.colcon_core.verb:set package 'ur_bringup' build argument 'cmake_force_configure' from command line to 'False'
[0.330s] Level 5:colcon.colcon_core.verb:set package 'ur_bringup' build argument 'ament_cmake_args' from command line to 'None'
[0.330s] Level 5:colcon.colcon_core.verb:set package 'ur_bringup' build argument 'catkin_cmake_args' from command line to 'None'
[0.330s] Level 5:colcon.colcon_core.verb:set package 'ur_bringup' build argument 'catkin_skip_building_tests' from command line to 'False'
[0.330s] DEBUG:colcon.colcon_core.verb:Building package 'ur_bringup' with the following arguments: {'ament_cmake_args': None, 'build_base': '/home/imml/git/ROB_534_Project/build/ur_bringup', 'catkin_cmake_args': None, 'catkin_skip_building_tests': False, 'cmake_args': None, 'cmake_clean_cache': False, 'cmake_clean_first': False, 'cmake_force_configure': False, 'cmake_target': None, 'cmake_target_skip_unavailable': False, 'install_base': '/home/imml/git/ROB_534_Project/install/ur_bringup', 'merge_install': False, 'path': '/home/imml/git/ROB_534_Project/harvest_hardware/Universal_Robots_ROS2_Driver/ur_bringup', 'symlink_install': True, 'test_result_base': None}
[0.330s] Level 5:colcon.colcon_core.verb:set package 'ur_robot_driver' build argument 'cmake_args' from command line to 'None'
[0.330s] Level 5:colcon.colcon_core.verb:set package 'ur_robot_driver' build argument 'cmake_target' from command line to 'None'
[0.330s] Level 5:colcon.colcon_core.verb:set package 'ur_robot_driver' build argument 'cmake_target_skip_unavailable' from command line to 'False'
[0.331s] Level 5:colcon.colcon_core.verb:set package 'ur_robot_driver' build argument 'cmake_clean_cache' from command line to 'False'
[0.331s] Level 5:colcon.colcon_core.verb:set package 'ur_robot_driver' build argument 'cmake_clean_first' from command line to 'False'
[0.331s] Level 5:colcon.colcon_core.verb:set package 'ur_robot_driver' build argument 'cmake_force_configure' from command line to 'False'
[0.331s] Level 5:colcon.colcon_core.verb:set package 'ur_robot_driver' build argument 'ament_cmake_args' from command line to 'None'
[0.331s] Level 5:colcon.colcon_core.verb:set package 'ur_robot_driver' build argument 'catkin_cmake_args' from command line to 'None'
[0.331s] Level 5:colcon.colcon_core.verb:set package 'ur_robot_driver' build argument 'catkin_skip_building_tests' from command line to 'False'
[0.331s] DEBUG:colcon.colcon_core.verb:Building package 'ur_robot_driver' with the following arguments: {'ament_cmake_args': None, 'build_base': '/home/imml/git/ROB_534_Project/build/ur_robot_driver', 'catkin_cmake_args': None, 'catkin_skip_building_tests': False, 'cmake_args': None, 'cmake_clean_cache': False, 'cmake_clean_first': False, 'cmake_force_configure': False, 'cmake_target': None, 'cmake_target_skip_unavailable': False, 'install_base': '/home/imml/git/ROB_534_Project/install/ur_robot_driver', 'merge_install': False, 'path': '/home/imml/git/ROB_534_Project/harvest_hardware/Universal_Robots_ROS2_Driver/ur_robot_driver', 'symlink_install': True, 'test_result_base': None}
[0.331s] Level 5:colcon.colcon_core.verb:set package 'ur_calibration' build argument 'cmake_args' from command line to 'None'
[0.331s] Level 5:colcon.colcon_core.verb:set package 'ur_calibration' build argument 'cmake_target' from command line to 'None'
[0.331s] Level 5:colcon.colcon_core.verb:set package 'ur_calibration' build argument 'cmake_target_skip_unavailable' from command line to 'False'
[0.331s] Level 5:colcon.colcon_core.verb:set package 'ur_calibration' build argument 'cmake_clean_cache' from command line to 'False'
[0.331s] Level 5:colcon.colcon_core.verb:set package 'ur_calibration' build argument 'cmake_clean_first' from command line to 'False'
[0.331s] Level 5:colcon.colcon_core.verb:set package 'ur_calibration' build argument 'cmake_force_configure' from command line to 'False'
[0.331s] Level 5:colcon.colcon_core.verb:set package 'ur_calibration' build argument 'ament_cmake_args' from command line to 'None'
[0.331s] Level 5:colcon.colcon_core.verb:set package 'ur_calibration' build argument 'catkin_cmake_args' from command line to 'None'
[0.331s] Level 5:colcon.colcon_core.verb:set package 'ur_calibration' build argument 'catkin_skip_building_tests' from command line to 'False'
[0.331s] DEBUG:colcon.colcon_core.verb:Building package 'ur_calibration' with the following arguments: {'ament_cmake_args': None, 'build_base': '/home/imml/git/ROB_534_Project/build/ur_calibration', 'catkin_cmake_args': None, 'catkin_skip_building_tests': False, 'cmake_args': None, 'cmake_clean_cache': False, 'cmake_clean_first': False, 'cmake_force_configure': False, 'cmake_target': None, 'cmake_target_skip_unavailable': False, 'install_base': '/home/imml/git/ROB_534_Project/install/ur_calibration', 'merge_install': False, 'path': '/home/imml/git/ROB_534_Project/harvest_hardware/Universal_Robots_ROS2_Driver/ur_calibration', 'symlink_install': True, 'test_result_base': None}
[0.332s] Level 5:colcon.colcon_core.verb:set package 'ur' build argument 'cmake_args' from command line to 'None'
[0.332s] Level 5:colcon.colcon_core.verb:set package 'ur' build argument 'cmake_target' from command line to 'None'
[0.332s] Level 5:colcon.colcon_core.verb:set package 'ur' build argument 'cmake_target_skip_unavailable' from command line to 'False'
[0.332s] Level 5:colcon.colcon_core.verb:set package 'ur' build argument 'cmake_clean_cache' from command line to 'False'
[0.332s] Level 5:colcon.colcon_core.verb:set package 'ur' build argument 'cmake_clean_first' from command line to 'False'
[0.332s] Level 5:colcon.colcon_core.verb:set package 'ur' build argument 'cmake_force_configure' from command line to 'False'
[0.332s] Level 5:colcon.colcon_core.verb:set package 'ur' build argument 'ament_cmake_args' from command line to 'None'
[0.332s] Level 5:colcon.colcon_core.verb:set package 'ur' build argument 'catkin_cmake_args' from command line to 'None'
[0.332s] Level 5:colcon.colcon_core.verb:set package 'ur' build argument 'catkin_skip_building_tests' from command line to 'False'
[0.332s] DEBUG:colcon.colcon_core.verb:Building package 'ur' with the following arguments: {'ament_cmake_args': None, 'build_base': '/home/imml/git/ROB_534_Project/build/ur', 'catkin_cmake_args': None, 'catkin_skip_building_tests': False, 'cmake_args': None, 'cmake_clean_cache': False, 'cmake_clean_first': False, 'cmake_force_configure': False, 'cmake_target': None, 'cmake_target_skip_unavailable': False, 'install_base': '/home/imml/git/ROB_534_Project/install/ur', 'merge_install': False, 'path': '/home/imml/git/ROB_534_Project/harvest_hardware/Universal_Robots_ROS2_Driver/ur', 'symlink_install': True, 'test_result_base': None}
[0.332s] INFO:colcon.colcon_core.executor:Executing jobs using 'parallel' executor
[0.333s] DEBUG:colcon.colcon_parallel_executor.executor.parallel:run_until_complete
[0.333s] INFO:colcon.colcon_ros.task.ament_cmake.build:Building ROS package in '/home/imml/git/ROB_534_Project/harvest_hardware/Universal_Robots_ROS2_Driver/ur_dashboard_msgs' with build type 'ament_cmake'
[0.333s] INFO:colcon.colcon_cmake.task.cmake.build:Building CMake package in '/home/imml/git/ROB_534_Project/harvest_hardware/Universal_Robots_ROS2_Driver/ur_dashboard_msgs'
[0.335s] INFO:colcon.colcon_core.plugin_system:Skipping extension 'colcon_core.shell.bat': Not used on non-Windows systems
[0.336s] INFO:colcon.colcon_core.shell:Skip shell extension 'powershell' for command environment: Not usable outside of PowerShell
[0.336s] DEBUG:colcon.colcon_core.shell:Skip shell extension 'dsv' for command environment
[0.339s] INFO:colcon.colcon_ros.task.ament_cmake.build:Building ROS package in '/home/imml/git/ROB_534_Project/harvest_hardware/Universal_Robots_ROS2_Description' with build type 'ament_cmake'
[0.339s] INFO:colcon.colcon_cmake.task.cmake.build:Building CMake package in '/home/imml/git/ROB_534_Project/harvest_hardware/Universal_Robots_ROS2_Description'
[0.339s] INFO:colcon.colcon_core.shell:Skip shell extension 'powershell' for command environment: Not usable outside of PowerShell
[0.339s] DEBUG:colcon.colcon_core.shell:Skip shell extension 'dsv' for command environment
[0.343s] INFO:colcon.colcon_ros.task.ament_cmake.build:Building ROS package in '/home/imml/git/ROB_534_Project/harvest_interfaces' with build type 'ament_cmake'
[0.343s] INFO:colcon.colcon_cmake.task.cmake.build:Building CMake package in '/home/imml/git/ROB_534_Project/harvest_interfaces'
[0.344s] INFO:colcon.colcon_core.shell:Skip shell extension 'powershell' for command environment: Not usable outside of PowerShell
[0.344s] DEBUG:colcon.colcon_core.shell:Skip shell extension 'dsv' for command environment
[0.348s] INFO:colcon.colcon_ros.task.ament_cmake.build:Building ROS package in '/home/imml/git/ROB_534_Project/harvest_hardware/realsense-ros/realsense2_camera_msgs' with build type 'ament_cmake'
[0.348s] INFO:colcon.colcon_cmake.task.cmake.build:Building CMake package in '/home/imml/git/ROB_534_Project/harvest_hardware/realsense-ros/realsense2_camera_msgs'
[0.349s] INFO:colcon.colcon_core.shell:Skip shell extension 'powershell' for command environment: Not usable outside of PowerShell
[0.349s] DEBUG:colcon.colcon_core.shell:Skip shell extension 'dsv' for command environment
[0.352s] INFO:colcon.colcon_ros.task.ament_python.build:Building ROS package in '/home/imml/git/ROB_534_Project/harvest_hardware/ur5e_custom_hardware' with build type 'ament_python'
[0.352s] Level 1:colcon.colcon_core.shell:create_environment_hook('ur5e_custom_hardware', 'ament_prefix_path')
[0.352s] INFO:colcon.colcon_core.shell:Creating environment hook '/home/imml/git/ROB_534_Project/install/ur5e_custom_hardware/share/ur5e_custom_hardware/hook/ament_prefix_path.ps1'
[0.353s] INFO:colcon.colcon_core.shell:Creating environment descriptor '/home/imml/git/ROB_534_Project/install/ur5e_custom_hardware/share/ur5e_custom_hardware/hook/ament_prefix_path.dsv'
[0.353s] INFO:colcon.colcon_core.shell:Creating environment hook '/home/imml/git/ROB_534_Project/install/ur5e_custom_hardware/share/ur5e_custom_hardware/hook/ament_prefix_path.sh'
[0.354s] INFO:colcon.colcon_core.shell:Skip shell extension 'powershell' for command environment: Not usable outside of PowerShell
[0.354s] DEBUG:colcon.colcon_core.shell:Skip shell extension 'dsv' for command environment
[0.360s] DEBUG:colcon.colcon_core.event_handler.log_command:Invoking command in '/home/imml/git/ROB_534_Project/build/ur_dashboard_msgs': CMAKE_PREFIX_PATH=${CMAKE_PREFIX_PATH}:/home/imml/git/ROB_534_Project/install/ur5e_custom_hardware:/home/imml/git/ROB_534_Project/install/harvest_vision:/opt/ros/humble /usr/bin/cmake --build /home/imml/git/ROB_534_Project/build/ur_dashboard_msgs -- -j16 -l16
[0.365s] DEBUG:colcon.colcon_core.event_handler.log_command:Invoking command in '/home/imml/git/ROB_534_Project/build/ur_description': CMAKE_PREFIX_PATH=${CMAKE_PREFIX_PATH}:/home/imml/git/ROB_534_Project/install/ur5e_custom_hardware:/home/imml/git/ROB_534_Project/install/harvest_vision:/opt/ros/humble /usr/bin/cmake --build /home/imml/git/ROB_534_Project/build/ur_description -- -j16 -l16
[0.367s] DEBUG:colcon.colcon_core.event_handler.log_command:Invoking command in '/home/imml/git/ROB_534_Project/build/harvest_interfaces': CMAKE_PREFIX_PATH=${CMAKE_PREFIX_PATH}:/home/imml/git/ROB_534_Project/install/ur5e_custom_hardware:/home/imml/git/ROB_534_Project/install/harvest_vision:/opt/ros/humble /usr/bin/cmake --build /home/imml/git/ROB_534_Project/build/harvest_interfaces -- -j16 -l16
[0.369s] DEBUG:colcon.colcon_core.event_handler.log_command:Invoking command in '/home/imml/git/ROB_534_Project/build/realsense2_camera_msgs': CMAKE_PREFIX_PATH=${CMAKE_PREFIX_PATH}:/home/imml/git/ROB_534_Project/install/ur5e_custom_hardware:/home/imml/git/ROB_534_Project/install/harvest_vision:/opt/ros/humble /usr/bin/cmake --build /home/imml/git/ROB_534_Project/build/realsense2_camera_msgs -- -j16 -l16
[0.660s] INFO:colcon.colcon_core.task.python.build:Building Python package in '/home/imml/git/ROB_534_Project/harvest_hardware/ur5e_custom_hardware'
[0.661s] INFO:colcon.colcon_core.shell:Skip shell extension 'powershell' for command environment: Not usable outside of PowerShell
[0.661s] DEBUG:colcon.colcon_core.shell:Skip shell extension 'dsv' for command environment
[0.667s] DEBUG:colcon.colcon_core.event_handler.log_command:Invoked command in '/home/imml/git/ROB_534_Project/build/ur_description' returned '0': CMAKE_PREFIX_PATH=${CMAKE_PREFIX_PATH}:/home/imml/git/ROB_534_Project/install/ur5e_custom_hardware:/home/imml/git/ROB_534_Project/install/harvest_vision:/opt/ros/humble /usr/bin/cmake --build /home/imml/git/ROB_534_Project/build/ur_description -- -j16 -l16
[0.678s] DEBUG:colcon.colcon_core.event_handler.log_command:Invoking command in '/home/imml/git/ROB_534_Project/build/ur_description': CMAKE_PREFIX_PATH=${CMAKE_PREFIX_PATH}:/home/imml/git/ROB_534_Project/install/ur5e_custom_hardware:/home/imml/git/ROB_534_Project/install/harvest_vision:/opt/ros/humble /usr/bin/cmake --install /home/imml/git/ROB_534_Project/build/ur_description
[0.718s] Level 1:colcon.colcon_core.environment:create_environment_scripts_only(ur_description)
[0.719s] DEBUG:colcon.colcon_core.event_handler.log_command:Invoked command in '/home/imml/git/ROB_534_Project/build/ur_description' returned '0': CMAKE_PREFIX_PATH=${CMAKE_PREFIX_PATH}:/home/imml/git/ROB_534_Project/install/ur5e_custom_hardware:/home/imml/git/ROB_534_Project/install/harvest_vision:/opt/ros/humble /usr/bin/cmake --install /home/imml/git/ROB_534_Project/build/ur_description
[0.721s] Level 1:colcon.colcon_core.environment:checking '/home/imml/git/ROB_534_Project/install/ur_description' for CMake module files
[0.721s] Level 1:colcon.colcon_core.environment:checking '/home/imml/git/ROB_534_Project/install/ur_description' for CMake config files
[0.723s] Level 1:colcon.colcon_core.shell:create_environment_hook('ur_description', 'cmake_prefix_path')
[0.723s] INFO:colcon.colcon_core.shell:Creating environment hook '/home/imml/git/ROB_534_Project/install/ur_description/share/ur_description/hook/cmake_prefix_path.ps1'
[0.724s] INFO:colcon.colcon_core.shell:Creating environment descriptor '/home/imml/git/ROB_534_Project/install/ur_description/share/ur_description/hook/cmake_prefix_path.dsv'
[0.724s] INFO:colcon.colcon_core.shell:Creating environment hook '/home/imml/git/ROB_534_Project/install/ur_description/share/ur_description/hook/cmake_prefix_path.sh'
[0.725s] Level 1:colcon.colcon_core.environment:checking '/home/imml/git/ROB_534_Project/install/ur_description/bin'
[0.725s] Level 1:colcon.colcon_core.environment:checking '/home/imml/git/ROB_534_Project/install/ur_description/lib/pkgconfig/ur_description.pc'
[0.725s] Level 1:colcon.colcon_core.environment:checking '/home/imml/git/ROB_534_Project/install/ur_description/lib/python3.10/site-packages'
[0.725s] Level 1:colcon.colcon_core.environment:checking '/home/imml/git/ROB_534_Project/install/ur_description/bin'
[0.726s] INFO:colcon.colcon_core.shell:Creating package script '/home/imml/git/ROB_534_Project/install/ur_description/share/ur_description/package.ps1'
[0.727s] INFO:colcon.colcon_core.shell:Creating package descriptor '/home/imml/git/ROB_534_Project/install/ur_description/share/ur_description/package.dsv'
[0.728s] INFO:colcon.colcon_core.shell:Creating package script '/home/imml/git/ROB_534_Project/install/ur_description/share/ur_description/package.sh'
[0.729s] INFO:colcon.colcon_core.shell:Creating package script '/home/imml/git/ROB_534_Project/install/ur_description/share/ur_description/package.bash'
[0.730s] INFO:colcon.colcon_core.shell:Creating package script '/home/imml/git/ROB_534_Project/install/ur_description/share/ur_description/package.zsh'
[0.730s] Level 1:colcon.colcon_core.environment:create_file_with_runtime_dependencies(/home/imml/git/ROB_534_Project/install/ur_description/share/colcon-core/packages/ur_description)
[0.731s] Level 1:colcon.colcon_core.environment:create_environment_scripts_only(ur_description)
[0.731s] Level 1:colcon.colcon_core.environment:checking '/home/imml/git/ROB_534_Project/install/ur_description' for CMake module files
[0.732s] Level 1:colcon.colcon_core.environment:checking '/home/imml/git/ROB_534_Project/install/ur_description' for CMake config files
[0.734s] Level 1:colcon.colcon_core.shell:create_environment_hook('ur_description', 'cmake_prefix_path')
[0.734s] INFO:colcon.colcon_core.shell:Creating environment hook '/home/imml/git/ROB_534_Project/install/ur_description/share/ur_description/hook/cmake_prefix_path.ps1'
[0.735s] INFO:colcon.colcon_core.shell:Creating environment descriptor '/home/imml/git/ROB_534_Project/install/ur_description/share/ur_description/hook/cmake_prefix_path.dsv'
[0.735s] INFO:colcon.colcon_core.shell:Creating environment hook '/home/imml/git/ROB_534_Project/install/ur_description/share/ur_description/hook/cmake_prefix_path.sh'
[0.736s] Level 1:colcon.colcon_core.environment:checking '/home/imml/git/ROB_534_Project/install/ur_description/bin'
[0.736s] Level 1:colcon.colcon_core.environment:checking '/home/imml/git/ROB_534_Project/install/ur_description/lib/pkgconfig/ur_description.pc'
[0.736s] Level 1:colcon.colcon_core.environment:checking '/home/imml/git/ROB_534_Project/install/ur_description/lib/python3.10/site-packages'
[0.736s] Level 1:colcon.colcon_core.environment:checking '/home/imml/git/ROB_534_Project/install/ur_description/bin'
[0.736s] INFO:colcon.colcon_core.shell:Creating package script '/home/imml/git/ROB_534_Project/install/ur_description/share/ur_description/package.ps1'
[0.737s] INFO:colcon.colcon_core.shell:Creating package descriptor '/home/imml/git/ROB_534_Project/install/ur_description/share/ur_description/package.dsv'
[0.737s] INFO:colcon.colcon_core.shell:Creating package script '/home/imml/git/ROB_534_Project/install/ur_description/share/ur_description/package.sh'
[0.738s] INFO:colcon.colcon_core.shell:Creating package script '/home/imml/git/ROB_534_Project/install/ur_description/share/ur_description/package.bash'
[0.738s] INFO:colcon.colcon_core.shell:Creating package script '/home/imml/git/ROB_534_Project/install/ur_description/share/ur_description/package.zsh'
[0.738s] Level 1:colcon.colcon_core.environment:create_file_with_runtime_dependencies(/home/imml/git/ROB_534_Project/install/ur_description/share/colcon-core/packages/ur_description)
[0.739s] INFO:colcon.colcon_ros.task.ament_cmake.build:Building ROS package in '/home/imml/git/ROB_534_Project/harvest_hardware/Universal_Robots_ROS2_Driver/ur_moveit_config' with build type 'ament_cmake'
[0.739s] INFO:colcon.colcon_cmake.task.cmake.build:Building CMake package in '/home/imml/git/ROB_534_Project/harvest_hardware/Universal_Robots_ROS2_Driver/ur_moveit_config'
[0.739s] INFO:colcon.colcon_core.shell:Skip shell extension 'powershell' for command environment: Not usable outside of PowerShell
[0.739s] DEBUG:colcon.colcon_core.shell:Skip shell extension 'dsv' for command environment
[0.752s] DEBUG:colcon.colcon_core.event_handler.log_command:Invoking command in '/home/imml/git/ROB_534_Project/build/ur_moveit_config': CMAKE_PREFIX_PATH=/home/imml/git/ROB_534_Project/install/ur_description:/home/imml/git/ROB_534_Project/install/ur:/home/imml/git/ROB_534_Project/install/ur_calibration:/home/imml/git/ROB_534_Project/install/ur_robot_driver:/home/imml/git/ROB_534_Project/install/ur_moveit_config:/home/imml/git/ROB_534_Project/install/ur_bringup:/home/imml/git/ROB_534_Project/install/ur_controllers:/home/imml/git/ROB_534_Project/install/ur_dashboard_msgs:/home/imml/git/ROB_534_Project/install/realsense2_description:/home/imml/git/ROB_534_Project/install/realsense2_camera:/home/imml/git/ROB_534_Project/install/realsense2_camera_msgs:/home/imml/git/ROB_534_Project/install/harvest_control:/home/imml/git/ROB_534_Project/install/harvest:/home/imml/git/ROB_534_Project/install/harvest_interfaces:/home/imml/git/ROB_534_Project/install/ur5e_custom_hardware:/home/imml/git/ROB_534_Project/install/harvest_vision:/opt/ros/humble /usr/bin/cmake --build /home/imml/git/ROB_534_Project/build/ur_moveit_config -- -j16 -l16
[0.780s] DEBUG:colcon.colcon_core.event_handler.log_command:Invoked command in '/home/imml/git/ROB_534_Project/build/realsense2_camera_msgs' returned '0': CMAKE_PREFIX_PATH=${CMAKE_PREFIX_PATH}:/home/imml/git/ROB_534_Project/install/ur5e_custom_hardware:/home/imml/git/ROB_534_Project/install/harvest_vision:/opt/ros/humble /usr/bin/cmake --build /home/imml/git/ROB_534_Project/build/realsense2_camera_msgs -- -j16 -l16
[0.781s] DEBUG:colcon.colcon_core.event_handler.log_command:Invoking command in '/home/imml/git/ROB_534_Project/build/realsense2_camera_msgs': CMAKE_PREFIX_PATH=${CMAKE_PREFIX_PATH}:/home/imml/git/ROB_534_Project/install/ur5e_custom_hardware:/home/imml/git/ROB_534_Project/install/harvest_vision:/opt/ros/humble /usr/bin/cmake --install /home/imml/git/ROB_534_Project/build/realsense2_camera_msgs
[0.782s] DEBUG:colcon.colcon_core.event_handler.log_command:Invoked command in '/home/imml/git/ROB_534_Project/build/ur_dashboard_msgs' returned '0': CMAKE_PREFIX_PATH=${CMAKE_PREFIX_PATH}:/home/imml/git/ROB_534_Project/install/ur5e_custom_hardware:/home/imml/git/ROB_534_Project/install/harvest_vision:/opt/ros/humble /usr/bin/cmake --build /home/imml/git/ROB_534_Project/build/ur_dashboard_msgs -- -j16 -l16
[0.784s] DEBUG:colcon.colcon_core.event_handler.log_command:Invoking command in '/home/imml/git/ROB_534_Project/build/ur_dashboard_msgs': CMAKE_PREFIX_PATH=${CMAKE_PREFIX_PATH}:/home/imml/git/ROB_534_Project/install/ur5e_custom_hardware:/home/imml/git/ROB_534_Project/install/harvest_vision:/opt/ros/humble /usr/bin/cmake --install /home/imml/git/ROB_534_Project/build/ur_dashboard_msgs
[0.784s] DEBUG:colcon.colcon_core.event_handler.log_command:Invoked command in '/home/imml/git/ROB_534_Project/build/harvest_interfaces' returned '0': CMAKE_PREFIX_PATH=${CMAKE_PREFIX_PATH}:/home/imml/git/ROB_534_Project/install/ur5e_custom_hardware:/home/imml/git/ROB_534_Project/install/harvest_vision:/opt/ros/humble /usr/bin/cmake --build /home/imml/git/ROB_534_Project/build/harvest_interfaces -- -j16 -l16
[0.786s] DEBUG:colcon.colcon_core.event_handler.log_command:Invoking command in '/home/imml/git/ROB_534_Project/build/harvest_interfaces': CMAKE_PREFIX_PATH=${CMAKE_PREFIX_PATH}:/home/imml/git/ROB_534_Project/install/ur5e_custom_hardware:/home/imml/git/ROB_534_Project/install/harvest_vision:/opt/ros/humble /usr/bin/cmake --install /home/imml/git/ROB_534_Project/build/harvest_interfaces
[0.861s] Level 1:colcon.colcon_core.environment:create_environment_scripts_only(realsense2_camera_msgs)
[0.862s] Level 1:colcon.colcon_core.environment:checking '/home/imml/git/ROB_534_Project/install/realsense2_camera_msgs' for CMake module files
[0.863s] DEBUG:colcon.colcon_core.event_handler.log_command:Invoked command in '/home/imml/git/ROB_534_Project/build/realsense2_camera_msgs' returned '0': CMAKE_PREFIX_PATH=${CMAKE_PREFIX_PATH}:/home/imml/git/ROB_534_Project/install/ur5e_custom_hardware:/home/imml/git/ROB_534_Project/install/harvest_vision:/opt/ros/humble /usr/bin/cmake --install /home/imml/git/ROB_534_Project/build/realsense2_camera_msgs
[0.864s] Level 1:colcon.colcon_core.environment:checking '/home/imml/git/ROB_534_Project/install/realsense2_camera_msgs' for CMake config files
[0.865s] Level 1:colcon.colcon_core.shell:create_environment_hook('realsense2_camera_msgs', 'cmake_prefix_path')
[0.865s] INFO:colcon.colcon_core.shell:Creating environment hook '/home/imml/git/ROB_534_Project/install/realsense2_camera_msgs/share/realsense2_camera_msgs/hook/cmake_prefix_path.ps1'
[0.866s] INFO:colcon.colcon_core.shell:Creating environment descriptor '/home/imml/git/ROB_534_Project/install/realsense2_camera_msgs/share/realsense2_camera_msgs/hook/cmake_prefix_path.dsv'
[0.866s] INFO:colcon.colcon_core.shell:Creating environment hook '/home/imml/git/ROB_534_Project/install/realsense2_camera_msgs/share/realsense2_camera_msgs/hook/cmake_prefix_path.sh'
[0.867s] Level 1:colcon.colcon_core.environment:checking '/home/imml/git/ROB_534_Project/install/realsense2_camera_msgs/lib'
[0.867s] Level 1:colcon.colcon_core.shell:create_environment_hook('realsense2_camera_msgs', 'ld_library_path_lib')
[0.867s] INFO:colcon.colcon_core.shell:Creating environment hook '/home/imml/git/ROB_534_Project/install/realsense2_camera_msgs/share/realsense2_camera_msgs/hook/ld_library_path_lib.ps1'
[0.867s] INFO:colcon.colcon_core.shell:Creating environment descriptor '/home/imml/git/ROB_534_Project/install/realsense2_camera_msgs/share/realsense2_camera_msgs/hook/ld_library_path_lib.dsv'
[0.868s] INFO:colcon.colcon_core.shell:Creating environment hook '/home/imml/git/ROB_534_Project/install/realsense2_camera_msgs/share/realsense2_camera_msgs/hook/ld_library_path_lib.sh'
[0.868s] Level 1:colcon.colcon_core.environment:checking '/home/imml/git/ROB_534_Project/install/realsense2_camera_msgs/bin'
[0.868s] Level 1:colcon.colcon_core.environment:checking '/home/imml/git/ROB_534_Project/install/realsense2_camera_msgs/lib/pkgconfig/realsense2_camera_msgs.pc'
[0.868s] Level 1:colcon.colcon_core.environment:checking '/home/imml/git/ROB_534_Project/install/realsense2_camera_msgs/lib/python3.10/site-packages'
[0.869s] Level 1:colcon.colcon_core.environment:checking '/home/imml/git/ROB_534_Project/install/realsense2_camera_msgs/bin'
[0.869s] INFO:colcon.colcon_core.shell:Creating package script '/home/imml/git/ROB_534_Project/install/realsense2_camera_msgs/share/realsense2_camera_msgs/package.ps1'
[0.869s] INFO:colcon.colcon_core.shell:Creating package descriptor '/home/imml/git/ROB_534_Project/install/realsense2_camera_msgs/share/realsense2_camera_msgs/package.dsv'
[0.870s] INFO:colcon.colcon_core.shell:Creating package script '/home/imml/git/ROB_534_Project/install/realsense2_camera_msgs/share/realsense2_camera_msgs/package.sh'
[0.870s] INFO:colcon.colcon_core.shell:Creating package script '/home/imml/git/ROB_534_Project/install/realsense2_camera_msgs/share/realsense2_camera_msgs/package.bash'
[0.870s] INFO:colcon.colcon_core.shell:Creating package script '/home/imml/git/ROB_534_Project/install/realsense2_camera_msgs/share/realsense2_camera_msgs/package.zsh'
[0.871s] Level 1:colcon.colcon_core.environment:create_file_with_runtime_dependencies(/home/imml/git/ROB_534_Project/install/realsense2_camera_msgs/share/colcon-core/packages/realsense2_camera_msgs)
[0.871s] Level 1:colcon.colcon_core.environment:create_environment_scripts_only(realsense2_camera_msgs)
[0.871s] Level 1:colcon.colcon_core.environment:checking '/home/imml/git/ROB_534_Project/install/realsense2_camera_msgs' for CMake module files
[0.872s] Level 1:colcon.colcon_core.environment:checking '/home/imml/git/ROB_534_Project/install/realsense2_camera_msgs' for CMake config files
[0.873s] Level 1:colcon.colcon_core.shell:create_environment_hook('realsense2_camera_msgs', 'cmake_prefix_path')
[0.873s] INFO:colcon.colcon_core.shell:Creating environment hook '/home/imml/git/ROB_534_Project/install/realsense2_camera_msgs/share/realsense2_camera_msgs/hook/cmake_prefix_path.ps1'
[0.874s] INFO:colcon.colcon_core.shell:Creating environment descriptor '/home/imml/git/ROB_534_Project/install/realsense2_camera_msgs/share/realsense2_camera_msgs/hook/cmake_prefix_path.dsv'
[0.874s] INFO:colcon.colcon_core.shell:Creating environment hook '/home/imml/git/ROB_534_Project/install/realsense2_camera_msgs/share/realsense2_camera_msgs/hook/cmake_prefix_path.sh'
[0.875s] Level 1:colcon.colcon_core.environment:checking '/home/imml/git/ROB_534_Project/install/realsense2_camera_msgs/lib'
[0.875s] Level 1:colcon.colcon_core.shell:create_environment_hook('realsense2_camera_msgs', 'ld_library_path_lib')
[0.875s] INFO:colcon.colcon_core.shell:Creating environment hook '/home/imml/git/ROB_534_Project/install/realsense2_camera_msgs/share/realsense2_camera_msgs/hook/ld_library_path_lib.ps1'
[0.875s] INFO:colcon.colcon_core.shell:Creating environment descriptor '/home/imml/git/ROB_534_Project/install/realsense2_camera_msgs/share/realsense2_camera_msgs/hook/ld_library_path_lib.dsv'
[0.876s] INFO:colcon.colcon_core.shell:Creating environment hook '/home/imml/git/ROB_534_Project/install/realsense2_camera_msgs/share/realsense2_camera_msgs/hook/ld_library_path_lib.sh'
[0.876s] Level 1:colcon.colcon_core.environment:checking '/home/imml/git/ROB_534_Project/install/realsense2_camera_msgs/bin'
[0.876s] Level 1:colcon.colcon_core.environment:checking '/home/imml/git/ROB_534_Project/install/realsense2_camera_msgs/lib/pkgconfig/realsense2_camera_msgs.pc'
[0.876s] Level 1:colcon.colcon_core.environment:checking '/home/imml/git/ROB_534_Project/install/realsense2_camera_msgs/lib/python3.10/site-packages'
[0.876s] Level 1:colcon.colcon_core.environment:checking '/home/imml/git/ROB_534_Project/install/realsense2_camera_msgs/bin'
[0.877s] INFO:colcon.colcon_core.shell:Creating package script '/home/imml/git/ROB_534_Project/install/realsense2_camera_msgs/share/realsense2_camera_msgs/package.ps1'
[0.877s] INFO:colcon.colcon_core.shell:Creating package descriptor '/home/imml/git/ROB_534_Project/install/realsense2_camera_msgs/share/realsense2_camera_msgs/package.dsv'
[0.878s] INFO:colcon.colcon_core.shell:Creating package script '/home/imml/git/ROB_534_Project/install/realsense2_camera_msgs/share/realsense2_camera_msgs/package.sh'
[0.878s] INFO:colcon.colcon_core.shell:Creating package script '/home/imml/git/ROB_534_Project/install/realsense2_camera_msgs/share/realsense2_camera_msgs/package.bash'
[0.878s] INFO:colcon.colcon_core.shell:Creating package script '/home/imml/git/ROB_534_Project/install/realsense2_camera_msgs/share/realsense2_camera_msgs/package.zsh'
[0.879s] Level 1:colcon.colcon_core.environment:create_file_with_runtime_dependencies(/home/imml/git/ROB_534_Project/install/realsense2_camera_msgs/share/colcon-core/packages/realsense2_camera_msgs)
[0.879s] INFO:colcon.colcon_ros.task.ament_cmake.build:Building ROS package in '/home/imml/git/ROB_534_Project/harvest_hardware/realsense-ros/realsense2_camera' with build type 'ament_cmake'
[0.879s] INFO:colcon.colcon_cmake.task.cmake.build:Building CMake package in '/home/imml/git/ROB_534_Project/harvest_hardware/realsense-ros/realsense2_camera'
[0.880s] INFO:colcon.colcon_core.shell:Skip shell extension 'powershell' for command environment: Not usable outside of PowerShell
[0.880s] DEBUG:colcon.colcon_core.shell:Skip shell extension 'dsv' for command environment
[0.885s] INFO:colcon.colcon_ros.task.ament_cmake.build:Building ROS package in '/home/imml/git/ROB_534_Project/harvest_hardware/realsense-ros/realsense2_description' with build type 'ament_cmake'
[0.886s] INFO:colcon.colcon_cmake.task.cmake.build:Building CMake package in '/home/imml/git/ROB_534_Project/harvest_hardware/realsense-ros/realsense2_description'
[0.886s] INFO:colcon.colcon_core.shell:Skip shell extension 'powershell' for command environment: Not usable outside of PowerShell
[0.886s] DEBUG:colcon.colcon_core.shell:Skip shell extension 'dsv' for command environment
[0.896s] Level 1:colcon.colcon_core.environment:create_environment_scripts_only(ur_dashboard_msgs)
[0.897s] Level 1:colcon.colcon_core.environment:checking '/home/imml/git/ROB_534_Project/install/ur_dashboard_msgs' for CMake module files
[0.897s] DEBUG:colcon.colcon_core.event_handler.log_command:Invoked command in '/home/imml/git/ROB_534_Project/build/ur_dashboard_msgs' returned '0': CMAKE_PREFIX_PATH=${CMAKE_PREFIX_PATH}:/home/imml/git/ROB_534_Project/install/ur5e_custom_hardware:/home/imml/git/ROB_534_Project/install/harvest_vision:/opt/ros/humble /usr/bin/cmake --install /home/imml/git/ROB_534_Project/build/ur_dashboard_msgs
[0.898s] Level 1:colcon.colcon_core.environment:checking '/home/imml/git/ROB_534_Project/install/ur_dashboard_msgs' for CMake config files
[0.901s] Level 1:colcon.colcon_core.shell:create_environment_hook('ur_dashboard_msgs', 'cmake_prefix_path')
[0.901s] INFO:colcon.colcon_core.shell:Creating environment hook '/home/imml/git/ROB_534_Project/install/ur_dashboard_msgs/share/ur_dashboard_msgs/hook/cmake_prefix_path.ps1'
[0.902s] INFO:colcon.colcon_core.shell:Creating environment descriptor '/home/imml/git/ROB_534_Project/install/ur_dashboard_msgs/share/ur_dashboard_msgs/hook/cmake_prefix_path.dsv'
[0.902s] INFO:colcon.colcon_core.shell:Creating environment hook '/home/imml/git/ROB_534_Project/install/ur_dashboard_msgs/share/ur_dashboard_msgs/hook/cmake_prefix_path.sh'
[0.903s] Level 1:colcon.colcon_core.environment:checking '/home/imml/git/ROB_534_Project/install/ur_dashboard_msgs/lib'
[0.903s] Level 1:colcon.colcon_core.shell:create_environment_hook('ur_dashboard_msgs', 'ld_library_path_lib')
[0.903s] INFO:colcon.colcon_core.shell:Creating environment hook '/home/imml/git/ROB_534_Project/install/ur_dashboard_msgs/share/ur_dashboard_msgs/hook/ld_library_path_lib.ps1'
[0.904s] INFO:colcon.colcon_core.shell:Creating environment descriptor '/home/imml/git/ROB_534_Project/install/ur_dashboard_msgs/share/ur_dashboard_msgs/hook/ld_library_path_lib.dsv'
[0.904s] INFO:colcon.colcon_core.shell:Creating environment hook '/home/imml/git/ROB_534_Project/install/ur_dashboard_msgs/share/ur_dashboard_msgs/hook/ld_library_path_lib.sh'
[0.904s] Level 1:colcon.colcon_core.environment:checking '/home/imml/git/ROB_534_Project/install/ur_dashboard_msgs/bin'
[0.904s] Level 1:colcon.colcon_core.environment:checking '/home/imml/git/ROB_534_Project/install/ur_dashboard_msgs/lib/pkgconfig/ur_dashboard_msgs.pc'
[0.905s] Level 1:colcon.colcon_core.environment:checking '/home/imml/git/ROB_534_Project/install/ur_dashboard_msgs/lib/python3.10/site-packages'
[0.905s] Level 1:colcon.colcon_core.environment:checking '/home/imml/git/ROB_534_Project/install/ur_dashboard_msgs/bin'
[0.905s] INFO:colcon.colcon_core.shell:Creating package script '/home/imml/git/ROB_534_Project/install/ur_dashboard_msgs/share/ur_dashboard_msgs/package.ps1'
[0.905s] INFO:colcon.colcon_core.shell:Creating package descriptor '/home/imml/git/ROB_534_Project/install/ur_dashboard_msgs/share/ur_dashboard_msgs/package.dsv'
[0.906s] INFO:colcon.colcon_core.shell:Creating package script '/home/imml/git/ROB_534_Project/install/ur_dashboard_msgs/share/ur_dashboard_msgs/package.sh'
[0.906s] INFO:colcon.colcon_core.shell:Creating package script '/home/imml/git/ROB_534_Project/install/ur_dashboard_msgs/share/ur_dashboard_msgs/package.bash'
[0.906s] INFO:colcon.colcon_core.shell:Creating package script '/home/imml/git/ROB_534_Project/install/ur_dashboard_msgs/share/ur_dashboard_msgs/package.zsh'
[0.907s] Level 1:colcon.colcon_core.environment:create_file_with_runtime_dependencies(/home/imml/git/ROB_534_Project/install/ur_dashboard_msgs/share/colcon-core/packages/ur_dashboard_msgs)
[0.907s] Level 1:colcon.colcon_core.environment:create_environment_scripts_only(ur_dashboard_msgs)
[0.907s] Level 1:colcon.colcon_core.environment:checking '/home/imml/git/ROB_534_Project/install/ur_dashboard_msgs' for CMake module files
[0.908s] Level 1:colcon.colcon_core.environment:checking '/home/imml/git/ROB_534_Project/install/ur_dashboard_msgs' for CMake config files
[0.911s] Level 1:colcon.colcon_core.shell:create_environment_hook('ur_dashboard_msgs', 'cmake_prefix_path')
[0.911s] INFO:colcon.colcon_core.shell:Creating environment hook '/home/imml/git/ROB_534_Project/install/ur_dashboard_msgs/share/ur_dashboard_msgs/hook/cmake_prefix_path.ps1'
[0.912s] INFO:colcon.colcon_core.shell:Creating environment descriptor '/home/imml/git/ROB_534_Project/install/ur_dashboard_msgs/share/ur_dashboard_msgs/hook/cmake_prefix_path.dsv'
[0.912s] INFO:colcon.colcon_core.shell:Creating environment hook '/home/imml/git/ROB_534_Project/install/ur_dashboard_msgs/share/ur_dashboard_msgs/hook/cmake_prefix_path.sh'
[0.913s] Level 1:colcon.colcon_core.environment:checking '/home/imml/git/ROB_534_Project/install/ur_dashboard_msgs/lib'
[0.913s] Level 1:colcon.colcon_core.shell:create_environment_hook('ur_dashboard_msgs', 'ld_library_path_lib')
[0.913s] INFO:colcon.colcon_core.shell:Creating environment hook '/home/imml/git/ROB_534_Project/install/ur_dashboard_msgs/share/ur_dashboard_msgs/hook/ld_library_path_lib.ps1'
[0.913s] INFO:colcon.colcon_core.shell:Creating environment descriptor '/home/imml/git/ROB_534_Project/install/ur_dashboard_msgs/share/ur_dashboard_msgs/hook/ld_library_path_lib.dsv'
[0.914s] INFO:colcon.colcon_core.shell:Creating environment hook '/home/imml/git/ROB_534_Project/install/ur_dashboard_msgs/share/ur_dashboard_msgs/hook/ld_library_path_lib.sh'
[0.914s] Level 1:colcon.colcon_core.environment:checking '/home/imml/git/ROB_534_Project/install/ur_dashboard_msgs/bin'
[0.914s] Level 1:colcon.colcon_core.environment:checking '/home/imml/git/ROB_534_Project/install/ur_dashboard_msgs/lib/pkgconfig/ur_dashboard_msgs.pc'
[0.914s] Level 1:colcon.colcon_core.environment:checking '/home/imml/git/ROB_534_Project/install/ur_dashboard_msgs/lib/python3.10/site-packages'
[0.914s] Level 1:colcon.colcon_core.environment:checking '/home/imml/git/ROB_534_Project/install/ur_dashboard_msgs/bin'
[0.915s] INFO:colcon.colcon_core.shell:Creating package script '/home/imml/git/ROB_534_Project/install/ur_dashboard_msgs/share/ur_dashboard_msgs/package.ps1'
[0.915s] INFO:colcon.colcon_core.shell:Creating package descriptor '/home/imml/git/ROB_534_Project/install/ur_dashboard_msgs/share/ur_dashboard_msgs/package.dsv'
[0.915s] INFO:colcon.colcon_core.shell:Creating package script '/home/imml/git/ROB_534_Project/install/ur_dashboard_msgs/share/ur_dashboard_msgs/package.sh'
[0.916s] INFO:colcon.colcon_core.shell:Creating package script '/home/imml/git/ROB_534_Project/install/ur_dashboard_msgs/share/ur_dashboard_msgs/package.bash'
[0.916s] INFO:colcon.colcon_core.shell:Creating package script '/home/imml/git/ROB_534_Project/install/ur_dashboard_msgs/share/ur_dashboard_msgs/package.zsh'
[0.917s] Level 1:colcon.colcon_core.environment:create_file_with_runtime_dependencies(/home/imml/git/ROB_534_Project/install/ur_dashboard_msgs/share/colcon-core/packages/ur_dashboard_msgs)
[0.917s] Level 1:colcon.colcon_core.environment:create_environment_scripts_only(harvest_interfaces)
[0.917s] Level 1:colcon.colcon_core.environment:checking '/home/imml/git/ROB_534_Project/install/harvest_interfaces' for CMake module files
[0.918s] DEBUG:colcon.colcon_core.event_handler.log_command:Invoked command in '/home/imml/git/ROB_534_Project/build/harvest_interfaces' returned '0': CMAKE_PREFIX_PATH=${CMAKE_PREFIX_PATH}:/home/imml/git/ROB_534_Project/install/ur5e_custom_hardware:/home/imml/git/ROB_534_Project/install/harvest_vision:/opt/ros/humble /usr/bin/cmake --install /home/imml/git/ROB_534_Project/build/harvest_interfaces
[0.919s] Level 1:colcon.colcon_core.environment:checking '/home/imml/git/ROB_534_Project/install/harvest_interfaces' for CMake config files
[0.921s] Level 1:colcon.colcon_core.shell:create_environment_hook('harvest_interfaces', 'cmake_prefix_path')
[0.921s] INFO:colcon.colcon_core.shell:Creating environment hook '/home/imml/git/ROB_534_Project/install/harvest_interfaces/share/harvest_interfaces/hook/cmake_prefix_path.ps1'
[0.921s] INFO:colcon.colcon_core.shell:Creating environment descriptor '/home/imml/git/ROB_534_Project/install/harvest_interfaces/share/harvest_interfaces/hook/cmake_prefix_path.dsv'
[0.922s] INFO:colcon.colcon_core.shell:Creating environment hook '/home/imml/git/ROB_534_Project/install/harvest_interfaces/share/harvest_interfaces/hook/cmake_prefix_path.sh'
[0.922s] Level 1:colcon.colcon_core.environment:checking '/home/imml/git/ROB_534_Project/install/harvest_interfaces/lib'
[0.922s] Level 1:colcon.colcon_core.shell:create_environment_hook('harvest_interfaces', 'ld_library_path_lib')
[0.922s] INFO:colcon.colcon_core.shell:Creating environment hook '/home/imml/git/ROB_534_Project/install/harvest_interfaces/share/harvest_interfaces/hook/ld_library_path_lib.ps1'
[0.923s] INFO:colcon.colcon_core.shell:Creating environment descriptor '/home/imml/git/ROB_534_Project/install/harvest_interfaces/share/harvest_interfaces/hook/ld_library_path_lib.dsv'
[0.923s] INFO:colcon.colcon_core.shell:Creating environment hook '/home/imml/git/ROB_534_Project/install/harvest_interfaces/share/harvest_interfaces/hook/ld_library_path_lib.sh'
[0.923s] Level 1:colcon.colcon_core.environment:checking '/home/imml/git/ROB_534_Project/install/harvest_interfaces/bin'
[0.923s] Level 1:colcon.colcon_core.environment:checking '/home/imml/git/ROB_534_Project/install/harvest_interfaces/lib/pkgconfig/harvest_interfaces.pc'
[0.924s] Level 1:colcon.colcon_core.environment:checking '/home/imml/git/ROB_534_Project/install/harvest_interfaces/lib/python3.10/site-packages'
[0.924s] Level 1:colcon.colcon_core.environment:checking '/home/imml/git/ROB_534_Project/install/harvest_interfaces/bin'
[0.924s] INFO:colcon.colcon_core.shell:Creating package script '/home/imml/git/ROB_534_Project/install/harvest_interfaces/share/harvest_interfaces/package.ps1'
[0.924s] INFO:colcon.colcon_core.shell:Creating package descriptor '/home/imml/git/ROB_534_Project/install/harvest_interfaces/share/harvest_interfaces/package.dsv'
[0.925s] INFO:colcon.colcon_core.shell:Creating package script '/home/imml/git/ROB_534_Project/install/harvest_interfaces/share/harvest_interfaces/package.sh'
[0.925s] INFO:colcon.colcon_core.shell:Creating package script '/home/imml/git/ROB_534_Project/install/harvest_interfaces/share/harvest_interfaces/package.bash'
[0.925s] INFO:colcon.colcon_core.shell:Creating package script '/home/imml/git/ROB_534_Project/install/harvest_interfaces/share/harvest_interfaces/package.zsh'
[0.926s] Level 1:colcon.colcon_core.environment:create_file_with_runtime_dependencies(/home/imml/git/ROB_534_Project/install/harvest_interfaces/share/colcon-core/packages/harvest_interfaces)
[0.926s] Level 1:colcon.colcon_core.environment:create_environment_scripts_only(harvest_interfaces)
[0.927s] Level 1:colcon.colcon_core.environment:checking '/home/imml/git/ROB_534_Project/install/harvest_interfaces' for CMake module files
[0.927s] Level 1:colcon.colcon_core.environment:checking '/home/imml/git/ROB_534_Project/install/harvest_interfaces' for CMake config files
[0.930s] Level 1:colcon.colcon_core.shell:create_environment_hook('harvest_interfaces', 'cmake_prefix_path')
[0.930s] INFO:colcon.colcon_core.shell:Creating environment hook '/home/imml/git/ROB_534_Project/install/harvest_interfaces/share/harvest_interfaces/hook/cmake_prefix_path.ps1'
[0.931s] INFO:colcon.colcon_core.shell:Creating environment descriptor '/home/imml/git/ROB_534_Project/install/harvest_interfaces/share/harvest_interfaces/hook/cmake_prefix_path.dsv'
[0.931s] INFO:colcon.colcon_core.shell:Creating environment hook '/home/imml/git/ROB_534_Project/install/harvest_interfaces/share/harvest_interfaces/hook/cmake_prefix_path.sh'
[0.931s] Level 1:colcon.colcon_core.environment:checking '/home/imml/git/ROB_534_Project/install/harvest_interfaces/lib'
[0.931s] Level 1:colcon.colcon_core.shell:create_environment_hook('harvest_interfaces', 'ld_library_path_lib')
[0.932s] INFO:colcon.colcon_core.shell:Creating environment hook '/home/imml/git/ROB_534_Project/install/harvest_interfaces/share/harvest_interfaces/hook/ld_library_path_lib.ps1'
[0.932s] INFO:colcon.colcon_core.shell:Creating environment descriptor '/home/imml/git/ROB_534_Project/install/harvest_interfaces/share/harvest_interfaces/hook/ld_library_path_lib.dsv'
[0.932s] INFO:colcon.colcon_core.shell:Creating environment hook '/home/imml/git/ROB_534_Project/install/harvest_interfaces/share/harvest_interfaces/hook/ld_library_path_lib.sh'
[0.932s] Level 1:colcon.colcon_core.environment:checking '/home/imml/git/ROB_534_Project/install/harvest_interfaces/bin'
[0.933s] Level 1:colcon.colcon_core.environment:checking '/home/imml/git/ROB_534_Project/install/harvest_interfaces/lib/pkgconfig/harvest_interfaces.pc'
[0.933s] Level 1:colcon.colcon_core.environment:checking '/home/imml/git/ROB_534_Project/install/harvest_interfaces/lib/python3.10/site-packages'
[0.933s] Level 1:colcon.colcon_core.environment:checking '/home/imml/git/ROB_534_Project/install/harvest_interfaces/bin'
[0.933s] INFO:colcon.colcon_core.shell:Creating package script '/home/imml/git/ROB_534_Project/install/harvest_interfaces/share/harvest_interfaces/package.ps1'
[0.934s] INFO:colcon.colcon_core.shell:Creating package descriptor '/home/imml/git/ROB_534_Project/install/harvest_interfaces/share/harvest_interfaces/package.dsv'
[0.934s] INFO:colcon.colcon_core.shell:Creating package script '/home/imml/git/ROB_534_Project/install/harvest_interfaces/share/harvest_interfaces/package.sh'
[0.935s] INFO:colcon.colcon_core.shell:Creating package script '/home/imml/git/ROB_534_Project/install/harvest_interfaces/share/harvest_interfaces/package.bash'
[0.935s] INFO:colcon.colcon_core.shell:Creating package script '/home/imml/git/ROB_534_Project/install/harvest_interfaces/share/harvest_interfaces/package.zsh'
[0.935s] Level 1:colcon.colcon_core.environment:create_file_with_runtime_dependencies(/home/imml/git/ROB_534_Project/install/harvest_interfaces/share/colcon-core/packages/harvest_interfaces)
[0.936s] INFO:colcon.colcon_ros.task.ament_cmake.build:Building ROS package in '/home/imml/git/ROB_534_Project/harvest_hardware/Universal_Robots_ROS2_Driver/ur_controllers' with build type 'ament_cmake'
[0.936s] INFO:colcon.colcon_cmake.task.cmake.build:Building CMake package in '/home/imml/git/ROB_534_Project/harvest_hardware/Universal_Robots_ROS2_Driver/ur_controllers'
[0.936s] INFO:colcon.colcon_core.shell:Skip shell extension 'powershell' for command environment: Not usable outside of PowerShell
[0.936s] DEBUG:colcon.colcon_core.shell:Skip shell extension 'dsv' for command environment
[0.940s] INFO:colcon.colcon_ros.task.ament_cmake.build:Building ROS package in '/home/imml/git/ROB_534_Project/harvest' with build type 'ament_cmake'
[0.941s] INFO:colcon.colcon_cmake.task.cmake.build:Building CMake package in '/home/imml/git/ROB_534_Project/harvest'
[0.941s] INFO:colcon.colcon_core.shell:Skip shell extension 'powershell' for command environment: Not usable outside of PowerShell
[0.941s] DEBUG:colcon.colcon_core.shell:Skip shell extension 'dsv' for command environment
[0.945s] INFO:colcon.colcon_ros.task.ament_cmake.build:Building ROS package in '/home/imml/git/ROB_534_Project/harvest_control' with build type 'ament_cmake'
[0.945s] INFO:colcon.colcon_cmake.task.cmake.build:Building CMake package in '/home/imml/git/ROB_534_Project/harvest_control'
[0.945s] INFO:colcon.colcon_core.shell:Skip shell extension 'powershell' for command environment: Not usable outside of PowerShell
[0.945s] DEBUG:colcon.colcon_core.shell:Skip shell extension 'dsv' for command environment
[0.950s] INFO:colcon.colcon_ros.task.ament_python.build:Building ROS package in '/home/imml/git/ROB_534_Project/harvest_vision' with build type 'ament_python'
[0.950s] Level 1:colcon.colcon_core.shell:create_environment_hook('harvest_vision', 'ament_prefix_path')
[0.950s] INFO:colcon.colcon_core.shell:Creating environment hook '/home/imml/git/ROB_534_Project/install/harvest_vision/share/harvest_vision/hook/ament_prefix_path.ps1'
[0.950s] INFO:colcon.colcon_core.shell:Creating environment descriptor '/home/imml/git/ROB_534_Project/install/harvest_vision/share/harvest_vision/hook/ament_prefix_path.dsv'
[0.951s] INFO:colcon.colcon_core.shell:Creating environment hook '/home/imml/git/ROB_534_Project/install/harvest_vision/share/harvest_vision/hook/ament_prefix_path.sh'
[0.951s] INFO:colcon.colcon_core.shell:Skip shell extension 'powershell' for command environment: Not usable outside of PowerShell
[0.951s] DEBUG:colcon.colcon_core.shell:Skip shell extension 'dsv' for command environment
[0.959s] DEBUG:colcon.colcon_core.event_handler.log_command:Invoking command in '/home/imml/git/ROB_534_Project/build/realsense2_camera': CMAKE_PREFIX_PATH=/home/imml/git/ROB_534_Project/install/realsense2_camera_msgs:/home/imml/git/ROB_534_Project/install/ur:/home/imml/git/ROB_534_Project/install/ur_calibration:/home/imml/git/ROB_534_Project/install/ur_robot_driver:/home/imml/git/ROB_534_Project/install/ur_moveit_config:/home/imml/git/ROB_534_Project/install/ur_bringup:/home/imml/git/ROB_534_Project/install/ur_description:/home/imml/git/ROB_534_Project/install/ur_controllers:/home/imml/git/ROB_534_Project/install/ur_dashboard_msgs:/home/imml/git/ROB_534_Project/install/realsense2_description:/home/imml/git/ROB_534_Project/install/realsense2_camera:/home/imml/git/ROB_534_Project/install/harvest_control:/home/imml/git/ROB_534_Project/install/harvest:/home/imml/git/ROB_534_Project/install/harvest_interfaces:/home/imml/git/ROB_534_Project/install/ur5e_custom_hardware:/home/imml/git/ROB_534_Project/install/harvest_vision:/opt/ros/humble LD_LIBRARY_PATH=/home/imml/git/ROB_534_Project/install/realsense2_camera_msgs/lib:/home/imml/git/ROB_534_Project/install/ur_robot_driver/lib:/home/imml/git/ROB_534_Project/install/ur_controllers/lib:/home/imml/git/ROB_534_Project/install/ur_dashboard_msgs/lib:/home/imml/git/ROB_534_Project/install/realsense2_camera/lib:/home/imml/git/ROB_534_Project/install/harvest_interfaces/lib:/opt/ros/humble/opt/rviz_ogre_vendor/lib:/opt/ros/humble/lib/x86_64-linux-gnu:/opt/ros/humble/lib /usr/bin/cmake --build /home/imml/git/ROB_534_Project/build/realsense2_camera -- -j16 -l16
[0.963s] DEBUG:colcon.colcon_core.event_handler.log_command:Invoking command in '/home/imml/git/ROB_534_Project/build/realsense2_description': CMAKE_PREFIX_PATH=/home/imml/git/ROB_534_Project/install/realsense2_camera_msgs:/home/imml/git/ROB_534_Project/install/ur:/home/imml/git/ROB_534_Project/install/ur_calibration:/home/imml/git/ROB_534_Project/install/ur_robot_driver:/home/imml/git/ROB_534_Project/install/ur_moveit_config:/home/imml/git/ROB_534_Project/install/ur_bringup:/home/imml/git/ROB_534_Project/install/ur_description:/home/imml/git/ROB_534_Project/install/ur_controllers:/home/imml/git/ROB_534_Project/install/ur_dashboard_msgs:/home/imml/git/ROB_534_Project/install/realsense2_description:/home/imml/git/ROB_534_Project/install/realsense2_camera:/home/imml/git/ROB_534_Project/install/harvest_control:/home/imml/git/ROB_534_Project/install/harvest:/home/imml/git/ROB_534_Project/install/harvest_interfaces:/home/imml/git/ROB_534_Project/install/ur5e_custom_hardware:/home/imml/git/ROB_534_Project/install/harvest_vision:/opt/ros/humble LD_LIBRARY_PATH=/home/imml/git/ROB_534_Project/install/realsense2_camera_msgs/lib:/home/imml/git/ROB_534_Project/install/ur_robot_driver/lib:/home/imml/git/ROB_534_Project/install/ur_controllers/lib:/home/imml/git/ROB_534_Project/install/ur_dashboard_msgs/lib:/home/imml/git/ROB_534_Project/install/realsense2_camera/lib:/home/imml/git/ROB_534_Project/install/harvest_interfaces/lib:/opt/ros/humble/opt/rviz_ogre_vendor/lib:/opt/ros/humble/lib/x86_64-linux-gnu:/opt/ros/humble/lib /usr/bin/cmake --build /home/imml/git/ROB_534_Project/build/realsense2_description -- -j16 -l16
[0.966s] DEBUG:colcon.colcon_core.event_handler.log_command:Invoking command in '/home/imml/git/ROB_534_Project/build/ur_controllers': CMAKE_PREFIX_PATH=/home/imml/git/ROB_534_Project/install/ur_dashboard_msgs:/home/imml/git/ROB_534_Project/install/ur:/home/imml/git/ROB_534_Project/install/ur_calibration:/home/imml/git/ROB_534_Project/install/ur_robot_driver:/home/imml/git/ROB_534_Project/install/ur_moveit_config:/home/imml/git/ROB_534_Project/install/ur_bringup:/home/imml/git/ROB_534_Project/install/ur_description:/home/imml/git/ROB_534_Project/install/ur_controllers:/home/imml/git/ROB_534_Project/install/realsense2_description:/home/imml/git/ROB_534_Project/install/realsense2_camera:/home/imml/git/ROB_534_Project/install/realsense2_camera_msgs:/home/imml/git/ROB_534_Project/install/harvest_control:/home/imml/git/ROB_534_Project/install/harvest:/home/imml/git/ROB_534_Project/install/harvest_interfaces:/home/imml/git/ROB_534_Project/install/ur5e_custom_hardware:/home/imml/git/ROB_534_Project/install/harvest_vision:/opt/ros/humble LD_LIBRARY_PATH=/home/imml/git/ROB_534_Project/install/ur_dashboard_msgs/lib:/home/imml/git/ROB_534_Project/install/ur_robot_driver/lib:/home/imml/git/ROB_534_Project/install/ur_controllers/lib:/home/imml/git/ROB_534_Project/install/realsense2_camera/lib:/home/imml/git/ROB_534_Project/install/realsense2_camera_msgs/lib:/home/imml/git/ROB_534_Project/install/harvest_interfaces/lib:/opt/ros/humble/opt/rviz_ogre_vendor/lib:/opt/ros/humble/lib/x86_64-linux-gnu:/opt/ros/humble/lib /usr/bin/cmake --build /home/imml/git/ROB_534_Project/build/ur_controllers -- -j16 -l16
[0.969s] DEBUG:colcon.colcon_core.event_handler.log_command:Invoking command in '/home/imml/git/ROB_534_Project/build/harvest': CMAKE_PREFIX_PATH=/home/imml/git/ROB_534_Project/install/harvest_interfaces:/home/imml/git/ROB_534_Project/install/ur:/home/imml/git/ROB_534_Project/install/ur_calibration:/home/imml/git/ROB_534_Project/install/ur_robot_driver:/home/imml/git/ROB_534_Project/install/ur_moveit_config:/home/imml/git/ROB_534_Project/install/ur_bringup:/home/imml/git/ROB_534_Project/install/ur_description:/home/imml/git/ROB_534_Project/install/ur_controllers:/home/imml/git/ROB_534_Project/install/ur_dashboard_msgs:/home/imml/git/ROB_534_Project/install/realsense2_description:/home/imml/git/ROB_534_Project/install/realsense2_camera:/home/imml/git/ROB_534_Project/install/realsense2_camera_msgs:/home/imml/git/ROB_534_Project/install/harvest_control:/home/imml/git/ROB_534_Project/install/harvest:/home/imml/git/ROB_534_Project/install/ur5e_custom_hardware:/home/imml/git/ROB_534_Project/install/harvest_vision:/opt/ros/humble LD_LIBRARY_PATH=/home/imml/git/ROB_534_Project/install/harvest_interfaces/lib:/home/imml/git/ROB_534_Project/install/ur_robot_driver/lib:/home/imml/git/ROB_534_Project/install/ur_controllers/lib:/home/imml/git/ROB_534_Project/install/ur_dashboard_msgs/lib:/home/imml/git/ROB_534_Project/install/realsense2_camera/lib:/home/imml/git/ROB_534_Project/install/realsense2_camera_msgs/lib:/opt/ros/humble/opt/rviz_ogre_vendor/lib:/opt/ros/humble/lib/x86_64-linux-gnu:/opt/ros/humble/lib /usr/bin/cmake --build /home/imml/git/ROB_534_Project/build/harvest -- -j16 -l16
[0.972s] DEBUG:colcon.colcon_core.event_handler.log_command:Invoking command in '/home/imml/git/ROB_534_Project/build/harvest_control': CMAKE_PREFIX_PATH=/home/imml/git/ROB_534_Project/install/harvest_interfaces:/home/imml/git/ROB_534_Project/install/ur:/home/imml/git/ROB_534_Project/install/ur_calibration:/home/imml/git/ROB_534_Project/install/ur_robot_driver:/home/imml/git/ROB_534_Project/install/ur_moveit_config:/home/imml/git/ROB_534_Project/install/ur_bringup:/home/imml/git/ROB_534_Project/install/ur_description:/home/imml/git/ROB_534_Project/install/ur_controllers:/home/imml/git/ROB_534_Project/install/ur_dashboard_msgs:/home/imml/git/ROB_534_Project/install/realsense2_description:/home/imml/git/ROB_534_Project/install/realsense2_camera:/home/imml/git/ROB_534_Project/install/realsense2_camera_msgs:/home/imml/git/ROB_534_Project/install/harvest_control:/home/imml/git/ROB_534_Project/install/harvest:/home/imml/git/ROB_534_Project/install/ur5e_custom_hardware:/home/imml/git/ROB_534_Project/install/harvest_vision:/opt/ros/humble LD_LIBRARY_PATH=/home/imml/git/ROB_534_Project/install/harvest_interfaces/lib:/home/imml/git/ROB_534_Project/install/ur_robot_driver/lib:/home/imml/git/ROB_534_Project/install/ur_controllers/lib:/home/imml/git/ROB_534_Project/install/ur_dashboard_msgs/lib:/home/imml/git/ROB_534_Project/install/realsense2_camera/lib:/home/imml/git/ROB_534_Project/install/realsense2_camera_msgs/lib:/opt/ros/humble/opt/rviz_ogre_vendor/lib:/opt/ros/humble/lib/x86_64-linux-gnu:/opt/ros/humble/lib /usr/bin/cmake --build /home/imml/git/ROB_534_Project/build/harvest_control -- -j16 -l16
[1.257s] INFO:colcon.colcon_core.task.python.build:Building Python package in '/home/imml/git/ROB_534_Project/harvest_vision'
[1.258s] INFO:colcon.colcon_core.shell:Skip shell extension 'powershell' for command environment: Not usable outside of PowerShell
[1.258s] DEBUG:colcon.colcon_core.shell:Skip shell extension 'dsv' for command environment
[1.265s] DEBUG:colcon.colcon_core.event_handler.log_command:Invoked command in '/home/imml/git/ROB_534_Project/build/realsense2_description' returned '0': CMAKE_PREFIX_PATH=/home/imml/git/ROB_534_Project/install/realsense2_camera_msgs:/home/imml/git/ROB_534_Project/install/ur:/home/imml/git/ROB_534_Project/install/ur_calibration:/home/imml/git/ROB_534_Project/install/ur_robot_driver:/home/imml/git/ROB_534_Project/install/ur_moveit_config:/home/imml/git/ROB_534_Project/install/ur_bringup:/home/imml/git/ROB_534_Project/install/ur_description:/home/imml/git/ROB_534_Project/install/ur_controllers:/home/imml/git/ROB_534_Project/install/ur_dashboard_msgs:/home/imml/git/ROB_534_Project/install/realsense2_description:/home/imml/git/ROB_534_Project/install/realsense2_camera:/home/imml/git/ROB_534_Project/install/harvest_control:/home/imml/git/ROB_534_Project/install/harvest:/home/imml/git/ROB_534_Project/install/harvest_interfaces:/home/imml/git/ROB_534_Project/install/ur5e_custom_hardware:/home/imml/git/ROB_534_Project/install/harvest_vision:/opt/ros/humble LD_LIBRARY_PATH=/home/imml/git/ROB_534_Project/install/realsense2_camera_msgs/lib:/home/imml/git/ROB_534_Project/install/ur_robot_driver/lib:/home/imml/git/ROB_534_Project/install/ur_controllers/lib:/home/imml/git/ROB_534_Project/install/ur_dashboard_msgs/lib:/home/imml/git/ROB_534_Project/install/realsense2_camera/lib:/home/imml/git/ROB_534_Project/install/harvest_interfaces/lib:/opt/ros/humble/opt/rviz_ogre_vendor/lib:/opt/ros/humble/lib/x86_64-linux-gnu:/opt/ros/humble/lib /usr/bin/cmake --build /home/imml/git/ROB_534_Project/build/realsense2_description -- -j16 -l16
[1.266s] DEBUG:colcon.colcon_core.event_handler.log_command:Invoking command in '/home/imml/git/ROB_534_Project/build/realsense2_description': CMAKE_PREFIX_PATH=/home/imml/git/ROB_534_Project/install/realsense2_camera_msgs:/home/imml/git/ROB_534_Project/install/ur:/home/imml/git/ROB_534_Project/install/ur_calibration:/home/imml/git/ROB_534_Project/install/ur_robot_driver:/home/imml/git/ROB_534_Project/install/ur_moveit_config:/home/imml/git/ROB_534_Project/install/ur_bringup:/home/imml/git/ROB_534_Project/install/ur_description:/home/imml/git/ROB_534_Project/install/ur_controllers:/home/imml/git/ROB_534_Project/install/ur_dashboard_msgs:/home/imml/git/ROB_534_Project/install/realsense2_description:/home/imml/git/ROB_534_Project/install/realsense2_camera:/home/imml/git/ROB_534_Project/install/harvest_control:/home/imml/git/ROB_534_Project/install/harvest:/home/imml/git/ROB_534_Project/install/harvest_interfaces:/home/imml/git/ROB_534_Project/install/ur5e_custom_hardware:/home/imml/git/ROB_534_Project/install/harvest_vision:/opt/ros/humble LD_LIBRARY_PATH=/home/imml/git/ROB_534_Project/install/realsense2_camera_msgs/lib:/home/imml/git/ROB_534_Project/install/ur_robot_driver/lib:/home/imml/git/ROB_534_Project/install/ur_controllers/lib:/home/imml/git/ROB_534_Project/install/ur_dashboard_msgs/lib:/home/imml/git/ROB_534_Project/install/realsense2_camera/lib:/home/imml/git/ROB_534_Project/install/harvest_interfaces/lib:/opt/ros/humble/opt/rviz_ogre_vendor/lib:/opt/ros/humble/lib/x86_64-linux-gnu:/opt/ros/humble/lib /usr/bin/cmake --install /home/imml/git/ROB_534_Project/build/realsense2_description
[1.267s] DEBUG:colcon.colcon_core.event_handler.log_command:Invoked command in '/home/imml/git/ROB_534_Project/build/realsense2_camera' returned '0': CMAKE_PREFIX_PATH=/home/imml/git/ROB_534_Project/install/realsense2_camera_msgs:/home/imml/git/ROB_534_Project/install/ur:/home/imml/git/ROB_534_Project/install/ur_calibration:/home/imml/git/ROB_534_Project/install/ur_robot_driver:/home/imml/git/ROB_534_Project/install/ur_moveit_config:/home/imml/git/ROB_534_Project/install/ur_bringup:/home/imml/git/ROB_534_Project/install/ur_description:/home/imml/git/ROB_534_Project/install/ur_controllers:/home/imml/git/ROB_534_Project/install/ur_dashboard_msgs:/home/imml/git/ROB_534_Project/install/realsense2_description:/home/imml/git/ROB_534_Project/install/realsense2_camera:/home/imml/git/ROB_534_Project/install/harvest_control:/home/imml/git/ROB_534_Project/install/harvest:/home/imml/git/ROB_534_Project/install/harvest_interfaces:/home/imml/git/ROB_534_Project/install/ur5e_custom_hardware:/home/imml/git/ROB_534_Project/install/harvest_vision:/opt/ros/humble LD_LIBRARY_PATH=/home/imml/git/ROB_534_Project/install/realsense2_camera_msgs/lib:/home/imml/git/ROB_534_Project/install/ur_robot_driver/lib:/home/imml/git/ROB_534_Project/install/ur_controllers/lib:/home/imml/git/ROB_534_Project/install/ur_dashboard_msgs/lib:/home/imml/git/ROB_534_Project/install/realsense2_camera/lib:/home/imml/git/ROB_534_Project/install/harvest_interfaces/lib:/opt/ros/humble/opt/rviz_ogre_vendor/lib:/opt/ros/humble/lib/x86_64-linux-gnu:/opt/ros/humble/lib /usr/bin/cmake --build /home/imml/git/ROB_534_Project/build/realsense2_camera -- -j16 -l16
[1.269s] DEBUG:colcon.colcon_core.event_handler.log_command:Invoking command in '/home/imml/git/ROB_534_Project/build/realsense2_camera': CMAKE_PREFIX_PATH=/home/imml/git/ROB_534_Project/install/realsense2_camera_msgs:/home/imml/git/ROB_534_Project/install/ur:/home/imml/git/ROB_534_Project/install/ur_calibration:/home/imml/git/ROB_534_Project/install/ur_robot_driver:/home/imml/git/ROB_534_Project/install/ur_moveit_config:/home/imml/git/ROB_534_Project/install/ur_bringup:/home/imml/git/ROB_534_Project/install/ur_description:/home/imml/git/ROB_534_Project/install/ur_controllers:/home/imml/git/ROB_534_Project/install/ur_dashboard_msgs:/home/imml/git/ROB_534_Project/install/realsense2_description:/home/imml/git/ROB_534_Project/install/realsense2_camera:/home/imml/git/ROB_534_Project/install/harvest_control:/home/imml/git/ROB_534_Project/install/harvest:/home/imml/git/ROB_534_Project/install/harvest_interfaces:/home/imml/git/ROB_534_Project/install/ur5e_custom_hardware:/home/imml/git/ROB_534_Project/install/harvest_vision:/opt/ros/humble LD_LIBRARY_PATH=/home/imml/git/ROB_534_Project/install/realsense2_camera_msgs/lib:/home/imml/git/ROB_534_Project/install/ur_robot_driver/lib:/home/imml/git/ROB_534_Project/install/ur_controllers/lib:/home/imml/git/ROB_534_Project/install/ur_dashboard_msgs/lib:/home/imml/git/ROB_534_Project/install/realsense2_camera/lib:/home/imml/git/ROB_534_Project/install/harvest_interfaces/lib:/opt/ros/humble/opt/rviz_ogre_vendor/lib:/opt/ros/humble/lib/x86_64-linux-gnu:/opt/ros/humble/lib /usr/bin/cmake --install /home/imml/git/ROB_534_Project/build/realsense2_camera
[1.269s] DEBUG:colcon.colcon_core.event_handler.log_command:Invoked command in '/home/imml/git/ROB_534_Project/build/ur_controllers' returned '0': CMAKE_PREFIX_PATH=/home/imml/git/ROB_534_Project/install/ur_dashboard_msgs:/home/imml/git/ROB_534_Project/install/ur:/home/imml/git/ROB_534_Project/install/ur_calibration:/home/imml/git/ROB_534_Project/install/ur_robot_driver:/home/imml/git/ROB_534_Project/install/ur_moveit_config:/home/imml/git/ROB_534_Project/install/ur_bringup:/home/imml/git/ROB_534_Project/install/ur_description:/home/imml/git/ROB_534_Project/install/ur_controllers:/home/imml/git/ROB_534_Project/install/realsense2_description:/home/imml/git/ROB_534_Project/install/realsense2_camera:/home/imml/git/ROB_534_Project/install/realsense2_camera_msgs:/home/imml/git/ROB_534_Project/install/harvest_control:/home/imml/git/ROB_534_Project/install/harvest:/home/imml/git/ROB_534_Project/install/harvest_interfaces:/home/imml/git/ROB_534_Project/install/ur5e_custom_hardware:/home/imml/git/ROB_534_Project/install/harvest_vision:/opt/ros/humble LD_LIBRARY_PATH=/home/imml/git/ROB_534_Project/install/ur_dashboard_msgs/lib:/home/imml/git/ROB_534_Project/install/ur_robot_driver/lib:/home/imml/git/ROB_534_Project/install/ur_controllers/lib:/home/imml/git/ROB_534_Project/install/realsense2_camera/lib:/home/imml/git/ROB_534_Project/install/realsense2_camera_msgs/lib:/home/imml/git/ROB_534_Project/install/harvest_interfaces/lib:/opt/ros/humble/opt/rviz_ogre_vendor/lib:/opt/ros/humble/lib/x86_64-linux-gnu:/opt/ros/humble/lib /usr/bin/cmake --build /home/imml/git/ROB_534_Project/build/ur_controllers -- -j16 -l16
[1.271s] DEBUG:colcon.colcon_core.event_handler.log_command:Invoking command in '/home/imml/git/ROB_534_Project/build/ur_controllers': CMAKE_PREFIX_PATH=/home/imml/git/ROB_534_Project/install/ur_dashboard_msgs:/home/imml/git/ROB_534_Project/install/ur:/home/imml/git/ROB_534_Project/install/ur_calibration:/home/imml/git/ROB_534_Project/install/ur_robot_driver:/home/imml/git/ROB_534_Project/install/ur_moveit_config:/home/imml/git/ROB_534_Project/install/ur_bringup:/home/imml/git/ROB_534_Project/install/ur_description:/home/imml/git/ROB_534_Project/install/ur_controllers:/home/imml/git/ROB_534_Project/install/realsense2_description:/home/imml/git/ROB_534_Project/install/realsense2_camera:/home/imml/git/ROB_534_Project/install/realsense2_camera_msgs:/home/imml/git/ROB_534_Project/install/harvest_control:/home/imml/git/ROB_534_Project/install/harvest:/home/imml/git/ROB_534_Project/install/harvest_interfaces:/home/imml/git/ROB_534_Project/install/ur5e_custom_hardware:/home/imml/git/ROB_534_Project/install/harvest_vision:/opt/ros/humble LD_LIBRARY_PATH=/home/imml/git/ROB_534_Project/install/ur_dashboard_msgs/lib:/home/imml/git/ROB_534_Project/install/ur_robot_driver/lib:/home/imml/git/ROB_534_Project/install/ur_controllers/lib:/home/imml/git/ROB_534_Project/install/realsense2_camera/lib:/home/imml/git/ROB_534_Project/install/realsense2_camera_msgs/lib:/home/imml/git/ROB_534_Project/install/harvest_interfaces/lib:/opt/ros/humble/opt/rviz_ogre_vendor/lib:/opt/ros/humble/lib/x86_64-linux-gnu:/opt/ros/humble/lib /usr/bin/cmake --install /home/imml/git/ROB_534_Project/build/ur_controllers
[1.274s] DEBUG:colcon.colcon_core.event_handler.log_command:Invoking command in '/home/imml/git/ROB_534_Project/build/ur5e_custom_hardware': PYTHONPATH=/home/imml/git/ROB_534_Project/build/ur5e_custom_hardware/prefix_override:/usr/lib/python3/dist-packages/colcon_core/task/python/colcon_distutils_commands:/home/imml/git/ROB_534_Project/install/ur5e_custom_hardware/lib/python3.10/site-packages:${PYTHONPATH} /usr/bin/python3 -W ignore:setup.py install is deprecated -W ignore:easy_install command is deprecated setup.py develop --editable --build-directory /home/imml/git/ROB_534_Project/build/ur5e_custom_hardware/build --no-deps symlink_data
[1.275s] DEBUG:colcon.colcon_core.event_handler.log_command:Invoked command in '/home/imml/git/ROB_534_Project/build/ur_moveit_config' returned '0': CMAKE_PREFIX_PATH=/home/imml/git/ROB_534_Project/install/ur_description:/home/imml/git/ROB_534_Project/install/ur:/home/imml/git/ROB_534_Project/install/ur_calibration:/home/imml/git/ROB_534_Project/install/ur_robot_driver:/home/imml/git/ROB_534_Project/install/ur_moveit_config:/home/imml/git/ROB_534_Project/install/ur_bringup:/home/imml/git/ROB_534_Project/install/ur_controllers:/home/imml/git/ROB_534_Project/install/ur_dashboard_msgs:/home/imml/git/ROB_534_Project/install/realsense2_description:/home/imml/git/ROB_534_Project/install/realsense2_camera:/home/imml/git/ROB_534_Project/install/realsense2_camera_msgs:/home/imml/git/ROB_534_Project/install/harvest_control:/home/imml/git/ROB_534_Project/install/harvest:/home/imml/git/ROB_534_Project/install/harvest_interfaces:/home/imml/git/ROB_534_Project/install/ur5e_custom_hardware:/home/imml/git/ROB_534_Project/install/harvest_vision:/opt/ros/humble /usr/bin/cmake --build /home/imml/git/ROB_534_Project/build/ur_moveit_config -- -j16 -l16
[1.276s] DEBUG:colcon.colcon_core.event_handler.log_command:Invoking command in '/home/imml/git/ROB_534_Project/build/ur_moveit_config': CMAKE_PREFIX_PATH=/home/imml/git/ROB_534_Project/install/ur_description:/home/imml/git/ROB_534_Project/install/ur:/home/imml/git/ROB_534_Project/install/ur_calibration:/home/imml/git/ROB_534_Project/install/ur_robot_driver:/home/imml/git/ROB_534_Project/install/ur_moveit_config:/home/imml/git/ROB_534_Project/install/ur_bringup:/home/imml/git/ROB_534_Project/install/ur_controllers:/home/imml/git/ROB_534_Project/install/ur_dashboard_msgs:/home/imml/git/ROB_534_Project/install/realsense2_description:/home/imml/git/ROB_534_Project/install/realsense2_camera:/home/imml/git/ROB_534_Project/install/realsense2_camera_msgs:/home/imml/git/ROB_534_Project/install/harvest_control:/home/imml/git/ROB_534_Project/install/harvest:/home/imml/git/ROB_534_Project/install/harvest_interfaces:/home/imml/git/ROB_534_Project/install/ur5e_custom_hardware:/home/imml/git/ROB_534_Project/install/harvest_vision:/opt/ros/humble /usr/bin/cmake --install /home/imml/git/ROB_534_Project/build/ur_moveit_config
[1.300s] Level 1:colcon.colcon_core.environment:create_environment_scripts_only(realsense2_description)
[1.301s] Level 1:colcon.colcon_core.environment:checking '/home/imml/git/ROB_534_Project/install/realsense2_description' for CMake module files
[1.302s] DEBUG:colcon.colcon_core.event_handler.log_command:Invoked command in '/home/imml/git/ROB_534_Project/build/realsense2_description' returned '0': CMAKE_PREFIX_PATH=/home/imml/git/ROB_534_Project/install/realsense2_camera_msgs:/home/imml/git/ROB_534_Project/install/ur:/home/imml/git/ROB_534_Project/install/ur_calibration:/home/imml/git/ROB_534_Project/install/ur_robot_driver:/home/imml/git/ROB_534_Project/install/ur_moveit_config:/home/imml/git/ROB_534_Project/install/ur_bringup:/home/imml/git/ROB_534_Project/install/ur_description:/home/imml/git/ROB_534_Project/install/ur_controllers:/home/imml/git/ROB_534_Project/install/ur_dashboard_msgs:/home/imml/git/ROB_534_Project/install/realsense2_description:/home/imml/git/ROB_534_Project/install/realsense2_camera:/home/imml/git/ROB_534_Project/install/harvest_control:/home/imml/git/ROB_534_Project/install/harvest:/home/imml/git/ROB_534_Project/install/harvest_interfaces:/home/imml/git/ROB_534_Project/install/ur5e_custom_hardware:/home/imml/git/ROB_534_Project/install/harvest_vision:/opt/ros/humble LD_LIBRARY_PATH=/home/imml/git/ROB_534_Project/install/realsense2_camera_msgs/lib:/home/imml/git/ROB_534_Project/install/ur_robot_driver/lib:/home/imml/git/ROB_534_Project/install/ur_controllers/lib:/home/imml/git/ROB_534_Project/install/ur_dashboard_msgs/lib:/home/imml/git/ROB_534_Project/install/realsense2_camera/lib:/home/imml/git/ROB_534_Project/install/harvest_interfaces/lib:/opt/ros/humble/opt/rviz_ogre_vendor/lib:/opt/ros/humble/lib/x86_64-linux-gnu:/opt/ros/humble/lib /usr/bin/cmake --install /home/imml/git/ROB_534_Project/build/realsense2_description
[1.302s] Level 1:colcon.colcon_core.environment:checking '/home/imml/git/ROB_534_Project/install/realsense2_description' for CMake config files
[1.304s] Level 1:colcon.colcon_core.shell:create_environment_hook('realsense2_description', 'cmake_prefix_path')
[1.305s] INFO:colcon.colcon_core.shell:Creating environment hook '/home/imml/git/ROB_534_Project/install/realsense2_description/share/realsense2_description/hook/cmake_prefix_path.ps1'
[1.306s] INFO:colcon.colcon_core.shell:Creating environment descriptor '/home/imml/git/ROB_534_Project/install/realsense2_description/share/realsense2_description/hook/cmake_prefix_path.dsv'
[1.306s] INFO:colcon.colcon_core.shell:Creating environment hook '/home/imml/git/ROB_534_Project/install/realsense2_description/share/realsense2_description/hook/cmake_prefix_path.sh'
[1.307s] Level 1:colcon.colcon_core.environment:checking '/home/imml/git/ROB_534_Project/install/realsense2_description/bin'
[1.307s] Level 1:colcon.colcon_core.environment:checking '/home/imml/git/ROB_534_Project/install/realsense2_description/lib/pkgconfig/realsense2_description.pc'
[1.308s] Level 1:colcon.colcon_core.environment:checking '/home/imml/git/ROB_534_Project/install/realsense2_description/lib/python3.10/site-packages'
[1.308s] Level 1:colcon.colcon_core.environment:checking '/home/imml/git/ROB_534_Project/install/realsense2_description/bin'
[1.308s] INFO:colcon.colcon_core.shell:Creating package script '/home/imml/git/ROB_534_Project/install/realsense2_description/share/realsense2_description/package.ps1'
[1.310s] INFO:colcon.colcon_core.shell:Creating package descriptor '/home/imml/git/ROB_534_Project/install/realsense2_description/share/realsense2_description/package.dsv'
[1.311s] INFO:colcon.colcon_core.shell:Creating package script '/home/imml/git/ROB_534_Project/install/realsense2_description/share/realsense2_description/package.sh'
[1.312s] INFO:colcon.colcon_core.shell:Creating package script '/home/imml/git/ROB_534_Project/install/realsense2_description/share/realsense2_description/package.bash'
[1.313s] INFO:colcon.colcon_core.shell:Creating package script '/home/imml/git/ROB_534_Project/install/realsense2_description/share/realsense2_description/package.zsh'
[1.313s] Level 1:colcon.colcon_core.environment:create_file_with_runtime_dependencies(/home/imml/git/ROB_534_Project/install/realsense2_description/share/colcon-core/packages/realsense2_description)
[1.314s] Level 1:colcon.colcon_core.environment:create_environment_scripts_only(realsense2_description)
[1.315s] Level 1:colcon.colcon_core.environment:checking '/home/imml/git/ROB_534_Project/install/realsense2_description' for CMake module files
[1.316s] Level 1:colcon.colcon_core.environment:checking '/home/imml/git/ROB_534_Project/install/realsense2_description' for CMake config files
[1.317s] Level 1:colcon.colcon_core.shell:create_environment_hook('realsense2_description', 'cmake_prefix_path')
[1.317s] INFO:colcon.colcon_core.shell:Creating environment hook '/home/imml/git/ROB_534_Project/install/realsense2_description/share/realsense2_description/hook/cmake_prefix_path.ps1'
[1.318s] INFO:colcon.colcon_core.shell:Creating environment descriptor '/home/imml/git/ROB_534_Project/install/realsense2_description/share/realsense2_description/hook/cmake_prefix_path.dsv'
[1.318s] INFO:colcon.colcon_core.shell:Creating environment hook '/home/imml/git/ROB_534_Project/install/realsense2_description/share/realsense2_description/hook/cmake_prefix_path.sh'
[1.319s] Level 1:colcon.colcon_core.environment:checking '/home/imml/git/ROB_534_Project/install/realsense2_description/bin'
[1.319s] Level 1:colcon.colcon_core.environment:checking '/home/imml/git/ROB_534_Project/install/realsense2_description/lib/pkgconfig/realsense2_description.pc'
[1.320s] Level 1:colcon.colcon_core.environment:checking '/home/imml/git/ROB_534_Project/install/realsense2_description/lib/python3.10/site-packages'
[1.320s] Level 1:colcon.colcon_core.environment:checking '/home/imml/git/ROB_534_Project/install/realsense2_description/bin'
[1.320s] INFO:colcon.colcon_core.shell:Creating package script '/home/imml/git/ROB_534_Project/install/realsense2_description/share/realsense2_description/package.ps1'
[1.321s] INFO:colcon.colcon_core.shell:Creating package descriptor '/home/imml/git/ROB_534_Project/install/realsense2_description/share/realsense2_description/package.dsv'
[1.322s] INFO:colcon.colcon_core.shell:Creating package script '/home/imml/git/ROB_534_Project/install/realsense2_description/share/realsense2_description/package.sh'
[1.323s] INFO:colcon.colcon_core.shell:Creating package script '/home/imml/git/ROB_534_Project/install/realsense2_description/share/realsense2_description/package.bash'
[1.323s] INFO:colcon.colcon_core.shell:Creating package script '/home/imml/git/ROB_534_Project/install/realsense2_description/share/realsense2_description/package.zsh'
[1.324s] Level 1:colcon.colcon_core.environment:create_file_with_runtime_dependencies(/home/imml/git/ROB_534_Project/install/realsense2_description/share/colcon-core/packages/realsense2_description)
[1.325s] Level 1:colcon.colcon_core.environment:create_environment_scripts_only(realsense2_camera)
[1.326s] Level 1:colcon.colcon_core.environment:checking '/home/imml/git/ROB_534_Project/install/realsense2_camera' for CMake module files
[1.327s] DEBUG:colcon.colcon_core.event_handler.log_command:Invoked command in '/home/imml/git/ROB_534_Project/build/realsense2_camera' returned '0': CMAKE_PREFIX_PATH=/home/imml/git/ROB_534_Project/install/realsense2_camera_msgs:/home/imml/git/ROB_534_Project/install/ur:/home/imml/git/ROB_534_Project/install/ur_calibration:/home/imml/git/ROB_534_Project/install/ur_robot_driver:/home/imml/git/ROB_534_Project/install/ur_moveit_config:/home/imml/git/ROB_534_Project/install/ur_bringup:/home/imml/git/ROB_534_Project/install/ur_description:/home/imml/git/ROB_534_Project/install/ur_controllers:/home/imml/git/ROB_534_Project/install/ur_dashboard_msgs:/home/imml/git/ROB_534_Project/install/realsense2_description:/home/imml/git/ROB_534_Project/install/realsense2_camera:/home/imml/git/ROB_534_Project/install/harvest_control:/home/imml/git/ROB_534_Project/install/harvest:/home/imml/git/ROB_534_Project/install/harvest_interfaces:/home/imml/git/ROB_534_Project/install/ur5e_custom_hardware:/home/imml/git/ROB_534_Project/install/harvest_vision:/opt/ros/humble LD_LIBRARY_PATH=/home/imml/git/ROB_534_Project/install/realsense2_camera_msgs/lib:/home/imml/git/ROB_534_Project/install/ur_robot_driver/lib:/home/imml/git/ROB_534_Project/install/ur_controllers/lib:/home/imml/git/ROB_534_Project/install/ur_dashboard_msgs/lib:/home/imml/git/ROB_534_Project/install/realsense2_camera/lib:/home/imml/git/ROB_534_Project/install/harvest_interfaces/lib:/opt/ros/humble/opt/rviz_ogre_vendor/lib:/opt/ros/humble/lib/x86_64-linux-gnu:/opt/ros/humble/lib /usr/bin/cmake --install /home/imml/git/ROB_534_Project/build/realsense2_camera
[1.328s] Level 1:colcon.colcon_core.environment:checking '/home/imml/git/ROB_534_Project/install/realsense2_camera' for CMake config files
[1.329s] Level 1:colcon.colcon_core.shell:create_environment_hook('realsense2_camera', 'cmake_prefix_path')
[1.329s] INFO:colcon.colcon_core.shell:Creating environment hook '/home/imml/git/ROB_534_Project/install/realsense2_camera/share/realsense2_camera/hook/cmake_prefix_path.ps1'
[1.330s] INFO:colcon.colcon_core.shell:Creating environment descriptor '/home/imml/git/ROB_534_Project/install/realsense2_camera/share/realsense2_camera/hook/cmake_prefix_path.dsv'
[1.330s] INFO:colcon.colcon_core.shell:Creating environment hook '/home/imml/git/ROB_534_Project/install/realsense2_camera/share/realsense2_camera/hook/cmake_prefix_path.sh'
[1.331s] Level 1:colcon.colcon_core.environment:checking '/home/imml/git/ROB_534_Project/install/realsense2_camera/lib'
[1.331s] Level 1:colcon.colcon_core.shell:create_environment_hook('realsense2_camera', 'ld_library_path_lib')
[1.332s] INFO:colcon.colcon_core.shell:Creating environment hook '/home/imml/git/ROB_534_Project/install/realsense2_camera/share/realsense2_camera/hook/ld_library_path_lib.ps1'
[1.332s] INFO:colcon.colcon_core.shell:Creating environment descriptor '/home/imml/git/ROB_534_Project/install/realsense2_camera/share/realsense2_camera/hook/ld_library_path_lib.dsv'
[1.333s] INFO:colcon.colcon_core.shell:Creating environment hook '/home/imml/git/ROB_534_Project/install/realsense2_camera/share/realsense2_camera/hook/ld_library_path_lib.sh'
[1.333s] Level 1:colcon.colcon_core.environment:checking '/home/imml/git/ROB_534_Project/install/realsense2_camera/bin'
[1.333s] Level 1:colcon.colcon_core.environment:checking '/home/imml/git/ROB_534_Project/install/realsense2_camera/lib/pkgconfig/realsense2_camera.pc'
[1.333s] Level 1:colcon.colcon_core.environment:checking '/home/imml/git/ROB_534_Project/install/realsense2_camera/lib/python3.10/site-packages'
[1.334s] Level 1:colcon.colcon_core.environment:checking '/home/imml/git/ROB_534_Project/install/realsense2_camera/bin'
[1.334s] INFO:colcon.colcon_core.shell:Creating package script '/home/imml/git/ROB_534_Project/install/realsense2_camera/share/realsense2_camera/package.ps1'
[1.335s] INFO:colcon.colcon_core.shell:Creating package descriptor '/home/imml/git/ROB_534_Project/install/realsense2_camera/share/realsense2_camera/package.dsv'
[1.336s] INFO:colcon.colcon_core.shell:Creating package script '/home/imml/git/ROB_534_Project/install/realsense2_camera/share/realsense2_camera/package.sh'
[1.336s] INFO:colcon.colcon_core.shell:Creating package script '/home/imml/git/ROB_534_Project/install/realsense2_camera/share/realsense2_camera/package.bash'
[1.337s] INFO:colcon.colcon_core.shell:Creating package script '/home/imml/git/ROB_534_Project/install/realsense2_camera/share/realsense2_camera/package.zsh'
[1.337s] Level 1:colcon.colcon_core.environment:create_file_with_runtime_dependencies(/home/imml/git/ROB_534_Project/install/realsense2_camera/share/colcon-core/packages/realsense2_camera)
[1.338s] Level 1:colcon.colcon_core.environment:create_environment_scripts_only(realsense2_camera)
[1.338s] Level 1:colcon.colcon_core.environment:checking '/home/imml/git/ROB_534_Project/install/realsense2_camera' for CMake module files
[1.339s] Level 1:colcon.colcon_core.environment:checking '/home/imml/git/ROB_534_Project/install/realsense2_camera' for CMake config files
[1.340s] Level 1:colcon.colcon_core.shell:create_environment_hook('realsense2_camera', 'cmake_prefix_path')
[1.340s] INFO:colcon.colcon_core.shell:Creating environment hook '/home/imml/git/ROB_534_Project/install/realsense2_camera/share/realsense2_camera/hook/cmake_prefix_path.ps1'
[1.341s] INFO:colcon.colcon_core.shell:Creating environment descriptor '/home/imml/git/ROB_534_Project/install/realsense2_camera/share/realsense2_camera/hook/cmake_prefix_path.dsv'
[1.342s] INFO:colcon.colcon_core.shell:Creating environment hook '/home/imml/git/ROB_534_Project/install/realsense2_camera/share/realsense2_camera/hook/cmake_prefix_path.sh'
[1.342s] Level 1:colcon.colcon_core.environment:checking '/home/imml/git/ROB_534_Project/install/realsense2_camera/lib'
[1.343s] Level 1:colcon.colcon_core.shell:create_environment_hook('realsense2_camera', 'ld_library_path_lib')
[1.343s] INFO:colcon.colcon_core.shell:Creating environment hook '/home/imml/git/ROB_534_Project/install/realsense2_camera/share/realsense2_camera/hook/ld_library_path_lib.ps1'
[1.344s] INFO:colcon.colcon_core.shell:Creating environment descriptor '/home/imml/git/ROB_534_Project/install/realsense2_camera/share/realsense2_camera/hook/ld_library_path_lib.dsv'
[1.344s] INFO:colcon.colcon_core.shell:Creating environment hook '/home/imml/git/ROB_534_Project/install/realsense2_camera/share/realsense2_camera/hook/ld_library_path_lib.sh'
[1.345s] Level 1:colcon.colcon_core.environment:checking '/home/imml/git/ROB_534_Project/install/realsense2_camera/bin'
[1.345s] Level 1:colcon.colcon_core.environment:checking '/home/imml/git/ROB_534_Project/install/realsense2_camera/lib/pkgconfig/realsense2_camera.pc'
[1.345s] Level 1:colcon.colcon_core.environment:checking '/home/imml/git/ROB_534_Project/install/realsense2_camera/lib/python3.10/site-packages'
[1.346s] Level 1:colcon.colcon_core.environment:checking '/home/imml/git/ROB_534_Project/install/realsense2_camera/bin'
[1.346s] INFO:colcon.colcon_core.shell:Creating package script '/home/imml/git/ROB_534_Project/install/realsense2_camera/share/realsense2_camera/package.ps1'
[1.347s] INFO:colcon.colcon_core.shell:Creating package descriptor '/home/imml/git/ROB_534_Project/install/realsense2_camera/share/realsense2_camera/package.dsv'
[1.348s] INFO:colcon.colcon_core.shell:Creating package script '/home/imml/git/ROB_534_Project/install/realsense2_camera/share/realsense2_camera/package.sh'
[1.348s] INFO:colcon.colcon_core.shell:Creating package script '/home/imml/git/ROB_534_Project/install/realsense2_camera/share/realsense2_camera/package.bash'
[1.349s] INFO:colcon.colcon_core.shell:Creating package script '/home/imml/git/ROB_534_Project/install/realsense2_camera/share/realsense2_camera/package.zsh'
[1.349s] Level 1:colcon.colcon_core.environment:create_file_with_runtime_dependencies(/home/imml/git/ROB_534_Project/install/realsense2_camera/share/colcon-core/packages/realsense2_camera)
[1.350s] Level 1:colcon.colcon_core.environment:create_environment_scripts_only(ur_controllers)
[1.350s] Level 1:colcon.colcon_core.environment:checking '/home/imml/git/ROB_534_Project/install/ur_controllers' for CMake module files
[1.352s] DEBUG:colcon.colcon_core.event_handler.log_command:Invoked command in '/home/imml/git/ROB_534_Project/build/ur_controllers' returned '0': CMAKE_PREFIX_PATH=/home/imml/git/ROB_534_Project/install/ur_dashboard_msgs:/home/imml/git/ROB_534_Project/install/ur:/home/imml/git/ROB_534_Project/install/ur_calibration:/home/imml/git/ROB_534_Project/install/ur_robot_driver:/home/imml/git/ROB_534_Project/install/ur_moveit_config:/home/imml/git/ROB_534_Project/install/ur_bringup:/home/imml/git/ROB_534_Project/install/ur_description:/home/imml/git/ROB_534_Project/install/ur_controllers:/home/imml/git/ROB_534_Project/install/realsense2_description:/home/imml/git/ROB_534_Project/install/realsense2_camera:/home/imml/git/ROB_534_Project/install/realsense2_camera_msgs:/home/imml/git/ROB_534_Project/install/harvest_control:/home/imml/git/ROB_534_Project/install/harvest:/home/imml/git/ROB_534_Project/install/harvest_interfaces:/home/imml/git/ROB_534_Project/install/ur5e_custom_hardware:/home/imml/git/ROB_534_Project/install/harvest_vision:/opt/ros/humble LD_LIBRARY_PATH=/home/imml/git/ROB_534_Project/install/ur_dashboard_msgs/lib:/home/imml/git/ROB_534_Project/install/ur_robot_driver/lib:/home/imml/git/ROB_534_Project/install/ur_controllers/lib:/home/imml/git/ROB_534_Project/install/realsense2_camera/lib:/home/imml/git/ROB_534_Project/install/realsense2_camera_msgs/lib:/home/imml/git/ROB_534_Project/install/harvest_interfaces/lib:/opt/ros/humble/opt/rviz_ogre_vendor/lib:/opt/ros/humble/lib/x86_64-linux-gnu:/opt/ros/humble/lib /usr/bin/cmake --install /home/imml/git/ROB_534_Project/build/ur_controllers
[1.352s] Level 1:colcon.colcon_core.environment:checking '/home/imml/git/ROB_534_Project/install/ur_controllers' for CMake config files
[1.353s] Level 1:colcon.colcon_core.shell:create_environment_hook('ur_controllers', 'cmake_prefix_path')
[1.353s] INFO:colcon.colcon_core.shell:Creating environment hook '/home/imml/git/ROB_534_Project/install/ur_controllers/share/ur_controllers/hook/cmake_prefix_path.ps1'
[1.354s] INFO:colcon.colcon_core.shell:Creating environment descriptor '/home/imml/git/ROB_534_Project/install/ur_controllers/share/ur_controllers/hook/cmake_prefix_path.dsv'
[1.354s] INFO:colcon.colcon_core.shell:Creating environment hook '/home/imml/git/ROB_534_Project/install/ur_controllers/share/ur_controllers/hook/cmake_prefix_path.sh'
[1.355s] Level 1:colcon.colcon_core.environment:checking '/home/imml/git/ROB_534_Project/install/ur_controllers/lib'
[1.355s] Level 1:colcon.colcon_core.shell:create_environment_hook('ur_controllers', 'ld_library_path_lib')
[1.355s] INFO:colcon.colcon_core.shell:Creating environment hook '/home/imml/git/ROB_534_Project/install/ur_controllers/share/ur_controllers/hook/ld_library_path_lib.ps1'
[1.356s] INFO:colcon.colcon_core.shell:Creating environment descriptor '/home/imml/git/ROB_534_Project/install/ur_controllers/share/ur_controllers/hook/ld_library_path_lib.dsv'
[1.356s] INFO:colcon.colcon_core.shell:Creating environment hook '/home/imml/git/ROB_534_Project/install/ur_controllers/share/ur_controllers/hook/ld_library_path_lib.sh'
[1.357s] Level 1:colcon.colcon_core.environment:checking '/home/imml/git/ROB_534_Project/install/ur_controllers/bin'
[1.357s] Level 1:colcon.colcon_core.environment:checking '/home/imml/git/ROB_534_Project/install/ur_controllers/lib/pkgconfig/ur_controllers.pc'
[1.357s] Level 1:colcon.colcon_core.environment:checking '/home/imml/git/ROB_534_Project/install/ur_controllers/lib/python3.10/site-packages'
[1.357s] Level 1:colcon.colcon_core.environment:checking '/home/imml/git/ROB_534_Project/install/ur_controllers/bin'
[1.358s] INFO:colcon.colcon_core.shell:Creating package script '/home/imml/git/ROB_534_Project/install/ur_controllers/share/ur_controllers/package.ps1'
[1.358s] INFO:colcon.colcon_core.shell:Creating package descriptor '/home/imml/git/ROB_534_Project/install/ur_controllers/share/ur_controllers/package.dsv'
[1.359s] INFO:colcon.colcon_core.shell:Creating package script '/home/imml/git/ROB_534_Project/install/ur_controllers/share/ur_controllers/package.sh'
[1.359s] INFO:colcon.colcon_core.shell:Creating package script '/home/imml/git/ROB_534_Project/install/ur_controllers/share/ur_controllers/package.bash'
[1.359s] INFO:colcon.colcon_core.shell:Creating package script '/home/imml/git/ROB_534_Project/install/ur_controllers/share/ur_controllers/package.zsh'
[1.360s] Level 1:colcon.colcon_core.environment:create_file_with_runtime_dependencies(/home/imml/git/ROB_534_Project/install/ur_controllers/share/colcon-core/packages/ur_controllers)
[1.360s] Level 1:colcon.colcon_core.environment:create_environment_scripts_only(ur_controllers)
[1.361s] Level 1:colcon.colcon_core.environment:checking '/home/imml/git/ROB_534_Project/install/ur_controllers' for CMake module files
[1.362s] Level 1:colcon.colcon_core.environment:checking '/home/imml/git/ROB_534_Project/install/ur_controllers' for CMake config files
[1.362s] Level 1:colcon.colcon_core.shell:create_environment_hook('ur_controllers', 'cmake_prefix_path')
[1.363s] INFO:colcon.colcon_core.shell:Creating environment hook '/home/imml/git/ROB_534_Project/install/ur_controllers/share/ur_controllers/hook/cmake_prefix_path.ps1'
[1.363s] INFO:colcon.colcon_core.shell:Creating environment descriptor '/home/imml/git/ROB_534_Project/install/ur_controllers/share/ur_controllers/hook/cmake_prefix_path.dsv'
[1.363s] INFO:colcon.colcon_core.shell:Creating environment hook '/home/imml/git/ROB_534_Project/install/ur_controllers/share/ur_controllers/hook/cmake_prefix_path.sh'
[1.364s] Level 1:colcon.colcon_core.environment:checking '/home/imml/git/ROB_534_Project/install/ur_controllers/lib'
[1.364s] Level 1:colcon.colcon_core.shell:create_environment_hook('ur_controllers', 'ld_library_path_lib')
[1.364s] INFO:colcon.colcon_core.shell:Creating environment hook '/home/imml/git/ROB_534_Project/install/ur_controllers/share/ur_controllers/hook/ld_library_path_lib.ps1'
[1.365s] INFO:colcon.colcon_core.shell:Creating environment descriptor '/home/imml/git/ROB_534_Project/install/ur_controllers/share/ur_controllers/hook/ld_library_path_lib.dsv'
[1.365s] INFO:colcon.colcon_core.shell:Creating environment hook '/home/imml/git/ROB_534_Project/install/ur_controllers/share/ur_controllers/hook/ld_library_path_lib.sh'
[1.365s] Level 1:colcon.colcon_core.environment:checking '/home/imml/git/ROB_534_Project/install/ur_controllers/bin'
[1.365s] Level 1:colcon.colcon_core.environment:checking '/home/imml/git/ROB_534_Project/install/ur_controllers/lib/pkgconfig/ur_controllers.pc'
[1.365s] Level 1:colcon.colcon_core.environment:checking '/home/imml/git/ROB_534_Project/install/ur_controllers/lib/python3.10/site-packages'
[1.366s] Level 1:colcon.colcon_core.environment:checking '/home/imml/git/ROB_534_Project/install/ur_controllers/bin'
[1.366s] INFO:colcon.colcon_core.shell:Creating package script '/home/imml/git/ROB_534_Project/install/ur_controllers/share/ur_controllers/package.ps1'
[1.366s] INFO:colcon.colcon_core.shell:Creating package descriptor '/home/imml/git/ROB_534_Project/install/ur_controllers/share/ur_controllers/package.dsv'
[1.367s] INFO:colcon.colcon_core.shell:Creating package script '/home/imml/git/ROB_534_Project/install/ur_controllers/share/ur_controllers/package.sh'
[1.367s] INFO:colcon.colcon_core.shell:Creating package script '/home/imml/git/ROB_534_Project/install/ur_controllers/share/ur_controllers/package.bash'
[1.367s] INFO:colcon.colcon_core.shell:Creating package script '/home/imml/git/ROB_534_Project/install/ur_controllers/share/ur_controllers/package.zsh'
[1.368s] Level 1:colcon.colcon_core.environment:create_file_with_runtime_dependencies(/home/imml/git/ROB_534_Project/install/ur_controllers/share/colcon-core/packages/ur_controllers)
[1.368s] INFO:colcon.colcon_ros.task.ament_cmake.build:Building ROS package in '/home/imml/git/ROB_534_Project/harvest_hardware/Universal_Robots_ROS2_Driver/ur_robot_driver' with build type 'ament_cmake'
[1.368s] INFO:colcon.colcon_cmake.task.cmake.build:Building CMake package in '/home/imml/git/ROB_534_Project/harvest_hardware/Universal_Robots_ROS2_Driver/ur_robot_driver'
[1.368s] INFO:colcon.colcon_core.shell:Skip shell extension 'powershell' for command environment: Not usable outside of PowerShell
[1.368s] DEBUG:colcon.colcon_core.shell:Skip shell extension 'dsv' for command environment
[1.373s] INFO:colcon.colcon_ros.task.ament_cmake.build:Building ROS package in '/home/imml/git/ROB_534_Project/harvest_hardware/Universal_Robots_ROS2_Driver/ur_bringup' with build type 'ament_cmake'
[1.373s] INFO:colcon.colcon_cmake.task.cmake.build:Building CMake package in '/home/imml/git/ROB_534_Project/harvest_hardware/Universal_Robots_ROS2_Driver/ur_bringup'
[1.374s] INFO:colcon.colcon_core.shell:Skip shell extension 'powershell' for command environment: Not usable outside of PowerShell
[1.374s] DEBUG:colcon.colcon_core.shell:Skip shell extension 'dsv' for command environment
[1.384s] DEBUG:colcon.colcon_core.event_handler.log_command:Invoked command in '/home/imml/git/ROB_534_Project/build/harvest' returned '0': CMAKE_PREFIX_PATH=/home/imml/git/ROB_534_Project/install/harvest_interfaces:/home/imml/git/ROB_534_Project/install/ur:/home/imml/git/ROB_534_Project/install/ur_calibration:/home/imml/git/ROB_534_Project/install/ur_robot_driver:/home/imml/git/ROB_534_Project/install/ur_moveit_config:/home/imml/git/ROB_534_Project/install/ur_bringup:/home/imml/git/ROB_534_Project/install/ur_description:/home/imml/git/ROB_534_Project/install/ur_controllers:/home/imml/git/ROB_534_Project/install/ur_dashboard_msgs:/home/imml/git/ROB_534_Project/install/realsense2_description:/home/imml/git/ROB_534_Project/install/realsense2_camera:/home/imml/git/ROB_534_Project/install/realsense2_camera_msgs:/home/imml/git/ROB_534_Project/install/harvest_control:/home/imml/git/ROB_534_Project/install/harvest:/home/imml/git/ROB_534_Project/install/ur5e_custom_hardware:/home/imml/git/ROB_534_Project/install/harvest_vision:/opt/ros/humble LD_LIBRARY_PATH=/home/imml/git/ROB_534_Project/install/harvest_interfaces/lib:/home/imml/git/ROB_534_Project/install/ur_robot_driver/lib:/home/imml/git/ROB_534_Project/install/ur_controllers/lib:/home/imml/git/ROB_534_Project/install/ur_dashboard_msgs/lib:/home/imml/git/ROB_534_Project/install/realsense2_camera/lib:/home/imml/git/ROB_534_Project/install/realsense2_camera_msgs/lib:/opt/ros/humble/opt/rviz_ogre_vendor/lib:/opt/ros/humble/lib/x86_64-linux-gnu:/opt/ros/humble/lib /usr/bin/cmake --build /home/imml/git/ROB_534_Project/build/harvest -- -j16 -l16
[1.387s] DEBUG:colcon.colcon_core.event_handler.log_command:Invoking command in '/home/imml/git/ROB_534_Project/build/harvest': CMAKE_PREFIX_PATH=/home/imml/git/ROB_534_Project/install/harvest_interfaces:/home/imml/git/ROB_534_Project/install/ur:/home/imml/git/ROB_534_Project/install/ur_calibration:/home/imml/git/ROB_534_Project/install/ur_robot_driver:/home/imml/git/ROB_534_Project/install/ur_moveit_config:/home/imml/git/ROB_534_Project/install/ur_bringup:/home/imml/git/ROB_534_Project/install/ur_description:/home/imml/git/ROB_534_Project/install/ur_controllers:/home/imml/git/ROB_534_Project/install/ur_dashboard_msgs:/home/imml/git/ROB_534_Project/install/realsense2_description:/home/imml/git/ROB_534_Project/install/realsense2_camera:/home/imml/git/ROB_534_Project/install/realsense2_camera_msgs:/home/imml/git/ROB_534_Project/install/harvest_control:/home/imml/git/ROB_534_Project/install/harvest:/home/imml/git/ROB_534_Project/install/ur5e_custom_hardware:/home/imml/git/ROB_534_Project/install/harvest_vision:/opt/ros/humble LD_LIBRARY_PATH=/home/imml/git/ROB_534_Project/install/harvest_interfaces/lib:/home/imml/git/ROB_534_Project/install/ur_robot_driver/lib:/home/imml/git/ROB_534_Project/install/ur_controllers/lib:/home/imml/git/ROB_534_Project/install/ur_dashboard_msgs/lib:/home/imml/git/ROB_534_Project/install/realsense2_camera/lib:/home/imml/git/ROB_534_Project/install/realsense2_camera_msgs/lib:/opt/ros/humble/opt/rviz_ogre_vendor/lib:/opt/ros/humble/lib/x86_64-linux-gnu:/opt/ros/humble/lib /usr/bin/cmake --install /home/imml/git/ROB_534_Project/build/harvest
[1.393s] DEBUG:colcon.colcon_core.event_handler.log_command:Invoking command in '/home/imml/git/ROB_534_Project/build/ur_robot_driver': CMAKE_PREFIX_PATH=/home/imml/git/ROB_534_Project/install/ur_controllers:/home/imml/git/ROB_534_Project/install/ur_description:/home/imml/git/ROB_534_Project/install/ur_dashboard_msgs:/home/imml/git/ROB_534_Project/install/ur:/home/imml/git/ROB_534_Project/install/ur_calibration:/home/imml/git/ROB_534_Project/install/ur_robot_driver:/home/imml/git/ROB_534_Project/install/ur_moveit_config:/home/imml/git/ROB_534_Project/install/ur_bringup:/home/imml/git/ROB_534_Project/install/realsense2_description:/home/imml/git/ROB_534_Project/install/realsense2_camera:/home/imml/git/ROB_534_Project/install/realsense2_camera_msgs:/home/imml/git/ROB_534_Project/install/harvest_control:/home/imml/git/ROB_534_Project/install/harvest:/home/imml/git/ROB_534_Project/install/harvest_interfaces:/home/imml/git/ROB_534_Project/install/ur5e_custom_hardware:/home/imml/git/ROB_534_Project/install/harvest_vision:/opt/ros/humble LD_LIBRARY_PATH=/home/imml/git/ROB_534_Project/install/ur_controllers/lib:/home/imml/git/ROB_534_Project/install/ur_dashboard_msgs/lib:/home/imml/git/ROB_534_Project/install/ur_robot_driver/lib:/home/imml/git/ROB_534_Project/install/realsense2_camera/lib:/home/imml/git/ROB_534_Project/install/realsense2_camera_msgs/lib:/home/imml/git/ROB_534_Project/install/harvest_interfaces/lib:/opt/ros/humble/opt/rviz_ogre_vendor/lib:/opt/ros/humble/lib/x86_64-linux-gnu:/opt/ros/humble/lib /usr/bin/cmake --build /home/imml/git/ROB_534_Project/build/ur_robot_driver -- -j16 -l16
[1.397s] DEBUG:colcon.colcon_core.event_handler.log_command:Invoking command in '/home/imml/git/ROB_534_Project/build/ur_bringup': CMAKE_PREFIX_PATH=/home/imml/git/ROB_534_Project/install/ur_controllers:/home/imml/git/ROB_534_Project/install/ur_description:/home/imml/git/ROB_534_Project/install/ur_dashboard_msgs:/home/imml/git/ROB_534_Project/install/ur:/home/imml/git/ROB_534_Project/install/ur_calibration:/home/imml/git/ROB_534_Project/install/ur_robot_driver:/home/imml/git/ROB_534_Project/install/ur_moveit_config:/home/imml/git/ROB_534_Project/install/ur_bringup:/home/imml/git/ROB_534_Project/install/realsense2_description:/home/imml/git/ROB_534_Project/install/realsense2_camera:/home/imml/git/ROB_534_Project/install/realsense2_camera_msgs:/home/imml/git/ROB_534_Project/install/harvest_control:/home/imml/git/ROB_534_Project/install/harvest:/home/imml/git/ROB_534_Project/install/harvest_interfaces:/home/imml/git/ROB_534_Project/install/ur5e_custom_hardware:/home/imml/git/ROB_534_Project/install/harvest_vision:/opt/ros/humble LD_LIBRARY_PATH=/home/imml/git/ROB_534_Project/install/ur_controllers/lib:/home/imml/git/ROB_534_Project/install/ur_dashboard_msgs/lib:/home/imml/git/ROB_534_Project/install/ur_robot_driver/lib:/home/imml/git/ROB_534_Project/install/realsense2_camera/lib:/home/imml/git/ROB_534_Project/install/realsense2_camera_msgs/lib:/home/imml/git/ROB_534_Project/install/harvest_interfaces/lib:/opt/ros/humble/opt/rviz_ogre_vendor/lib:/opt/ros/humble/lib/x86_64-linux-gnu:/opt/ros/humble/lib /usr/bin/cmake --build /home/imml/git/ROB_534_Project/build/ur_bringup -- -j16 -l16
[1.407s] Level 1:colcon.colcon_core.environment:create_environment_scripts_only(ur_moveit_config)
[1.408s] Level 1:colcon.colcon_core.environment:checking '/home/imml/git/ROB_534_Project/install/ur_moveit_config' for CMake module files
[1.409s] DEBUG:colcon.colcon_core.event_handler.log_command:Invoked command in '/home/imml/git/ROB_534_Project/build/ur_moveit_config' returned '0': CMAKE_PREFIX_PATH=/home/imml/git/ROB_534_Project/install/ur_description:/home/imml/git/ROB_534_Project/install/ur:/home/imml/git/ROB_534_Project/install/ur_calibration:/home/imml/git/ROB_534_Project/install/ur_robot_driver:/home/imml/git/ROB_534_Project/install/ur_moveit_config:/home/imml/git/ROB_534_Project/install/ur_bringup:/home/imml/git/ROB_534_Project/install/ur_controllers:/home/imml/git/ROB_534_Project/install/ur_dashboard_msgs:/home/imml/git/ROB_534_Project/install/realsense2_description:/home/imml/git/ROB_534_Project/install/realsense2_camera:/home/imml/git/ROB_534_Project/install/realsense2_camera_msgs:/home/imml/git/ROB_534_Project/install/harvest_control:/home/imml/git/ROB_534_Project/install/harvest:/home/imml/git/ROB_534_Project/install/harvest_interfaces:/home/imml/git/ROB_534_Project/install/ur5e_custom_hardware:/home/imml/git/ROB_534_Project/install/harvest_vision:/opt/ros/humble /usr/bin/cmake --install /home/imml/git/ROB_534_Project/build/ur_moveit_config
[1.409s] Level 1:colcon.colcon_core.environment:checking '/home/imml/git/ROB_534_Project/install/ur_moveit_config' for CMake config files
[1.410s] Level 1:colcon.colcon_core.shell:create_environment_hook('ur_moveit_config', 'cmake_prefix_path')
[1.411s] INFO:colcon.colcon_core.shell:Creating environment hook '/home/imml/git/ROB_534_Project/install/ur_moveit_config/share/ur_moveit_config/hook/cmake_prefix_path.ps1'
[1.412s] INFO:colcon.colcon_core.shell:Creating environment descriptor '/home/imml/git/ROB_534_Project/install/ur_moveit_config/share/ur_moveit_config/hook/cmake_prefix_path.dsv'
[1.413s] INFO:colcon.colcon_core.shell:Creating environment hook '/home/imml/git/ROB_534_Project/install/ur_moveit_config/share/ur_moveit_config/hook/cmake_prefix_path.sh'
[1.414s] Level 1:colcon.colcon_core.environment:checking '/home/imml/git/ROB_534_Project/install/ur_moveit_config/bin'
[1.414s] Level 1:colcon.colcon_core.environment:checking '/home/imml/git/ROB_534_Project/install/ur_moveit_config/lib/pkgconfig/ur_moveit_config.pc'
[1.414s] Level 1:colcon.colcon_core.environment:checking '/home/imml/git/ROB_534_Project/install/ur_moveit_config/lib/python3.10/site-packages'
[1.414s] Level 1:colcon.colcon_core.environment:checking '/home/imml/git/ROB_534_Project/install/ur_moveit_config/bin'
[1.415s] INFO:colcon.colcon_core.shell:Creating package script '/home/imml/git/ROB_534_Project/install/ur_moveit_config/share/ur_moveit_config/package.ps1'
[1.415s] INFO:colcon.colcon_core.shell:Creating package descriptor '/home/imml/git/ROB_534_Project/install/ur_moveit_config/share/ur_moveit_config/package.dsv'
[1.416s] INFO:colcon.colcon_core.shell:Creating package script '/home/imml/git/ROB_534_Project/install/ur_moveit_config/share/ur_moveit_config/package.sh'
[1.416s] INFO:colcon.colcon_core.shell:Creating package script '/home/imml/git/ROB_534_Project/install/ur_moveit_config/share/ur_moveit_config/package.bash'
[1.417s] INFO:colcon.colcon_core.shell:Creating package script '/home/imml/git/ROB_534_Project/install/ur_moveit_config/share/ur_moveit_config/package.zsh'
[1.417s] Level 1:colcon.colcon_core.environment:create_file_with_runtime_dependencies(/home/imml/git/ROB_534_Project/install/ur_moveit_config/share/colcon-core/packages/ur_moveit_config)
[1.418s] Level 1:colcon.colcon_core.environment:create_environment_scripts_only(ur_moveit_config)
[1.418s] Level 1:colcon.colcon_core.environment:checking '/home/imml/git/ROB_534_Project/install/ur_moveit_config' for CMake module files
[1.419s] Level 1:colcon.colcon_core.environment:checking '/home/imml/git/ROB_534_Project/install/ur_moveit_config' for CMake config files
[1.419s] Level 1:colcon.colcon_core.shell:create_environment_hook('ur_moveit_config', 'cmake_prefix_path')
[1.419s] INFO:colcon.colcon_core.shell:Creating environment hook '/home/imml/git/ROB_534_Project/install/ur_moveit_config/share/ur_moveit_config/hook/cmake_prefix_path.ps1'
[1.420s] INFO:colcon.colcon_core.shell:Creating environment descriptor '/home/imml/git/ROB_534_Project/install/ur_moveit_config/share/ur_moveit_config/hook/cmake_prefix_path.dsv'
[1.420s] INFO:colcon.colcon_core.shell:Creating environment hook '/home/imml/git/ROB_534_Project/install/ur_moveit_config/share/ur_moveit_config/hook/cmake_prefix_path.sh'
[1.420s] Level 1:colcon.colcon_core.environment:checking '/home/imml/git/ROB_534_Project/install/ur_moveit_config/bin'
[1.420s] Level 1:colcon.colcon_core.environment:checking '/home/imml/git/ROB_534_Project/install/ur_moveit_config/lib/pkgconfig/ur_moveit_config.pc'
[1.421s] Level 1:colcon.colcon_core.environment:checking '/home/imml/git/ROB_534_Project/install/ur_moveit_config/lib/python3.10/site-packages'
[1.421s] Level 1:colcon.colcon_core.environment:checking '/home/imml/git/ROB_534_Project/install/ur_moveit_config/bin'
[1.421s] INFO:colcon.colcon_core.shell:Creating package script '/home/imml/git/ROB_534_Project/install/ur_moveit_config/share/ur_moveit_config/package.ps1'
[1.421s] INFO:colcon.colcon_core.shell:Creating package descriptor '/home/imml/git/ROB_534_Project/install/ur_moveit_config/share/ur_moveit_config/package.dsv'
[1.422s] INFO:colcon.colcon_core.shell:Creating package script '/home/imml/git/ROB_534_Project/install/ur_moveit_config/share/ur_moveit_config/package.sh'
[1.422s] INFO:colcon.colcon_core.shell:Creating package script '/home/imml/git/ROB_534_Project/install/ur_moveit_config/share/ur_moveit_config/package.bash'
[1.422s] INFO:colcon.colcon_core.shell:Creating package script '/home/imml/git/ROB_534_Project/install/ur_moveit_config/share/ur_moveit_config/package.zsh'
[1.423s] Level 1:colcon.colcon_core.environment:create_file_with_runtime_dependencies(/home/imml/git/ROB_534_Project/install/ur_moveit_config/share/colcon-core/packages/ur_moveit_config)
[1.450s] DEBUG:colcon.colcon_core.event_handler.log_command:Invoked command in '/home/imml/git/ROB_534_Project/build/ur_bringup' returned '0': CMAKE_PREFIX_PATH=/home/imml/git/ROB_534_Project/install/ur_controllers:/home/imml/git/ROB_534_Project/install/ur_description:/home/imml/git/ROB_534_Project/install/ur_dashboard_msgs:/home/imml/git/ROB_534_Project/install/ur:/home/imml/git/ROB_534_Project/install/ur_calibration:/home/imml/git/ROB_534_Project/install/ur_robot_driver:/home/imml/git/ROB_534_Project/install/ur_moveit_config:/home/imml/git/ROB_534_Project/install/ur_bringup:/home/imml/git/ROB_534_Project/install/realsense2_description:/home/imml/git/ROB_534_Project/install/realsense2_camera:/home/imml/git/ROB_534_Project/install/realsense2_camera_msgs:/home/imml/git/ROB_534_Project/install/harvest_control:/home/imml/git/ROB_534_Project/install/harvest:/home/imml/git/ROB_534_Project/install/harvest_interfaces:/home/imml/git/ROB_534_Project/install/ur5e_custom_hardware:/home/imml/git/ROB_534_Project/install/harvest_vision:/opt/ros/humble LD_LIBRARY_PATH=/home/imml/git/ROB_534_Project/install/ur_controllers/lib:/home/imml/git/ROB_534_Project/install/ur_dashboard_msgs/lib:/home/imml/git/ROB_534_Project/install/ur_robot_driver/lib:/home/imml/git/ROB_534_Project/install/realsense2_camera/lib:/home/imml/git/ROB_534_Project/install/realsense2_camera_msgs/lib:/home/imml/git/ROB_534_Project/install/harvest_interfaces/lib:/opt/ros/humble/opt/rviz_ogre_vendor/lib:/opt/ros/humble/lib/x86_64-linux-gnu:/opt/ros/humble/lib /usr/bin/cmake --build /home/imml/git/ROB_534_Project/build/ur_bringup -- -j16 -l16
[1.451s] DEBUG:colcon.colcon_core.event_handler.log_command:Invoking command in '/home/imml/git/ROB_534_Project/build/ur_bringup': CMAKE_PREFIX_PATH=/home/imml/git/ROB_534_Project/install/ur_controllers:/home/imml/git/ROB_534_Project/install/ur_description:/home/imml/git/ROB_534_Project/install/ur_dashboard_msgs:/home/imml/git/ROB_534_Project/install/ur:/home/imml/git/ROB_534_Project/install/ur_calibration:/home/imml/git/ROB_534_Project/install/ur_robot_driver:/home/imml/git/ROB_534_Project/install/ur_moveit_config:/home/imml/git/ROB_534_Project/install/ur_bringup:/home/imml/git/ROB_534_Project/install/realsense2_description:/home/imml/git/ROB_534_Project/install/realsense2_camera:/home/imml/git/ROB_534_Project/install/realsense2_camera_msgs:/home/imml/git/ROB_534_Project/install/harvest_control:/home/imml/git/ROB_534_Project/install/harvest:/home/imml/git/ROB_534_Project/install/harvest_interfaces:/home/imml/git/ROB_534_Project/install/ur5e_custom_hardware:/home/imml/git/ROB_534_Project/install/harvest_vision:/opt/ros/humble LD_LIBRARY_PATH=/home/imml/git/ROB_534_Project/install/ur_controllers/lib:/home/imml/git/ROB_534_Project/install/ur_dashboard_msgs/lib:/home/imml/git/ROB_534_Project/install/ur_robot_driver/lib:/home/imml/git/ROB_534_Project/install/realsense2_camera/lib:/home/imml/git/ROB_534_Project/install/realsense2_camera_msgs/lib:/home/imml/git/ROB_534_Project/install/harvest_interfaces/lib:/opt/ros/humble/opt/rviz_ogre_vendor/lib:/opt/ros/humble/lib/x86_64-linux-gnu:/opt/ros/humble/lib /usr/bin/cmake --install /home/imml/git/ROB_534_Project/build/ur_bringup
[1.473s] Level 1:colcon.colcon_core.environment:create_environment_scripts_only(harvest)
[1.473s] Level 1:colcon.colcon_core.environment:checking '/home/imml/git/ROB_534_Project/install/harvest' for CMake module files
[1.474s] DEBUG:colcon.colcon_core.event_handler.log_command:Invoked command in '/home/imml/git/ROB_534_Project/build/harvest' returned '0': CMAKE_PREFIX_PATH=/home/imml/git/ROB_534_Project/install/harvest_interfaces:/home/imml/git/ROB_534_Project/install/ur:/home/imml/git/ROB_534_Project/install/ur_calibration:/home/imml/git/ROB_534_Project/install/ur_robot_driver:/home/imml/git/ROB_534_Project/install/ur_moveit_config:/home/imml/git/ROB_534_Project/install/ur_bringup:/home/imml/git/ROB_534_Project/install/ur_description:/home/imml/git/ROB_534_Project/install/ur_controllers:/home/imml/git/ROB_534_Project/install/ur_dashboard_msgs:/home/imml/git/ROB_534_Project/install/realsense2_description:/home/imml/git/ROB_534_Project/install/realsense2_camera:/home/imml/git/ROB_534_Project/install/realsense2_camera_msgs:/home/imml/git/ROB_534_Project/install/harvest_control:/home/imml/git/ROB_534_Project/install/harvest:/home/imml/git/ROB_534_Project/install/ur5e_custom_hardware:/home/imml/git/ROB_534_Project/install/harvest_vision:/opt/ros/humble LD_LIBRARY_PATH=/home/imml/git/ROB_534_Project/install/harvest_interfaces/lib:/home/imml/git/ROB_534_Project/install/ur_robot_driver/lib:/home/imml/git/ROB_534_Project/install/ur_controllers/lib:/home/imml/git/ROB_534_Project/install/ur_dashboard_msgs/lib:/home/imml/git/ROB_534_Project/install/realsense2_camera/lib:/home/imml/git/ROB_534_Project/install/realsense2_camera_msgs/lib:/opt/ros/humble/opt/rviz_ogre_vendor/lib:/opt/ros/humble/lib/x86_64-linux-gnu:/opt/ros/humble/lib /usr/bin/cmake --install /home/imml/git/ROB_534_Project/build/harvest
[1.475s] Level 1:colcon.colcon_core.environment:checking '/home/imml/git/ROB_534_Project/install/harvest' for CMake config files
[1.475s] Level 1:colcon.colcon_core.shell:create_environment_hook('harvest', 'cmake_prefix_path')
[1.476s] INFO:colcon.colcon_core.shell:Creating environment hook '/home/imml/git/ROB_534_Project/install/harvest/share/harvest/hook/cmake_prefix_path.ps1'
[1.478s] INFO:colcon.colcon_core.shell:Creating environment descriptor '/home/imml/git/ROB_534_Project/install/harvest/share/harvest/hook/cmake_prefix_path.dsv'
[1.478s] INFO:colcon.colcon_core.shell:Creating environment hook '/home/imml/git/ROB_534_Project/install/harvest/share/harvest/hook/cmake_prefix_path.sh'
[1.479s] Level 1:colcon.colcon_core.environment:checking '/home/imml/git/ROB_534_Project/install/harvest/lib'
[1.479s] Level 1:colcon.colcon_core.environment:checking '/home/imml/git/ROB_534_Project/install/harvest/bin'
[1.479s] Level 1:colcon.colcon_core.environment:checking '/home/imml/git/ROB_534_Project/install/harvest/lib/pkgconfig/harvest.pc'
[1.480s] Level 1:colcon.colcon_core.environment:checking '/home/imml/git/ROB_534_Project/install/harvest/lib/python3.10/site-packages'
[1.480s] Level 1:colcon.colcon_core.environment:checking '/home/imml/git/ROB_534_Project/install/harvest/bin'
[1.480s] INFO:colcon.colcon_core.shell:Creating package script '/home/imml/git/ROB_534_Project/install/harvest/share/harvest/package.ps1'
[1.481s] INFO:colcon.colcon_core.shell:Creating package descriptor '/home/imml/git/ROB_534_Project/install/harvest/share/harvest/package.dsv'
[1.481s] INFO:colcon.colcon_core.shell:Creating package script '/home/imml/git/ROB_534_Project/install/harvest/share/harvest/package.sh'
[1.482s] INFO:colcon.colcon_core.shell:Creating package script '/home/imml/git/ROB_534_Project/install/harvest/share/harvest/package.bash'
[1.482s] INFO:colcon.colcon_core.shell:Creating package script '/home/imml/git/ROB_534_Project/install/harvest/share/harvest/package.zsh'
[1.483s] Level 1:colcon.colcon_core.environment:create_file_with_runtime_dependencies(/home/imml/git/ROB_534_Project/install/harvest/share/colcon-core/packages/harvest)
[1.484s] Level 1:colcon.colcon_core.environment:create_environment_scripts_only(harvest)
[1.484s] Level 1:colcon.colcon_core.environment:checking '/home/imml/git/ROB_534_Project/install/harvest' for CMake module files
[1.485s] Level 1:colcon.colcon_core.environment:checking '/home/imml/git/ROB_534_Project/install/harvest' for CMake config files
[1.485s] Level 1:colcon.colcon_core.shell:create_environment_hook('harvest', 'cmake_prefix_path')
[1.486s] INFO:colcon.colcon_core.shell:Creating environment hook '/home/imml/git/ROB_534_Project/install/harvest/share/harvest/hook/cmake_prefix_path.ps1'
[1.486s] INFO:colcon.colcon_core.shell:Creating environment descriptor '/home/imml/git/ROB_534_Project/install/harvest/share/harvest/hook/cmake_prefix_path.dsv'
[1.487s] INFO:colcon.colcon_core.shell:Creating environment hook '/home/imml/git/ROB_534_Project/install/harvest/share/harvest/hook/cmake_prefix_path.sh'
[1.487s] Level 1:colcon.colcon_core.environment:checking '/home/imml/git/ROB_534_Project/install/harvest/lib'
[1.487s] Level 1:colcon.colcon_core.environment:checking '/home/imml/git/ROB_534_Project/install/harvest/bin'
[1.487s] Level 1:colcon.colcon_core.environment:checking '/home/imml/git/ROB_534_Project/install/harvest/lib/pkgconfig/harvest.pc'
[1.488s] Level 1:colcon.colcon_core.environment:checking '/home/imml/git/ROB_534_Project/install/harvest/lib/python3.10/site-packages'
[1.488s] Level 1:colcon.colcon_core.environment:checking '/home/imml/git/ROB_534_Project/install/harvest/bin'
[1.488s] INFO:colcon.colcon_core.shell:Creating package script '/home/imml/git/ROB_534_Project/install/harvest/share/harvest/package.ps1'
[1.488s] INFO:colcon.colcon_core.shell:Creating package descriptor '/home/imml/git/ROB_534_Project/install/harvest/share/harvest/package.dsv'
[1.489s] INFO:colcon.colcon_core.shell:Creating package script '/home/imml/git/ROB_534_Project/install/harvest/share/harvest/package.sh'
[1.489s] INFO:colcon.colcon_core.shell:Creating package script '/home/imml/git/ROB_534_Project/install/harvest/share/harvest/package.bash'
[1.489s] INFO:colcon.colcon_core.shell:Creating package script '/home/imml/git/ROB_534_Project/install/harvest/share/harvest/package.zsh'
[1.490s] Level 1:colcon.colcon_core.environment:create_file_with_runtime_dependencies(/home/imml/git/ROB_534_Project/install/harvest/share/colcon-core/packages/harvest)
[1.491s] Level 1:colcon.colcon_core.environment:create_environment_scripts_only(ur_bringup)
[1.491s] Level 1:colcon.colcon_core.environment:checking '/home/imml/git/ROB_534_Project/install/ur_bringup' for CMake module files
[1.492s] DEBUG:colcon.colcon_core.event_handler.log_command:Invoked command in '/home/imml/git/ROB_534_Project/build/ur_bringup' returned '0': CMAKE_PREFIX_PATH=/home/imml/git/ROB_534_Project/install/ur_controllers:/home/imml/git/ROB_534_Project/install/ur_description:/home/imml/git/ROB_534_Project/install/ur_dashboard_msgs:/home/imml/git/ROB_534_Project/install/ur:/home/imml/git/ROB_534_Project/install/ur_calibration:/home/imml/git/ROB_534_Project/install/ur_robot_driver:/home/imml/git/ROB_534_Project/install/ur_moveit_config:/home/imml/git/ROB_534_Project/install/ur_bringup:/home/imml/git/ROB_534_Project/install/realsense2_description:/home/imml/git/ROB_534_Project/install/realsense2_camera:/home/imml/git/ROB_534_Project/install/realsense2_camera_msgs:/home/imml/git/ROB_534_Project/install/harvest_control:/home/imml/git/ROB_534_Project/install/harvest:/home/imml/git/ROB_534_Project/install/harvest_interfaces:/home/imml/git/ROB_534_Project/install/ur5e_custom_hardware:/home/imml/git/ROB_534_Project/install/harvest_vision:/opt/ros/humble LD_LIBRARY_PATH=/home/imml/git/ROB_534_Project/install/ur_controllers/lib:/home/imml/git/ROB_534_Project/install/ur_dashboard_msgs/lib:/home/imml/git/ROB_534_Project/install/ur_robot_driver/lib:/home/imml/git/ROB_534_Project/install/realsense2_camera/lib:/home/imml/git/ROB_534_Project/install/realsense2_camera_msgs/lib:/home/imml/git/ROB_534_Project/install/harvest_interfaces/lib:/opt/ros/humble/opt/rviz_ogre_vendor/lib:/opt/ros/humble/lib/x86_64-linux-gnu:/opt/ros/humble/lib /usr/bin/cmake --install /home/imml/git/ROB_534_Project/build/ur_bringup
[1.492s] Level 1:colcon.colcon_core.environment:checking '/home/imml/git/ROB_534_Project/install/ur_bringup' for CMake config files
[1.493s] Level 1:colcon.colcon_core.shell:create_environment_hook('ur_bringup', 'cmake_prefix_path')
[1.493s] INFO:colcon.colcon_core.shell:Creating environment hook '/home/imml/git/ROB_534_Project/install/ur_bringup/share/ur_bringup/hook/cmake_prefix_path.ps1'
[1.494s] INFO:colcon.colcon_core.shell:Creating environment descriptor '/home/imml/git/ROB_534_Project/install/ur_bringup/share/ur_bringup/hook/cmake_prefix_path.dsv'
[1.494s] INFO:colcon.colcon_core.shell:Creating environment hook '/home/imml/git/ROB_534_Project/install/ur_bringup/share/ur_bringup/hook/cmake_prefix_path.sh'
[1.495s] Level 1:colcon.colcon_core.environment:checking '/home/imml/git/ROB_534_Project/install/ur_bringup/lib'
[1.495s] Level 1:colcon.colcon_core.environment:checking '/home/imml/git/ROB_534_Project/install/ur_bringup/bin'
[1.495s] Level 1:colcon.colcon_core.environment:checking '/home/imml/git/ROB_534_Project/install/ur_bringup/lib/pkgconfig/ur_bringup.pc'
[1.495s] Level 1:colcon.colcon_core.environment:checking '/home/imml/git/ROB_534_Project/install/ur_bringup/lib/python3.10/site-packages'
[1.495s] Level 1:colcon.colcon_core.environment:checking '/home/imml/git/ROB_534_Project/install/ur_bringup/bin'
[1.496s] INFO:colcon.colcon_core.shell:Creating package script '/home/imml/git/ROB_534_Project/install/ur_bringup/share/ur_bringup/package.ps1'
[1.496s] INFO:colcon.colcon_core.shell:Creating package descriptor '/home/imml/git/ROB_534_Project/install/ur_bringup/share/ur_bringup/package.dsv'
[1.497s] INFO:colcon.colcon_core.shell:Creating package script '/home/imml/git/ROB_534_Project/install/ur_bringup/share/ur_bringup/package.sh'
[1.497s] INFO:colcon.colcon_core.shell:Creating package script '/home/imml/git/ROB_534_Project/install/ur_bringup/share/ur_bringup/package.bash'
[1.497s] INFO:colcon.colcon_core.shell:Creating package script '/home/imml/git/ROB_534_Project/install/ur_bringup/share/ur_bringup/package.zsh'
[1.497s] Level 1:colcon.colcon_core.environment:create_file_with_runtime_dependencies(/home/imml/git/ROB_534_Project/install/ur_bringup/share/colcon-core/packages/ur_bringup)
[1.498s] Level 1:colcon.colcon_core.environment:create_environment_scripts_only(ur_bringup)
[1.498s] Level 1:colcon.colcon_core.environment:checking '/home/imml/git/ROB_534_Project/install/ur_bringup' for CMake module files
[1.499s] Level 1:colcon.colcon_core.environment:checking '/home/imml/git/ROB_534_Project/install/ur_bringup' for CMake config files
[1.499s] Level 1:colcon.colcon_core.shell:create_environment_hook('ur_bringup', 'cmake_prefix_path')
[1.499s] INFO:colcon.colcon_core.shell:Creating environment hook '/home/imml/git/ROB_534_Project/install/ur_bringup/share/ur_bringup/hook/cmake_prefix_path.ps1'
[1.499s] INFO:colcon.colcon_core.shell:Creating environment descriptor '/home/imml/git/ROB_534_Project/install/ur_bringup/share/ur_bringup/hook/cmake_prefix_path.dsv'
[1.500s] INFO:colcon.colcon_core.shell:Creating environment hook '/home/imml/git/ROB_534_Project/install/ur_bringup/share/ur_bringup/hook/cmake_prefix_path.sh'
[1.500s] Level 1:colcon.colcon_core.environment:checking '/home/imml/git/ROB_534_Project/install/ur_bringup/lib'
[1.500s] Level 1:colcon.colcon_core.environment:checking '/home/imml/git/ROB_534_Project/install/ur_bringup/bin'
[1.500s] Level 1:colcon.colcon_core.environment:checking '/home/imml/git/ROB_534_Project/install/ur_bringup/lib/pkgconfig/ur_bringup.pc'
[1.500s] Level 1:colcon.colcon_core.environment:checking '/home/imml/git/ROB_534_Project/install/ur_bringup/lib/python3.10/site-packages'
[1.501s] Level 1:colcon.colcon_core.environment:checking '/home/imml/git/ROB_534_Project/install/ur_bringup/bin'
[1.501s] INFO:colcon.colcon_core.shell:Creating package script '/home/imml/git/ROB_534_Project/install/ur_bringup/share/ur_bringup/package.ps1'
[1.501s] INFO:colcon.colcon_core.shell:Creating package descriptor '/home/imml/git/ROB_534_Project/install/ur_bringup/share/ur_bringup/package.dsv'
[1.502s] INFO:colcon.colcon_core.shell:Creating package script '/home/imml/git/ROB_534_Project/install/ur_bringup/share/ur_bringup/package.sh'
[1.502s] INFO:colcon.colcon_core.shell:Creating package script '/home/imml/git/ROB_534_Project/install/ur_bringup/share/ur_bringup/package.bash'
[1.502s] INFO:colcon.colcon_core.shell:Creating package script '/home/imml/git/ROB_534_Project/install/ur_bringup/share/ur_bringup/package.zsh'
[1.503s] Level 1:colcon.colcon_core.environment:create_file_with_runtime_dependencies(/home/imml/git/ROB_534_Project/install/ur_bringup/share/colcon-core/packages/ur_bringup)
[1.720s] DEBUG:colcon.colcon_core.event_handler.log_command:Invoking command in '/home/imml/git/ROB_534_Project/build/harvest_vision': CMAKE_PREFIX_PATH=/home/imml/git/ROB_534_Project/install/harvest_interfaces:/home/imml/git/ROB_534_Project/install/ur:/home/imml/git/ROB_534_Project/install/ur_calibration:/home/imml/git/ROB_534_Project/install/ur_robot_driver:/home/imml/git/ROB_534_Project/install/ur_moveit_config:/home/imml/git/ROB_534_Project/install/ur_bringup:/home/imml/git/ROB_534_Project/install/ur_description:/home/imml/git/ROB_534_Project/install/ur_controllers:/home/imml/git/ROB_534_Project/install/ur_dashboard_msgs:/home/imml/git/ROB_534_Project/install/realsense2_description:/home/imml/git/ROB_534_Project/install/realsense2_camera:/home/imml/git/ROB_534_Project/install/realsense2_camera_msgs:/home/imml/git/ROB_534_Project/install/harvest_control:/home/imml/git/ROB_534_Project/install/harvest LD_LIBRARY_PATH=/home/imml/git/ROB_534_Project/install/harvest_interfaces/lib:/home/imml/git/ROB_534_Project/install/ur_robot_driver/lib:/home/imml/git/ROB_534_Project/install/ur_controllers/lib:/home/imml/git/ROB_534_Project/install/ur_dashboard_msgs/lib:/home/imml/git/ROB_534_Project/install/realsense2_camera/lib:/home/imml/git/ROB_534_Project/install/realsense2_camera_msgs/lib:/opt/ros/humble/opt/rviz_ogre_vendor/lib:/opt/ros/humble/lib/x86_64-linux-gnu:/opt/ros/humble/lib PYTHONPATH=/home/imml/git/ROB_534_Project/build/harvest_vision/prefix_override:/usr/lib/python3/dist-packages/colcon_core/task/python/colcon_distutils_commands:/home/imml/git/ROB_534_Project/install/harvest_vision/lib/python3.10/site-packages:${PYTHONPATH} /usr/bin/python3 -W ignore:setup.py install is deprecated -W ignore:easy_install command is deprecated setup.py develop --editable --build-directory /home/imml/git/ROB_534_Project/build/harvest_vision/build --no-deps symlink_data
[1.816s] DEBUG:colcon.colcon_core.event_handler.log_command:Invoked command in '/home/imml/git/ROB_534_Project/build/ur_robot_driver' returned '0': CMAKE_PREFIX_PATH=/home/imml/git/ROB_534_Project/install/ur_controllers:/home/imml/git/ROB_534_Project/install/ur_description:/home/imml/git/ROB_534_Project/install/ur_dashboard_msgs:/home/imml/git/ROB_534_Project/install/ur:/home/imml/git/ROB_534_Project/install/ur_calibration:/home/imml/git/ROB_534_Project/install/ur_robot_driver:/home/imml/git/ROB_534_Project/install/ur_moveit_config:/home/imml/git/ROB_534_Project/install/ur_bringup:/home/imml/git/ROB_534_Project/install/realsense2_description:/home/imml/git/ROB_534_Project/install/realsense2_camera:/home/imml/git/ROB_534_Project/install/realsense2_camera_msgs:/home/imml/git/ROB_534_Project/install/harvest_control:/home/imml/git/ROB_534_Project/install/harvest:/home/imml/git/ROB_534_Project/install/harvest_interfaces:/home/imml/git/ROB_534_Project/install/ur5e_custom_hardware:/home/imml/git/ROB_534_Project/install/harvest_vision:/opt/ros/humble LD_LIBRARY_PATH=/home/imml/git/ROB_534_Project/install/ur_controllers/lib:/home/imml/git/ROB_534_Project/install/ur_dashboard_msgs/lib:/home/imml/git/ROB_534_Project/install/ur_robot_driver/lib:/home/imml/git/ROB_534_Project/install/realsense2_camera/lib:/home/imml/git/ROB_534_Project/install/realsense2_camera_msgs/lib:/home/imml/git/ROB_534_Project/install/harvest_interfaces/lib:/opt/ros/humble/opt/rviz_ogre_vendor/lib:/opt/ros/humble/lib/x86_64-linux-gnu:/opt/ros/humble/lib /usr/bin/cmake --build /home/imml/git/ROB_534_Project/build/ur_robot_driver -- -j16 -l16
[1.818s] DEBUG:colcon.colcon_core.event_handler.log_command:Invoking command in '/home/imml/git/ROB_534_Project/build/ur_robot_driver': CMAKE_PREFIX_PATH=/home/imml/git/ROB_534_Project/install/ur_controllers:/home/imml/git/ROB_534_Project/install/ur_description:/home/imml/git/ROB_534_Project/install/ur_dashboard_msgs:/home/imml/git/ROB_534_Project/install/ur:/home/imml/git/ROB_534_Project/install/ur_calibration:/home/imml/git/ROB_534_Project/install/ur_robot_driver:/home/imml/git/ROB_534_Project/install/ur_moveit_config:/home/imml/git/ROB_534_Project/install/ur_bringup:/home/imml/git/ROB_534_Project/install/realsense2_description:/home/imml/git/ROB_534_Project/install/realsense2_camera:/home/imml/git/ROB_534_Project/install/realsense2_camera_msgs:/home/imml/git/ROB_534_Project/install/harvest_control:/home/imml/git/ROB_534_Project/install/harvest:/home/imml/git/ROB_534_Project/install/harvest_interfaces:/home/imml/git/ROB_534_Project/install/ur5e_custom_hardware:/home/imml/git/ROB_534_Project/install/harvest_vision:/opt/ros/humble LD_LIBRARY_PATH=/home/imml/git/ROB_534_Project/install/ur_controllers/lib:/home/imml/git/ROB_534_Project/install/ur_dashboard_msgs/lib:/home/imml/git/ROB_534_Project/install/ur_robot_driver/lib:/home/imml/git/ROB_534_Project/install/realsense2_camera/lib:/home/imml/git/ROB_534_Project/install/realsense2_camera_msgs/lib:/home/imml/git/ROB_534_Project/install/harvest_interfaces/lib:/opt/ros/humble/opt/rviz_ogre_vendor/lib:/opt/ros/humble/lib/x86_64-linux-gnu:/opt/ros/humble/lib /usr/bin/cmake --install /home/imml/git/ROB_534_Project/build/ur_robot_driver
[1.823s] Level 1:colcon.colcon_core.shell:create_environment_hook('ur5e_custom_hardware', 'pythonpath_develop')
[1.824s] INFO:colcon.colcon_core.shell:Creating environment hook '/home/imml/git/ROB_534_Project/build/ur5e_custom_hardware/share/ur5e_custom_hardware/hook/pythonpath_develop.ps1'
[1.824s] DEBUG:colcon.colcon_core.event_handler.log_command:Invoked command in '/home/imml/git/ROB_534_Project/build/ur5e_custom_hardware' returned '0': PYTHONPATH=/home/imml/git/ROB_534_Project/build/ur5e_custom_hardware/prefix_override:/usr/lib/python3/dist-packages/colcon_core/task/python/colcon_distutils_commands:/home/imml/git/ROB_534_Project/install/ur5e_custom_hardware/lib/python3.10/site-packages:${PYTHONPATH} /usr/bin/python3 -W ignore:setup.py install is deprecated -W ignore:easy_install command is deprecated setup.py develop --editable --build-directory /home/imml/git/ROB_534_Project/build/ur5e_custom_hardware/build --no-deps symlink_data
[1.825s] INFO:colcon.colcon_core.shell:Creating environment descriptor '/home/imml/git/ROB_534_Project/build/ur5e_custom_hardware/share/ur5e_custom_hardware/hook/pythonpath_develop.dsv'
[1.825s] INFO:colcon.colcon_core.shell:Creating environment hook '/home/imml/git/ROB_534_Project/build/ur5e_custom_hardware/share/ur5e_custom_hardware/hook/pythonpath_develop.sh'
[1.826s] Level 1:colcon.colcon_core.environment:checking '/home/imml/git/ROB_534_Project/install/ur5e_custom_hardware' for CMake module files
[1.828s] Level 1:colcon.colcon_core.environment:checking '/home/imml/git/ROB_534_Project/install/ur5e_custom_hardware' for CMake config files
[1.834s] Level 1:colcon.colcon_core.environment:checking '/home/imml/git/ROB_534_Project/install/ur5e_custom_hardware/lib'
[1.835s] Level 1:colcon.colcon_core.environment:checking '/home/imml/git/ROB_534_Project/install/ur5e_custom_hardware/bin'
[1.835s] Level 1:colcon.colcon_core.environment:checking '/home/imml/git/ROB_534_Project/install/ur5e_custom_hardware/lib/pkgconfig/ur5e_custom_hardware.pc'
[1.835s] Level 1:colcon.colcon_core.environment:checking '/home/imml/git/ROB_534_Project/install/ur5e_custom_hardware/lib/python3.10/site-packages'
[1.835s] Level 1:colcon.colcon_core.shell:create_environment_hook('ur5e_custom_hardware', 'pythonpath')
[1.835s] INFO:colcon.colcon_core.shell:Creating environment hook '/home/imml/git/ROB_534_Project/install/ur5e_custom_hardware/share/ur5e_custom_hardware/hook/pythonpath.ps1'
[1.836s] INFO:colcon.colcon_core.shell:Creating environment descriptor '/home/imml/git/ROB_534_Project/install/ur5e_custom_hardware/share/ur5e_custom_hardware/hook/pythonpath.dsv'
[1.837s] INFO:colcon.colcon_core.shell:Creating environment hook '/home/imml/git/ROB_534_Project/install/ur5e_custom_hardware/share/ur5e_custom_hardware/hook/pythonpath.sh'
[1.837s] Level 1:colcon.colcon_core.environment:checking '/home/imml/git/ROB_534_Project/install/ur5e_custom_hardware/bin'
[1.837s] Level 1:colcon.colcon_core.environment:create_environment_scripts_only(ur5e_custom_hardware)
[1.837s] INFO:colcon.colcon_core.shell:Creating package script '/home/imml/git/ROB_534_Project/install/ur5e_custom_hardware/share/ur5e_custom_hardware/package.ps1'
[1.838s] INFO:colcon.colcon_core.shell:Creating package descriptor '/home/imml/git/ROB_534_Project/install/ur5e_custom_hardware/share/ur5e_custom_hardware/package.dsv'
[1.838s] INFO:colcon.colcon_core.shell:Creating package script '/home/imml/git/ROB_534_Project/install/ur5e_custom_hardware/share/ur5e_custom_hardware/package.sh'
[1.839s] INFO:colcon.colcon_core.shell:Creating package script '/home/imml/git/ROB_534_Project/install/ur5e_custom_hardware/share/ur5e_custom_hardware/package.bash'
[1.839s] INFO:colcon.colcon_core.shell:Creating package script '/home/imml/git/ROB_534_Project/install/ur5e_custom_hardware/share/ur5e_custom_hardware/package.zsh'
[1.839s] Level 1:colcon.colcon_core.environment:create_file_with_runtime_dependencies(/home/imml/git/ROB_534_Project/install/ur5e_custom_hardware/share/colcon-core/packages/ur5e_custom_hardware)
[1.888s] Level 1:colcon.colcon_core.environment:create_environment_scripts_only(ur_robot_driver)
[1.888s] Level 1:colcon.colcon_core.environment:checking '/home/imml/git/ROB_534_Project/install/ur_robot_driver' for CMake module files
[1.889s] DEBUG:colcon.colcon_core.event_handler.log_command:Invoked command in '/home/imml/git/ROB_534_Project/build/ur_robot_driver' returned '0': CMAKE_PREFIX_PATH=/home/imml/git/ROB_534_Project/install/ur_controllers:/home/imml/git/ROB_534_Project/install/ur_description:/home/imml/git/ROB_534_Project/install/ur_dashboard_msgs:/home/imml/git/ROB_534_Project/install/ur:/home/imml/git/ROB_534_Project/install/ur_calibration:/home/imml/git/ROB_534_Project/install/ur_robot_driver:/home/imml/git/ROB_534_Project/install/ur_moveit_config:/home/imml/git/ROB_534_Project/install/ur_bringup:/home/imml/git/ROB_534_Project/install/realsense2_description:/home/imml/git/ROB_534_Project/install/realsense2_camera:/home/imml/git/ROB_534_Project/install/realsense2_camera_msgs:/home/imml/git/ROB_534_Project/install/harvest_control:/home/imml/git/ROB_534_Project/install/harvest:/home/imml/git/ROB_534_Project/install/harvest_interfaces:/home/imml/git/ROB_534_Project/install/ur5e_custom_hardware:/home/imml/git/ROB_534_Project/install/harvest_vision:/opt/ros/humble LD_LIBRARY_PATH=/home/imml/git/ROB_534_Project/install/ur_controllers/lib:/home/imml/git/ROB_534_Project/install/ur_dashboard_msgs/lib:/home/imml/git/ROB_534_Project/install/ur_robot_driver/lib:/home/imml/git/ROB_534_Project/install/realsense2_camera/lib:/home/imml/git/ROB_534_Project/install/realsense2_camera_msgs/lib:/home/imml/git/ROB_534_Project/install/harvest_interfaces/lib:/opt/ros/humble/opt/rviz_ogre_vendor/lib:/opt/ros/humble/lib/x86_64-linux-gnu:/opt/ros/humble/lib /usr/bin/cmake --install /home/imml/git/ROB_534_Project/build/ur_robot_driver
[1.889s] Level 1:colcon.colcon_core.environment:checking '/home/imml/git/ROB_534_Project/install/ur_robot_driver' for CMake config files
[1.890s] Level 1:colcon.colcon_core.shell:create_environment_hook('ur_robot_driver', 'cmake_prefix_path')
[1.890s] INFO:colcon.colcon_core.shell:Creating environment hook '/home/imml/git/ROB_534_Project/install/ur_robot_driver/share/ur_robot_driver/hook/cmake_prefix_path.ps1'
[1.890s] INFO:colcon.colcon_core.shell:Creating environment descriptor '/home/imml/git/ROB_534_Project/install/ur_robot_driver/share/ur_robot_driver/hook/cmake_prefix_path.dsv'
[1.891s] INFO:colcon.colcon_core.shell:Creating environment hook '/home/imml/git/ROB_534_Project/install/ur_robot_driver/share/ur_robot_driver/hook/cmake_prefix_path.sh'
[1.891s] Level 1:colcon.colcon_core.environment:checking '/home/imml/git/ROB_534_Project/install/ur_robot_driver/lib'
[1.891s] Level 1:colcon.colcon_core.shell:create_environment_hook('ur_robot_driver', 'ld_library_path_lib')
[1.891s] INFO:colcon.colcon_core.shell:Creating environment hook '/home/imml/git/ROB_534_Project/install/ur_robot_driver/share/ur_robot_driver/hook/ld_library_path_lib.ps1'
[1.892s] INFO:colcon.colcon_core.shell:Creating environment descriptor '/home/imml/git/ROB_534_Project/install/ur_robot_driver/share/ur_robot_driver/hook/ld_library_path_lib.dsv'
[1.892s] INFO:colcon.colcon_core.shell:Creating environment hook '/home/imml/git/ROB_534_Project/install/ur_robot_driver/share/ur_robot_driver/hook/ld_library_path_lib.sh'
[1.892s] Level 1:colcon.colcon_core.environment:checking '/home/imml/git/ROB_534_Project/install/ur_robot_driver/bin'
[1.892s] Level 1:colcon.colcon_core.shell:create_environment_hook('ur_robot_driver', 'path')
[1.893s] INFO:colcon.colcon_core.shell:Creating environment hook '/home/imml/git/ROB_534_Project/install/ur_robot_driver/share/ur_robot_driver/hook/path.ps1'
[1.893s] INFO:colcon.colcon_core.shell:Creating environment descriptor '/home/imml/git/ROB_534_Project/install/ur_robot_driver/share/ur_robot_driver/hook/path.dsv'
[1.894s] INFO:colcon.colcon_core.shell:Creating environment hook '/home/imml/git/ROB_534_Project/install/ur_robot_driver/share/ur_robot_driver/hook/path.sh'
[1.894s] Level 1:colcon.colcon_core.environment:checking '/home/imml/git/ROB_534_Project/install/ur_robot_driver/lib/pkgconfig/ur_robot_driver.pc'
[1.894s] Level 1:colcon.colcon_core.environment:checking '/home/imml/git/ROB_534_Project/install/ur_robot_driver/lib/python3.10/site-packages'
[1.895s] Level 1:colcon.colcon_core.environment:checking '/home/imml/git/ROB_534_Project/install/ur_robot_driver/bin'
[1.895s] Level 1:colcon.colcon_core.shell:create_environment_hook('ur_robot_driver', 'pythonscriptspath')
[1.895s] INFO:colcon.colcon_core.shell:Creating environment hook '/home/imml/git/ROB_534_Project/install/ur_robot_driver/share/ur_robot_driver/hook/pythonscriptspath.ps1'
[1.895s] INFO:colcon.colcon_core.shell:Creating environment descriptor '/home/imml/git/ROB_534_Project/install/ur_robot_driver/share/ur_robot_driver/hook/pythonscriptspath.dsv'
[1.896s] INFO:colcon.colcon_core.shell:Creating environment hook '/home/imml/git/ROB_534_Project/install/ur_robot_driver/share/ur_robot_driver/hook/pythonscriptspath.sh'
[1.896s] INFO:colcon.colcon_core.shell:Creating package script '/home/imml/git/ROB_534_Project/install/ur_robot_driver/share/ur_robot_driver/package.ps1'
[1.897s] INFO:colcon.colcon_core.shell:Creating package descriptor '/home/imml/git/ROB_534_Project/install/ur_robot_driver/share/ur_robot_driver/package.dsv'
[1.897s] INFO:colcon.colcon_core.shell:Creating package script '/home/imml/git/ROB_534_Project/install/ur_robot_driver/share/ur_robot_driver/package.sh'
[1.898s] INFO:colcon.colcon_core.shell:Creating package script '/home/imml/git/ROB_534_Project/install/ur_robot_driver/share/ur_robot_driver/package.bash'
[1.898s] INFO:colcon.colcon_core.shell:Creating package script '/home/imml/git/ROB_534_Project/install/ur_robot_driver/share/ur_robot_driver/package.zsh'
[1.898s] Level 1:colcon.colcon_core.environment:create_file_with_runtime_dependencies(/home/imml/git/ROB_534_Project/install/ur_robot_driver/share/colcon-core/packages/ur_robot_driver)
[1.899s] Level 1:colcon.colcon_core.environment:create_environment_scripts_only(ur_robot_driver)
[1.899s] Level 1:colcon.colcon_core.environment:checking '/home/imml/git/ROB_534_Project/install/ur_robot_driver' for CMake module files
[1.899s] Level 1:colcon.colcon_core.environment:checking '/home/imml/git/ROB_534_Project/install/ur_robot_driver' for CMake config files
[1.900s] Level 1:colcon.colcon_core.shell:create_environment_hook('ur_robot_driver', 'cmake_prefix_path')
[1.900s] INFO:colcon.colcon_core.shell:Creating environment hook '/home/imml/git/ROB_534_Project/install/ur_robot_driver/share/ur_robot_driver/hook/cmake_prefix_path.ps1'
[1.901s] INFO:colcon.colcon_core.shell:Creating environment descriptor '/home/imml/git/ROB_534_Project/install/ur_robot_driver/share/ur_robot_driver/hook/cmake_prefix_path.dsv'
[1.901s] INFO:colcon.colcon_core.shell:Creating environment hook '/home/imml/git/ROB_534_Project/install/ur_robot_driver/share/ur_robot_driver/hook/cmake_prefix_path.sh'
[1.901s] Level 1:colcon.colcon_core.environment:checking '/home/imml/git/ROB_534_Project/install/ur_robot_driver/lib'
[1.902s] Level 1:colcon.colcon_core.shell:create_environment_hook('ur_robot_driver', 'ld_library_path_lib')
[1.902s] INFO:colcon.colcon_core.shell:Creating environment hook '/home/imml/git/ROB_534_Project/install/ur_robot_driver/share/ur_robot_driver/hook/ld_library_path_lib.ps1'
[1.902s] INFO:colcon.colcon_core.shell:Creating environment descriptor '/home/imml/git/ROB_534_Project/install/ur_robot_driver/share/ur_robot_driver/hook/ld_library_path_lib.dsv'
[1.902s] INFO:colcon.colcon_core.shell:Creating environment hook '/home/imml/git/ROB_534_Project/install/ur_robot_driver/share/ur_robot_driver/hook/ld_library_path_lib.sh'
[1.903s] Level 1:colcon.colcon_core.environment:checking '/home/imml/git/ROB_534_Project/install/ur_robot_driver/bin'
[1.903s] Level 1:colcon.colcon_core.shell:create_environment_hook('ur_robot_driver', 'path')
[1.903s] INFO:colcon.colcon_core.shell:Creating environment hook '/home/imml/git/ROB_534_Project/install/ur_robot_driver/share/ur_robot_driver/hook/path.ps1'
[1.903s] INFO:colcon.colcon_core.shell:Creating environment descriptor '/home/imml/git/ROB_534_Project/install/ur_robot_driver/share/ur_robot_driver/hook/path.dsv'
[1.904s] INFO:colcon.colcon_core.shell:Creating environment hook '/home/imml/git/ROB_534_Project/install/ur_robot_driver/share/ur_robot_driver/hook/path.sh'
[1.904s] Level 1:colcon.colcon_core.environment:checking '/home/imml/git/ROB_534_Project/install/ur_robot_driver/lib/pkgconfig/ur_robot_driver.pc'
[1.904s] Level 1:colcon.colcon_core.environment:checking '/home/imml/git/ROB_534_Project/install/ur_robot_driver/lib/python3.10/site-packages'
[1.904s] Level 1:colcon.colcon_core.environment:checking '/home/imml/git/ROB_534_Project/install/ur_robot_driver/bin'
[1.904s] Level 1:colcon.colcon_core.shell:create_environment_hook('ur_robot_driver', 'pythonscriptspath')
[1.904s] INFO:colcon.colcon_core.shell:Creating environment hook '/home/imml/git/ROB_534_Project/install/ur_robot_driver/share/ur_robot_driver/hook/pythonscriptspath.ps1'
[1.905s] INFO:colcon.colcon_core.shell:Creating environment descriptor '/home/imml/git/ROB_534_Project/install/ur_robot_driver/share/ur_robot_driver/hook/pythonscriptspath.dsv'
[1.905s] INFO:colcon.colcon_core.shell:Creating environment hook '/home/imml/git/ROB_534_Project/install/ur_robot_driver/share/ur_robot_driver/hook/pythonscriptspath.sh'
[1.905s] INFO:colcon.colcon_core.shell:Creating package script '/home/imml/git/ROB_534_Project/install/ur_robot_driver/share/ur_robot_driver/package.ps1'
[1.906s] INFO:colcon.colcon_core.shell:Creating package descriptor '/home/imml/git/ROB_534_Project/install/ur_robot_driver/share/ur_robot_driver/package.dsv'
[1.906s] INFO:colcon.colcon_core.shell:Creating package script '/home/imml/git/ROB_534_Project/install/ur_robot_driver/share/ur_robot_driver/package.sh'
[1.907s] INFO:colcon.colcon_core.shell:Creating package script '/home/imml/git/ROB_534_Project/install/ur_robot_driver/share/ur_robot_driver/package.bash'
[1.907s] INFO:colcon.colcon_core.shell:Creating package script '/home/imml/git/ROB_534_Project/install/ur_robot_driver/share/ur_robot_driver/package.zsh'
[1.907s] Level 1:colcon.colcon_core.environment:create_file_with_runtime_dependencies(/home/imml/git/ROB_534_Project/install/ur_robot_driver/share/colcon-core/packages/ur_robot_driver)
[1.908s] INFO:colcon.colcon_ros.task.ament_cmake.build:Building ROS package in '/home/imml/git/ROB_534_Project/harvest_hardware/Universal_Robots_ROS2_Driver/ur_calibration' with build type 'ament_cmake'
[1.908s] INFO:colcon.colcon_cmake.task.cmake.build:Building CMake package in '/home/imml/git/ROB_534_Project/harvest_hardware/Universal_Robots_ROS2_Driver/ur_calibration'
[1.908s] INFO:colcon.colcon_core.shell:Skip shell extension 'powershell' for command environment: Not usable outside of PowerShell
[1.908s] DEBUG:colcon.colcon_core.shell:Skip shell extension 'dsv' for command environment
[1.926s] DEBUG:colcon.colcon_core.event_handler.log_command:Invoking command in '/home/imml/git/ROB_534_Project/build/ur_calibration': CMAKE_PREFIX_PATH=/home/imml/git/ROB_534_Project/install/ur_robot_driver:/home/imml/git/ROB_534_Project/install/ur_controllers:/home/imml/git/ROB_534_Project/install/ur_description:/home/imml/git/ROB_534_Project/install/ur_dashboard_msgs:/home/imml/git/ROB_534_Project/install/ur:/home/imml/git/ROB_534_Project/install/ur_calibration:/home/imml/git/ROB_534_Project/install/ur_moveit_config:/home/imml/git/ROB_534_Project/install/ur_bringup:/home/imml/git/ROB_534_Project/install/realsense2_description:/home/imml/git/ROB_534_Project/install/realsense2_camera:/home/imml/git/ROB_534_Project/install/realsense2_camera_msgs:/home/imml/git/ROB_534_Project/install/harvest_control:/home/imml/git/ROB_534_Project/install/harvest:/home/imml/git/ROB_534_Project/install/harvest_interfaces:/home/imml/git/ROB_534_Project/install/ur5e_custom_hardware:/home/imml/git/ROB_534_Project/install/harvest_vision:/opt/ros/humble /usr/bin/cmake --build /home/imml/git/ROB_534_Project/build/ur_calibration -- -j16 -l16
[2.043s] DEBUG:colcon.colcon_core.event_handler.log_command:Invoked command in '/home/imml/git/ROB_534_Project/build/ur_calibration' returned '0': CMAKE_PREFIX_PATH=/home/imml/git/ROB_534_Project/install/ur_robot_driver:/home/imml/git/ROB_534_Project/install/ur_controllers:/home/imml/git/ROB_534_Project/install/ur_description:/home/imml/git/ROB_534_Project/install/ur_dashboard_msgs:/home/imml/git/ROB_534_Project/install/ur:/home/imml/git/ROB_534_Project/install/ur_calibration:/home/imml/git/ROB_534_Project/install/ur_moveit_config:/home/imml/git/ROB_534_Project/install/ur_bringup:/home/imml/git/ROB_534_Project/install/realsense2_description:/home/imml/git/ROB_534_Project/install/realsense2_camera:/home/imml/git/ROB_534_Project/install/realsense2_camera_msgs:/home/imml/git/ROB_534_Project/install/harvest_control:/home/imml/git/ROB_534_Project/install/harvest:/home/imml/git/ROB_534_Project/install/harvest_interfaces:/home/imml/git/ROB_534_Project/install/ur5e_custom_hardware:/home/imml/git/ROB_534_Project/install/harvest_vision:/opt/ros/humble /usr/bin/cmake --build /home/imml/git/ROB_534_Project/build/ur_calibration -- -j16 -l16
[2.045s] DEBUG:colcon.colcon_core.event_handler.log_command:Invoking command in '/home/imml/git/ROB_534_Project/build/ur_calibration': CMAKE_PREFIX_PATH=/home/imml/git/ROB_534_Project/install/ur_robot_driver:/home/imml/git/ROB_534_Project/install/ur_controllers:/home/imml/git/ROB_534_Project/install/ur_description:/home/imml/git/ROB_534_Project/install/ur_dashboard_msgs:/home/imml/git/ROB_534_Project/install/ur:/home/imml/git/ROB_534_Project/install/ur_calibration:/home/imml/git/ROB_534_Project/install/ur_moveit_config:/home/imml/git/ROB_534_Project/install/ur_bringup:/home/imml/git/ROB_534_Project/install/realsense2_description:/home/imml/git/ROB_534_Project/install/realsense2_camera:/home/imml/git/ROB_534_Project/install/realsense2_camera_msgs:/home/imml/git/ROB_534_Project/install/harvest_control:/home/imml/git/ROB_534_Project/install/harvest:/home/imml/git/ROB_534_Project/install/harvest_interfaces:/home/imml/git/ROB_534_Project/install/ur5e_custom_hardware:/home/imml/git/ROB_534_Project/install/harvest_vision:/opt/ros/humble /usr/bin/cmake --install /home/imml/git/ROB_534_Project/build/ur_calibration
[2.069s] Level 1:colcon.colcon_core.environment:create_environment_scripts_only(ur_calibration)
[2.070s] Level 1:colcon.colcon_core.environment:checking '/home/imml/git/ROB_534_Project/install/ur_calibration' for CMake module files
[2.071s] DEBUG:colcon.colcon_core.event_handler.log_command:Invoked command in '/home/imml/git/ROB_534_Project/build/ur_calibration' returned '0': CMAKE_PREFIX_PATH=/home/imml/git/ROB_534_Project/install/ur_robot_driver:/home/imml/git/ROB_534_Project/install/ur_controllers:/home/imml/git/ROB_534_Project/install/ur_description:/home/imml/git/ROB_534_Project/install/ur_dashboard_msgs:/home/imml/git/ROB_534_Project/install/ur:/home/imml/git/ROB_534_Project/install/ur_calibration:/home/imml/git/ROB_534_Project/install/ur_moveit_config:/home/imml/git/ROB_534_Project/install/ur_bringup:/home/imml/git/ROB_534_Project/install/realsense2_description:/home/imml/git/ROB_534_Project/install/realsense2_camera:/home/imml/git/ROB_534_Project/install/realsense2_camera_msgs:/home/imml/git/ROB_534_Project/install/harvest_control:/home/imml/git/ROB_534_Project/install/harvest:/home/imml/git/ROB_534_Project/install/harvest_interfaces:/home/imml/git/ROB_534_Project/install/ur5e_custom_hardware:/home/imml/git/ROB_534_Project/install/harvest_vision:/opt/ros/humble /usr/bin/cmake --install /home/imml/git/ROB_534_Project/build/ur_calibration
[2.071s] Level 1:colcon.colcon_core.environment:checking '/home/imml/git/ROB_534_Project/install/ur_calibration' for CMake config files
[2.071s] Level 1:colcon.colcon_core.shell:create_environment_hook('ur_calibration', 'cmake_prefix_path')
[2.072s] INFO:colcon.colcon_core.shell:Creating environment hook '/home/imml/git/ROB_534_Project/install/ur_calibration/share/ur_calibration/hook/cmake_prefix_path.ps1'
[2.072s] INFO:colcon.colcon_core.shell:Creating environment descriptor '/home/imml/git/ROB_534_Project/install/ur_calibration/share/ur_calibration/hook/cmake_prefix_path.dsv'
[2.072s] INFO:colcon.colcon_core.shell:Creating environment hook '/home/imml/git/ROB_534_Project/install/ur_calibration/share/ur_calibration/hook/cmake_prefix_path.sh'
[2.073s] Level 1:colcon.colcon_core.environment:checking '/home/imml/git/ROB_534_Project/install/ur_calibration/lib'
[2.073s] Level 1:colcon.colcon_core.environment:checking '/home/imml/git/ROB_534_Project/install/ur_calibration/bin'
[2.073s] Level 1:colcon.colcon_core.environment:checking '/home/imml/git/ROB_534_Project/install/ur_calibration/lib/pkgconfig/ur_calibration.pc'
[2.073s] Level 1:colcon.colcon_core.environment:checking '/home/imml/git/ROB_534_Project/install/ur_calibration/lib/python3.10/site-packages'
[2.073s] Level 1:colcon.colcon_core.environment:checking '/home/imml/git/ROB_534_Project/install/ur_calibration/bin'
[2.074s] INFO:colcon.colcon_core.shell:Creating package script '/home/imml/git/ROB_534_Project/install/ur_calibration/share/ur_calibration/package.ps1'
[2.074s] INFO:colcon.colcon_core.shell:Creating package descriptor '/home/imml/git/ROB_534_Project/install/ur_calibration/share/ur_calibration/package.dsv'
[2.074s] INFO:colcon.colcon_core.shell:Creating package script '/home/imml/git/ROB_534_Project/install/ur_calibration/share/ur_calibration/package.sh'
[2.075s] INFO:colcon.colcon_core.shell:Creating package script '/home/imml/git/ROB_534_Project/install/ur_calibration/share/ur_calibration/package.bash'
[2.075s] INFO:colcon.colcon_core.shell:Creating package script '/home/imml/git/ROB_534_Project/install/ur_calibration/share/ur_calibration/package.zsh'
[2.075s] Level 1:colcon.colcon_core.environment:create_file_with_runtime_dependencies(/home/imml/git/ROB_534_Project/install/ur_calibration/share/colcon-core/packages/ur_calibration)
[2.076s] Level 1:colcon.colcon_core.environment:create_environment_scripts_only(ur_calibration)
[2.076s] Level 1:colcon.colcon_core.environment:checking '/home/imml/git/ROB_534_Project/install/ur_calibration' for CMake module files
[2.077s] Level 1:colcon.colcon_core.environment:checking '/home/imml/git/ROB_534_Project/install/ur_calibration' for CMake config files
[2.077s] Level 1:colcon.colcon_core.shell:create_environment_hook('ur_calibration', 'cmake_prefix_path')
[2.077s] INFO:colcon.colcon_core.shell:Creating environment hook '/home/imml/git/ROB_534_Project/install/ur_calibration/share/ur_calibration/hook/cmake_prefix_path.ps1'
[2.079s] INFO:colcon.colcon_core.shell:Creating environment descriptor '/home/imml/git/ROB_534_Project/install/ur_calibration/share/ur_calibration/hook/cmake_prefix_path.dsv'
[2.079s] INFO:colcon.colcon_core.shell:Creating environment hook '/home/imml/git/ROB_534_Project/install/ur_calibration/share/ur_calibration/hook/cmake_prefix_path.sh'
[2.080s] Level 1:colcon.colcon_core.environment:checking '/home/imml/git/ROB_534_Project/install/ur_calibration/lib'
[2.080s] Level 1:colcon.colcon_core.environment:checking '/home/imml/git/ROB_534_Project/install/ur_calibration/bin'
[2.080s] Level 1:colcon.colcon_core.environment:checking '/home/imml/git/ROB_534_Project/install/ur_calibration/lib/pkgconfig/ur_calibration.pc'
[2.080s] Level 1:colcon.colcon_core.environment:checking '/home/imml/git/ROB_534_Project/install/ur_calibration/lib/python3.10/site-packages'
[2.080s] Level 1:colcon.colcon_core.environment:checking '/home/imml/git/ROB_534_Project/install/ur_calibration/bin'
[2.081s] INFO:colcon.colcon_core.shell:Creating package script '/home/imml/git/ROB_534_Project/install/ur_calibration/share/ur_calibration/package.ps1'
[2.081s] INFO:colcon.colcon_core.shell:Creating package descriptor '/home/imml/git/ROB_534_Project/install/ur_calibration/share/ur_calibration/package.dsv'
[2.081s] INFO:colcon.colcon_core.shell:Creating package script '/home/imml/git/ROB_534_Project/install/ur_calibration/share/ur_calibration/package.sh'
[2.082s] INFO:colcon.colcon_core.shell:Creating package script '/home/imml/git/ROB_534_Project/install/ur_calibration/share/ur_calibration/package.bash'
[2.082s] INFO:colcon.colcon_core.shell:Creating package script '/home/imml/git/ROB_534_Project/install/ur_calibration/share/ur_calibration/package.zsh'
[2.082s] Level 1:colcon.colcon_core.environment:create_file_with_runtime_dependencies(/home/imml/git/ROB_534_Project/install/ur_calibration/share/colcon-core/packages/ur_calibration)
[2.083s] INFO:colcon.colcon_ros.task.ament_cmake.build:Building ROS package in '/home/imml/git/ROB_534_Project/harvest_hardware/Universal_Robots_ROS2_Driver/ur' with build type 'ament_cmake'
[2.083s] INFO:colcon.colcon_cmake.task.cmake.build:Building CMake package in '/home/imml/git/ROB_534_Project/harvest_hardware/Universal_Robots_ROS2_Driver/ur'
[2.083s] INFO:colcon.colcon_core.shell:Skip shell extension 'powershell' for command environment: Not usable outside of PowerShell
[2.083s] DEBUG:colcon.colcon_core.shell:Skip shell extension 'dsv' for command environment
[2.104s] DEBUG:colcon.colcon_core.event_handler.log_command:Invoking command in '/home/imml/git/ROB_534_Project/build/ur': CMAKE_PREFIX_PATH=/home/imml/git/ROB_534_Project/install/ur_calibration:/home/imml/git/ROB_534_Project/install/ur_robot_driver:/home/imml/git/ROB_534_Project/install/ur_moveit_config:/home/imml/git/ROB_534_Project/install/ur_controllers:/home/imml/git/ROB_534_Project/install/ur_description:/home/imml/git/ROB_534_Project/install/ur_dashboard_msgs:/home/imml/git/ROB_534_Project/install/ur:/home/imml/git/ROB_534_Project/install/ur_bringup:/home/imml/git/ROB_534_Project/install/realsense2_description:/home/imml/git/ROB_534_Project/install/realsense2_camera:/home/imml/git/ROB_534_Project/install/realsense2_camera_msgs:/home/imml/git/ROB_534_Project/install/harvest_control:/home/imml/git/ROB_534_Project/install/harvest:/home/imml/git/ROB_534_Project/install/harvest_interfaces:/home/imml/git/ROB_534_Project/install/ur5e_custom_hardware:/home/imml/git/ROB_534_Project/install/harvest_vision:/opt/ros/humble /usr/bin/cmake --build /home/imml/git/ROB_534_Project/build/ur -- -j16 -l16
[2.151s] DEBUG:colcon.colcon_core.event_handler.log_command:Invoked command in '/home/imml/git/ROB_534_Project/build/ur' returned '0': CMAKE_PREFIX_PATH=/home/imml/git/ROB_534_Project/install/ur_calibration:/home/imml/git/ROB_534_Project/install/ur_robot_driver:/home/imml/git/ROB_534_Project/install/ur_moveit_config:/home/imml/git/ROB_534_Project/install/ur_controllers:/home/imml/git/ROB_534_Project/install/ur_description:/home/imml/git/ROB_534_Project/install/ur_dashboard_msgs:/home/imml/git/ROB_534_Project/install/ur:/home/imml/git/ROB_534_Project/install/ur_bringup:/home/imml/git/ROB_534_Project/install/realsense2_description:/home/imml/git/ROB_534_Project/install/realsense2_camera:/home/imml/git/ROB_534_Project/install/realsense2_camera_msgs:/home/imml/git/ROB_534_Project/install/harvest_control:/home/imml/git/ROB_534_Project/install/harvest:/home/imml/git/ROB_534_Project/install/harvest_interfaces:/home/imml/git/ROB_534_Project/install/ur5e_custom_hardware:/home/imml/git/ROB_534_Project/install/harvest_vision:/opt/ros/humble /usr/bin/cmake --build /home/imml/git/ROB_534_Project/build/ur -- -j16 -l16
[2.153s] DEBUG:colcon.colcon_core.event_handler.log_command:Invoking command in '/home/imml/git/ROB_534_Project/build/ur': CMAKE_PREFIX_PATH=/home/imml/git/ROB_534_Project/install/ur_calibration:/home/imml/git/ROB_534_Project/install/ur_robot_driver:/home/imml/git/ROB_534_Project/install/ur_moveit_config:/home/imml/git/ROB_534_Project/install/ur_controllers:/home/imml/git/ROB_534_Project/install/ur_description:/home/imml/git/ROB_534_Project/install/ur_dashboard_msgs:/home/imml/git/ROB_534_Project/install/ur:/home/imml/git/ROB_534_Project/install/ur_bringup:/home/imml/git/ROB_534_Project/install/realsense2_description:/home/imml/git/ROB_534_Project/install/realsense2_camera:/home/imml/git/ROB_534_Project/install/realsense2_camera_msgs:/home/imml/git/ROB_534_Project/install/harvest_control:/home/imml/git/ROB_534_Project/install/harvest:/home/imml/git/ROB_534_Project/install/harvest_interfaces:/home/imml/git/ROB_534_Project/install/ur5e_custom_hardware:/home/imml/git/ROB_534_Project/install/harvest_vision:/opt/ros/humble /usr/bin/cmake --install /home/imml/git/ROB_534_Project/build/ur
[2.183s] Level 1:colcon.colcon_core.environment:create_environment_scripts_only(ur)
[2.183s] Level 1:colcon.colcon_core.environment:checking '/home/imml/git/ROB_534_Project/install/ur' for CMake module files
[2.184s] DEBUG:colcon.colcon_core.event_handler.log_command:Invoked command in '/home/imml/git/ROB_534_Project/build/ur' returned '0': CMAKE_PREFIX_PATH=/home/imml/git/ROB_534_Project/install/ur_calibration:/home/imml/git/ROB_534_Project/install/ur_robot_driver:/home/imml/git/ROB_534_Project/install/ur_moveit_config:/home/imml/git/ROB_534_Project/install/ur_controllers:/home/imml/git/ROB_534_Project/install/ur_description:/home/imml/git/ROB_534_Project/install/ur_dashboard_msgs:/home/imml/git/ROB_534_Project/install/ur:/home/imml/git/ROB_534_Project/install/ur_bringup:/home/imml/git/ROB_534_Project/install/realsense2_description:/home/imml/git/ROB_534_Project/install/realsense2_camera:/home/imml/git/ROB_534_Project/install/realsense2_camera_msgs:/home/imml/git/ROB_534_Project/install/harvest_control:/home/imml/git/ROB_534_Project/install/harvest:/home/imml/git/ROB_534_Project/install/harvest_interfaces:/home/imml/git/ROB_534_Project/install/ur5e_custom_hardware:/home/imml/git/ROB_534_Project/install/harvest_vision:/opt/ros/humble /usr/bin/cmake --install /home/imml/git/ROB_534_Project/build/ur
[2.184s] Level 1:colcon.colcon_core.environment:checking '/home/imml/git/ROB_534_Project/install/ur' for CMake config files
[2.184s] Level 1:colcon.colcon_core.shell:create_environment_hook('ur', 'cmake_prefix_path')
[2.185s] INFO:colcon.colcon_core.shell:Creating environment hook '/home/imml/git/ROB_534_Project/install/ur/share/ur/hook/cmake_prefix_path.ps1'
[2.185s] INFO:colcon.colcon_core.shell:Creating environment descriptor '/home/imml/git/ROB_534_Project/install/ur/share/ur/hook/cmake_prefix_path.dsv'
[2.186s] INFO:colcon.colcon_core.shell:Creating environment hook '/home/imml/git/ROB_534_Project/install/ur/share/ur/hook/cmake_prefix_path.sh'
[2.186s] Level 1:colcon.colcon_core.environment:checking '/home/imml/git/ROB_534_Project/install/ur/bin'
[2.187s] Level 1:colcon.colcon_core.environment:checking '/home/imml/git/ROB_534_Project/install/ur/lib/pkgconfig/ur.pc'
[2.187s] Level 1:colcon.colcon_core.environment:checking '/home/imml/git/ROB_534_Project/install/ur/lib/python3.10/site-packages'
[2.187s] Level 1:colcon.colcon_core.environment:checking '/home/imml/git/ROB_534_Project/install/ur/bin'
[2.187s] INFO:colcon.colcon_core.shell:Creating package script '/home/imml/git/ROB_534_Project/install/ur/share/ur/package.ps1'
[2.188s] INFO:colcon.colcon_core.shell:Creating package descriptor '/home/imml/git/ROB_534_Project/install/ur/share/ur/package.dsv'
[2.189s] INFO:colcon.colcon_core.shell:Creating package script '/home/imml/git/ROB_534_Project/install/ur/share/ur/package.sh'
[2.189s] INFO:colcon.colcon_core.shell:Creating package script '/home/imml/git/ROB_534_Project/install/ur/share/ur/package.bash'
[2.189s] INFO:colcon.colcon_core.shell:Creating package script '/home/imml/git/ROB_534_Project/install/ur/share/ur/package.zsh'
[2.190s] Level 1:colcon.colcon_core.environment:create_file_with_runtime_dependencies(/home/imml/git/ROB_534_Project/install/ur/share/colcon-core/packages/ur)
[2.190s] Level 1:colcon.colcon_core.environment:create_environment_scripts_only(ur)
[2.190s] Level 1:colcon.colcon_core.environment:checking '/home/imml/git/ROB_534_Project/install/ur' for CMake module files
[2.191s] Level 1:colcon.colcon_core.environment:checking '/home/imml/git/ROB_534_Project/install/ur' for CMake config files
[2.191s] Level 1:colcon.colcon_core.shell:create_environment_hook('ur', 'cmake_prefix_path')
[2.192s] INFO:colcon.colcon_core.shell:Creating environment hook '/home/imml/git/ROB_534_Project/install/ur/share/ur/hook/cmake_prefix_path.ps1'
[2.192s] INFO:colcon.colcon_core.shell:Creating environment descriptor '/home/imml/git/ROB_534_Project/install/ur/share/ur/hook/cmake_prefix_path.dsv'
[2.193s] INFO:colcon.colcon_core.shell:Creating environment hook '/home/imml/git/ROB_534_Project/install/ur/share/ur/hook/cmake_prefix_path.sh'
[2.194s] Level 1:colcon.colcon_core.environment:checking '/home/imml/git/ROB_534_Project/install/ur/bin'
[2.195s] Level 1:colcon.colcon_core.environment:checking '/home/imml/git/ROB_534_Project/install/ur/lib/pkgconfig/ur.pc'
[2.195s] Level 1:colcon.colcon_core.environment:checking '/home/imml/git/ROB_534_Project/install/ur/lib/python3.10/site-packages'
[2.196s] Level 1:colcon.colcon_core.environment:checking '/home/imml/git/ROB_534_Project/install/ur/bin'
[2.196s] INFO:colcon.colcon_core.shell:Creating package script '/home/imml/git/ROB_534_Project/install/ur/share/ur/package.ps1'
[2.197s] INFO:colcon.colcon_core.shell:Creating package descriptor '/home/imml/git/ROB_534_Project/install/ur/share/ur/package.dsv'
[2.197s] INFO:colcon.colcon_core.shell:Creating package script '/home/imml/git/ROB_534_Project/install/ur/share/ur/package.sh'
[2.197s] INFO:colcon.colcon_core.shell:Creating package script '/home/imml/git/ROB_534_Project/install/ur/share/ur/package.bash'
[2.198s] INFO:colcon.colcon_core.shell:Creating package script '/home/imml/git/ROB_534_Project/install/ur/share/ur/package.zsh'
[2.198s] Level 1:colcon.colcon_core.environment:create_file_with_runtime_dependencies(/home/imml/git/ROB_534_Project/install/ur/share/colcon-core/packages/ur)
[2.242s] Level 1:colcon.colcon_core.shell:create_environment_hook('harvest_vision', 'pythonpath_develop')
[2.243s] INFO:colcon.colcon_core.shell:Creating environment hook '/home/imml/git/ROB_534_Project/build/harvest_vision/share/harvest_vision/hook/pythonpath_develop.ps1'
[2.244s] DEBUG:colcon.colcon_core.event_handler.log_command:Invoked command in '/home/imml/git/ROB_534_Project/build/harvest_vision' returned '0': CMAKE_PREFIX_PATH=/home/imml/git/ROB_534_Project/install/harvest_interfaces:/home/imml/git/ROB_534_Project/install/ur:/home/imml/git/ROB_534_Project/install/ur_calibration:/home/imml/git/ROB_534_Project/install/ur_robot_driver:/home/imml/git/ROB_534_Project/install/ur_moveit_config:/home/imml/git/ROB_534_Project/install/ur_bringup:/home/imml/git/ROB_534_Project/install/ur_description:/home/imml/git/ROB_534_Project/install/ur_controllers:/home/imml/git/ROB_534_Project/install/ur_dashboard_msgs:/home/imml/git/ROB_534_Project/install/realsense2_description:/home/imml/git/ROB_534_Project/install/realsense2_camera:/home/imml/git/ROB_534_Project/install/realsense2_camera_msgs:/home/imml/git/ROB_534_Project/install/harvest_control:/home/imml/git/ROB_534_Project/install/harvest LD_LIBRARY_PATH=/home/imml/git/ROB_534_Project/install/harvest_interfaces/lib:/home/imml/git/ROB_534_Project/install/ur_robot_driver/lib:/home/imml/git/ROB_534_Project/install/ur_controllers/lib:/home/imml/git/ROB_534_Project/install/ur_dashboard_msgs/lib:/home/imml/git/ROB_534_Project/install/realsense2_camera/lib:/home/imml/git/ROB_534_Project/install/realsense2_camera_msgs/lib:/opt/ros/humble/opt/rviz_ogre_vendor/lib:/opt/ros/humble/lib/x86_64-linux-gnu:/opt/ros/humble/lib PYTHONPATH=/home/imml/git/ROB_534_Project/build/harvest_vision/prefix_override:/usr/lib/python3/dist-packages/colcon_core/task/python/colcon_distutils_commands:/home/imml/git/ROB_534_Project/install/harvest_vision/lib/python3.10/site-packages:${PYTHONPATH} /usr/bin/python3 -W ignore:setup.py install is deprecated -W ignore:easy_install command is deprecated setup.py develop --editable --build-directory /home/imml/git/ROB_534_Project/build/harvest_vision/build --no-deps symlink_data
[2.245s] INFO:colcon.colcon_core.shell:Creating environment descriptor '/home/imml/git/ROB_534_Project/build/harvest_vision/share/harvest_vision/hook/pythonpath_develop.dsv'
[2.245s] INFO:colcon.colcon_core.shell:Creating environment hook '/home/imml/git/ROB_534_Project/build/harvest_vision/share/harvest_vision/hook/pythonpath_develop.sh'
[2.246s] Level 1:colcon.colcon_core.environment:checking '/home/imml/git/ROB_534_Project/install/harvest_vision' for CMake module files
[2.246s] Level 1:colcon.colcon_core.environment:checking '/home/imml/git/ROB_534_Project/install/harvest_vision' for CMake config files
[2.247s] Level 1:colcon.colcon_core.environment:checking '/home/imml/git/ROB_534_Project/install/harvest_vision/lib'
[2.247s] Level 1:colcon.colcon_core.environment:checking '/home/imml/git/ROB_534_Project/install/harvest_vision/bin'
[2.247s] Level 1:colcon.colcon_core.environment:checking '/home/imml/git/ROB_534_Project/install/harvest_vision/lib/pkgconfig/harvest_vision.pc'
[2.248s] Level 1:colcon.colcon_core.environment:checking '/home/imml/git/ROB_534_Project/install/harvest_vision/lib/python3.10/site-packages'
[2.248s] Level 1:colcon.colcon_core.shell:create_environment_hook('harvest_vision', 'pythonpath')
[2.248s] INFO:colcon.colcon_core.shell:Creating environment hook '/home/imml/git/ROB_534_Project/install/harvest_vision/share/harvest_vision/hook/pythonpath.ps1'
[2.248s] INFO:colcon.colcon_core.shell:Creating environment descriptor '/home/imml/git/ROB_534_Project/install/harvest_vision/share/harvest_vision/hook/pythonpath.dsv'
[2.248s] INFO:colcon.colcon_core.shell:Creating environment hook '/home/imml/git/ROB_534_Project/install/harvest_vision/share/harvest_vision/hook/pythonpath.sh'
[2.249s] Level 1:colcon.colcon_core.environment:checking '/home/imml/git/ROB_534_Project/install/harvest_vision/bin'
[2.249s] Level 1:colcon.colcon_core.environment:create_environment_scripts_only(harvest_vision)
[2.249s] INFO:colcon.colcon_core.shell:Creating package script '/home/imml/git/ROB_534_Project/install/harvest_vision/share/harvest_vision/package.ps1'
[2.250s] INFO:colcon.colcon_core.shell:Creating package descriptor '/home/imml/git/ROB_534_Project/install/harvest_vision/share/harvest_vision/package.dsv'
[2.250s] INFO:colcon.colcon_core.shell:Creating package script '/home/imml/git/ROB_534_Project/install/harvest_vision/share/harvest_vision/package.sh'
[2.250s] INFO:colcon.colcon_core.shell:Creating package script '/home/imml/git/ROB_534_Project/install/harvest_vision/share/harvest_vision/package.bash'
[2.251s] INFO:colcon.colcon_core.shell:Creating package script '/home/imml/git/ROB_534_Project/install/harvest_vision/share/harvest_vision/package.zsh'
[2.251s] Level 1:colcon.colcon_core.environment:create_file_with_runtime_dependencies(/home/imml/git/ROB_534_Project/install/harvest_vision/share/colcon-core/packages/harvest_vision)
[13.445s] DEBUG:colcon.colcon_core.event_handler.log_command:Invoked command in '/home/imml/git/ROB_534_Project/build/harvest_control' returned '0': CMAKE_PREFIX_PATH=/home/imml/git/ROB_534_Project/install/harvest_interfaces:/home/imml/git/ROB_534_Project/install/ur:/home/imml/git/ROB_534_Project/install/ur_calibration:/home/imml/git/ROB_534_Project/install/ur_robot_driver:/home/imml/git/ROB_534_Project/install/ur_moveit_config:/home/imml/git/ROB_534_Project/install/ur_bringup:/home/imml/git/ROB_534_Project/install/ur_description:/home/imml/git/ROB_534_Project/install/ur_controllers:/home/imml/git/ROB_534_Project/install/ur_dashboard_msgs:/home/imml/git/ROB_534_Project/install/realsense2_description:/home/imml/git/ROB_534_Project/install/realsense2_camera:/home/imml/git/ROB_534_Project/install/realsense2_camera_msgs:/home/imml/git/ROB_534_Project/install/harvest_control:/home/imml/git/ROB_534_Project/install/harvest:/home/imml/git/ROB_534_Project/install/ur5e_custom_hardware:/home/imml/git/ROB_534_Project/install/harvest_vision:/opt/ros/humble LD_LIBRARY_PATH=/home/imml/git/ROB_534_Project/install/harvest_interfaces/lib:/home/imml/git/ROB_534_Project/install/ur_robot_driver/lib:/home/imml/git/ROB_534_Project/install/ur_controllers/lib:/home/imml/git/ROB_534_Project/install/ur_dashboard_msgs/lib:/home/imml/git/ROB_534_Project/install/realsense2_camera/lib:/home/imml/git/ROB_534_Project/install/realsense2_camera_msgs/lib:/opt/ros/humble/opt/rviz_ogre_vendor/lib:/opt/ros/humble/lib/x86_64-linux-gnu:/opt/ros/humble/lib /usr/bin/cmake --build /home/imml/git/ROB_534_Project/build/harvest_control -- -j16 -l16
[13.446s] DEBUG:colcon.colcon_core.event_handler.log_command:Invoking command in '/home/imml/git/ROB_534_Project/build/harvest_control': CMAKE_PREFIX_PATH=/home/imml/git/ROB_534_Project/install/harvest_interfaces:/home/imml/git/ROB_534_Project/install/ur:/home/imml/git/ROB_534_Project/install/ur_calibration:/home/imml/git/ROB_534_Project/install/ur_robot_driver:/home/imml/git/ROB_534_Project/install/ur_moveit_config:/home/imml/git/ROB_534_Project/install/ur_bringup:/home/imml/git/ROB_534_Project/install/ur_description:/home/imml/git/ROB_534_Project/install/ur_controllers:/home/imml/git/ROB_534_Project/install/ur_dashboard_msgs:/home/imml/git/ROB_534_Project/install/realsense2_description:/home/imml/git/ROB_534_Project/install/realsense2_camera:/home/imml/git/ROB_534_Project/install/realsense2_camera_msgs:/home/imml/git/ROB_534_Project/install/harvest_control:/home/imml/git/ROB_534_Project/install/harvest:/home/imml/git/ROB_534_Project/install/ur5e_custom_hardware:/home/imml/git/ROB_534_Project/install/harvest_vision:/opt/ros/humble LD_LIBRARY_PATH=/home/imml/git/ROB_534_Project/install/harvest_interfaces/lib:/home/imml/git/ROB_534_Project/install/ur_robot_driver/lib:/home/imml/git/ROB_534_Project/install/ur_controllers/lib:/home/imml/git/ROB_534_Project/install/ur_dashboard_msgs/lib:/home/imml/git/ROB_534_Project/install/realsense2_camera/lib:/home/imml/git/ROB_534_Project/install/realsense2_camera_msgs/lib:/opt/ros/humble/opt/rviz_ogre_vendor/lib:/opt/ros/humble/lib/x86_64-linux-gnu:/opt/ros/humble/lib /usr/bin/cmake --install /home/imml/git/ROB_534_Project/build/harvest_control
[13.501s] Level 1:colcon.colcon_core.environment:create_environment_scripts_only(harvest_control)
[13.502s] Level 1:colcon.colcon_core.environment:checking '/home/imml/git/ROB_534_Project/install/harvest_control' for CMake module files
[13.502s] DEBUG:colcon.colcon_core.event_handler.log_command:Invoked command in '/home/imml/git/ROB_534_Project/build/harvest_control' returned '0': CMAKE_PREFIX_PATH=/home/imml/git/ROB_534_Project/install/harvest_interfaces:/home/imml/git/ROB_534_Project/install/ur:/home/imml/git/ROB_534_Project/install/ur_calibration:/home/imml/git/ROB_534_Project/install/ur_robot_driver:/home/imml/git/ROB_534_Project/install/ur_moveit_config:/home/imml/git/ROB_534_Project/install/ur_bringup:/home/imml/git/ROB_534_Project/install/ur_description:/home/imml/git/ROB_534_Project/install/ur_controllers:/home/imml/git/ROB_534_Project/install/ur_dashboard_msgs:/home/imml/git/ROB_534_Project/install/realsense2_description:/home/imml/git/ROB_534_Project/install/realsense2_camera:/home/imml/git/ROB_534_Project/install/realsense2_camera_msgs:/home/imml/git/ROB_534_Project/install/harvest_control:/home/imml/git/ROB_534_Project/install/harvest:/home/imml/git/ROB_534_Project/install/ur5e_custom_hardware:/home/imml/git/ROB_534_Project/install/harvest_vision:/opt/ros/humble LD_LIBRARY_PATH=/home/imml/git/ROB_534_Project/install/harvest_interfaces/lib:/home/imml/git/ROB_534_Project/install/ur_robot_driver/lib:/home/imml/git/ROB_534_Project/install/ur_controllers/lib:/home/imml/git/ROB_534_Project/install/ur_dashboard_msgs/lib:/home/imml/git/ROB_534_Project/install/realsense2_camera/lib:/home/imml/git/ROB_534_Project/install/realsense2_camera_msgs/lib:/opt/ros/humble/opt/rviz_ogre_vendor/lib:/opt/ros/humble/lib/x86_64-linux-gnu:/opt/ros/humble/lib /usr/bin/cmake --install /home/imml/git/ROB_534_Project/build/harvest_control
[13.502s] Level 1:colcon.colcon_core.environment:checking '/home/imml/git/ROB_534_Project/install/harvest_control' for CMake config files
[13.503s] Level 1:colcon.colcon_core.shell:create_environment_hook('harvest_control', 'cmake_prefix_path')
[13.503s] INFO:colcon.colcon_core.shell:Creating environment hook '/home/imml/git/ROB_534_Project/install/harvest_control/share/harvest_control/hook/cmake_prefix_path.ps1'
[13.503s] INFO:colcon.colcon_core.shell:Creating environment descriptor '/home/imml/git/ROB_534_Project/install/harvest_control/share/harvest_control/hook/cmake_prefix_path.dsv'
[13.504s] INFO:colcon.colcon_core.shell:Creating environment hook '/home/imml/git/ROB_534_Project/install/harvest_control/share/harvest_control/hook/cmake_prefix_path.sh'
[13.504s] Level 1:colcon.colcon_core.environment:checking '/home/imml/git/ROB_534_Project/install/harvest_control/lib'
[13.504s] Level 1:colcon.colcon_core.environment:checking '/home/imml/git/ROB_534_Project/install/harvest_control/bin'
[13.504s] Level 1:colcon.colcon_core.environment:checking '/home/imml/git/ROB_534_Project/install/harvest_control/lib/pkgconfig/harvest_control.pc'
[13.504s] Level 1:colcon.colcon_core.environment:checking '/home/imml/git/ROB_534_Project/install/harvest_control/lib/python3.10/site-packages'
[13.504s] Level 1:colcon.colcon_core.environment:checking '/home/imml/git/ROB_534_Project/install/harvest_control/bin'
[13.505s] INFO:colcon.colcon_core.shell:Creating package script '/home/imml/git/ROB_534_Project/install/harvest_control/share/harvest_control/package.ps1'
[13.505s] INFO:colcon.colcon_core.shell:Creating package descriptor '/home/imml/git/ROB_534_Project/install/harvest_control/share/harvest_control/package.dsv'
[13.505s] INFO:colcon.colcon_core.shell:Creating package script '/home/imml/git/ROB_534_Project/install/harvest_control/share/harvest_control/package.sh'
[13.505s] INFO:colcon.colcon_core.shell:Creating package script '/home/imml/git/ROB_534_Project/install/harvest_control/share/harvest_control/package.bash'
[13.506s] INFO:colcon.colcon_core.shell:Creating package script '/home/imml/git/ROB_534_Project/install/harvest_control/share/harvest_control/package.zsh'
[13.506s] Level 1:colcon.colcon_core.environment:create_file_with_runtime_dependencies(/home/imml/git/ROB_534_Project/install/harvest_control/share/colcon-core/packages/harvest_control)
[13.506s] Level 1:colcon.colcon_core.environment:create_environment_scripts_only(harvest_control)
[13.506s] Level 1:colcon.colcon_core.environment:checking '/home/imml/git/ROB_534_Project/install/harvest_control' for CMake module files
[13.507s] Level 1:colcon.colcon_core.environment:checking '/home/imml/git/ROB_534_Project/install/harvest_control' for CMake config files
[13.507s] Level 1:colcon.colcon_core.shell:create_environment_hook('harvest_control', 'cmake_prefix_path')
[13.507s] INFO:colcon.colcon_core.shell:Creating environment hook '/home/imml/git/ROB_534_Project/install/harvest_control/share/harvest_control/hook/cmake_prefix_path.ps1'
[13.508s] INFO:colcon.colcon_core.shell:Creating environment descriptor '/home/imml/git/ROB_534_Project/install/harvest_control/share/harvest_control/hook/cmake_prefix_path.dsv'
[13.508s] INFO:colcon.colcon_core.shell:Creating environment hook '/home/imml/git/ROB_534_Project/install/harvest_control/share/harvest_control/hook/cmake_prefix_path.sh'
[13.508s] Level 1:colcon.colcon_core.environment:checking '/home/imml/git/ROB_534_Project/install/harvest_control/lib'
[13.508s] Level 1:colcon.colcon_core.environment:checking '/home/imml/git/ROB_534_Project/install/harvest_control/bin'
[13.508s] Level 1:colcon.colcon_core.environment:checking '/home/imml/git/ROB_534_Project/install/harvest_control/lib/pkgconfig/harvest_control.pc'
[13.508s] Level 1:colcon.colcon_core.environment:checking '/home/imml/git/ROB_534_Project/install/harvest_control/lib/python3.10/site-packages'
[13.509s] Level 1:colcon.colcon_core.environment:checking '/home/imml/git/ROB_534_Project/install/harvest_control/bin'
[13.509s] INFO:colcon.colcon_core.shell:Creating package script '/home/imml/git/ROB_534_Project/install/harvest_control/share/harvest_control/package.ps1'
[13.509s] INFO:colcon.colcon_core.shell:Creating package descriptor '/home/imml/git/ROB_534_Project/install/harvest_control/share/harvest_control/package.dsv'
[13.509s] INFO:colcon.colcon_core.shell:Creating package script '/home/imml/git/ROB_534_Project/install/harvest_control/share/harvest_control/package.sh'
[13.510s] INFO:colcon.colcon_core.shell:Creating package script '/home/imml/git/ROB_534_Project/install/harvest_control/share/harvest_control/package.bash'
[13.510s] INFO:colcon.colcon_core.shell:Creating package script '/home/imml/git/ROB_534_Project/install/harvest_control/share/harvest_control/package.zsh'
[13.510s] Level 1:colcon.colcon_core.environment:create_file_with_runtime_dependencies(/home/imml/git/ROB_534_Project/install/harvest_control/share/colcon-core/packages/harvest_control)
[13.511s] DEBUG:colcon.colcon_parallel_executor.executor.parallel:closing loop
[13.511s] DEBUG:colcon.colcon_parallel_executor.executor.parallel:loop closed
[13.511s] DEBUG:colcon.colcon_parallel_executor.executor.parallel:run_until_complete finished with '0'
[13.511s] DEBUG:colcon.colcon_core.event_reactor:joining thread
[13.516s] INFO:colcon.colcon_core.plugin_system:Skipping extension 'colcon_notification.desktop_notification.terminal_notifier': Not used on non-Darwin systems
[13.516s] INFO:colcon.colcon_core.plugin_system:Skipping extension 'colcon_notification.desktop_notification.win32': Not used on non-Windows systems
[13.516s] INFO:colcon.colcon_notification.desktop_notification:Sending desktop notification using 'notify2'
[13.524s] DEBUG:colcon.colcon_core.event_reactor:joined thread
[13.524s] INFO:colcon.colcon_core.shell:Creating prefix script '/home/imml/git/ROB_534_Project/install/local_setup.ps1'
[13.525s] INFO:colcon.colcon_core.shell:Creating prefix util module '/home/imml/git/ROB_534_Project/install/_local_setup_util_ps1.py'
[13.526s] INFO:colcon.colcon_core.shell:Creating prefix chain script '/home/imml/git/ROB_534_Project/install/setup.ps1'
[13.528s] INFO:colcon.colcon_core.shell:Creating prefix script '/home/imml/git/ROB_534_Project/install/local_setup.sh'
[13.529s] INFO:colcon.colcon_core.shell:Creating prefix util module '/home/imml/git/ROB_534_Project/install/_local_setup_util_sh.py'
[13.530s] INFO:colcon.colcon_core.shell:Creating prefix chain script '/home/imml/git/ROB_534_Project/install/setup.sh'
[13.531s] INFO:colcon.colcon_core.shell:Creating prefix script '/home/imml/git/ROB_534_Project/install/local_setup.bash'
[13.531s] INFO:colcon.colcon_core.shell:Creating prefix chain script '/home/imml/git/ROB_534_Project/install/setup.bash'
[13.532s] INFO:colcon.colcon_core.shell:Creating prefix script '/home/imml/git/ROB_534_Project/install/local_setup.zsh'
[13.533s] INFO:colcon.colcon_core.shell:Creating prefix chain script '/home/imml/git/ROB_534_Project/install/setup.zsh'
