[0.081s] DEBUG:colcon:Command line arguments: ['/usr/bin/colcon', 'build', '--symlink-install']
[0.081s] DEBUG:colcon:Parsed command line arguments: Namespace(log_base=None, log_level=None, verb_name='build', build_base='build', install_base='install', merge_install=False, symlink_install=True, test_result_base=None, continue_on_error=False, executor='parallel', parallel_workers=16, event_handlers=None, ignore_user_meta=False, metas=['./colcon.meta'], base_paths=['.'], packages_ignore=None, packages_ignore_regex=None, paths=None, packages_up_to=None, packages_up_to_regex=None, packages_above=None, packages_above_and_dependencies=None, packages_above_depth=None, packages_select_by_dep=None, packages_skip_by_dep=None, packages_skip_up_to=None, packages_select_build_failed=False, packages_skip_build_finished=False, packages_select_test_failures=False, packages_skip_test_passed=False, packages_select=None, packages_skip=None, packages_select_regex=None, packages_skip_regex=None, packages_start=None, packages_end=None, allow_overriding=[], cmake_args=None, cmake_target=None, cmake_target_skip_unavailable=False, cmake_clean_cache=False, cmake_clean_first=False, cmake_force_configure=False, ament_cmake_args=None, catkin_cmake_args=None, catkin_skip_building_tests=False, mixin_files=None, mixin=None, verb_parser=<colcon_mixin.mixin.mixin_argument.MixinArgumentDecorator object at 0x755c94fa4970>, verb_extension=<colcon_core.verb.build.BuildVerb object at 0x755c94fa4370>, main=<bound method BuildVerb.main of <colcon_core.verb.build.BuildVerb object at 0x755c94fa4370>>, mixin_verb=('build',))
[0.221s] Level 1:colcon.colcon_core.package_discovery:discover_packages(colcon_meta) check parameters
[0.221s] Level 1:colcon.colcon_core.package_discovery:discover_packages(recursive) check parameters
[0.221s] Level 1:colcon.colcon_core.package_discovery:discover_packages(ignore) check parameters
[0.221s] Level 1:colcon.colcon_core.package_discovery:discover_packages(path) check parameters
[0.221s] Level 1:colcon.colcon_core.package_discovery:discover_packages(colcon_meta) discover
[0.221s] Level 1:colcon.colcon_core.package_discovery:discover_packages(recursive) discover
[0.221s] INFO:colcon.colcon_core.package_discovery:Crawling recursively for packages in '/home/imml/git/ROB_534_Project'
[0.221s] Level 1:colcon.colcon_core.package_identification:_identify(.) by extensions ['ignore', 'ignore_ament_install']
[0.221s] Level 1:colcon.colcon_core.package_identification:_identify(.) by extension 'ignore'
[0.221s] Level 1:colcon.colcon_core.package_identification:_identify(.) by extension 'ignore_ament_install'
[0.221s] Level 1:colcon.colcon_core.package_identification:_identify(.) by extensions ['colcon_pkg']
[0.221s] Level 1:colcon.colcon_core.package_identification:_identify(.) by extension 'colcon_pkg'
[0.221s] Level 1:colcon.colcon_core.package_identification:_identify(.) by extensions ['colcon_meta']
[0.221s] Level 1:colcon.colcon_core.package_identification:_identify(.) by extension 'colcon_meta'
[0.221s] Level 1:colcon.colcon_core.package_identification:_identify(.) by extensions ['ros']
[0.221s] Level 1:colcon.colcon_core.package_identification:_identify(.) by extension 'ros'
[0.237s] Level 1:colcon.colcon_core.package_identification:_identify(.) by extensions ['cmake', 'python']
[0.237s] Level 1:colcon.colcon_core.package_identification:_identify(.) by extension 'cmake'
[0.237s] Level 1:colcon.colcon_core.package_identification:_identify(.) by extension 'python'
[0.237s] Level 1:colcon.colcon_core.package_identification:_identify(.) by extensions ['python_setup_py']
[0.237s] Level 1:colcon.colcon_core.package_identification:_identify(.) by extension 'python_setup_py'
[0.237s] Level 1:colcon.colcon_core.package_identification:_identify(build) by extensions ['ignore', 'ignore_ament_install']
[0.237s] Level 1:colcon.colcon_core.package_identification:_identify(build) by extension 'ignore'
[0.237s] Level 1:colcon.colcon_core.package_identification:_identify(build) ignored
[0.237s] Level 1:colcon.colcon_core.package_identification:_identify(data_saved) by extensions ['ignore', 'ignore_ament_install']
[0.237s] Level 1:colcon.colcon_core.package_identification:_identify(data_saved) by extension 'ignore'
[0.237s] Level 1:colcon.colcon_core.package_identification:_identify(data_saved) by extension 'ignore_ament_install'
[0.237s] Level 1:colcon.colcon_core.package_identification:_identify(data_saved) by extensions ['colcon_pkg']
[0.237s] Level 1:colcon.colcon_core.package_identification:_identify(data_saved) by extension 'colcon_pkg'
[0.237s] Level 1:colcon.colcon_core.package_identification:_identify(data_saved) by extensions ['colcon_meta']
[0.237s] Level 1:colcon.colcon_core.package_identification:_identify(data_saved) by extension 'colcon_meta'
[0.237s] Level 1:colcon.colcon_core.package_identification:_identify(data_saved) by extensions ['ros']
[0.238s] Level 1:colcon.colcon_core.package_identification:_identify(data_saved) by extension 'ros'
[0.238s] Level 1:colcon.colcon_core.package_identification:_identify(data_saved) by extensions ['cmake', 'python']
[0.238s] Level 1:colcon.colcon_core.package_identification:_identify(data_saved) by extension 'cmake'
[0.238s] Level 1:colcon.colcon_core.package_identification:_identify(data_saved) by extension 'python'
[0.238s] Level 1:colcon.colcon_core.package_identification:_identify(data_saved) by extensions ['python_setup_py']
[0.238s] Level 1:colcon.colcon_core.package_identification:_identify(data_saved) by extension 'python_setup_py'
[0.238s] Level 1:colcon.colcon_core.package_identification:_identify(harvest) by extensions ['ignore', 'ignore_ament_install']
[0.238s] Level 1:colcon.colcon_core.package_identification:_identify(harvest) by extension 'ignore'
[0.238s] Level 1:colcon.colcon_core.package_identification:_identify(harvest) by extension 'ignore_ament_install'
[0.238s] Level 1:colcon.colcon_core.package_identification:_identify(harvest) by extensions ['colcon_pkg']
[0.238s] Level 1:colcon.colcon_core.package_identification:_identify(harvest) by extension 'colcon_pkg'
[0.238s] Level 1:colcon.colcon_core.package_identification:_identify(harvest) by extensions ['colcon_meta']
[0.238s] Level 1:colcon.colcon_core.package_identification:_identify(harvest) by extension 'colcon_meta'
[0.238s] Level 1:colcon.colcon_core.package_identification:_identify(harvest) by extensions ['ros']
[0.238s] Level 1:colcon.colcon_core.package_identification:_identify(harvest) by extension 'ros'
[0.240s] DEBUG:colcon.colcon_core.package_identification:Package 'harvest' with type 'ros.ament_cmake' and name 'harvest'
[0.240s] Level 1:colcon.colcon_core.package_identification:_identify(harvest_control) by extensions ['ignore', 'ignore_ament_install']
[0.240s] Level 1:colcon.colcon_core.package_identification:_identify(harvest_control) by extension 'ignore'
[0.240s] Level 1:colcon.colcon_core.package_identification:_identify(harvest_control) by extension 'ignore_ament_install'
[0.240s] Level 1:colcon.colcon_core.package_identification:_identify(harvest_control) by extensions ['colcon_pkg']
[0.240s] Level 1:colcon.colcon_core.package_identification:_identify(harvest_control) by extension 'colcon_pkg'
[0.240s] Level 1:colcon.colcon_core.package_identification:_identify(harvest_control) by extensions ['colcon_meta']
[0.240s] Level 1:colcon.colcon_core.package_identification:_identify(harvest_control) by extension 'colcon_meta'
[0.240s] Level 1:colcon.colcon_core.package_identification:_identify(harvest_control) by extensions ['ros']
[0.240s] Level 1:colcon.colcon_core.package_identification:_identify(harvest_control) by extension 'ros'
[0.241s] DEBUG:colcon.colcon_core.package_identification:Package 'harvest_control' with type 'ros.ament_cmake' and name 'harvest_control'
[0.241s] Level 1:colcon.colcon_core.package_identification:_identify(harvest_hardware) by extensions ['ignore', 'ignore_ament_install']
[0.241s] Level 1:colcon.colcon_core.package_identification:_identify(harvest_hardware) by extension 'ignore'
[0.241s] Level 1:colcon.colcon_core.package_identification:_identify(harvest_hardware) by extension 'ignore_ament_install'
[0.242s] Level 1:colcon.colcon_core.package_identification:_identify(harvest_hardware) by extensions ['colcon_pkg']
[0.242s] Level 1:colcon.colcon_core.package_identification:_identify(harvest_hardware) by extension 'colcon_pkg'
[0.242s] Level 1:colcon.colcon_core.package_identification:_identify(harvest_hardware) by extensions ['colcon_meta']
[0.242s] Level 1:colcon.colcon_core.package_identification:_identify(harvest_hardware) by extension 'colcon_meta'
[0.242s] Level 1:colcon.colcon_core.package_identification:_identify(harvest_hardware) by extensions ['ros']
[0.242s] Level 1:colcon.colcon_core.package_identification:_identify(harvest_hardware) by extension 'ros'
[0.242s] Level 1:colcon.colcon_core.package_identification:_identify(harvest_hardware) by extensions ['cmake', 'python']
[0.242s] Level 1:colcon.colcon_core.package_identification:_identify(harvest_hardware) by extension 'cmake'
[0.242s] Level 1:colcon.colcon_core.package_identification:_identify(harvest_hardware) by extension 'python'
[0.242s] Level 1:colcon.colcon_core.package_identification:_identify(harvest_hardware) by extensions ['python_setup_py']
[0.242s] Level 1:colcon.colcon_core.package_identification:_identify(harvest_hardware) by extension 'python_setup_py'
[0.242s] Level 1:colcon.colcon_core.package_identification:_identify(harvest_hardware/Universal_Robots_ROS2_Description) by extensions ['ignore', 'ignore_ament_install']
[0.242s] Level 1:colcon.colcon_core.package_identification:_identify(harvest_hardware/Universal_Robots_ROS2_Description) by extension 'ignore'
[0.242s] Level 1:colcon.colcon_core.package_identification:_identify(harvest_hardware/Universal_Robots_ROS2_Description) by extension 'ignore_ament_install'
[0.242s] Level 1:colcon.colcon_core.package_identification:_identify(harvest_hardware/Universal_Robots_ROS2_Description) by extensions ['colcon_pkg']
[0.242s] Level 1:colcon.colcon_core.package_identification:_identify(harvest_hardware/Universal_Robots_ROS2_Description) by extension 'colcon_pkg'
[0.242s] Level 1:colcon.colcon_core.package_identification:_identify(harvest_hardware/Universal_Robots_ROS2_Description) by extensions ['colcon_meta']
[0.242s] Level 1:colcon.colcon_core.package_identification:_identify(harvest_hardware/Universal_Robots_ROS2_Description) by extension 'colcon_meta'
[0.242s] Level 1:colcon.colcon_core.package_identification:_identify(harvest_hardware/Universal_Robots_ROS2_Description) by extensions ['ros']
[0.242s] Level 1:colcon.colcon_core.package_identification:_identify(harvest_hardware/Universal_Robots_ROS2_Description) by extension 'ros'
[0.243s] DEBUG:colcon.colcon_core.package_identification:Package 'harvest_hardware/Universal_Robots_ROS2_Description' with type 'ros.ament_cmake' and name 'ur_description'
[0.243s] Level 1:colcon.colcon_core.package_identification:_identify(harvest_hardware/Universal_Robots_ROS2_Driver) by extensions ['ignore', 'ignore_ament_install']
[0.243s] Level 1:colcon.colcon_core.package_identification:_identify(harvest_hardware/Universal_Robots_ROS2_Driver) by extension 'ignore'
[0.243s] Level 1:colcon.colcon_core.package_identification:_identify(harvest_hardware/Universal_Robots_ROS2_Driver) by extension 'ignore_ament_install'
[0.243s] Level 1:colcon.colcon_core.package_identification:_identify(harvest_hardware/Universal_Robots_ROS2_Driver) by extensions ['colcon_pkg']
[0.243s] Level 1:colcon.colcon_core.package_identification:_identify(harvest_hardware/Universal_Robots_ROS2_Driver) by extension 'colcon_pkg'
[0.243s] Level 1:colcon.colcon_core.package_identification:_identify(harvest_hardware/Universal_Robots_ROS2_Driver) by extensions ['colcon_meta']
[0.243s] Level 1:colcon.colcon_core.package_identification:_identify(harvest_hardware/Universal_Robots_ROS2_Driver) by extension 'colcon_meta'
[0.243s] Level 1:colcon.colcon_core.package_identification:_identify(harvest_hardware/Universal_Robots_ROS2_Driver) by extensions ['ros']
[0.243s] Level 1:colcon.colcon_core.package_identification:_identify(harvest_hardware/Universal_Robots_ROS2_Driver) by extension 'ros'
[0.243s] Level 1:colcon.colcon_core.package_identification:_identify(harvest_hardware/Universal_Robots_ROS2_Driver) by extensions ['cmake', 'python']
[0.243s] Level 1:colcon.colcon_core.package_identification:_identify(harvest_hardware/Universal_Robots_ROS2_Driver) by extension 'cmake'
[0.243s] Level 1:colcon.colcon_core.package_identification:_identify(harvest_hardware/Universal_Robots_ROS2_Driver) by extension 'python'
[0.243s] Level 1:colcon.colcon_core.package_identification:_identify(harvest_hardware/Universal_Robots_ROS2_Driver) by extensions ['python_setup_py']
[0.243s] Level 1:colcon.colcon_core.package_identification:_identify(harvest_hardware/Universal_Robots_ROS2_Driver) by extension 'python_setup_py'
[0.243s] Level 1:colcon.colcon_core.package_identification:_identify(harvest_hardware/Universal_Robots_ROS2_Driver/ur) by extensions ['ignore', 'ignore_ament_install']
[0.243s] Level 1:colcon.colcon_core.package_identification:_identify(harvest_hardware/Universal_Robots_ROS2_Driver/ur) by extension 'ignore'
[0.243s] Level 1:colcon.colcon_core.package_identification:_identify(harvest_hardware/Universal_Robots_ROS2_Driver/ur) by extension 'ignore_ament_install'
[0.243s] Level 1:colcon.colcon_core.package_identification:_identify(harvest_hardware/Universal_Robots_ROS2_Driver/ur) by extensions ['colcon_pkg']
[0.243s] Level 1:colcon.colcon_core.package_identification:_identify(harvest_hardware/Universal_Robots_ROS2_Driver/ur) by extension 'colcon_pkg'
[0.244s] Level 1:colcon.colcon_core.package_identification:_identify(harvest_hardware/Universal_Robots_ROS2_Driver/ur) by extensions ['colcon_meta']
[0.244s] Level 1:colcon.colcon_core.package_identification:_identify(harvest_hardware/Universal_Robots_ROS2_Driver/ur) by extension 'colcon_meta'
[0.244s] Level 1:colcon.colcon_core.package_identification:_identify(harvest_hardware/Universal_Robots_ROS2_Driver/ur) by extensions ['ros']
[0.244s] Level 1:colcon.colcon_core.package_identification:_identify(harvest_hardware/Universal_Robots_ROS2_Driver/ur) by extension 'ros'
[0.244s] DEBUG:colcon.colcon_core.package_identification:Package 'harvest_hardware/Universal_Robots_ROS2_Driver/ur' with type 'ros.ament_cmake' and name 'ur'
[0.244s] Level 1:colcon.colcon_core.package_identification:_identify(harvest_hardware/Universal_Robots_ROS2_Driver/ur_bringup) by extensions ['ignore', 'ignore_ament_install']
[0.244s] Level 1:colcon.colcon_core.package_identification:_identify(harvest_hardware/Universal_Robots_ROS2_Driver/ur_bringup) by extension 'ignore'
[0.244s] Level 1:colcon.colcon_core.package_identification:_identify(harvest_hardware/Universal_Robots_ROS2_Driver/ur_bringup) by extension 'ignore_ament_install'
[0.244s] Level 1:colcon.colcon_core.package_identification:_identify(harvest_hardware/Universal_Robots_ROS2_Driver/ur_bringup) by extensions ['colcon_pkg']
[0.244s] Level 1:colcon.colcon_core.package_identification:_identify(harvest_hardware/Universal_Robots_ROS2_Driver/ur_bringup) by extension 'colcon_pkg'
[0.244s] Level 1:colcon.colcon_core.package_identification:_identify(harvest_hardware/Universal_Robots_ROS2_Driver/ur_bringup) by extensions ['colcon_meta']
[0.244s] Level 1:colcon.colcon_core.package_identification:_identify(harvest_hardware/Universal_Robots_ROS2_Driver/ur_bringup) by extension 'colcon_meta'
[0.244s] Level 1:colcon.colcon_core.package_identification:_identify(harvest_hardware/Universal_Robots_ROS2_Driver/ur_bringup) by extensions ['ros']
[0.244s] Level 1:colcon.colcon_core.package_identification:_identify(harvest_hardware/Universal_Robots_ROS2_Driver/ur_bringup) by extension 'ros'
[0.245s] DEBUG:colcon.colcon_core.package_identification:Package 'harvest_hardware/Universal_Robots_ROS2_Driver/ur_bringup' with type 'ros.ament_cmake' and name 'ur_bringup'
[0.245s] Level 1:colcon.colcon_core.package_identification:_identify(harvest_hardware/Universal_Robots_ROS2_Driver/ur_calibration) by extensions ['ignore', 'ignore_ament_install']
[0.245s] Level 1:colcon.colcon_core.package_identification:_identify(harvest_hardware/Universal_Robots_ROS2_Driver/ur_calibration) by extension 'ignore'
[0.245s] Level 1:colcon.colcon_core.package_identification:_identify(harvest_hardware/Universal_Robots_ROS2_Driver/ur_calibration) by extension 'ignore_ament_install'
[0.245s] Level 1:colcon.colcon_core.package_identification:_identify(harvest_hardware/Universal_Robots_ROS2_Driver/ur_calibration) by extensions ['colcon_pkg']
[0.245s] Level 1:colcon.colcon_core.package_identification:_identify(harvest_hardware/Universal_Robots_ROS2_Driver/ur_calibration) by extension 'colcon_pkg'
[0.245s] Level 1:colcon.colcon_core.package_identification:_identify(harvest_hardware/Universal_Robots_ROS2_Driver/ur_calibration) by extensions ['colcon_meta']
[0.245s] Level 1:colcon.colcon_core.package_identification:_identify(harvest_hardware/Universal_Robots_ROS2_Driver/ur_calibration) by extension 'colcon_meta'
[0.245s] Level 1:colcon.colcon_core.package_identification:_identify(harvest_hardware/Universal_Robots_ROS2_Driver/ur_calibration) by extensions ['ros']
[0.245s] Level 1:colcon.colcon_core.package_identification:_identify(harvest_hardware/Universal_Robots_ROS2_Driver/ur_calibration) by extension 'ros'
[0.246s] DEBUG:colcon.colcon_core.package_identification:Package 'harvest_hardware/Universal_Robots_ROS2_Driver/ur_calibration' with type 'ros.ament_cmake' and name 'ur_calibration'
[0.246s] Level 1:colcon.colcon_core.package_identification:_identify(harvest_hardware/Universal_Robots_ROS2_Driver/ur_controllers) by extensions ['ignore', 'ignore_ament_install']
[0.246s] Level 1:colcon.colcon_core.package_identification:_identify(harvest_hardware/Universal_Robots_ROS2_Driver/ur_controllers) by extension 'ignore'
[0.246s] Level 1:colcon.colcon_core.package_identification:_identify(harvest_hardware/Universal_Robots_ROS2_Driver/ur_controllers) by extension 'ignore_ament_install'
[0.246s] Level 1:colcon.colcon_core.package_identification:_identify(harvest_hardware/Universal_Robots_ROS2_Driver/ur_controllers) by extensions ['colcon_pkg']
[0.246s] Level 1:colcon.colcon_core.package_identification:_identify(harvest_hardware/Universal_Robots_ROS2_Driver/ur_controllers) by extension 'colcon_pkg'
[0.246s] Level 1:colcon.colcon_core.package_identification:_identify(harvest_hardware/Universal_Robots_ROS2_Driver/ur_controllers) by extensions ['colcon_meta']
[0.246s] Level 1:colcon.colcon_core.package_identification:_identify(harvest_hardware/Universal_Robots_ROS2_Driver/ur_controllers) by extension 'colcon_meta'
[0.246s] Level 1:colcon.colcon_core.package_identification:_identify(harvest_hardware/Universal_Robots_ROS2_Driver/ur_controllers) by extensions ['ros']
[0.246s] Level 1:colcon.colcon_core.package_identification:_identify(harvest_hardware/Universal_Robots_ROS2_Driver/ur_controllers) by extension 'ros'
[0.247s] DEBUG:colcon.colcon_core.package_identification:Package 'harvest_hardware/Universal_Robots_ROS2_Driver/ur_controllers' with type 'ros.ament_cmake' and name 'ur_controllers'
[0.247s] Level 1:colcon.colcon_core.package_identification:_identify(harvest_hardware/Universal_Robots_ROS2_Driver/ur_dashboard_msgs) by extensions ['ignore', 'ignore_ament_install']
[0.247s] Level 1:colcon.colcon_core.package_identification:_identify(harvest_hardware/Universal_Robots_ROS2_Driver/ur_dashboard_msgs) by extension 'ignore'
[0.247s] Level 1:colcon.colcon_core.package_identification:_identify(harvest_hardware/Universal_Robots_ROS2_Driver/ur_dashboard_msgs) by extension 'ignore_ament_install'
[0.247s] Level 1:colcon.colcon_core.package_identification:_identify(harvest_hardware/Universal_Robots_ROS2_Driver/ur_dashboard_msgs) by extensions ['colcon_pkg']
[0.247s] Level 1:colcon.colcon_core.package_identification:_identify(harvest_hardware/Universal_Robots_ROS2_Driver/ur_dashboard_msgs) by extension 'colcon_pkg'
[0.247s] Level 1:colcon.colcon_core.package_identification:_identify(harvest_hardware/Universal_Robots_ROS2_Driver/ur_dashboard_msgs) by extensions ['colcon_meta']
[0.247s] Level 1:colcon.colcon_core.package_identification:_identify(harvest_hardware/Universal_Robots_ROS2_Driver/ur_dashboard_msgs) by extension 'colcon_meta'
[0.247s] Level 1:colcon.colcon_core.package_identification:_identify(harvest_hardware/Universal_Robots_ROS2_Driver/ur_dashboard_msgs) by extensions ['ros']
[0.248s] Level 1:colcon.colcon_core.package_identification:_identify(harvest_hardware/Universal_Robots_ROS2_Driver/ur_dashboard_msgs) by extension 'ros'
[0.248s] DEBUG:colcon.colcon_core.package_identification:Package 'harvest_hardware/Universal_Robots_ROS2_Driver/ur_dashboard_msgs' with type 'ros.ament_cmake' and name 'ur_dashboard_msgs'
[0.248s] Level 1:colcon.colcon_core.package_identification:_identify(harvest_hardware/Universal_Robots_ROS2_Driver/ur_moveit_config) by extensions ['ignore', 'ignore_ament_install']
[0.248s] Level 1:colcon.colcon_core.package_identification:_identify(harvest_hardware/Universal_Robots_ROS2_Driver/ur_moveit_config) by extension 'ignore'
[0.248s] Level 1:colcon.colcon_core.package_identification:_identify(harvest_hardware/Universal_Robots_ROS2_Driver/ur_moveit_config) by extension 'ignore_ament_install'
[0.248s] Level 1:colcon.colcon_core.package_identification:_identify(harvest_hardware/Universal_Robots_ROS2_Driver/ur_moveit_config) by extensions ['colcon_pkg']
[0.248s] Level 1:colcon.colcon_core.package_identification:_identify(harvest_hardware/Universal_Robots_ROS2_Driver/ur_moveit_config) by extension 'colcon_pkg'
[0.248s] Level 1:colcon.colcon_core.package_identification:_identify(harvest_hardware/Universal_Robots_ROS2_Driver/ur_moveit_config) by extensions ['colcon_meta']
[0.248s] Level 1:colcon.colcon_core.package_identification:_identify(harvest_hardware/Universal_Robots_ROS2_Driver/ur_moveit_config) by extension 'colcon_meta'
[0.248s] Level 1:colcon.colcon_core.package_identification:_identify(harvest_hardware/Universal_Robots_ROS2_Driver/ur_moveit_config) by extensions ['ros']
[0.248s] Level 1:colcon.colcon_core.package_identification:_identify(harvest_hardware/Universal_Robots_ROS2_Driver/ur_moveit_config) by extension 'ros'
[0.249s] DEBUG:colcon.colcon_core.package_identification:Package 'harvest_hardware/Universal_Robots_ROS2_Driver/ur_moveit_config' with type 'ros.ament_cmake' and name 'ur_moveit_config'
[0.249s] Level 1:colcon.colcon_core.package_identification:_identify(harvest_hardware/Universal_Robots_ROS2_Driver/ur_robot_driver) by extensions ['ignore', 'ignore_ament_install']
[0.249s] Level 1:colcon.colcon_core.package_identification:_identify(harvest_hardware/Universal_Robots_ROS2_Driver/ur_robot_driver) by extension 'ignore'
[0.249s] Level 1:colcon.colcon_core.package_identification:_identify(harvest_hardware/Universal_Robots_ROS2_Driver/ur_robot_driver) by extension 'ignore_ament_install'
[0.249s] Level 1:colcon.colcon_core.package_identification:_identify(harvest_hardware/Universal_Robots_ROS2_Driver/ur_robot_driver) by extensions ['colcon_pkg']
[0.249s] Level 1:colcon.colcon_core.package_identification:_identify(harvest_hardware/Universal_Robots_ROS2_Driver/ur_robot_driver) by extension 'colcon_pkg'
[0.249s] Level 1:colcon.colcon_core.package_identification:_identify(harvest_hardware/Universal_Robots_ROS2_Driver/ur_robot_driver) by extensions ['colcon_meta']
[0.249s] Level 1:colcon.colcon_core.package_identification:_identify(harvest_hardware/Universal_Robots_ROS2_Driver/ur_robot_driver) by extension 'colcon_meta'
[0.249s] Level 1:colcon.colcon_core.package_identification:_identify(harvest_hardware/Universal_Robots_ROS2_Driver/ur_robot_driver) by extensions ['ros']
[0.249s] Level 1:colcon.colcon_core.package_identification:_identify(harvest_hardware/Universal_Robots_ROS2_Driver/ur_robot_driver) by extension 'ros'
[0.251s] DEBUG:colcon.colcon_core.package_identification:Package 'harvest_hardware/Universal_Robots_ROS2_Driver/ur_robot_driver' with type 'ros.ament_cmake' and name 'ur_robot_driver'
[0.251s] Level 1:colcon.colcon_core.package_identification:_identify(harvest_hardware/realsense-ros) by extensions ['ignore', 'ignore_ament_install']
[0.251s] Level 1:colcon.colcon_core.package_identification:_identify(harvest_hardware/realsense-ros) by extension 'ignore'
[0.251s] Level 1:colcon.colcon_core.package_identification:_identify(harvest_hardware/realsense-ros) by extension 'ignore_ament_install'
[0.251s] Level 1:colcon.colcon_core.package_identification:_identify(harvest_hardware/realsense-ros) by extensions ['colcon_pkg']
[0.251s] Level 1:colcon.colcon_core.package_identification:_identify(harvest_hardware/realsense-ros) by extension 'colcon_pkg'
[0.251s] Level 1:colcon.colcon_core.package_identification:_identify(harvest_hardware/realsense-ros) by extensions ['colcon_meta']
[0.251s] Level 1:colcon.colcon_core.package_identification:_identify(harvest_hardware/realsense-ros) by extension 'colcon_meta'
[0.251s] Level 1:colcon.colcon_core.package_identification:_identify(harvest_hardware/realsense-ros) by extensions ['ros']
[0.251s] Level 1:colcon.colcon_core.package_identification:_identify(harvest_hardware/realsense-ros) by extension 'ros'
[0.251s] Level 1:colcon.colcon_core.package_identification:_identify(harvest_hardware/realsense-ros) by extensions ['cmake', 'python']
[0.251s] Level 1:colcon.colcon_core.package_identification:_identify(harvest_hardware/realsense-ros) by extension 'cmake'
[0.251s] Level 1:colcon.colcon_core.package_identification:_identify(harvest_hardware/realsense-ros) by extension 'python'
[0.251s] Level 1:colcon.colcon_core.package_identification:_identify(harvest_hardware/realsense-ros) by extensions ['python_setup_py']
[0.251s] Level 1:colcon.colcon_core.package_identification:_identify(harvest_hardware/realsense-ros) by extension 'python_setup_py'
[0.251s] Level 1:colcon.colcon_core.package_identification:_identify(harvest_hardware/realsense-ros/realsense2_camera) by extensions ['ignore', 'ignore_ament_install']
[0.251s] Level 1:colcon.colcon_core.package_identification:_identify(harvest_hardware/realsense-ros/realsense2_camera) by extension 'ignore'
[0.251s] Level 1:colcon.colcon_core.package_identification:_identify(harvest_hardware/realsense-ros/realsense2_camera) by extension 'ignore_ament_install'
[0.251s] Level 1:colcon.colcon_core.package_identification:_identify(harvest_hardware/realsense-ros/realsense2_camera) by extensions ['colcon_pkg']
[0.251s] Level 1:colcon.colcon_core.package_identification:_identify(harvest_hardware/realsense-ros/realsense2_camera) by extension 'colcon_pkg'
[0.251s] Level 1:colcon.colcon_core.package_identification:_identify(harvest_hardware/realsense-ros/realsense2_camera) by extensions ['colcon_meta']
[0.251s] Level 1:colcon.colcon_core.package_identification:_identify(harvest_hardware/realsense-ros/realsense2_camera) by extension 'colcon_meta'
[0.251s] Level 1:colcon.colcon_core.package_identification:_identify(harvest_hardware/realsense-ros/realsense2_camera) by extensions ['ros']
[0.251s] Level 1:colcon.colcon_core.package_identification:_identify(harvest_hardware/realsense-ros/realsense2_camera) by extension 'ros'
[0.255s] DEBUG:colcon.colcon_core.package_identification:Package 'harvest_hardware/realsense-ros/realsense2_camera' with type 'ros.ament_cmake' and name 'realsense2_camera'
[0.255s] Level 1:colcon.colcon_core.package_identification:_identify(harvest_hardware/realsense-ros/realsense2_camera_msgs) by extensions ['ignore', 'ignore_ament_install']
[0.255s] Level 1:colcon.colcon_core.package_identification:_identify(harvest_hardware/realsense-ros/realsense2_camera_msgs) by extension 'ignore'
[0.255s] Level 1:colcon.colcon_core.package_identification:_identify(harvest_hardware/realsense-ros/realsense2_camera_msgs) by extension 'ignore_ament_install'
[0.255s] Level 1:colcon.colcon_core.package_identification:_identify(harvest_hardware/realsense-ros/realsense2_camera_msgs) by extensions ['colcon_pkg']
[0.255s] Level 1:colcon.colcon_core.package_identification:_identify(harvest_hardware/realsense-ros/realsense2_camera_msgs) by extension 'colcon_pkg'
[0.255s] Level 1:colcon.colcon_core.package_identification:_identify(harvest_hardware/realsense-ros/realsense2_camera_msgs) by extensions ['colcon_meta']
[0.255s] Level 1:colcon.colcon_core.package_identification:_identify(harvest_hardware/realsense-ros/realsense2_camera_msgs) by extension 'colcon_meta'
[0.255s] Level 1:colcon.colcon_core.package_identification:_identify(harvest_hardware/realsense-ros/realsense2_camera_msgs) by extensions ['ros']
[0.256s] Level 1:colcon.colcon_core.package_identification:_identify(harvest_hardware/realsense-ros/realsense2_camera_msgs) by extension 'ros'
[0.256s] DEBUG:colcon.colcon_core.package_identification:Package 'harvest_hardware/realsense-ros/realsense2_camera_msgs' with type 'ros.ament_cmake' and name 'realsense2_camera_msgs'
[0.256s] Level 1:colcon.colcon_core.package_identification:_identify(harvest_hardware/realsense-ros/realsense2_description) by extensions ['ignore', 'ignore_ament_install']
[0.256s] Level 1:colcon.colcon_core.package_identification:_identify(harvest_hardware/realsense-ros/realsense2_description) by extension 'ignore'
[0.256s] Level 1:colcon.colcon_core.package_identification:_identify(harvest_hardware/realsense-ros/realsense2_description) by extension 'ignore_ament_install'
[0.256s] Level 1:colcon.colcon_core.package_identification:_identify(harvest_hardware/realsense-ros/realsense2_description) by extensions ['colcon_pkg']
[0.256s] Level 1:colcon.colcon_core.package_identification:_identify(harvest_hardware/realsense-ros/realsense2_description) by extension 'colcon_pkg'
[0.256s] Level 1:colcon.colcon_core.package_identification:_identify(harvest_hardware/realsense-ros/realsense2_description) by extensions ['colcon_meta']
[0.256s] Level 1:colcon.colcon_core.package_identification:_identify(harvest_hardware/realsense-ros/realsense2_description) by extension 'colcon_meta'
[0.256s] Level 1:colcon.colcon_core.package_identification:_identify(harvest_hardware/realsense-ros/realsense2_description) by extensions ['ros']
[0.256s] Level 1:colcon.colcon_core.package_identification:_identify(harvest_hardware/realsense-ros/realsense2_description) by extension 'ros'
[0.257s] DEBUG:colcon.colcon_core.package_identification:Package 'harvest_hardware/realsense-ros/realsense2_description' with type 'ros.ament_cmake' and name 'realsense2_description'
[0.257s] Level 1:colcon.colcon_core.package_identification:_identify(harvest_hardware/realsense-ros/scripts) by extensions ['ignore', 'ignore_ament_install']
[0.257s] Level 1:colcon.colcon_core.package_identification:_identify(harvest_hardware/realsense-ros/scripts) by extension 'ignore'
[0.257s] Level 1:colcon.colcon_core.package_identification:_identify(harvest_hardware/realsense-ros/scripts) by extension 'ignore_ament_install'
[0.257s] Level 1:colcon.colcon_core.package_identification:_identify(harvest_hardware/realsense-ros/scripts) by extensions ['colcon_pkg']
[0.257s] Level 1:colcon.colcon_core.package_identification:_identify(harvest_hardware/realsense-ros/scripts) by extension 'colcon_pkg'
[0.257s] Level 1:colcon.colcon_core.package_identification:_identify(harvest_hardware/realsense-ros/scripts) by extensions ['colcon_meta']
[0.257s] Level 1:colcon.colcon_core.package_identification:_identify(harvest_hardware/realsense-ros/scripts) by extension 'colcon_meta'
[0.257s] Level 1:colcon.colcon_core.package_identification:_identify(harvest_hardware/realsense-ros/scripts) by extensions ['ros']
[0.257s] Level 1:colcon.colcon_core.package_identification:_identify(harvest_hardware/realsense-ros/scripts) by extension 'ros'
[0.257s] Level 1:colcon.colcon_core.package_identification:_identify(harvest_hardware/realsense-ros/scripts) by extensions ['cmake', 'python']
[0.257s] Level 1:colcon.colcon_core.package_identification:_identify(harvest_hardware/realsense-ros/scripts) by extension 'cmake'
[0.257s] Level 1:colcon.colcon_core.package_identification:_identify(harvest_hardware/realsense-ros/scripts) by extension 'python'
[0.257s] Level 1:colcon.colcon_core.package_identification:_identify(harvest_hardware/realsense-ros/scripts) by extensions ['python_setup_py']
[0.257s] Level 1:colcon.colcon_core.package_identification:_identify(harvest_hardware/realsense-ros/scripts) by extension 'python_setup_py'
[0.257s] Level 1:colcon.colcon_core.package_identification:_identify(harvest_hardware/ur5e_custom_hardware) by extensions ['ignore', 'ignore_ament_install']
[0.257s] Level 1:colcon.colcon_core.package_identification:_identify(harvest_hardware/ur5e_custom_hardware) by extension 'ignore'
[0.257s] Level 1:colcon.colcon_core.package_identification:_identify(harvest_hardware/ur5e_custom_hardware) by extension 'ignore_ament_install'
[0.257s] Level 1:colcon.colcon_core.package_identification:_identify(harvest_hardware/ur5e_custom_hardware) by extensions ['colcon_pkg']
[0.258s] Level 1:colcon.colcon_core.package_identification:_identify(harvest_hardware/ur5e_custom_hardware) by extension 'colcon_pkg'
[0.258s] Level 1:colcon.colcon_core.package_identification:_identify(harvest_hardware/ur5e_custom_hardware) by extensions ['colcon_meta']
[0.258s] Level 1:colcon.colcon_core.package_identification:_identify(harvest_hardware/ur5e_custom_hardware) by extension 'colcon_meta'
[0.258s] Level 1:colcon.colcon_core.package_identification:_identify(harvest_hardware/ur5e_custom_hardware) by extensions ['ros']
[0.258s] Level 1:colcon.colcon_core.package_identification:_identify(harvest_hardware/ur5e_custom_hardware) by extension 'ros'
[0.258s] DEBUG:colcon.colcon_core.package_identification:Package 'harvest_hardware/ur5e_custom_hardware' with type 'ros.ament_python' and name 'ur5e_custom_hardware'
[0.258s] Level 1:colcon.colcon_core.package_identification:_identify(harvest_interfaces) by extensions ['ignore', 'ignore_ament_install']
[0.258s] Level 1:colcon.colcon_core.package_identification:_identify(harvest_interfaces) by extension 'ignore'
[0.258s] Level 1:colcon.colcon_core.package_identification:_identify(harvest_interfaces) by extension 'ignore_ament_install'
[0.258s] Level 1:colcon.colcon_core.package_identification:_identify(harvest_interfaces) by extensions ['colcon_pkg']
[0.258s] Level 1:colcon.colcon_core.package_identification:_identify(harvest_interfaces) by extension 'colcon_pkg'
[0.258s] Level 1:colcon.colcon_core.package_identification:_identify(harvest_interfaces) by extensions ['colcon_meta']
[0.258s] Level 1:colcon.colcon_core.package_identification:_identify(harvest_interfaces) by extension 'colcon_meta'
[0.259s] Level 1:colcon.colcon_core.package_identification:_identify(harvest_interfaces) by extensions ['ros']
[0.259s] Level 1:colcon.colcon_core.package_identification:_identify(harvest_interfaces) by extension 'ros'
[0.259s] DEBUG:colcon.colcon_core.package_identification:Package 'harvest_interfaces' with type 'ros.ament_cmake' and name 'harvest_interfaces'
[0.259s] Level 1:colcon.colcon_core.package_identification:_identify(harvest_vision) by extensions ['ignore', 'ignore_ament_install']
[0.259s] Level 1:colcon.colcon_core.package_identification:_identify(harvest_vision) by extension 'ignore'
[0.259s] Level 1:colcon.colcon_core.package_identification:_identify(harvest_vision) by extension 'ignore_ament_install'
[0.259s] Level 1:colcon.colcon_core.package_identification:_identify(harvest_vision) by extensions ['colcon_pkg']
[0.259s] Level 1:colcon.colcon_core.package_identification:_identify(harvest_vision) by extension 'colcon_pkg'
[0.259s] Level 1:colcon.colcon_core.package_identification:_identify(harvest_vision) by extensions ['colcon_meta']
[0.259s] Level 1:colcon.colcon_core.package_identification:_identify(harvest_vision) by extension 'colcon_meta'
[0.259s] Level 1:colcon.colcon_core.package_identification:_identify(harvest_vision) by extensions ['ros']
[0.259s] Level 1:colcon.colcon_core.package_identification:_identify(harvest_vision) by extension 'ros'
[0.260s] DEBUG:colcon.colcon_core.package_identification:Package 'harvest_vision' with type 'ros.ament_python' and name 'harvest_vision'
[0.260s] Level 1:colcon.colcon_core.package_identification:_identify(install) by extensions ['ignore', 'ignore_ament_install']
[0.260s] Level 1:colcon.colcon_core.package_identification:_identify(install) by extension 'ignore'
[0.260s] Level 1:colcon.colcon_core.package_identification:_identify(install) ignored
[0.260s] Level 1:colcon.colcon_core.package_identification:_identify(log) by extensions ['ignore', 'ignore_ament_install']
[0.260s] Level 1:colcon.colcon_core.package_identification:_identify(log) by extension 'ignore'
[0.260s] Level 1:colcon.colcon_core.package_identification:_identify(log) ignored
[0.260s] Level 1:colcon.colcon_core.package_identification:_identify(project_code) by extensions ['ignore', 'ignore_ament_install']
[0.260s] Level 1:colcon.colcon_core.package_identification:_identify(project_code) by extension 'ignore'
[0.260s] Level 1:colcon.colcon_core.package_identification:_identify(project_code) by extension 'ignore_ament_install'
[0.260s] Level 1:colcon.colcon_core.package_identification:_identify(project_code) by extensions ['colcon_pkg']
[0.261s] Level 1:colcon.colcon_core.package_identification:_identify(project_code) by extension 'colcon_pkg'
[0.261s] Level 1:colcon.colcon_core.package_identification:_identify(project_code) by extensions ['colcon_meta']
[0.261s] Level 1:colcon.colcon_core.package_identification:_identify(project_code) by extension 'colcon_meta'
[0.261s] Level 1:colcon.colcon_core.package_identification:_identify(project_code) by extensions ['ros']
[0.261s] Level 1:colcon.colcon_core.package_identification:_identify(project_code) by extension 'ros'
[0.261s] Level 1:colcon.colcon_core.package_identification:_identify(project_code) by extensions ['cmake', 'python']
[0.261s] Level 1:colcon.colcon_core.package_identification:_identify(project_code) by extension 'cmake'
[0.261s] Level 1:colcon.colcon_core.package_identification:_identify(project_code) by extension 'python'
[0.261s] Level 1:colcon.colcon_core.package_identification:_identify(project_code) by extensions ['python_setup_py']
[0.261s] Level 1:colcon.colcon_core.package_identification:_identify(project_code) by extension 'python_setup_py'
[0.261s] Level 1:colcon.colcon_core.package_identification:_identify(project_code/images) by extensions ['ignore', 'ignore_ament_install']
[0.261s] Level 1:colcon.colcon_core.package_identification:_identify(project_code/images) by extension 'ignore'
[0.261s] Level 1:colcon.colcon_core.package_identification:_identify(project_code/images) by extension 'ignore_ament_install'
[0.261s] Level 1:colcon.colcon_core.package_identification:_identify(project_code/images) by extensions ['colcon_pkg']
[0.261s] Level 1:colcon.colcon_core.package_identification:_identify(project_code/images) by extension 'colcon_pkg'
[0.261s] Level 1:colcon.colcon_core.package_identification:_identify(project_code/images) by extensions ['colcon_meta']
[0.261s] Level 1:colcon.colcon_core.package_identification:_identify(project_code/images) by extension 'colcon_meta'
[0.261s] Level 1:colcon.colcon_core.package_identification:_identify(project_code/images) by extensions ['ros']
[0.261s] Level 1:colcon.colcon_core.package_identification:_identify(project_code/images) by extension 'ros'
[0.261s] Level 1:colcon.colcon_core.package_identification:_identify(project_code/images) by extensions ['cmake', 'python']
[0.261s] Level 1:colcon.colcon_core.package_identification:_identify(project_code/images) by extension 'cmake'
[0.261s] Level 1:colcon.colcon_core.package_identification:_identify(project_code/images) by extension 'python'
[0.261s] Level 1:colcon.colcon_core.package_identification:_identify(project_code/images) by extensions ['python_setup_py']
[0.261s] Level 1:colcon.colcon_core.package_identification:_identify(project_code/images) by extension 'python_setup_py'
[0.261s] Level 1:colcon.colcon_core.package_identification:_identify(project_code/scripts) by extensions ['ignore', 'ignore_ament_install']
[0.261s] Level 1:colcon.colcon_core.package_identification:_identify(project_code/scripts) by extension 'ignore'
[0.261s] Level 1:colcon.colcon_core.package_identification:_identify(project_code/scripts) by extension 'ignore_ament_install'
[0.261s] Level 1:colcon.colcon_core.package_identification:_identify(project_code/scripts) by extensions ['colcon_pkg']
[0.261s] Level 1:colcon.colcon_core.package_identification:_identify(project_code/scripts) by extension 'colcon_pkg'
[0.262s] Level 1:colcon.colcon_core.package_identification:_identify(project_code/scripts) by extensions ['colcon_meta']
[0.262s] Level 1:colcon.colcon_core.package_identification:_identify(project_code/scripts) by extension 'colcon_meta'
[0.262s] Level 1:colcon.colcon_core.package_identification:_identify(project_code/scripts) by extensions ['ros']
[0.262s] Level 1:colcon.colcon_core.package_identification:_identify(project_code/scripts) by extension 'ros'
[0.262s] Level 1:colcon.colcon_core.package_identification:_identify(project_code/scripts) by extensions ['cmake', 'python']
[0.262s] Level 1:colcon.colcon_core.package_identification:_identify(project_code/scripts) by extension 'cmake'
[0.262s] Level 1:colcon.colcon_core.package_identification:_identify(project_code/scripts) by extension 'python'
[0.262s] Level 1:colcon.colcon_core.package_identification:_identify(project_code/scripts) by extensions ['python_setup_py']
[0.262s] Level 1:colcon.colcon_core.package_identification:_identify(project_code/scripts) by extension 'python_setup_py'
[0.262s] Level 1:colcon.colcon_core.package_discovery:discover_packages(recursive) using defaults
[0.262s] Level 1:colcon.colcon_core.package_discovery:discover_packages(ignore) discover
[0.262s] Level 1:colcon.colcon_core.package_discovery:discover_packages(ignore) using defaults
[0.262s] Level 1:colcon.colcon_core.package_discovery:discover_packages(path) discover
[0.262s] Level 1:colcon.colcon_core.package_discovery:discover_packages(path) using defaults
[0.280s] Level 1:colcon.colcon_core.package_discovery:discover_packages(prefix_path) check parameters
[0.280s] Level 1:colcon.colcon_core.package_discovery:discover_packages(prefix_path) discover
[0.282s] DEBUG:colcon.colcon_installed_package_information.package_discovery:Found 16 installed packages in /home/imml/git/ROB_534_Project/install
[0.283s] DEBUG:colcon.colcon_installed_package_information.package_discovery:Found 388 installed packages in /opt/ros/humble
[0.284s] Level 1:colcon.colcon_core.package_discovery:discover_packages(prefix_path) using defaults
[0.321s] Level 5:colcon.colcon_core.verb:set package 'harvest_interfaces' build argument 'cmake_args' from command line to 'None'
[0.321s] Level 5:colcon.colcon_core.verb:set package 'harvest_interfaces' build argument 'cmake_target' from command line to 'None'
[0.321s] Level 5:colcon.colcon_core.verb:set package 'harvest_interfaces' build argument 'cmake_target_skip_unavailable' from command line to 'False'
[0.321s] Level 5:colcon.colcon_core.verb:set package 'harvest_interfaces' build argument 'cmake_clean_cache' from command line to 'False'
[0.321s] Level 5:colcon.colcon_core.verb:set package 'harvest_interfaces' build argument 'cmake_clean_first' from command line to 'False'
[0.321s] Level 5:colcon.colcon_core.verb:set package 'harvest_interfaces' build argument 'cmake_force_configure' from command line to 'False'
[0.321s] Level 5:colcon.colcon_core.verb:set package 'harvest_interfaces' build argument 'ament_cmake_args' from command line to 'None'
[0.321s] Level 5:colcon.colcon_core.verb:set package 'harvest_interfaces' build argument 'catkin_cmake_args' from command line to 'None'
[0.321s] Level 5:colcon.colcon_core.verb:set package 'harvest_interfaces' build argument 'catkin_skip_building_tests' from command line to 'False'
[0.321s] DEBUG:colcon.colcon_core.verb:Building package 'harvest_interfaces' with the following arguments: {'ament_cmake_args': None, 'build_base': '/home/imml/git/ROB_534_Project/build/harvest_interfaces', 'catkin_cmake_args': None, 'catkin_skip_building_tests': False, 'cmake_args': None, 'cmake_clean_cache': False, 'cmake_clean_first': False, 'cmake_force_configure': False, 'cmake_target': None, 'cmake_target_skip_unavailable': False, 'install_base': '/home/imml/git/ROB_534_Project/install/harvest_interfaces', 'merge_install': False, 'path': '/home/imml/git/ROB_534_Project/harvest_interfaces', 'symlink_install': True, 'test_result_base': None}
[0.321s] Level 5:colcon.colcon_core.verb:set package 'realsense2_camera_msgs' build argument 'cmake_args' from command line to 'None'
[0.321s] Level 5:colcon.colcon_core.verb:set package 'realsense2_camera_msgs' build argument 'cmake_target' from command line to 'None'
[0.321s] Level 5:colcon.colcon_core.verb:set package 'realsense2_camera_msgs' build argument 'cmake_target_skip_unavailable' from command line to 'False'
[0.321s] Level 5:colcon.colcon_core.verb:set package 'realsense2_camera_msgs' build argument 'cmake_clean_cache' from command line to 'False'
[0.321s] Level 5:colcon.colcon_core.verb:set package 'realsense2_camera_msgs' build argument 'cmake_clean_first' from command line to 'False'
[0.321s] Level 5:colcon.colcon_core.verb:set package 'realsense2_camera_msgs' build argument 'cmake_force_configure' from command line to 'False'
[0.321s] Level 5:colcon.colcon_core.verb:set package 'realsense2_camera_msgs' build argument 'ament_cmake_args' from command line to 'None'
[0.321s] Level 5:colcon.colcon_core.verb:set package 'realsense2_camera_msgs' build argument 'catkin_cmake_args' from command line to 'None'
[0.321s] Level 5:colcon.colcon_core.verb:set package 'realsense2_camera_msgs' build argument 'catkin_skip_building_tests' from command line to 'False'
[0.321s] DEBUG:colcon.colcon_core.verb:Building package 'realsense2_camera_msgs' with the following arguments: {'ament_cmake_args': None, 'build_base': '/home/imml/git/ROB_534_Project/build/realsense2_camera_msgs', 'catkin_cmake_args': None, 'catkin_skip_building_tests': False, 'cmake_args': None, 'cmake_clean_cache': False, 'cmake_clean_first': False, 'cmake_force_configure': False, 'cmake_target': None, 'cmake_target_skip_unavailable': False, 'install_base': '/home/imml/git/ROB_534_Project/install/realsense2_camera_msgs', 'merge_install': False, 'path': '/home/imml/git/ROB_534_Project/harvest_hardware/realsense-ros/realsense2_camera_msgs', 'symlink_install': True, 'test_result_base': None}
[0.322s] Level 5:colcon.colcon_core.verb:set package 'ur5e_custom_hardware' build argument 'cmake_args' from command line to 'None'
[0.322s] Level 5:colcon.colcon_core.verb:set package 'ur5e_custom_hardware' build argument 'cmake_target' from command line to 'None'
[0.322s] Level 5:colcon.colcon_core.verb:set package 'ur5e_custom_hardware' build argument 'cmake_target_skip_unavailable' from command line to 'False'
[0.322s] Level 5:colcon.colcon_core.verb:set package 'ur5e_custom_hardware' build argument 'cmake_clean_cache' from command line to 'False'
[0.322s] Level 5:colcon.colcon_core.verb:set package 'ur5e_custom_hardware' build argument 'cmake_clean_first' from command line to 'False'
[0.322s] Level 5:colcon.colcon_core.verb:set package 'ur5e_custom_hardware' build argument 'cmake_force_configure' from command line to 'False'
[0.322s] Level 5:colcon.colcon_core.verb:set package 'ur5e_custom_hardware' build argument 'ament_cmake_args' from command line to 'None'
[0.322s] Level 5:colcon.colcon_core.verb:set package 'ur5e_custom_hardware' build argument 'catkin_cmake_args' from command line to 'None'
[0.322s] Level 5:colcon.colcon_core.verb:set package 'ur5e_custom_hardware' build argument 'catkin_skip_building_tests' from command line to 'False'
[0.322s] DEBUG:colcon.colcon_core.verb:Building package 'ur5e_custom_hardware' with the following arguments: {'ament_cmake_args': None, 'build_base': '/home/imml/git/ROB_534_Project/build/ur5e_custom_hardware', 'catkin_cmake_args': None, 'catkin_skip_building_tests': False, 'cmake_args': None, 'cmake_clean_cache': False, 'cmake_clean_first': False, 'cmake_force_configure': False, 'cmake_target': None, 'cmake_target_skip_unavailable': False, 'install_base': '/home/imml/git/ROB_534_Project/install/ur5e_custom_hardware', 'merge_install': False, 'path': '/home/imml/git/ROB_534_Project/harvest_hardware/ur5e_custom_hardware', 'symlink_install': True, 'test_result_base': None}
[0.322s] Level 5:colcon.colcon_core.verb:set package 'ur_dashboard_msgs' build argument 'cmake_args' from command line to 'None'
[0.322s] Level 5:colcon.colcon_core.verb:set package 'ur_dashboard_msgs' build argument 'cmake_target' from command line to 'None'
[0.322s] Level 5:colcon.colcon_core.verb:set package 'ur_dashboard_msgs' build argument 'cmake_target_skip_unavailable' from command line to 'False'
[0.322s] Level 5:colcon.colcon_core.verb:set package 'ur_dashboard_msgs' build argument 'cmake_clean_cache' from command line to 'False'
[0.322s] Level 5:colcon.colcon_core.verb:set package 'ur_dashboard_msgs' build argument 'cmake_clean_first' from command line to 'False'
[0.322s] Level 5:colcon.colcon_core.verb:set package 'ur_dashboard_msgs' build argument 'cmake_force_configure' from command line to 'False'
[0.322s] Level 5:colcon.colcon_core.verb:set package 'ur_dashboard_msgs' build argument 'ament_cmake_args' from command line to 'None'
[0.322s] Level 5:colcon.colcon_core.verb:set package 'ur_dashboard_msgs' build argument 'catkin_cmake_args' from command line to 'None'
[0.322s] Level 5:colcon.colcon_core.verb:set package 'ur_dashboard_msgs' build argument 'catkin_skip_building_tests' from command line to 'False'
[0.322s] DEBUG:colcon.colcon_core.verb:Building package 'ur_dashboard_msgs' with the following arguments: {'ament_cmake_args': None, 'build_base': '/home/imml/git/ROB_534_Project/build/ur_dashboard_msgs', 'catkin_cmake_args': None, 'catkin_skip_building_tests': False, 'cmake_args': None, 'cmake_clean_cache': False, 'cmake_clean_first': False, 'cmake_force_configure': False, 'cmake_target': None, 'cmake_target_skip_unavailable': False, 'install_base': '/home/imml/git/ROB_534_Project/install/ur_dashboard_msgs', 'merge_install': False, 'path': '/home/imml/git/ROB_534_Project/harvest_hardware/Universal_Robots_ROS2_Driver/ur_dashboard_msgs', 'symlink_install': True, 'test_result_base': None}
[0.323s] Level 5:colcon.colcon_core.verb:set package 'ur_description' build argument 'cmake_args' from command line to 'None'
[0.323s] Level 5:colcon.colcon_core.verb:set package 'ur_description' build argument 'cmake_target' from command line to 'None'
[0.323s] Level 5:colcon.colcon_core.verb:set package 'ur_description' build argument 'cmake_target_skip_unavailable' from command line to 'False'
[0.323s] Level 5:colcon.colcon_core.verb:set package 'ur_description' build argument 'cmake_clean_cache' from command line to 'False'
[0.323s] Level 5:colcon.colcon_core.verb:set package 'ur_description' build argument 'cmake_clean_first' from command line to 'False'
[0.323s] Level 5:colcon.colcon_core.verb:set package 'ur_description' build argument 'cmake_force_configure' from command line to 'False'
[0.323s] Level 5:colcon.colcon_core.verb:set package 'ur_description' build argument 'ament_cmake_args' from command line to 'None'
[0.323s] Level 5:colcon.colcon_core.verb:set package 'ur_description' build argument 'catkin_cmake_args' from command line to 'None'
[0.323s] Level 5:colcon.colcon_core.verb:set package 'ur_description' build argument 'catkin_skip_building_tests' from command line to 'False'
[0.323s] DEBUG:colcon.colcon_core.verb:Building package 'ur_description' with the following arguments: {'ament_cmake_args': None, 'build_base': '/home/imml/git/ROB_534_Project/build/ur_description', 'catkin_cmake_args': None, 'catkin_skip_building_tests': False, 'cmake_args': None, 'cmake_clean_cache': False, 'cmake_clean_first': False, 'cmake_force_configure': False, 'cmake_target': None, 'cmake_target_skip_unavailable': False, 'install_base': '/home/imml/git/ROB_534_Project/install/ur_description', 'merge_install': False, 'path': '/home/imml/git/ROB_534_Project/harvest_hardware/Universal_Robots_ROS2_Description', 'symlink_install': True, 'test_result_base': None}
[0.323s] Level 5:colcon.colcon_core.verb:set package 'harvest' build argument 'cmake_args' from command line to 'None'
[0.323s] Level 5:colcon.colcon_core.verb:set package 'harvest' build argument 'cmake_target' from command line to 'None'
[0.323s] Level 5:colcon.colcon_core.verb:set package 'harvest' build argument 'cmake_target_skip_unavailable' from command line to 'False'
[0.323s] Level 5:colcon.colcon_core.verb:set package 'harvest' build argument 'cmake_clean_cache' from command line to 'False'
[0.323s] Level 5:colcon.colcon_core.verb:set package 'harvest' build argument 'cmake_clean_first' from command line to 'False'
[0.323s] Level 5:colcon.colcon_core.verb:set package 'harvest' build argument 'cmake_force_configure' from command line to 'False'
[0.323s] Level 5:colcon.colcon_core.verb:set package 'harvest' build argument 'ament_cmake_args' from command line to 'None'
[0.323s] Level 5:colcon.colcon_core.verb:set package 'harvest' build argument 'catkin_cmake_args' from command line to 'None'
[0.323s] Level 5:colcon.colcon_core.verb:set package 'harvest' build argument 'catkin_skip_building_tests' from command line to 'False'
[0.323s] DEBUG:colcon.colcon_core.verb:Building package 'harvest' with the following arguments: {'ament_cmake_args': None, 'build_base': '/home/imml/git/ROB_534_Project/build/harvest', 'catkin_cmake_args': None, 'catkin_skip_building_tests': False, 'cmake_args': None, 'cmake_clean_cache': False, 'cmake_clean_first': False, 'cmake_force_configure': False, 'cmake_target': None, 'cmake_target_skip_unavailable': False, 'install_base': '/home/imml/git/ROB_534_Project/install/harvest', 'merge_install': False, 'path': '/home/imml/git/ROB_534_Project/harvest', 'symlink_install': True, 'test_result_base': None}
[0.323s] Level 5:colcon.colcon_core.verb:set package 'harvest_control' build argument 'cmake_args' from command line to 'None'
[0.323s] Level 5:colcon.colcon_core.verb:set package 'harvest_control' build argument 'cmake_target' from command line to 'None'
[0.323s] Level 5:colcon.colcon_core.verb:set package 'harvest_control' build argument 'cmake_target_skip_unavailable' from command line to 'False'
[0.324s] Level 5:colcon.colcon_core.verb:set package 'harvest_control' build argument 'cmake_clean_cache' from command line to 'False'
[0.324s] Level 5:colcon.colcon_core.verb:set package 'harvest_control' build argument 'cmake_clean_first' from command line to 'False'
[0.324s] Level 5:colcon.colcon_core.verb:set package 'harvest_control' build argument 'cmake_force_configure' from command line to 'False'
[0.324s] Level 5:colcon.colcon_core.verb:set package 'harvest_control' build argument 'ament_cmake_args' from command line to 'None'
[0.324s] Level 5:colcon.colcon_core.verb:set package 'harvest_control' build argument 'catkin_cmake_args' from command line to 'None'
[0.324s] Level 5:colcon.colcon_core.verb:set package 'harvest_control' build argument 'catkin_skip_building_tests' from command line to 'False'
[0.324s] DEBUG:colcon.colcon_core.verb:Building package 'harvest_control' with the following arguments: {'ament_cmake_args': None, 'build_base': '/home/imml/git/ROB_534_Project/build/harvest_control', 'catkin_cmake_args': None, 'catkin_skip_building_tests': False, 'cmake_args': None, 'cmake_clean_cache': False, 'cmake_clean_first': False, 'cmake_force_configure': False, 'cmake_target': None, 'cmake_target_skip_unavailable': False, 'install_base': '/home/imml/git/ROB_534_Project/install/harvest_control', 'merge_install': False, 'path': '/home/imml/git/ROB_534_Project/harvest_control', 'symlink_install': True, 'test_result_base': None}
[0.324s] Level 5:colcon.colcon_core.verb:set package 'harvest_vision' build argument 'cmake_args' from command line to 'None'
[0.324s] Level 5:colcon.colcon_core.verb:set package 'harvest_vision' build argument 'cmake_target' from command line to 'None'
[0.324s] Level 5:colcon.colcon_core.verb:set package 'harvest_vision' build argument 'cmake_target_skip_unavailable' from command line to 'False'
[0.324s] Level 5:colcon.colcon_core.verb:set package 'harvest_vision' build argument 'cmake_clean_cache' from command line to 'False'
[0.324s] Level 5:colcon.colcon_core.verb:set package 'harvest_vision' build argument 'cmake_clean_first' from command line to 'False'
[0.324s] Level 5:colcon.colcon_core.verb:set package 'harvest_vision' build argument 'cmake_force_configure' from command line to 'False'
[0.324s] Level 5:colcon.colcon_core.verb:set package 'harvest_vision' build argument 'ament_cmake_args' from command line to 'None'
[0.324s] Level 5:colcon.colcon_core.verb:set package 'harvest_vision' build argument 'catkin_cmake_args' from command line to 'None'
[0.324s] Level 5:colcon.colcon_core.verb:set package 'harvest_vision' build argument 'catkin_skip_building_tests' from command line to 'False'
[0.324s] DEBUG:colcon.colcon_core.verb:Building package 'harvest_vision' with the following arguments: {'ament_cmake_args': None, 'build_base': '/home/imml/git/ROB_534_Project/build/harvest_vision', 'catkin_cmake_args': None, 'catkin_skip_building_tests': False, 'cmake_args': None, 'cmake_clean_cache': False, 'cmake_clean_first': False, 'cmake_force_configure': False, 'cmake_target': None, 'cmake_target_skip_unavailable': False, 'install_base': '/home/imml/git/ROB_534_Project/install/harvest_vision', 'merge_install': False, 'path': '/home/imml/git/ROB_534_Project/harvest_vision', 'symlink_install': True, 'test_result_base': None}
[0.324s] Level 5:colcon.colcon_core.verb:set package 'realsense2_camera' build argument 'cmake_args' from command line to 'None'
[0.324s] Level 5:colcon.colcon_core.verb:set package 'realsense2_camera' build argument 'cmake_target' from command line to 'None'
[0.324s] Level 5:colcon.colcon_core.verb:set package 'realsense2_camera' build argument 'cmake_target_skip_unavailable' from command line to 'False'
[0.324s] Level 5:colcon.colcon_core.verb:set package 'realsense2_camera' build argument 'cmake_clean_cache' from command line to 'False'
[0.324s] Level 5:colcon.colcon_core.verb:set package 'realsense2_camera' build argument 'cmake_clean_first' from command line to 'False'
[0.324s] Level 5:colcon.colcon_core.verb:set package 'realsense2_camera' build argument 'cmake_force_configure' from command line to 'False'
[0.324s] Level 5:colcon.colcon_core.verb:set package 'realsense2_camera' build argument 'ament_cmake_args' from command line to 'None'
[0.324s] Level 5:colcon.colcon_core.verb:set package 'realsense2_camera' build argument 'catkin_cmake_args' from command line to 'None'
[0.324s] Level 5:colcon.colcon_core.verb:set package 'realsense2_camera' build argument 'catkin_skip_building_tests' from command line to 'False'
[0.324s] DEBUG:colcon.colcon_core.verb:Building package 'realsense2_camera' with the following arguments: {'ament_cmake_args': None, 'build_base': '/home/imml/git/ROB_534_Project/build/realsense2_camera', 'catkin_cmake_args': None, 'catkin_skip_building_tests': False, 'cmake_args': None, 'cmake_clean_cache': False, 'cmake_clean_first': False, 'cmake_force_configure': False, 'cmake_target': None, 'cmake_target_skip_unavailable': False, 'install_base': '/home/imml/git/ROB_534_Project/install/realsense2_camera', 'merge_install': False, 'path': '/home/imml/git/ROB_534_Project/harvest_hardware/realsense-ros/realsense2_camera', 'symlink_install': True, 'test_result_base': None}
[0.325s] Level 5:colcon.colcon_core.verb:set package 'realsense2_description' build argument 'cmake_args' from command line to 'None'
[0.325s] Level 5:colcon.colcon_core.verb:set package 'realsense2_description' build argument 'cmake_target' from command line to 'None'
[0.325s] Level 5:colcon.colcon_core.verb:set package 'realsense2_description' build argument 'cmake_target_skip_unavailable' from command line to 'False'
[0.325s] Level 5:colcon.colcon_core.verb:set package 'realsense2_description' build argument 'cmake_clean_cache' from command line to 'False'
[0.325s] Level 5:colcon.colcon_core.verb:set package 'realsense2_description' build argument 'cmake_clean_first' from command line to 'False'
[0.325s] Level 5:colcon.colcon_core.verb:set package 'realsense2_description' build argument 'cmake_force_configure' from command line to 'False'
[0.325s] Level 5:colcon.colcon_core.verb:set package 'realsense2_description' build argument 'ament_cmake_args' from command line to 'None'
[0.325s] Level 5:colcon.colcon_core.verb:set package 'realsense2_description' build argument 'catkin_cmake_args' from command line to 'None'
[0.325s] Level 5:colcon.colcon_core.verb:set package 'realsense2_description' build argument 'catkin_skip_building_tests' from command line to 'False'
[0.325s] DEBUG:colcon.colcon_core.verb:Building package 'realsense2_description' with the following arguments: {'ament_cmake_args': None, 'build_base': '/home/imml/git/ROB_534_Project/build/realsense2_description', 'catkin_cmake_args': None, 'catkin_skip_building_tests': False, 'cmake_args': None, 'cmake_clean_cache': False, 'cmake_clean_first': False, 'cmake_force_configure': False, 'cmake_target': None, 'cmake_target_skip_unavailable': False, 'install_base': '/home/imml/git/ROB_534_Project/install/realsense2_description', 'merge_install': False, 'path': '/home/imml/git/ROB_534_Project/harvest_hardware/realsense-ros/realsense2_description', 'symlink_install': True, 'test_result_base': None}
[0.325s] Level 5:colcon.colcon_core.verb:set package 'ur_controllers' build argument 'cmake_args' from command line to 'None'
[0.325s] Level 5:colcon.colcon_core.verb:set package 'ur_controllers' build argument 'cmake_target' from command line to 'None'
[0.325s] Level 5:colcon.colcon_core.verb:set package 'ur_controllers' build argument 'cmake_target_skip_unavailable' from command line to 'False'
[0.325s] Level 5:colcon.colcon_core.verb:set package 'ur_controllers' build argument 'cmake_clean_cache' from command line to 'False'
[0.325s] Level 5:colcon.colcon_core.verb:set package 'ur_controllers' build argument 'cmake_clean_first' from command line to 'False'
[0.325s] Level 5:colcon.colcon_core.verb:set package 'ur_controllers' build argument 'cmake_force_configure' from command line to 'False'
[0.325s] Level 5:colcon.colcon_core.verb:set package 'ur_controllers' build argument 'ament_cmake_args' from command line to 'None'
[0.325s] Level 5:colcon.colcon_core.verb:set package 'ur_controllers' build argument 'catkin_cmake_args' from command line to 'None'
[0.325s] Level 5:colcon.colcon_core.verb:set package 'ur_controllers' build argument 'catkin_skip_building_tests' from command line to 'False'
[0.325s] DEBUG:colcon.colcon_core.verb:Building package 'ur_controllers' with the following arguments: {'ament_cmake_args': None, 'build_base': '/home/imml/git/ROB_534_Project/build/ur_controllers', 'catkin_cmake_args': None, 'catkin_skip_building_tests': False, 'cmake_args': None, 'cmake_clean_cache': False, 'cmake_clean_first': False, 'cmake_force_configure': False, 'cmake_target': None, 'cmake_target_skip_unavailable': False, 'install_base': '/home/imml/git/ROB_534_Project/install/ur_controllers', 'merge_install': False, 'path': '/home/imml/git/ROB_534_Project/harvest_hardware/Universal_Robots_ROS2_Driver/ur_controllers', 'symlink_install': True, 'test_result_base': None}
[0.325s] Level 5:colcon.colcon_core.verb:set package 'ur_moveit_config' build argument 'cmake_args' from command line to 'None'
[0.325s] Level 5:colcon.colcon_core.verb:set package 'ur_moveit_config' build argument 'cmake_target' from command line to 'None'
[0.325s] Level 5:colcon.colcon_core.verb:set package 'ur_moveit_config' build argument 'cmake_target_skip_unavailable' from command line to 'False'
[0.326s] Level 5:colcon.colcon_core.verb:set package 'ur_moveit_config' build argument 'cmake_clean_cache' from command line to 'False'
[0.326s] Level 5:colcon.colcon_core.verb:set package 'ur_moveit_config' build argument 'cmake_clean_first' from command line to 'False'
[0.326s] Level 5:colcon.colcon_core.verb:set package 'ur_moveit_config' build argument 'cmake_force_configure' from command line to 'False'
[0.326s] Level 5:colcon.colcon_core.verb:set package 'ur_moveit_config' build argument 'ament_cmake_args' from command line to 'None'
[0.326s] Level 5:colcon.colcon_core.verb:set package 'ur_moveit_config' build argument 'catkin_cmake_args' from command line to 'None'
[0.326s] Level 5:colcon.colcon_core.verb:set package 'ur_moveit_config' build argument 'catkin_skip_building_tests' from command line to 'False'
[0.326s] DEBUG:colcon.colcon_core.verb:Building package 'ur_moveit_config' with the following arguments: {'ament_cmake_args': None, 'build_base': '/home/imml/git/ROB_534_Project/build/ur_moveit_config', 'catkin_cmake_args': None, 'catkin_skip_building_tests': False, 'cmake_args': None, 'cmake_clean_cache': False, 'cmake_clean_first': False, 'cmake_force_configure': False, 'cmake_target': None, 'cmake_target_skip_unavailable': False, 'install_base': '/home/imml/git/ROB_534_Project/install/ur_moveit_config', 'merge_install': False, 'path': '/home/imml/git/ROB_534_Project/harvest_hardware/Universal_Robots_ROS2_Driver/ur_moveit_config', 'symlink_install': True, 'test_result_base': None}
[0.326s] Level 5:colcon.colcon_core.verb:set package 'ur_bringup' build argument 'cmake_args' from command line to 'None'
[0.326s] Level 5:colcon.colcon_core.verb:set package 'ur_bringup' build argument 'cmake_target' from command line to 'None'
[0.326s] Level 5:colcon.colcon_core.verb:set package 'ur_bringup' build argument 'cmake_target_skip_unavailable' from command line to 'False'
[0.326s] Level 5:colcon.colcon_core.verb:set package 'ur_bringup' build argument 'cmake_clean_cache' from command line to 'False'
[0.326s] Level 5:colcon.colcon_core.verb:set package 'ur_bringup' build argument 'cmake_clean_first' from command line to 'False'
[0.326s] Level 5:colcon.colcon_core.verb:set package 'ur_bringup' build argument 'cmake_force_configure' from command line to 'False'
[0.326s] Level 5:colcon.colcon_core.verb:set package 'ur_bringup' build argument 'ament_cmake_args' from command line to 'None'
[0.326s] Level 5:colcon.colcon_core.verb:set package 'ur_bringup' build argument 'catkin_cmake_args' from command line to 'None'
[0.326s] Level 5:colcon.colcon_core.verb:set package 'ur_bringup' build argument 'catkin_skip_building_tests' from command line to 'False'
[0.326s] DEBUG:colcon.colcon_core.verb:Building package 'ur_bringup' with the following arguments: {'ament_cmake_args': None, 'build_base': '/home/imml/git/ROB_534_Project/build/ur_bringup', 'catkin_cmake_args': None, 'catkin_skip_building_tests': False, 'cmake_args': None, 'cmake_clean_cache': False, 'cmake_clean_first': False, 'cmake_force_configure': False, 'cmake_target': None, 'cmake_target_skip_unavailable': False, 'install_base': '/home/imml/git/ROB_534_Project/install/ur_bringup', 'merge_install': False, 'path': '/home/imml/git/ROB_534_Project/harvest_hardware/Universal_Robots_ROS2_Driver/ur_bringup', 'symlink_install': True, 'test_result_base': None}
[0.326s] Level 5:colcon.colcon_core.verb:set package 'ur_robot_driver' build argument 'cmake_args' from command line to 'None'
[0.326s] Level 5:colcon.colcon_core.verb:set package 'ur_robot_driver' build argument 'cmake_target' from command line to 'None'
[0.326s] Level 5:colcon.colcon_core.verb:set package 'ur_robot_driver' build argument 'cmake_target_skip_unavailable' from command line to 'False'
[0.326s] Level 5:colcon.colcon_core.verb:set package 'ur_robot_driver' build argument 'cmake_clean_cache' from command line to 'False'
[0.326s] Level 5:colcon.colcon_core.verb:set package 'ur_robot_driver' build argument 'cmake_clean_first' from command line to 'False'
[0.326s] Level 5:colcon.colcon_core.verb:set package 'ur_robot_driver' build argument 'cmake_force_configure' from command line to 'False'
[0.326s] Level 5:colcon.colcon_core.verb:set package 'ur_robot_driver' build argument 'ament_cmake_args' from command line to 'None'
[0.326s] Level 5:colcon.colcon_core.verb:set package 'ur_robot_driver' build argument 'catkin_cmake_args' from command line to 'None'
[0.326s] Level 5:colcon.colcon_core.verb:set package 'ur_robot_driver' build argument 'catkin_skip_building_tests' from command line to 'False'
[0.326s] DEBUG:colcon.colcon_core.verb:Building package 'ur_robot_driver' with the following arguments: {'ament_cmake_args': None, 'build_base': '/home/imml/git/ROB_534_Project/build/ur_robot_driver', 'catkin_cmake_args': None, 'catkin_skip_building_tests': False, 'cmake_args': None, 'cmake_clean_cache': False, 'cmake_clean_first': False, 'cmake_force_configure': False, 'cmake_target': None, 'cmake_target_skip_unavailable': False, 'install_base': '/home/imml/git/ROB_534_Project/install/ur_robot_driver', 'merge_install': False, 'path': '/home/imml/git/ROB_534_Project/harvest_hardware/Universal_Robots_ROS2_Driver/ur_robot_driver', 'symlink_install': True, 'test_result_base': None}
[0.327s] Level 5:colcon.colcon_core.verb:set package 'ur_calibration' build argument 'cmake_args' from command line to 'None'
[0.327s] Level 5:colcon.colcon_core.verb:set package 'ur_calibration' build argument 'cmake_target' from command line to 'None'
[0.327s] Level 5:colcon.colcon_core.verb:set package 'ur_calibration' build argument 'cmake_target_skip_unavailable' from command line to 'False'
[0.327s] Level 5:colcon.colcon_core.verb:set package 'ur_calibration' build argument 'cmake_clean_cache' from command line to 'False'
[0.327s] Level 5:colcon.colcon_core.verb:set package 'ur_calibration' build argument 'cmake_clean_first' from command line to 'False'
[0.327s] Level 5:colcon.colcon_core.verb:set package 'ur_calibration' build argument 'cmake_force_configure' from command line to 'False'
[0.327s] Level 5:colcon.colcon_core.verb:set package 'ur_calibration' build argument 'ament_cmake_args' from command line to 'None'
[0.327s] Level 5:colcon.colcon_core.verb:set package 'ur_calibration' build argument 'catkin_cmake_args' from command line to 'None'
[0.327s] Level 5:colcon.colcon_core.verb:set package 'ur_calibration' build argument 'catkin_skip_building_tests' from command line to 'False'
[0.327s] DEBUG:colcon.colcon_core.verb:Building package 'ur_calibration' with the following arguments: {'ament_cmake_args': None, 'build_base': '/home/imml/git/ROB_534_Project/build/ur_calibration', 'catkin_cmake_args': None, 'catkin_skip_building_tests': False, 'cmake_args': None, 'cmake_clean_cache': False, 'cmake_clean_first': False, 'cmake_force_configure': False, 'cmake_target': None, 'cmake_target_skip_unavailable': False, 'install_base': '/home/imml/git/ROB_534_Project/install/ur_calibration', 'merge_install': False, 'path': '/home/imml/git/ROB_534_Project/harvest_hardware/Universal_Robots_ROS2_Driver/ur_calibration', 'symlink_install': True, 'test_result_base': None}
[0.327s] Level 5:colcon.colcon_core.verb:set package 'ur' build argument 'cmake_args' from command line to 'None'
[0.327s] Level 5:colcon.colcon_core.verb:set package 'ur' build argument 'cmake_target' from command line to 'None'
[0.327s] Level 5:colcon.colcon_core.verb:set package 'ur' build argument 'cmake_target_skip_unavailable' from command line to 'False'
[0.327s] Level 5:colcon.colcon_core.verb:set package 'ur' build argument 'cmake_clean_cache' from command line to 'False'
[0.327s] Level 5:colcon.colcon_core.verb:set package 'ur' build argument 'cmake_clean_first' from command line to 'False'
[0.327s] Level 5:colcon.colcon_core.verb:set package 'ur' build argument 'cmake_force_configure' from command line to 'False'
[0.327s] Level 5:colcon.colcon_core.verb:set package 'ur' build argument 'ament_cmake_args' from command line to 'None'
[0.327s] Level 5:colcon.colcon_core.verb:set package 'ur' build argument 'catkin_cmake_args' from command line to 'None'
[0.327s] Level 5:colcon.colcon_core.verb:set package 'ur' build argument 'catkin_skip_building_tests' from command line to 'False'
[0.327s] DEBUG:colcon.colcon_core.verb:Building package 'ur' with the following arguments: {'ament_cmake_args': None, 'build_base': '/home/imml/git/ROB_534_Project/build/ur', 'catkin_cmake_args': None, 'catkin_skip_building_tests': False, 'cmake_args': None, 'cmake_clean_cache': False, 'cmake_clean_first': False, 'cmake_force_configure': False, 'cmake_target': None, 'cmake_target_skip_unavailable': False, 'install_base': '/home/imml/git/ROB_534_Project/install/ur', 'merge_install': False, 'path': '/home/imml/git/ROB_534_Project/harvest_hardware/Universal_Robots_ROS2_Driver/ur', 'symlink_install': True, 'test_result_base': None}
[0.327s] INFO:colcon.colcon_core.executor:Executing jobs using 'parallel' executor
[0.328s] DEBUG:colcon.colcon_parallel_executor.executor.parallel:run_until_complete
[0.329s] INFO:colcon.colcon_ros.task.ament_cmake.build:Building ROS package in '/home/imml/git/ROB_534_Project/harvest_hardware/Universal_Robots_ROS2_Driver/ur_dashboard_msgs' with build type 'ament_cmake'
[0.329s] INFO:colcon.colcon_cmake.task.cmake.build:Building CMake package in '/home/imml/git/ROB_534_Project/harvest_hardware/Universal_Robots_ROS2_Driver/ur_dashboard_msgs'
[0.331s] INFO:colcon.colcon_core.plugin_system:Skipping extension 'colcon_core.shell.bat': Not used on non-Windows systems
[0.331s] INFO:colcon.colcon_core.shell:Skip shell extension 'powershell' for command environment: Not usable outside of PowerShell
[0.331s] DEBUG:colcon.colcon_core.shell:Skip shell extension 'dsv' for command environment
[0.334s] INFO:colcon.colcon_ros.task.ament_cmake.build:Building ROS package in '/home/imml/git/ROB_534_Project/harvest_hardware/Universal_Robots_ROS2_Description' with build type 'ament_cmake'
[0.334s] INFO:colcon.colcon_cmake.task.cmake.build:Building CMake package in '/home/imml/git/ROB_534_Project/harvest_hardware/Universal_Robots_ROS2_Description'
[0.335s] INFO:colcon.colcon_core.shell:Skip shell extension 'powershell' for command environment: Not usable outside of PowerShell
[0.335s] DEBUG:colcon.colcon_core.shell:Skip shell extension 'dsv' for command environment
[0.338s] INFO:colcon.colcon_ros.task.ament_cmake.build:Building ROS package in '/home/imml/git/ROB_534_Project/harvest_interfaces' with build type 'ament_cmake'
[0.338s] INFO:colcon.colcon_cmake.task.cmake.build:Building CMake package in '/home/imml/git/ROB_534_Project/harvest_interfaces'
[0.338s] INFO:colcon.colcon_core.shell:Skip shell extension 'powershell' for command environment: Not usable outside of PowerShell
[0.338s] DEBUG:colcon.colcon_core.shell:Skip shell extension 'dsv' for command environment
[0.341s] INFO:colcon.colcon_ros.task.ament_cmake.build:Building ROS package in '/home/imml/git/ROB_534_Project/harvest_hardware/realsense-ros/realsense2_camera_msgs' with build type 'ament_cmake'
[0.341s] INFO:colcon.colcon_cmake.task.cmake.build:Building CMake package in '/home/imml/git/ROB_534_Project/harvest_hardware/realsense-ros/realsense2_camera_msgs'
[0.342s] INFO:colcon.colcon_core.shell:Skip shell extension 'powershell' for command environment: Not usable outside of PowerShell
[0.342s] DEBUG:colcon.colcon_core.shell:Skip shell extension 'dsv' for command environment
[0.345s] INFO:colcon.colcon_ros.task.ament_python.build:Building ROS package in '/home/imml/git/ROB_534_Project/harvest_hardware/ur5e_custom_hardware' with build type 'ament_python'
[0.345s] Level 1:colcon.colcon_core.shell:create_environment_hook('ur5e_custom_hardware', 'ament_prefix_path')
[0.345s] INFO:colcon.colcon_core.shell:Creating environment hook '/home/imml/git/ROB_534_Project/install/ur5e_custom_hardware/share/ur5e_custom_hardware/hook/ament_prefix_path.ps1'
[0.346s] INFO:colcon.colcon_core.shell:Creating environment descriptor '/home/imml/git/ROB_534_Project/install/ur5e_custom_hardware/share/ur5e_custom_hardware/hook/ament_prefix_path.dsv'
[0.346s] INFO:colcon.colcon_core.shell:Creating environment hook '/home/imml/git/ROB_534_Project/install/ur5e_custom_hardware/share/ur5e_custom_hardware/hook/ament_prefix_path.sh'
[0.346s] INFO:colcon.colcon_core.shell:Skip shell extension 'powershell' for command environment: Not usable outside of PowerShell
[0.347s] DEBUG:colcon.colcon_core.shell:Skip shell extension 'dsv' for command environment
[0.353s] DEBUG:colcon.colcon_core.event_handler.log_command:Invoking command in '/home/imml/git/ROB_534_Project/build/ur_dashboard_msgs': CMAKE_PREFIX_PATH=${CMAKE_PREFIX_PATH}:/home/imml/git/ROB_534_Project/install/ur5e_custom_hardware:/home/imml/git/ROB_534_Project/install/harvest_vision:/opt/ros/humble /usr/bin/cmake --build /home/imml/git/ROB_534_Project/build/ur_dashboard_msgs -- -j16 -l16
[0.355s] DEBUG:colcon.colcon_core.event_handler.log_command:Invoking command in '/home/imml/git/ROB_534_Project/build/ur_description': CMAKE_PREFIX_PATH=${CMAKE_PREFIX_PATH}:/home/imml/git/ROB_534_Project/install/ur5e_custom_hardware:/home/imml/git/ROB_534_Project/install/harvest_vision:/opt/ros/humble /usr/bin/cmake --build /home/imml/git/ROB_534_Project/build/ur_description -- -j16 -l16
[0.357s] DEBUG:colcon.colcon_core.event_handler.log_command:Invoking command in '/home/imml/git/ROB_534_Project/build/harvest_interfaces': CMAKE_PREFIX_PATH=${CMAKE_PREFIX_PATH}:/home/imml/git/ROB_534_Project/install/ur5e_custom_hardware:/home/imml/git/ROB_534_Project/install/harvest_vision:/opt/ros/humble /usr/bin/cmake --build /home/imml/git/ROB_534_Project/build/harvest_interfaces -- -j16 -l16
[0.360s] DEBUG:colcon.colcon_core.event_handler.log_command:Invoking command in '/home/imml/git/ROB_534_Project/build/realsense2_camera_msgs': CMAKE_PREFIX_PATH=${CMAKE_PREFIX_PATH}:/home/imml/git/ROB_534_Project/install/ur5e_custom_hardware:/home/imml/git/ROB_534_Project/install/harvest_vision:/opt/ros/humble /usr/bin/cmake --build /home/imml/git/ROB_534_Project/build/realsense2_camera_msgs -- -j16 -l16
[0.635s] INFO:colcon.colcon_core.task.python.build:Building Python package in '/home/imml/git/ROB_534_Project/harvest_hardware/ur5e_custom_hardware'
[0.635s] INFO:colcon.colcon_core.shell:Skip shell extension 'powershell' for command environment: Not usable outside of PowerShell
[0.635s] DEBUG:colcon.colcon_core.shell:Skip shell extension 'dsv' for command environment
[0.640s] DEBUG:colcon.colcon_core.event_handler.log_command:Invoked command in '/home/imml/git/ROB_534_Project/build/ur_description' returned '0': CMAKE_PREFIX_PATH=${CMAKE_PREFIX_PATH}:/home/imml/git/ROB_534_Project/install/ur5e_custom_hardware:/home/imml/git/ROB_534_Project/install/harvest_vision:/opt/ros/humble /usr/bin/cmake --build /home/imml/git/ROB_534_Project/build/ur_description -- -j16 -l16
[0.649s] DEBUG:colcon.colcon_core.event_handler.log_command:Invoking command in '/home/imml/git/ROB_534_Project/build/ur_description': CMAKE_PREFIX_PATH=${CMAKE_PREFIX_PATH}:/home/imml/git/ROB_534_Project/install/ur5e_custom_hardware:/home/imml/git/ROB_534_Project/install/harvest_vision:/opt/ros/humble /usr/bin/cmake --install /home/imml/git/ROB_534_Project/build/ur_description
[0.687s] Level 1:colcon.colcon_core.environment:create_environment_scripts_only(ur_description)
[0.688s] DEBUG:colcon.colcon_core.event_handler.log_command:Invoked command in '/home/imml/git/ROB_534_Project/build/ur_description' returned '0': CMAKE_PREFIX_PATH=${CMAKE_PREFIX_PATH}:/home/imml/git/ROB_534_Project/install/ur5e_custom_hardware:/home/imml/git/ROB_534_Project/install/harvest_vision:/opt/ros/humble /usr/bin/cmake --install /home/imml/git/ROB_534_Project/build/ur_description
[0.690s] Level 1:colcon.colcon_core.environment:checking '/home/imml/git/ROB_534_Project/install/ur_description' for CMake module files
[0.691s] Level 1:colcon.colcon_core.environment:checking '/home/imml/git/ROB_534_Project/install/ur_description' for CMake config files
[0.693s] Level 1:colcon.colcon_core.shell:create_environment_hook('ur_description', 'cmake_prefix_path')
[0.693s] INFO:colcon.colcon_core.shell:Creating environment hook '/home/imml/git/ROB_534_Project/install/ur_description/share/ur_description/hook/cmake_prefix_path.ps1'
[0.694s] INFO:colcon.colcon_core.shell:Creating environment descriptor '/home/imml/git/ROB_534_Project/install/ur_description/share/ur_description/hook/cmake_prefix_path.dsv'
[0.694s] INFO:colcon.colcon_core.shell:Creating environment hook '/home/imml/git/ROB_534_Project/install/ur_description/share/ur_description/hook/cmake_prefix_path.sh'
[0.695s] Level 1:colcon.colcon_core.environment:checking '/home/imml/git/ROB_534_Project/install/ur_description/bin'
[0.695s] Level 1:colcon.colcon_core.environment:checking '/home/imml/git/ROB_534_Project/install/ur_description/lib/pkgconfig/ur_description.pc'
[0.695s] Level 1:colcon.colcon_core.environment:checking '/home/imml/git/ROB_534_Project/install/ur_description/lib/python3.10/site-packages'
[0.695s] Level 1:colcon.colcon_core.environment:checking '/home/imml/git/ROB_534_Project/install/ur_description/bin'
[0.696s] INFO:colcon.colcon_core.shell:Creating package script '/home/imml/git/ROB_534_Project/install/ur_description/share/ur_description/package.ps1'
[0.696s] INFO:colcon.colcon_core.shell:Creating package descriptor '/home/imml/git/ROB_534_Project/install/ur_description/share/ur_description/package.dsv'
[0.697s] INFO:colcon.colcon_core.shell:Creating package script '/home/imml/git/ROB_534_Project/install/ur_description/share/ur_description/package.sh'
[0.697s] INFO:colcon.colcon_core.shell:Creating package script '/home/imml/git/ROB_534_Project/install/ur_description/share/ur_description/package.bash'
[0.698s] INFO:colcon.colcon_core.shell:Creating package script '/home/imml/git/ROB_534_Project/install/ur_description/share/ur_description/package.zsh'
[0.699s] Level 1:colcon.colcon_core.environment:create_file_with_runtime_dependencies(/home/imml/git/ROB_534_Project/install/ur_description/share/colcon-core/packages/ur_description)
[0.699s] Level 1:colcon.colcon_core.environment:create_environment_scripts_only(ur_description)
[0.699s] Level 1:colcon.colcon_core.environment:checking '/home/imml/git/ROB_534_Project/install/ur_description' for CMake module files
[0.700s] Level 1:colcon.colcon_core.environment:checking '/home/imml/git/ROB_534_Project/install/ur_description' for CMake config files
[0.702s] Level 1:colcon.colcon_core.shell:create_environment_hook('ur_description', 'cmake_prefix_path')
[0.702s] INFO:colcon.colcon_core.shell:Creating environment hook '/home/imml/git/ROB_534_Project/install/ur_description/share/ur_description/hook/cmake_prefix_path.ps1'
[0.702s] INFO:colcon.colcon_core.shell:Creating environment descriptor '/home/imml/git/ROB_534_Project/install/ur_description/share/ur_description/hook/cmake_prefix_path.dsv'
[0.703s] INFO:colcon.colcon_core.shell:Creating environment hook '/home/imml/git/ROB_534_Project/install/ur_description/share/ur_description/hook/cmake_prefix_path.sh'
[0.703s] Level 1:colcon.colcon_core.environment:checking '/home/imml/git/ROB_534_Project/install/ur_description/bin'
[0.703s] Level 1:colcon.colcon_core.environment:checking '/home/imml/git/ROB_534_Project/install/ur_description/lib/pkgconfig/ur_description.pc'
[0.703s] Level 1:colcon.colcon_core.environment:checking '/home/imml/git/ROB_534_Project/install/ur_description/lib/python3.10/site-packages'
[0.704s] Level 1:colcon.colcon_core.environment:checking '/home/imml/git/ROB_534_Project/install/ur_description/bin'
[0.704s] INFO:colcon.colcon_core.shell:Creating package script '/home/imml/git/ROB_534_Project/install/ur_description/share/ur_description/package.ps1'
[0.704s] INFO:colcon.colcon_core.shell:Creating package descriptor '/home/imml/git/ROB_534_Project/install/ur_description/share/ur_description/package.dsv'
[0.705s] INFO:colcon.colcon_core.shell:Creating package script '/home/imml/git/ROB_534_Project/install/ur_description/share/ur_description/package.sh'
[0.705s] INFO:colcon.colcon_core.shell:Creating package script '/home/imml/git/ROB_534_Project/install/ur_description/share/ur_description/package.bash'
[0.705s] INFO:colcon.colcon_core.shell:Creating package script '/home/imml/git/ROB_534_Project/install/ur_description/share/ur_description/package.zsh'
[0.706s] Level 1:colcon.colcon_core.environment:create_file_with_runtime_dependencies(/home/imml/git/ROB_534_Project/install/ur_description/share/colcon-core/packages/ur_description)
[0.706s] INFO:colcon.colcon_ros.task.ament_cmake.build:Building ROS package in '/home/imml/git/ROB_534_Project/harvest_hardware/Universal_Robots_ROS2_Driver/ur_moveit_config' with build type 'ament_cmake'
[0.706s] INFO:colcon.colcon_cmake.task.cmake.build:Building CMake package in '/home/imml/git/ROB_534_Project/harvest_hardware/Universal_Robots_ROS2_Driver/ur_moveit_config'
[0.707s] INFO:colcon.colcon_core.shell:Skip shell extension 'powershell' for command environment: Not usable outside of PowerShell
[0.707s] DEBUG:colcon.colcon_core.shell:Skip shell extension 'dsv' for command environment
[0.718s] DEBUG:colcon.colcon_core.event_handler.log_command:Invoking command in '/home/imml/git/ROB_534_Project/build/ur_moveit_config': CMAKE_PREFIX_PATH=/home/imml/git/ROB_534_Project/install/ur_description:/home/imml/git/ROB_534_Project/install/ur:/home/imml/git/ROB_534_Project/install/ur_calibration:/home/imml/git/ROB_534_Project/install/ur_robot_driver:/home/imml/git/ROB_534_Project/install/ur_moveit_config:/home/imml/git/ROB_534_Project/install/ur_bringup:/home/imml/git/ROB_534_Project/install/ur_controllers:/home/imml/git/ROB_534_Project/install/ur_dashboard_msgs:/home/imml/git/ROB_534_Project/install/realsense2_description:/home/imml/git/ROB_534_Project/install/realsense2_camera:/home/imml/git/ROB_534_Project/install/realsense2_camera_msgs:/home/imml/git/ROB_534_Project/install/harvest_control:/home/imml/git/ROB_534_Project/install/harvest:/home/imml/git/ROB_534_Project/install/harvest_interfaces:/home/imml/git/ROB_534_Project/install/ur5e_custom_hardware:/home/imml/git/ROB_534_Project/install/harvest_vision:/opt/ros/humble /usr/bin/cmake --build /home/imml/git/ROB_534_Project/build/ur_moveit_config -- -j16 -l16
[0.729s] DEBUG:colcon.colcon_core.event_handler.log_command:Invoked command in '/home/imml/git/ROB_534_Project/build/realsense2_camera_msgs' returned '0': CMAKE_PREFIX_PATH=${CMAKE_PREFIX_PATH}:/home/imml/git/ROB_534_Project/install/ur5e_custom_hardware:/home/imml/git/ROB_534_Project/install/harvest_vision:/opt/ros/humble /usr/bin/cmake --build /home/imml/git/ROB_534_Project/build/realsense2_camera_msgs -- -j16 -l16
[0.731s] DEBUG:colcon.colcon_core.event_handler.log_command:Invoking command in '/home/imml/git/ROB_534_Project/build/realsense2_camera_msgs': CMAKE_PREFIX_PATH=${CMAKE_PREFIX_PATH}:/home/imml/git/ROB_534_Project/install/ur5e_custom_hardware:/home/imml/git/ROB_534_Project/install/harvest_vision:/opt/ros/humble /usr/bin/cmake --install /home/imml/git/ROB_534_Project/build/realsense2_camera_msgs
[0.739s] DEBUG:colcon.colcon_core.event_handler.log_command:Invoked command in '/home/imml/git/ROB_534_Project/build/harvest_interfaces' returned '0': CMAKE_PREFIX_PATH=${CMAKE_PREFIX_PATH}:/home/imml/git/ROB_534_Project/install/ur5e_custom_hardware:/home/imml/git/ROB_534_Project/install/harvest_vision:/opt/ros/humble /usr/bin/cmake --build /home/imml/git/ROB_534_Project/build/harvest_interfaces -- -j16 -l16
[0.741s] DEBUG:colcon.colcon_core.event_handler.log_command:Invoking command in '/home/imml/git/ROB_534_Project/build/harvest_interfaces': CMAKE_PREFIX_PATH=${CMAKE_PREFIX_PATH}:/home/imml/git/ROB_534_Project/install/ur5e_custom_hardware:/home/imml/git/ROB_534_Project/install/harvest_vision:/opt/ros/humble /usr/bin/cmake --install /home/imml/git/ROB_534_Project/build/harvest_interfaces
[0.746s] DEBUG:colcon.colcon_core.event_handler.log_command:Invoked command in '/home/imml/git/ROB_534_Project/build/ur_dashboard_msgs' returned '0': CMAKE_PREFIX_PATH=${CMAKE_PREFIX_PATH}:/home/imml/git/ROB_534_Project/install/ur5e_custom_hardware:/home/imml/git/ROB_534_Project/install/harvest_vision:/opt/ros/humble /usr/bin/cmake --build /home/imml/git/ROB_534_Project/build/ur_dashboard_msgs -- -j16 -l16
[0.750s] DEBUG:colcon.colcon_core.event_handler.log_command:Invoking command in '/home/imml/git/ROB_534_Project/build/ur_dashboard_msgs': CMAKE_PREFIX_PATH=${CMAKE_PREFIX_PATH}:/home/imml/git/ROB_534_Project/install/ur5e_custom_hardware:/home/imml/git/ROB_534_Project/install/harvest_vision:/opt/ros/humble /usr/bin/cmake --install /home/imml/git/ROB_534_Project/build/ur_dashboard_msgs
[0.808s] Level 1:colcon.colcon_core.environment:create_environment_scripts_only(realsense2_camera_msgs)
[0.808s] Level 1:colcon.colcon_core.environment:checking '/home/imml/git/ROB_534_Project/install/realsense2_camera_msgs' for CMake module files
[0.809s] DEBUG:colcon.colcon_core.event_handler.log_command:Invoked command in '/home/imml/git/ROB_534_Project/build/realsense2_camera_msgs' returned '0': CMAKE_PREFIX_PATH=${CMAKE_PREFIX_PATH}:/home/imml/git/ROB_534_Project/install/ur5e_custom_hardware:/home/imml/git/ROB_534_Project/install/harvest_vision:/opt/ros/humble /usr/bin/cmake --install /home/imml/git/ROB_534_Project/build/realsense2_camera_msgs
[0.809s] Level 1:colcon.colcon_core.environment:checking '/home/imml/git/ROB_534_Project/install/realsense2_camera_msgs' for CMake config files
[0.811s] Level 1:colcon.colcon_core.shell:create_environment_hook('realsense2_camera_msgs', 'cmake_prefix_path')
[0.812s] INFO:colcon.colcon_core.shell:Creating environment hook '/home/imml/git/ROB_534_Project/install/realsense2_camera_msgs/share/realsense2_camera_msgs/hook/cmake_prefix_path.ps1'
[0.812s] INFO:colcon.colcon_core.shell:Creating environment descriptor '/home/imml/git/ROB_534_Project/install/realsense2_camera_msgs/share/realsense2_camera_msgs/hook/cmake_prefix_path.dsv'
[0.813s] INFO:colcon.colcon_core.shell:Creating environment hook '/home/imml/git/ROB_534_Project/install/realsense2_camera_msgs/share/realsense2_camera_msgs/hook/cmake_prefix_path.sh'
[0.813s] Level 1:colcon.colcon_core.environment:checking '/home/imml/git/ROB_534_Project/install/realsense2_camera_msgs/lib'
[0.813s] Level 1:colcon.colcon_core.shell:create_environment_hook('realsense2_camera_msgs', 'ld_library_path_lib')
[0.814s] INFO:colcon.colcon_core.shell:Creating environment hook '/home/imml/git/ROB_534_Project/install/realsense2_camera_msgs/share/realsense2_camera_msgs/hook/ld_library_path_lib.ps1'
[0.814s] INFO:colcon.colcon_core.shell:Creating environment descriptor '/home/imml/git/ROB_534_Project/install/realsense2_camera_msgs/share/realsense2_camera_msgs/hook/ld_library_path_lib.dsv'
[0.814s] INFO:colcon.colcon_core.shell:Creating environment hook '/home/imml/git/ROB_534_Project/install/realsense2_camera_msgs/share/realsense2_camera_msgs/hook/ld_library_path_lib.sh'
[0.815s] Level 1:colcon.colcon_core.environment:checking '/home/imml/git/ROB_534_Project/install/realsense2_camera_msgs/bin'
[0.815s] Level 1:colcon.colcon_core.environment:checking '/home/imml/git/ROB_534_Project/install/realsense2_camera_msgs/lib/pkgconfig/realsense2_camera_msgs.pc'
[0.815s] Level 1:colcon.colcon_core.environment:checking '/home/imml/git/ROB_534_Project/install/realsense2_camera_msgs/lib/python3.10/site-packages'
[0.815s] Level 1:colcon.colcon_core.environment:checking '/home/imml/git/ROB_534_Project/install/realsense2_camera_msgs/bin'
[0.815s] INFO:colcon.colcon_core.shell:Creating package script '/home/imml/git/ROB_534_Project/install/realsense2_camera_msgs/share/realsense2_camera_msgs/package.ps1'
[0.816s] INFO:colcon.colcon_core.shell:Creating package descriptor '/home/imml/git/ROB_534_Project/install/realsense2_camera_msgs/share/realsense2_camera_msgs/package.dsv'
[0.816s] INFO:colcon.colcon_core.shell:Creating package script '/home/imml/git/ROB_534_Project/install/realsense2_camera_msgs/share/realsense2_camera_msgs/package.sh'
[0.816s] INFO:colcon.colcon_core.shell:Creating package script '/home/imml/git/ROB_534_Project/install/realsense2_camera_msgs/share/realsense2_camera_msgs/package.bash'
[0.816s] INFO:colcon.colcon_core.shell:Creating package script '/home/imml/git/ROB_534_Project/install/realsense2_camera_msgs/share/realsense2_camera_msgs/package.zsh'
[0.817s] Level 1:colcon.colcon_core.environment:create_file_with_runtime_dependencies(/home/imml/git/ROB_534_Project/install/realsense2_camera_msgs/share/colcon-core/packages/realsense2_camera_msgs)
[0.817s] Level 1:colcon.colcon_core.environment:create_environment_scripts_only(realsense2_camera_msgs)
[0.817s] Level 1:colcon.colcon_core.environment:checking '/home/imml/git/ROB_534_Project/install/realsense2_camera_msgs' for CMake module files
[0.818s] Level 1:colcon.colcon_core.environment:checking '/home/imml/git/ROB_534_Project/install/realsense2_camera_msgs' for CMake config files
[0.819s] Level 1:colcon.colcon_core.shell:create_environment_hook('realsense2_camera_msgs', 'cmake_prefix_path')
[0.819s] INFO:colcon.colcon_core.shell:Creating environment hook '/home/imml/git/ROB_534_Project/install/realsense2_camera_msgs/share/realsense2_camera_msgs/hook/cmake_prefix_path.ps1'
[0.820s] INFO:colcon.colcon_core.shell:Creating environment descriptor '/home/imml/git/ROB_534_Project/install/realsense2_camera_msgs/share/realsense2_camera_msgs/hook/cmake_prefix_path.dsv'
[0.820s] INFO:colcon.colcon_core.shell:Creating environment hook '/home/imml/git/ROB_534_Project/install/realsense2_camera_msgs/share/realsense2_camera_msgs/hook/cmake_prefix_path.sh'
[0.820s] Level 1:colcon.colcon_core.environment:checking '/home/imml/git/ROB_534_Project/install/realsense2_camera_msgs/lib'
[0.820s] Level 1:colcon.colcon_core.shell:create_environment_hook('realsense2_camera_msgs', 'ld_library_path_lib')
[0.820s] INFO:colcon.colcon_core.shell:Creating environment hook '/home/imml/git/ROB_534_Project/install/realsense2_camera_msgs/share/realsense2_camera_msgs/hook/ld_library_path_lib.ps1'
[0.821s] INFO:colcon.colcon_core.shell:Creating environment descriptor '/home/imml/git/ROB_534_Project/install/realsense2_camera_msgs/share/realsense2_camera_msgs/hook/ld_library_path_lib.dsv'
[0.821s] INFO:colcon.colcon_core.shell:Creating environment hook '/home/imml/git/ROB_534_Project/install/realsense2_camera_msgs/share/realsense2_camera_msgs/hook/ld_library_path_lib.sh'
[0.822s] Level 1:colcon.colcon_core.environment:checking '/home/imml/git/ROB_534_Project/install/realsense2_camera_msgs/bin'
[0.822s] Level 1:colcon.colcon_core.environment:checking '/home/imml/git/ROB_534_Project/install/realsense2_camera_msgs/lib/pkgconfig/realsense2_camera_msgs.pc'
[0.822s] Level 1:colcon.colcon_core.environment:checking '/home/imml/git/ROB_534_Project/install/realsense2_camera_msgs/lib/python3.10/site-packages'
[0.822s] Level 1:colcon.colcon_core.environment:checking '/home/imml/git/ROB_534_Project/install/realsense2_camera_msgs/bin'
[0.822s] INFO:colcon.colcon_core.shell:Creating package script '/home/imml/git/ROB_534_Project/install/realsense2_camera_msgs/share/realsense2_camera_msgs/package.ps1'
[0.823s] INFO:colcon.colcon_core.shell:Creating package descriptor '/home/imml/git/ROB_534_Project/install/realsense2_camera_msgs/share/realsense2_camera_msgs/package.dsv'
[0.823s] INFO:colcon.colcon_core.shell:Creating package script '/home/imml/git/ROB_534_Project/install/realsense2_camera_msgs/share/realsense2_camera_msgs/package.sh'
[0.823s] INFO:colcon.colcon_core.shell:Creating package script '/home/imml/git/ROB_534_Project/install/realsense2_camera_msgs/share/realsense2_camera_msgs/package.bash'
[0.824s] INFO:colcon.colcon_core.shell:Creating package script '/home/imml/git/ROB_534_Project/install/realsense2_camera_msgs/share/realsense2_camera_msgs/package.zsh'
[0.824s] Level 1:colcon.colcon_core.environment:create_file_with_runtime_dependencies(/home/imml/git/ROB_534_Project/install/realsense2_camera_msgs/share/colcon-core/packages/realsense2_camera_msgs)
[0.824s] INFO:colcon.colcon_ros.task.ament_cmake.build:Building ROS package in '/home/imml/git/ROB_534_Project/harvest_hardware/realsense-ros/realsense2_camera' with build type 'ament_cmake'
[0.824s] INFO:colcon.colcon_cmake.task.cmake.build:Building CMake package in '/home/imml/git/ROB_534_Project/harvest_hardware/realsense-ros/realsense2_camera'
[0.825s] INFO:colcon.colcon_core.shell:Skip shell extension 'powershell' for command environment: Not usable outside of PowerShell
[0.825s] DEBUG:colcon.colcon_core.shell:Skip shell extension 'dsv' for command environment
[0.829s] INFO:colcon.colcon_ros.task.ament_cmake.build:Building ROS package in '/home/imml/git/ROB_534_Project/harvest_hardware/realsense-ros/realsense2_description' with build type 'ament_cmake'
[0.829s] INFO:colcon.colcon_cmake.task.cmake.build:Building CMake package in '/home/imml/git/ROB_534_Project/harvest_hardware/realsense-ros/realsense2_description'
[0.829s] INFO:colcon.colcon_core.shell:Skip shell extension 'powershell' for command environment: Not usable outside of PowerShell
[0.829s] DEBUG:colcon.colcon_core.shell:Skip shell extension 'dsv' for command environment
[0.838s] Level 1:colcon.colcon_core.environment:create_environment_scripts_only(harvest_interfaces)
[0.839s] Level 1:colcon.colcon_core.environment:checking '/home/imml/git/ROB_534_Project/install/harvest_interfaces' for CMake module files
[0.839s] DEBUG:colcon.colcon_core.event_handler.log_command:Invoking command in '/home/imml/git/ROB_534_Project/build/realsense2_camera': CMAKE_PREFIX_PATH=/home/imml/git/ROB_534_Project/install/realsense2_camera_msgs:/home/imml/git/ROB_534_Project/install/ur:/home/imml/git/ROB_534_Project/install/ur_calibration:/home/imml/git/ROB_534_Project/install/ur_robot_driver:/home/imml/git/ROB_534_Project/install/ur_moveit_config:/home/imml/git/ROB_534_Project/install/ur_bringup:/home/imml/git/ROB_534_Project/install/ur_description:/home/imml/git/ROB_534_Project/install/ur_controllers:/home/imml/git/ROB_534_Project/install/ur_dashboard_msgs:/home/imml/git/ROB_534_Project/install/realsense2_description:/home/imml/git/ROB_534_Project/install/realsense2_camera:/home/imml/git/ROB_534_Project/install/harvest_control:/home/imml/git/ROB_534_Project/install/harvest:/home/imml/git/ROB_534_Project/install/harvest_interfaces:/home/imml/git/ROB_534_Project/install/ur5e_custom_hardware:/home/imml/git/ROB_534_Project/install/harvest_vision:/opt/ros/humble LD_LIBRARY_PATH=/home/imml/git/ROB_534_Project/install/realsense2_camera_msgs/lib:/home/imml/git/ROB_534_Project/install/ur_robot_driver/lib:/home/imml/git/ROB_534_Project/install/ur_controllers/lib:/home/imml/git/ROB_534_Project/install/ur_dashboard_msgs/lib:/home/imml/git/ROB_534_Project/install/realsense2_camera/lib:/home/imml/git/ROB_534_Project/install/harvest_interfaces/lib:/opt/ros/humble/opt/rviz_ogre_vendor/lib:/opt/ros/humble/lib/x86_64-linux-gnu:/opt/ros/humble/lib /usr/bin/cmake --build /home/imml/git/ROB_534_Project/build/realsense2_camera -- -j16 -l16
[0.840s] DEBUG:colcon.colcon_core.event_handler.log_command:Invoked command in '/home/imml/git/ROB_534_Project/build/harvest_interfaces' returned '0': CMAKE_PREFIX_PATH=${CMAKE_PREFIX_PATH}:/home/imml/git/ROB_534_Project/install/ur5e_custom_hardware:/home/imml/git/ROB_534_Project/install/harvest_vision:/opt/ros/humble /usr/bin/cmake --install /home/imml/git/ROB_534_Project/build/harvest_interfaces
[0.840s] Level 1:colcon.colcon_core.environment:checking '/home/imml/git/ROB_534_Project/install/harvest_interfaces' for CMake config files
[0.843s] Level 1:colcon.colcon_core.shell:create_environment_hook('harvest_interfaces', 'cmake_prefix_path')
[0.843s] INFO:colcon.colcon_core.shell:Creating environment hook '/home/imml/git/ROB_534_Project/install/harvest_interfaces/share/harvest_interfaces/hook/cmake_prefix_path.ps1'
[0.843s] INFO:colcon.colcon_core.shell:Creating environment descriptor '/home/imml/git/ROB_534_Project/install/harvest_interfaces/share/harvest_interfaces/hook/cmake_prefix_path.dsv'
[0.844s] INFO:colcon.colcon_core.shell:Creating environment hook '/home/imml/git/ROB_534_Project/install/harvest_interfaces/share/harvest_interfaces/hook/cmake_prefix_path.sh'
[0.844s] Level 1:colcon.colcon_core.environment:checking '/home/imml/git/ROB_534_Project/install/harvest_interfaces/lib'
[0.844s] Level 1:colcon.colcon_core.shell:create_environment_hook('harvest_interfaces', 'ld_library_path_lib')
[0.844s] INFO:colcon.colcon_core.shell:Creating environment hook '/home/imml/git/ROB_534_Project/install/harvest_interfaces/share/harvest_interfaces/hook/ld_library_path_lib.ps1'
[0.845s] INFO:colcon.colcon_core.shell:Creating environment descriptor '/home/imml/git/ROB_534_Project/install/harvest_interfaces/share/harvest_interfaces/hook/ld_library_path_lib.dsv'
[0.845s] INFO:colcon.colcon_core.shell:Creating environment hook '/home/imml/git/ROB_534_Project/install/harvest_interfaces/share/harvest_interfaces/hook/ld_library_path_lib.sh'
[0.846s] Level 1:colcon.colcon_core.environment:checking '/home/imml/git/ROB_534_Project/install/harvest_interfaces/bin'
[0.846s] Level 1:colcon.colcon_core.environment:checking '/home/imml/git/ROB_534_Project/install/harvest_interfaces/lib/pkgconfig/harvest_interfaces.pc'
[0.846s] Level 1:colcon.colcon_core.environment:checking '/home/imml/git/ROB_534_Project/install/harvest_interfaces/lib/python3.10/site-packages'
[0.846s] Level 1:colcon.colcon_core.environment:checking '/home/imml/git/ROB_534_Project/install/harvest_interfaces/bin'
[0.846s] INFO:colcon.colcon_core.shell:Creating package script '/home/imml/git/ROB_534_Project/install/harvest_interfaces/share/harvest_interfaces/package.ps1'
[0.847s] INFO:colcon.colcon_core.shell:Creating package descriptor '/home/imml/git/ROB_534_Project/install/harvest_interfaces/share/harvest_interfaces/package.dsv'
[0.847s] INFO:colcon.colcon_core.shell:Creating package script '/home/imml/git/ROB_534_Project/install/harvest_interfaces/share/harvest_interfaces/package.sh'
[0.847s] INFO:colcon.colcon_core.shell:Creating package script '/home/imml/git/ROB_534_Project/install/harvest_interfaces/share/harvest_interfaces/package.bash'
[0.848s] INFO:colcon.colcon_core.shell:Creating package script '/home/imml/git/ROB_534_Project/install/harvest_interfaces/share/harvest_interfaces/package.zsh'
[0.848s] Level 1:colcon.colcon_core.environment:create_file_with_runtime_dependencies(/home/imml/git/ROB_534_Project/install/harvest_interfaces/share/colcon-core/packages/harvest_interfaces)
[0.848s] Level 1:colcon.colcon_core.environment:create_environment_scripts_only(harvest_interfaces)
[0.849s] Level 1:colcon.colcon_core.environment:checking '/home/imml/git/ROB_534_Project/install/harvest_interfaces' for CMake module files
[0.849s] Level 1:colcon.colcon_core.environment:checking '/home/imml/git/ROB_534_Project/install/harvest_interfaces' for CMake config files
[0.853s] Level 1:colcon.colcon_core.shell:create_environment_hook('harvest_interfaces', 'cmake_prefix_path')
[0.853s] INFO:colcon.colcon_core.shell:Creating environment hook '/home/imml/git/ROB_534_Project/install/harvest_interfaces/share/harvest_interfaces/hook/cmake_prefix_path.ps1'
[0.854s] INFO:colcon.colcon_core.shell:Creating environment descriptor '/home/imml/git/ROB_534_Project/install/harvest_interfaces/share/harvest_interfaces/hook/cmake_prefix_path.dsv'
[0.854s] INFO:colcon.colcon_core.shell:Creating environment hook '/home/imml/git/ROB_534_Project/install/harvest_interfaces/share/harvest_interfaces/hook/cmake_prefix_path.sh'
[0.855s] Level 1:colcon.colcon_core.environment:checking '/home/imml/git/ROB_534_Project/install/harvest_interfaces/lib'
[0.855s] Level 1:colcon.colcon_core.shell:create_environment_hook('harvest_interfaces', 'ld_library_path_lib')
[0.855s] INFO:colcon.colcon_core.shell:Creating environment hook '/home/imml/git/ROB_534_Project/install/harvest_interfaces/share/harvest_interfaces/hook/ld_library_path_lib.ps1'
[0.855s] INFO:colcon.colcon_core.shell:Creating environment descriptor '/home/imml/git/ROB_534_Project/install/harvest_interfaces/share/harvest_interfaces/hook/ld_library_path_lib.dsv'
[0.856s] INFO:colcon.colcon_core.shell:Creating environment hook '/home/imml/git/ROB_534_Project/install/harvest_interfaces/share/harvest_interfaces/hook/ld_library_path_lib.sh'
[0.856s] Level 1:colcon.colcon_core.environment:checking '/home/imml/git/ROB_534_Project/install/harvest_interfaces/bin'
[0.856s] Level 1:colcon.colcon_core.environment:checking '/home/imml/git/ROB_534_Project/install/harvest_interfaces/lib/pkgconfig/harvest_interfaces.pc'
[0.856s] Level 1:colcon.colcon_core.environment:checking '/home/imml/git/ROB_534_Project/install/harvest_interfaces/lib/python3.10/site-packages'
[0.856s] Level 1:colcon.colcon_core.environment:checking '/home/imml/git/ROB_534_Project/install/harvest_interfaces/bin'
[0.857s] INFO:colcon.colcon_core.shell:Creating package script '/home/imml/git/ROB_534_Project/install/harvest_interfaces/share/harvest_interfaces/package.ps1'
[0.857s] INFO:colcon.colcon_core.shell:Creating package descriptor '/home/imml/git/ROB_534_Project/install/harvest_interfaces/share/harvest_interfaces/package.dsv'
[0.857s] INFO:colcon.colcon_core.shell:Creating package script '/home/imml/git/ROB_534_Project/install/harvest_interfaces/share/harvest_interfaces/package.sh'
[0.858s] INFO:colcon.colcon_core.shell:Creating package script '/home/imml/git/ROB_534_Project/install/harvest_interfaces/share/harvest_interfaces/package.bash'
[0.858s] INFO:colcon.colcon_core.shell:Creating package script '/home/imml/git/ROB_534_Project/install/harvest_interfaces/share/harvest_interfaces/package.zsh'
[0.859s] Level 1:colcon.colcon_core.environment:create_file_with_runtime_dependencies(/home/imml/git/ROB_534_Project/install/harvest_interfaces/share/colcon-core/packages/harvest_interfaces)
[0.861s] INFO:colcon.colcon_ros.task.ament_cmake.build:Building ROS package in '/home/imml/git/ROB_534_Project/harvest' with build type 'ament_cmake'
[0.861s] INFO:colcon.colcon_cmake.task.cmake.build:Building CMake package in '/home/imml/git/ROB_534_Project/harvest'
[0.861s] INFO:colcon.colcon_core.shell:Skip shell extension 'powershell' for command environment: Not usable outside of PowerShell
[0.861s] DEBUG:colcon.colcon_core.shell:Skip shell extension 'dsv' for command environment
[0.862s] DEBUG:colcon.colcon_core.event_handler.log_command:Invoking command in '/home/imml/git/ROB_534_Project/build/realsense2_description': CMAKE_PREFIX_PATH=/home/imml/git/ROB_534_Project/install/realsense2_camera_msgs:/home/imml/git/ROB_534_Project/install/ur:/home/imml/git/ROB_534_Project/install/ur_calibration:/home/imml/git/ROB_534_Project/install/ur_robot_driver:/home/imml/git/ROB_534_Project/install/ur_moveit_config:/home/imml/git/ROB_534_Project/install/ur_bringup:/home/imml/git/ROB_534_Project/install/ur_description:/home/imml/git/ROB_534_Project/install/ur_controllers:/home/imml/git/ROB_534_Project/install/ur_dashboard_msgs:/home/imml/git/ROB_534_Project/install/realsense2_description:/home/imml/git/ROB_534_Project/install/realsense2_camera:/home/imml/git/ROB_534_Project/install/harvest_control:/home/imml/git/ROB_534_Project/install/harvest:/home/imml/git/ROB_534_Project/install/harvest_interfaces:/home/imml/git/ROB_534_Project/install/ur5e_custom_hardware:/home/imml/git/ROB_534_Project/install/harvest_vision:/opt/ros/humble LD_LIBRARY_PATH=/home/imml/git/ROB_534_Project/install/realsense2_camera_msgs/lib:/home/imml/git/ROB_534_Project/install/ur_robot_driver/lib:/home/imml/git/ROB_534_Project/install/ur_controllers/lib:/home/imml/git/ROB_534_Project/install/ur_dashboard_msgs/lib:/home/imml/git/ROB_534_Project/install/realsense2_camera/lib:/home/imml/git/ROB_534_Project/install/harvest_interfaces/lib:/opt/ros/humble/opt/rviz_ogre_vendor/lib:/opt/ros/humble/lib/x86_64-linux-gnu:/opt/ros/humble/lib /usr/bin/cmake --build /home/imml/git/ROB_534_Project/build/realsense2_description -- -j16 -l16
[0.865s] INFO:colcon.colcon_ros.task.ament_cmake.build:Building ROS package in '/home/imml/git/ROB_534_Project/harvest_control' with build type 'ament_cmake'
[0.865s] INFO:colcon.colcon_cmake.task.cmake.build:Building CMake package in '/home/imml/git/ROB_534_Project/harvest_control'
[0.866s] INFO:colcon.colcon_core.shell:Skip shell extension 'powershell' for command environment: Not usable outside of PowerShell
[0.866s] DEBUG:colcon.colcon_core.shell:Skip shell extension 'dsv' for command environment
[0.870s] INFO:colcon.colcon_ros.task.ament_python.build:Building ROS package in '/home/imml/git/ROB_534_Project/harvest_vision' with build type 'ament_python'
[0.870s] Level 1:colcon.colcon_core.shell:create_environment_hook('harvest_vision', 'ament_prefix_path')
[0.870s] INFO:colcon.colcon_core.shell:Creating environment hook '/home/imml/git/ROB_534_Project/install/harvest_vision/share/harvest_vision/hook/ament_prefix_path.ps1'
[0.871s] INFO:colcon.colcon_core.shell:Creating environment descriptor '/home/imml/git/ROB_534_Project/install/harvest_vision/share/harvest_vision/hook/ament_prefix_path.dsv'
[0.871s] INFO:colcon.colcon_core.shell:Creating environment hook '/home/imml/git/ROB_534_Project/install/harvest_vision/share/harvest_vision/hook/ament_prefix_path.sh'
[0.872s] INFO:colcon.colcon_core.shell:Skip shell extension 'powershell' for command environment: Not usable outside of PowerShell
[0.872s] DEBUG:colcon.colcon_core.shell:Skip shell extension 'dsv' for command environment
[0.879s] Level 1:colcon.colcon_core.environment:create_environment_scripts_only(ur_dashboard_msgs)
[0.879s] Level 1:colcon.colcon_core.environment:checking '/home/imml/git/ROB_534_Project/install/ur_dashboard_msgs' for CMake module files
[0.880s] DEBUG:colcon.colcon_core.event_handler.log_command:Invoked command in '/home/imml/git/ROB_534_Project/build/ur_dashboard_msgs' returned '0': CMAKE_PREFIX_PATH=${CMAKE_PREFIX_PATH}:/home/imml/git/ROB_534_Project/install/ur5e_custom_hardware:/home/imml/git/ROB_534_Project/install/harvest_vision:/opt/ros/humble /usr/bin/cmake --install /home/imml/git/ROB_534_Project/build/ur_dashboard_msgs
[0.881s] Level 1:colcon.colcon_core.environment:checking '/home/imml/git/ROB_534_Project/install/ur_dashboard_msgs' for CMake config files
[0.884s] Level 1:colcon.colcon_core.shell:create_environment_hook('ur_dashboard_msgs', 'cmake_prefix_path')
[0.885s] INFO:colcon.colcon_core.shell:Creating environment hook '/home/imml/git/ROB_534_Project/install/ur_dashboard_msgs/share/ur_dashboard_msgs/hook/cmake_prefix_path.ps1'
[0.885s] INFO:colcon.colcon_core.shell:Creating environment descriptor '/home/imml/git/ROB_534_Project/install/ur_dashboard_msgs/share/ur_dashboard_msgs/hook/cmake_prefix_path.dsv'
[0.886s] INFO:colcon.colcon_core.shell:Creating environment hook '/home/imml/git/ROB_534_Project/install/ur_dashboard_msgs/share/ur_dashboard_msgs/hook/cmake_prefix_path.sh'
[0.887s] Level 1:colcon.colcon_core.environment:checking '/home/imml/git/ROB_534_Project/install/ur_dashboard_msgs/lib'
[0.887s] Level 1:colcon.colcon_core.shell:create_environment_hook('ur_dashboard_msgs', 'ld_library_path_lib')
[0.887s] INFO:colcon.colcon_core.shell:Creating environment hook '/home/imml/git/ROB_534_Project/install/ur_dashboard_msgs/share/ur_dashboard_msgs/hook/ld_library_path_lib.ps1'
[0.887s] INFO:colcon.colcon_core.shell:Creating environment descriptor '/home/imml/git/ROB_534_Project/install/ur_dashboard_msgs/share/ur_dashboard_msgs/hook/ld_library_path_lib.dsv'
[0.888s] INFO:colcon.colcon_core.shell:Creating environment hook '/home/imml/git/ROB_534_Project/install/ur_dashboard_msgs/share/ur_dashboard_msgs/hook/ld_library_path_lib.sh'
[0.888s] Level 1:colcon.colcon_core.environment:checking '/home/imml/git/ROB_534_Project/install/ur_dashboard_msgs/bin'
[0.888s] Level 1:colcon.colcon_core.environment:checking '/home/imml/git/ROB_534_Project/install/ur_dashboard_msgs/lib/pkgconfig/ur_dashboard_msgs.pc'
[0.888s] Level 1:colcon.colcon_core.environment:checking '/home/imml/git/ROB_534_Project/install/ur_dashboard_msgs/lib/python3.10/site-packages'
[0.888s] Level 1:colcon.colcon_core.environment:checking '/home/imml/git/ROB_534_Project/install/ur_dashboard_msgs/bin'
[0.889s] INFO:colcon.colcon_core.shell:Creating package script '/home/imml/git/ROB_534_Project/install/ur_dashboard_msgs/share/ur_dashboard_msgs/package.ps1'
[0.889s] INFO:colcon.colcon_core.shell:Creating package descriptor '/home/imml/git/ROB_534_Project/install/ur_dashboard_msgs/share/ur_dashboard_msgs/package.dsv'
[0.890s] INFO:colcon.colcon_core.shell:Creating package script '/home/imml/git/ROB_534_Project/install/ur_dashboard_msgs/share/ur_dashboard_msgs/package.sh'
[0.890s] INFO:colcon.colcon_core.shell:Creating package script '/home/imml/git/ROB_534_Project/install/ur_dashboard_msgs/share/ur_dashboard_msgs/package.bash'
[0.890s] INFO:colcon.colcon_core.shell:Creating package script '/home/imml/git/ROB_534_Project/install/ur_dashboard_msgs/share/ur_dashboard_msgs/package.zsh'
[0.891s] Level 1:colcon.colcon_core.environment:create_file_with_runtime_dependencies(/home/imml/git/ROB_534_Project/install/ur_dashboard_msgs/share/colcon-core/packages/ur_dashboard_msgs)
[0.891s] Level 1:colcon.colcon_core.environment:create_environment_scripts_only(ur_dashboard_msgs)
[0.891s] Level 1:colcon.colcon_core.environment:checking '/home/imml/git/ROB_534_Project/install/ur_dashboard_msgs' for CMake module files
[0.892s] Level 1:colcon.colcon_core.environment:checking '/home/imml/git/ROB_534_Project/install/ur_dashboard_msgs' for CMake config files
[0.895s] Level 1:colcon.colcon_core.shell:create_environment_hook('ur_dashboard_msgs', 'cmake_prefix_path')
[0.895s] INFO:colcon.colcon_core.shell:Creating environment hook '/home/imml/git/ROB_534_Project/install/ur_dashboard_msgs/share/ur_dashboard_msgs/hook/cmake_prefix_path.ps1'
[0.895s] INFO:colcon.colcon_core.shell:Creating environment descriptor '/home/imml/git/ROB_534_Project/install/ur_dashboard_msgs/share/ur_dashboard_msgs/hook/cmake_prefix_path.dsv'
[0.896s] INFO:colcon.colcon_core.shell:Creating environment hook '/home/imml/git/ROB_534_Project/install/ur_dashboard_msgs/share/ur_dashboard_msgs/hook/cmake_prefix_path.sh'
[0.897s] Level 1:colcon.colcon_core.environment:checking '/home/imml/git/ROB_534_Project/install/ur_dashboard_msgs/lib'
[0.897s] Level 1:colcon.colcon_core.shell:create_environment_hook('ur_dashboard_msgs', 'ld_library_path_lib')
[0.897s] INFO:colcon.colcon_core.shell:Creating environment hook '/home/imml/git/ROB_534_Project/install/ur_dashboard_msgs/share/ur_dashboard_msgs/hook/ld_library_path_lib.ps1'
[0.897s] INFO:colcon.colcon_core.shell:Creating environment descriptor '/home/imml/git/ROB_534_Project/install/ur_dashboard_msgs/share/ur_dashboard_msgs/hook/ld_library_path_lib.dsv'
[0.898s] INFO:colcon.colcon_core.shell:Creating environment hook '/home/imml/git/ROB_534_Project/install/ur_dashboard_msgs/share/ur_dashboard_msgs/hook/ld_library_path_lib.sh'
[0.898s] Level 1:colcon.colcon_core.environment:checking '/home/imml/git/ROB_534_Project/install/ur_dashboard_msgs/bin'
[0.898s] Level 1:colcon.colcon_core.environment:checking '/home/imml/git/ROB_534_Project/install/ur_dashboard_msgs/lib/pkgconfig/ur_dashboard_msgs.pc'
[0.899s] Level 1:colcon.colcon_core.environment:checking '/home/imml/git/ROB_534_Project/install/ur_dashboard_msgs/lib/python3.10/site-packages'
[0.899s] Level 1:colcon.colcon_core.environment:checking '/home/imml/git/ROB_534_Project/install/ur_dashboard_msgs/bin'
[0.899s] INFO:colcon.colcon_core.shell:Creating package script '/home/imml/git/ROB_534_Project/install/ur_dashboard_msgs/share/ur_dashboard_msgs/package.ps1'
[0.900s] INFO:colcon.colcon_core.shell:Creating package descriptor '/home/imml/git/ROB_534_Project/install/ur_dashboard_msgs/share/ur_dashboard_msgs/package.dsv'
[0.900s] INFO:colcon.colcon_core.shell:Creating package script '/home/imml/git/ROB_534_Project/install/ur_dashboard_msgs/share/ur_dashboard_msgs/package.sh'
[0.901s] INFO:colcon.colcon_core.shell:Creating package script '/home/imml/git/ROB_534_Project/install/ur_dashboard_msgs/share/ur_dashboard_msgs/package.bash'
[0.901s] INFO:colcon.colcon_core.shell:Creating package script '/home/imml/git/ROB_534_Project/install/ur_dashboard_msgs/share/ur_dashboard_msgs/package.zsh'
[0.901s] Level 1:colcon.colcon_core.environment:create_file_with_runtime_dependencies(/home/imml/git/ROB_534_Project/install/ur_dashboard_msgs/share/colcon-core/packages/ur_dashboard_msgs)
[0.902s] INFO:colcon.colcon_ros.task.ament_cmake.build:Building ROS package in '/home/imml/git/ROB_534_Project/harvest_hardware/Universal_Robots_ROS2_Driver/ur_controllers' with build type 'ament_cmake'
[0.902s] INFO:colcon.colcon_cmake.task.cmake.build:Building CMake package in '/home/imml/git/ROB_534_Project/harvest_hardware/Universal_Robots_ROS2_Driver/ur_controllers'
[0.903s] INFO:colcon.colcon_core.shell:Skip shell extension 'powershell' for command environment: Not usable outside of PowerShell
[0.903s] DEBUG:colcon.colcon_core.shell:Skip shell extension 'dsv' for command environment
[0.910s] DEBUG:colcon.colcon_core.event_handler.log_command:Invoking command in '/home/imml/git/ROB_534_Project/build/harvest': CMAKE_PREFIX_PATH=/home/imml/git/ROB_534_Project/install/harvest_interfaces:/home/imml/git/ROB_534_Project/install/ur:/home/imml/git/ROB_534_Project/install/ur_calibration:/home/imml/git/ROB_534_Project/install/ur_robot_driver:/home/imml/git/ROB_534_Project/install/ur_moveit_config:/home/imml/git/ROB_534_Project/install/ur_bringup:/home/imml/git/ROB_534_Project/install/ur_description:/home/imml/git/ROB_534_Project/install/ur_controllers:/home/imml/git/ROB_534_Project/install/ur_dashboard_msgs:/home/imml/git/ROB_534_Project/install/realsense2_description:/home/imml/git/ROB_534_Project/install/realsense2_camera:/home/imml/git/ROB_534_Project/install/realsense2_camera_msgs:/home/imml/git/ROB_534_Project/install/harvest_control:/home/imml/git/ROB_534_Project/install/harvest:/home/imml/git/ROB_534_Project/install/ur5e_custom_hardware:/home/imml/git/ROB_534_Project/install/harvest_vision:/opt/ros/humble LD_LIBRARY_PATH=/home/imml/git/ROB_534_Project/install/harvest_interfaces/lib:/home/imml/git/ROB_534_Project/install/ur_robot_driver/lib:/home/imml/git/ROB_534_Project/install/ur_controllers/lib:/home/imml/git/ROB_534_Project/install/ur_dashboard_msgs/lib:/home/imml/git/ROB_534_Project/install/realsense2_camera/lib:/home/imml/git/ROB_534_Project/install/realsense2_camera_msgs/lib:/opt/ros/humble/opt/rviz_ogre_vendor/lib:/opt/ros/humble/lib/x86_64-linux-gnu:/opt/ros/humble/lib /usr/bin/cmake --build /home/imml/git/ROB_534_Project/build/harvest -- -j16 -l16
[0.914s] DEBUG:colcon.colcon_core.event_handler.log_command:Invoking command in '/home/imml/git/ROB_534_Project/build/harvest_control': CMAKE_PREFIX_PATH=/home/imml/git/ROB_534_Project/install/harvest_interfaces:/home/imml/git/ROB_534_Project/install/ur:/home/imml/git/ROB_534_Project/install/ur_calibration:/home/imml/git/ROB_534_Project/install/ur_robot_driver:/home/imml/git/ROB_534_Project/install/ur_moveit_config:/home/imml/git/ROB_534_Project/install/ur_bringup:/home/imml/git/ROB_534_Project/install/ur_description:/home/imml/git/ROB_534_Project/install/ur_controllers:/home/imml/git/ROB_534_Project/install/ur_dashboard_msgs:/home/imml/git/ROB_534_Project/install/realsense2_description:/home/imml/git/ROB_534_Project/install/realsense2_camera:/home/imml/git/ROB_534_Project/install/realsense2_camera_msgs:/home/imml/git/ROB_534_Project/install/harvest_control:/home/imml/git/ROB_534_Project/install/harvest:/home/imml/git/ROB_534_Project/install/ur5e_custom_hardware:/home/imml/git/ROB_534_Project/install/harvest_vision:/opt/ros/humble LD_LIBRARY_PATH=/home/imml/git/ROB_534_Project/install/harvest_interfaces/lib:/home/imml/git/ROB_534_Project/install/ur_robot_driver/lib:/home/imml/git/ROB_534_Project/install/ur_controllers/lib:/home/imml/git/ROB_534_Project/install/ur_dashboard_msgs/lib:/home/imml/git/ROB_534_Project/install/realsense2_camera/lib:/home/imml/git/ROB_534_Project/install/realsense2_camera_msgs/lib:/opt/ros/humble/opt/rviz_ogre_vendor/lib:/opt/ros/humble/lib/x86_64-linux-gnu:/opt/ros/humble/lib /usr/bin/cmake --build /home/imml/git/ROB_534_Project/build/harvest_control -- -j16 -l16
[1.151s] INFO:colcon.colcon_core.task.python.build:Building Python package in '/home/imml/git/ROB_534_Project/harvest_vision'
[1.152s] INFO:colcon.colcon_core.shell:Skip shell extension 'powershell' for command environment: Not usable outside of PowerShell
[1.152s] DEBUG:colcon.colcon_core.shell:Skip shell extension 'dsv' for command environment
[1.157s] DEBUG:colcon.colcon_core.event_handler.log_command:Invoked command in '/home/imml/git/ROB_534_Project/build/realsense2_description' returned '0': CMAKE_PREFIX_PATH=/home/imml/git/ROB_534_Project/install/realsense2_camera_msgs:/home/imml/git/ROB_534_Project/install/ur:/home/imml/git/ROB_534_Project/install/ur_calibration:/home/imml/git/ROB_534_Project/install/ur_robot_driver:/home/imml/git/ROB_534_Project/install/ur_moveit_config:/home/imml/git/ROB_534_Project/install/ur_bringup:/home/imml/git/ROB_534_Project/install/ur_description:/home/imml/git/ROB_534_Project/install/ur_controllers:/home/imml/git/ROB_534_Project/install/ur_dashboard_msgs:/home/imml/git/ROB_534_Project/install/realsense2_description:/home/imml/git/ROB_534_Project/install/realsense2_camera:/home/imml/git/ROB_534_Project/install/harvest_control:/home/imml/git/ROB_534_Project/install/harvest:/home/imml/git/ROB_534_Project/install/harvest_interfaces:/home/imml/git/ROB_534_Project/install/ur5e_custom_hardware:/home/imml/git/ROB_534_Project/install/harvest_vision:/opt/ros/humble LD_LIBRARY_PATH=/home/imml/git/ROB_534_Project/install/realsense2_camera_msgs/lib:/home/imml/git/ROB_534_Project/install/ur_robot_driver/lib:/home/imml/git/ROB_534_Project/install/ur_controllers/lib:/home/imml/git/ROB_534_Project/install/ur_dashboard_msgs/lib:/home/imml/git/ROB_534_Project/install/realsense2_camera/lib:/home/imml/git/ROB_534_Project/install/harvest_interfaces/lib:/opt/ros/humble/opt/rviz_ogre_vendor/lib:/opt/ros/humble/lib/x86_64-linux-gnu:/opt/ros/humble/lib /usr/bin/cmake --build /home/imml/git/ROB_534_Project/build/realsense2_description -- -j16 -l16
[1.158s] DEBUG:colcon.colcon_core.event_handler.log_command:Invoking command in '/home/imml/git/ROB_534_Project/build/realsense2_description': CMAKE_PREFIX_PATH=/home/imml/git/ROB_534_Project/install/realsense2_camera_msgs:/home/imml/git/ROB_534_Project/install/ur:/home/imml/git/ROB_534_Project/install/ur_calibration:/home/imml/git/ROB_534_Project/install/ur_robot_driver:/home/imml/git/ROB_534_Project/install/ur_moveit_config:/home/imml/git/ROB_534_Project/install/ur_bringup:/home/imml/git/ROB_534_Project/install/ur_description:/home/imml/git/ROB_534_Project/install/ur_controllers:/home/imml/git/ROB_534_Project/install/ur_dashboard_msgs:/home/imml/git/ROB_534_Project/install/realsense2_description:/home/imml/git/ROB_534_Project/install/realsense2_camera:/home/imml/git/ROB_534_Project/install/harvest_control:/home/imml/git/ROB_534_Project/install/harvest:/home/imml/git/ROB_534_Project/install/harvest_interfaces:/home/imml/git/ROB_534_Project/install/ur5e_custom_hardware:/home/imml/git/ROB_534_Project/install/harvest_vision:/opt/ros/humble LD_LIBRARY_PATH=/home/imml/git/ROB_534_Project/install/realsense2_camera_msgs/lib:/home/imml/git/ROB_534_Project/install/ur_robot_driver/lib:/home/imml/git/ROB_534_Project/install/ur_controllers/lib:/home/imml/git/ROB_534_Project/install/ur_dashboard_msgs/lib:/home/imml/git/ROB_534_Project/install/realsense2_camera/lib:/home/imml/git/ROB_534_Project/install/harvest_interfaces/lib:/opt/ros/humble/opt/rviz_ogre_vendor/lib:/opt/ros/humble/lib/x86_64-linux-gnu:/opt/ros/humble/lib /usr/bin/cmake --install /home/imml/git/ROB_534_Project/build/realsense2_description
[1.162s] DEBUG:colcon.colcon_core.event_handler.log_command:Invoking command in '/home/imml/git/ROB_534_Project/build/ur_controllers': CMAKE_PREFIX_PATH=/home/imml/git/ROB_534_Project/install/ur_dashboard_msgs:/home/imml/git/ROB_534_Project/install/ur:/home/imml/git/ROB_534_Project/install/ur_calibration:/home/imml/git/ROB_534_Project/install/ur_robot_driver:/home/imml/git/ROB_534_Project/install/ur_moveit_config:/home/imml/git/ROB_534_Project/install/ur_bringup:/home/imml/git/ROB_534_Project/install/ur_description:/home/imml/git/ROB_534_Project/install/ur_controllers:/home/imml/git/ROB_534_Project/install/realsense2_description:/home/imml/git/ROB_534_Project/install/realsense2_camera:/home/imml/git/ROB_534_Project/install/realsense2_camera_msgs:/home/imml/git/ROB_534_Project/install/harvest_control:/home/imml/git/ROB_534_Project/install/harvest:/home/imml/git/ROB_534_Project/install/harvest_interfaces:/home/imml/git/ROB_534_Project/install/ur5e_custom_hardware:/home/imml/git/ROB_534_Project/install/harvest_vision:/opt/ros/humble LD_LIBRARY_PATH=/home/imml/git/ROB_534_Project/install/ur_dashboard_msgs/lib:/home/imml/git/ROB_534_Project/install/ur_robot_driver/lib:/home/imml/git/ROB_534_Project/install/ur_controllers/lib:/home/imml/git/ROB_534_Project/install/realsense2_camera/lib:/home/imml/git/ROB_534_Project/install/realsense2_camera_msgs/lib:/home/imml/git/ROB_534_Project/install/harvest_interfaces/lib:/opt/ros/humble/opt/rviz_ogre_vendor/lib:/opt/ros/humble/lib/x86_64-linux-gnu:/opt/ros/humble/lib /usr/bin/cmake --build /home/imml/git/ROB_534_Project/build/ur_controllers -- -j16 -l16
[1.165s] DEBUG:colcon.colcon_core.event_handler.log_command:Invoking command in '/home/imml/git/ROB_534_Project/build/ur5e_custom_hardware': PYTHONPATH=/home/imml/git/ROB_534_Project/build/ur5e_custom_hardware/prefix_override:/usr/lib/python3/dist-packages/colcon_core/task/python/colcon_distutils_commands:/home/imml/git/ROB_534_Project/install/ur5e_custom_hardware/lib/python3.10/site-packages:${PYTHONPATH} /usr/bin/python3 -W ignore:setup.py install is deprecated -W ignore:easy_install command is deprecated setup.py develop --editable --build-directory /home/imml/git/ROB_534_Project/build/ur5e_custom_hardware/build --no-deps symlink_data
[1.166s] DEBUG:colcon.colcon_core.event_handler.log_command:Invoked command in '/home/imml/git/ROB_534_Project/build/realsense2_camera' returned '0': CMAKE_PREFIX_PATH=/home/imml/git/ROB_534_Project/install/realsense2_camera_msgs:/home/imml/git/ROB_534_Project/install/ur:/home/imml/git/ROB_534_Project/install/ur_calibration:/home/imml/git/ROB_534_Project/install/ur_robot_driver:/home/imml/git/ROB_534_Project/install/ur_moveit_config:/home/imml/git/ROB_534_Project/install/ur_bringup:/home/imml/git/ROB_534_Project/install/ur_description:/home/imml/git/ROB_534_Project/install/ur_controllers:/home/imml/git/ROB_534_Project/install/ur_dashboard_msgs:/home/imml/git/ROB_534_Project/install/realsense2_description:/home/imml/git/ROB_534_Project/install/realsense2_camera:/home/imml/git/ROB_534_Project/install/harvest_control:/home/imml/git/ROB_534_Project/install/harvest:/home/imml/git/ROB_534_Project/install/harvest_interfaces:/home/imml/git/ROB_534_Project/install/ur5e_custom_hardware:/home/imml/git/ROB_534_Project/install/harvest_vision:/opt/ros/humble LD_LIBRARY_PATH=/home/imml/git/ROB_534_Project/install/realsense2_camera_msgs/lib:/home/imml/git/ROB_534_Project/install/ur_robot_driver/lib:/home/imml/git/ROB_534_Project/install/ur_controllers/lib:/home/imml/git/ROB_534_Project/install/ur_dashboard_msgs/lib:/home/imml/git/ROB_534_Project/install/realsense2_camera/lib:/home/imml/git/ROB_534_Project/install/harvest_interfaces/lib:/opt/ros/humble/opt/rviz_ogre_vendor/lib:/opt/ros/humble/lib/x86_64-linux-gnu:/opt/ros/humble/lib /usr/bin/cmake --build /home/imml/git/ROB_534_Project/build/realsense2_camera -- -j16 -l16
[1.167s] DEBUG:colcon.colcon_core.event_handler.log_command:Invoking command in '/home/imml/git/ROB_534_Project/build/realsense2_camera': CMAKE_PREFIX_PATH=/home/imml/git/ROB_534_Project/install/realsense2_camera_msgs:/home/imml/git/ROB_534_Project/install/ur:/home/imml/git/ROB_534_Project/install/ur_calibration:/home/imml/git/ROB_534_Project/install/ur_robot_driver:/home/imml/git/ROB_534_Project/install/ur_moveit_config:/home/imml/git/ROB_534_Project/install/ur_bringup:/home/imml/git/ROB_534_Project/install/ur_description:/home/imml/git/ROB_534_Project/install/ur_controllers:/home/imml/git/ROB_534_Project/install/ur_dashboard_msgs:/home/imml/git/ROB_534_Project/install/realsense2_description:/home/imml/git/ROB_534_Project/install/realsense2_camera:/home/imml/git/ROB_534_Project/install/harvest_control:/home/imml/git/ROB_534_Project/install/harvest:/home/imml/git/ROB_534_Project/install/harvest_interfaces:/home/imml/git/ROB_534_Project/install/ur5e_custom_hardware:/home/imml/git/ROB_534_Project/install/harvest_vision:/opt/ros/humble LD_LIBRARY_PATH=/home/imml/git/ROB_534_Project/install/realsense2_camera_msgs/lib:/home/imml/git/ROB_534_Project/install/ur_robot_driver/lib:/home/imml/git/ROB_534_Project/install/ur_controllers/lib:/home/imml/git/ROB_534_Project/install/ur_dashboard_msgs/lib:/home/imml/git/ROB_534_Project/install/realsense2_camera/lib:/home/imml/git/ROB_534_Project/install/harvest_interfaces/lib:/opt/ros/humble/opt/rviz_ogre_vendor/lib:/opt/ros/humble/lib/x86_64-linux-gnu:/opt/ros/humble/lib /usr/bin/cmake --install /home/imml/git/ROB_534_Project/build/realsense2_camera
[1.169s] DEBUG:colcon.colcon_core.event_handler.log_command:Invoked command in '/home/imml/git/ROB_534_Project/build/ur_moveit_config' returned '0': CMAKE_PREFIX_PATH=/home/imml/git/ROB_534_Project/install/ur_description:/home/imml/git/ROB_534_Project/install/ur:/home/imml/git/ROB_534_Project/install/ur_calibration:/home/imml/git/ROB_534_Project/install/ur_robot_driver:/home/imml/git/ROB_534_Project/install/ur_moveit_config:/home/imml/git/ROB_534_Project/install/ur_bringup:/home/imml/git/ROB_534_Project/install/ur_controllers:/home/imml/git/ROB_534_Project/install/ur_dashboard_msgs:/home/imml/git/ROB_534_Project/install/realsense2_description:/home/imml/git/ROB_534_Project/install/realsense2_camera:/home/imml/git/ROB_534_Project/install/realsense2_camera_msgs:/home/imml/git/ROB_534_Project/install/harvest_control:/home/imml/git/ROB_534_Project/install/harvest:/home/imml/git/ROB_534_Project/install/harvest_interfaces:/home/imml/git/ROB_534_Project/install/ur5e_custom_hardware:/home/imml/git/ROB_534_Project/install/harvest_vision:/opt/ros/humble /usr/bin/cmake --build /home/imml/git/ROB_534_Project/build/ur_moveit_config -- -j16 -l16
[1.172s] DEBUG:colcon.colcon_core.event_handler.log_command:Invoking command in '/home/imml/git/ROB_534_Project/build/ur_moveit_config': CMAKE_PREFIX_PATH=/home/imml/git/ROB_534_Project/install/ur_description:/home/imml/git/ROB_534_Project/install/ur:/home/imml/git/ROB_534_Project/install/ur_calibration:/home/imml/git/ROB_534_Project/install/ur_robot_driver:/home/imml/git/ROB_534_Project/install/ur_moveit_config:/home/imml/git/ROB_534_Project/install/ur_bringup:/home/imml/git/ROB_534_Project/install/ur_controllers:/home/imml/git/ROB_534_Project/install/ur_dashboard_msgs:/home/imml/git/ROB_534_Project/install/realsense2_description:/home/imml/git/ROB_534_Project/install/realsense2_camera:/home/imml/git/ROB_534_Project/install/realsense2_camera_msgs:/home/imml/git/ROB_534_Project/install/harvest_control:/home/imml/git/ROB_534_Project/install/harvest:/home/imml/git/ROB_534_Project/install/harvest_interfaces:/home/imml/git/ROB_534_Project/install/ur5e_custom_hardware:/home/imml/git/ROB_534_Project/install/harvest_vision:/opt/ros/humble /usr/bin/cmake --install /home/imml/git/ROB_534_Project/build/ur_moveit_config
[1.186s] Level 1:colcon.colcon_core.environment:create_environment_scripts_only(realsense2_description)
[1.187s] Level 1:colcon.colcon_core.environment:checking '/home/imml/git/ROB_534_Project/install/realsense2_description' for CMake module files
[1.188s] DEBUG:colcon.colcon_core.event_handler.log_command:Invoked command in '/home/imml/git/ROB_534_Project/build/realsense2_description' returned '0': CMAKE_PREFIX_PATH=/home/imml/git/ROB_534_Project/install/realsense2_camera_msgs:/home/imml/git/ROB_534_Project/install/ur:/home/imml/git/ROB_534_Project/install/ur_calibration:/home/imml/git/ROB_534_Project/install/ur_robot_driver:/home/imml/git/ROB_534_Project/install/ur_moveit_config:/home/imml/git/ROB_534_Project/install/ur_bringup:/home/imml/git/ROB_534_Project/install/ur_description:/home/imml/git/ROB_534_Project/install/ur_controllers:/home/imml/git/ROB_534_Project/install/ur_dashboard_msgs:/home/imml/git/ROB_534_Project/install/realsense2_description:/home/imml/git/ROB_534_Project/install/realsense2_camera:/home/imml/git/ROB_534_Project/install/harvest_control:/home/imml/git/ROB_534_Project/install/harvest:/home/imml/git/ROB_534_Project/install/harvest_interfaces:/home/imml/git/ROB_534_Project/install/ur5e_custom_hardware:/home/imml/git/ROB_534_Project/install/harvest_vision:/opt/ros/humble LD_LIBRARY_PATH=/home/imml/git/ROB_534_Project/install/realsense2_camera_msgs/lib:/home/imml/git/ROB_534_Project/install/ur_robot_driver/lib:/home/imml/git/ROB_534_Project/install/ur_controllers/lib:/home/imml/git/ROB_534_Project/install/ur_dashboard_msgs/lib:/home/imml/git/ROB_534_Project/install/realsense2_camera/lib:/home/imml/git/ROB_534_Project/install/harvest_interfaces/lib:/opt/ros/humble/opt/rviz_ogre_vendor/lib:/opt/ros/humble/lib/x86_64-linux-gnu:/opt/ros/humble/lib /usr/bin/cmake --install /home/imml/git/ROB_534_Project/build/realsense2_description
[1.188s] Level 1:colcon.colcon_core.environment:checking '/home/imml/git/ROB_534_Project/install/realsense2_description' for CMake config files
[1.189s] Level 1:colcon.colcon_core.shell:create_environment_hook('realsense2_description', 'cmake_prefix_path')
[1.189s] INFO:colcon.colcon_core.shell:Creating environment hook '/home/imml/git/ROB_534_Project/install/realsense2_description/share/realsense2_description/hook/cmake_prefix_path.ps1'
[1.190s] INFO:colcon.colcon_core.shell:Creating environment descriptor '/home/imml/git/ROB_534_Project/install/realsense2_description/share/realsense2_description/hook/cmake_prefix_path.dsv'
[1.190s] INFO:colcon.colcon_core.shell:Creating environment hook '/home/imml/git/ROB_534_Project/install/realsense2_description/share/realsense2_description/hook/cmake_prefix_path.sh'
[1.191s] Level 1:colcon.colcon_core.environment:checking '/home/imml/git/ROB_534_Project/install/realsense2_description/bin'
[1.191s] Level 1:colcon.colcon_core.environment:checking '/home/imml/git/ROB_534_Project/install/realsense2_description/lib/pkgconfig/realsense2_description.pc'
[1.191s] Level 1:colcon.colcon_core.environment:checking '/home/imml/git/ROB_534_Project/install/realsense2_description/lib/python3.10/site-packages'
[1.192s] Level 1:colcon.colcon_core.environment:checking '/home/imml/git/ROB_534_Project/install/realsense2_description/bin'
[1.192s] INFO:colcon.colcon_core.shell:Creating package script '/home/imml/git/ROB_534_Project/install/realsense2_description/share/realsense2_description/package.ps1'
[1.193s] INFO:colcon.colcon_core.shell:Creating package descriptor '/home/imml/git/ROB_534_Project/install/realsense2_description/share/realsense2_description/package.dsv'
[1.194s] INFO:colcon.colcon_core.shell:Creating package script '/home/imml/git/ROB_534_Project/install/realsense2_description/share/realsense2_description/package.sh'
[1.195s] INFO:colcon.colcon_core.shell:Creating package script '/home/imml/git/ROB_534_Project/install/realsense2_description/share/realsense2_description/package.bash'
[1.196s] INFO:colcon.colcon_core.shell:Creating package script '/home/imml/git/ROB_534_Project/install/realsense2_description/share/realsense2_description/package.zsh'
[1.196s] Level 1:colcon.colcon_core.environment:create_file_with_runtime_dependencies(/home/imml/git/ROB_534_Project/install/realsense2_description/share/colcon-core/packages/realsense2_description)
[1.197s] Level 1:colcon.colcon_core.environment:create_environment_scripts_only(realsense2_description)
[1.197s] Level 1:colcon.colcon_core.environment:checking '/home/imml/git/ROB_534_Project/install/realsense2_description' for CMake module files
[1.198s] Level 1:colcon.colcon_core.environment:checking '/home/imml/git/ROB_534_Project/install/realsense2_description' for CMake config files
[1.199s] Level 1:colcon.colcon_core.shell:create_environment_hook('realsense2_description', 'cmake_prefix_path')
[1.200s] INFO:colcon.colcon_core.shell:Creating environment hook '/home/imml/git/ROB_534_Project/install/realsense2_description/share/realsense2_description/hook/cmake_prefix_path.ps1'
[1.200s] INFO:colcon.colcon_core.shell:Creating environment descriptor '/home/imml/git/ROB_534_Project/install/realsense2_description/share/realsense2_description/hook/cmake_prefix_path.dsv'
[1.201s] INFO:colcon.colcon_core.shell:Creating environment hook '/home/imml/git/ROB_534_Project/install/realsense2_description/share/realsense2_description/hook/cmake_prefix_path.sh'
[1.201s] Level 1:colcon.colcon_core.environment:checking '/home/imml/git/ROB_534_Project/install/realsense2_description/bin'
[1.202s] Level 1:colcon.colcon_core.environment:checking '/home/imml/git/ROB_534_Project/install/realsense2_description/lib/pkgconfig/realsense2_description.pc'
[1.202s] Level 1:colcon.colcon_core.environment:checking '/home/imml/git/ROB_534_Project/install/realsense2_description/lib/python3.10/site-packages'
[1.202s] Level 1:colcon.colcon_core.environment:checking '/home/imml/git/ROB_534_Project/install/realsense2_description/bin'
[1.202s] INFO:colcon.colcon_core.shell:Creating package script '/home/imml/git/ROB_534_Project/install/realsense2_description/share/realsense2_description/package.ps1'
[1.203s] INFO:colcon.colcon_core.shell:Creating package descriptor '/home/imml/git/ROB_534_Project/install/realsense2_description/share/realsense2_description/package.dsv'
[1.204s] INFO:colcon.colcon_core.shell:Creating package script '/home/imml/git/ROB_534_Project/install/realsense2_description/share/realsense2_description/package.sh'
[1.204s] INFO:colcon.colcon_core.shell:Creating package script '/home/imml/git/ROB_534_Project/install/realsense2_description/share/realsense2_description/package.bash'
[1.205s] INFO:colcon.colcon_core.shell:Creating package script '/home/imml/git/ROB_534_Project/install/realsense2_description/share/realsense2_description/package.zsh'
[1.206s] Level 1:colcon.colcon_core.environment:create_file_with_runtime_dependencies(/home/imml/git/ROB_534_Project/install/realsense2_description/share/colcon-core/packages/realsense2_description)
[1.207s] Level 1:colcon.colcon_core.environment:create_environment_scripts_only(realsense2_camera)
[1.208s] Level 1:colcon.colcon_core.environment:checking '/home/imml/git/ROB_534_Project/install/realsense2_camera' for CMake module files
[1.208s] DEBUG:colcon.colcon_core.event_handler.log_command:Invoked command in '/home/imml/git/ROB_534_Project/build/realsense2_camera' returned '0': CMAKE_PREFIX_PATH=/home/imml/git/ROB_534_Project/install/realsense2_camera_msgs:/home/imml/git/ROB_534_Project/install/ur:/home/imml/git/ROB_534_Project/install/ur_calibration:/home/imml/git/ROB_534_Project/install/ur_robot_driver:/home/imml/git/ROB_534_Project/install/ur_moveit_config:/home/imml/git/ROB_534_Project/install/ur_bringup:/home/imml/git/ROB_534_Project/install/ur_description:/home/imml/git/ROB_534_Project/install/ur_controllers:/home/imml/git/ROB_534_Project/install/ur_dashboard_msgs:/home/imml/git/ROB_534_Project/install/realsense2_description:/home/imml/git/ROB_534_Project/install/realsense2_camera:/home/imml/git/ROB_534_Project/install/harvest_control:/home/imml/git/ROB_534_Project/install/harvest:/home/imml/git/ROB_534_Project/install/harvest_interfaces:/home/imml/git/ROB_534_Project/install/ur5e_custom_hardware:/home/imml/git/ROB_534_Project/install/harvest_vision:/opt/ros/humble LD_LIBRARY_PATH=/home/imml/git/ROB_534_Project/install/realsense2_camera_msgs/lib:/home/imml/git/ROB_534_Project/install/ur_robot_driver/lib:/home/imml/git/ROB_534_Project/install/ur_controllers/lib:/home/imml/git/ROB_534_Project/install/ur_dashboard_msgs/lib:/home/imml/git/ROB_534_Project/install/realsense2_camera/lib:/home/imml/git/ROB_534_Project/install/harvest_interfaces/lib:/opt/ros/humble/opt/rviz_ogre_vendor/lib:/opt/ros/humble/lib/x86_64-linux-gnu:/opt/ros/humble/lib /usr/bin/cmake --install /home/imml/git/ROB_534_Project/build/realsense2_camera
[1.209s] Level 1:colcon.colcon_core.environment:checking '/home/imml/git/ROB_534_Project/install/realsense2_camera' for CMake config files
[1.211s] Level 1:colcon.colcon_core.shell:create_environment_hook('realsense2_camera', 'cmake_prefix_path')
[1.212s] INFO:colcon.colcon_core.shell:Creating environment hook '/home/imml/git/ROB_534_Project/install/realsense2_camera/share/realsense2_camera/hook/cmake_prefix_path.ps1'
[1.212s] INFO:colcon.colcon_core.shell:Creating environment descriptor '/home/imml/git/ROB_534_Project/install/realsense2_camera/share/realsense2_camera/hook/cmake_prefix_path.dsv'
[1.213s] INFO:colcon.colcon_core.shell:Creating environment hook '/home/imml/git/ROB_534_Project/install/realsense2_camera/share/realsense2_camera/hook/cmake_prefix_path.sh'
[1.214s] Level 1:colcon.colcon_core.environment:checking '/home/imml/git/ROB_534_Project/install/realsense2_camera/lib'
[1.214s] Level 1:colcon.colcon_core.shell:create_environment_hook('realsense2_camera', 'ld_library_path_lib')
[1.214s] INFO:colcon.colcon_core.shell:Creating environment hook '/home/imml/git/ROB_534_Project/install/realsense2_camera/share/realsense2_camera/hook/ld_library_path_lib.ps1'
[1.215s] INFO:colcon.colcon_core.shell:Creating environment descriptor '/home/imml/git/ROB_534_Project/install/realsense2_camera/share/realsense2_camera/hook/ld_library_path_lib.dsv'
[1.216s] INFO:colcon.colcon_core.shell:Creating environment hook '/home/imml/git/ROB_534_Project/install/realsense2_camera/share/realsense2_camera/hook/ld_library_path_lib.sh'
[1.216s] Level 1:colcon.colcon_core.environment:checking '/home/imml/git/ROB_534_Project/install/realsense2_camera/bin'
[1.216s] Level 1:colcon.colcon_core.environment:checking '/home/imml/git/ROB_534_Project/install/realsense2_camera/lib/pkgconfig/realsense2_camera.pc'
[1.217s] Level 1:colcon.colcon_core.environment:checking '/home/imml/git/ROB_534_Project/install/realsense2_camera/lib/python3.10/site-packages'
[1.217s] Level 1:colcon.colcon_core.environment:checking '/home/imml/git/ROB_534_Project/install/realsense2_camera/bin'
[1.217s] INFO:colcon.colcon_core.shell:Creating package script '/home/imml/git/ROB_534_Project/install/realsense2_camera/share/realsense2_camera/package.ps1'
[1.218s] INFO:colcon.colcon_core.shell:Creating package descriptor '/home/imml/git/ROB_534_Project/install/realsense2_camera/share/realsense2_camera/package.dsv'
[1.219s] INFO:colcon.colcon_core.shell:Creating package script '/home/imml/git/ROB_534_Project/install/realsense2_camera/share/realsense2_camera/package.sh'
[1.219s] INFO:colcon.colcon_core.shell:Creating package script '/home/imml/git/ROB_534_Project/install/realsense2_camera/share/realsense2_camera/package.bash'
[1.219s] INFO:colcon.colcon_core.shell:Creating package script '/home/imml/git/ROB_534_Project/install/realsense2_camera/share/realsense2_camera/package.zsh'
[1.220s] Level 1:colcon.colcon_core.environment:create_file_with_runtime_dependencies(/home/imml/git/ROB_534_Project/install/realsense2_camera/share/colcon-core/packages/realsense2_camera)
[1.221s] Level 1:colcon.colcon_core.environment:create_environment_scripts_only(realsense2_camera)
[1.221s] Level 1:colcon.colcon_core.environment:checking '/home/imml/git/ROB_534_Project/install/realsense2_camera' for CMake module files
[1.222s] Level 1:colcon.colcon_core.environment:checking '/home/imml/git/ROB_534_Project/install/realsense2_camera' for CMake config files
[1.223s] Level 1:colcon.colcon_core.shell:create_environment_hook('realsense2_camera', 'cmake_prefix_path')
[1.224s] INFO:colcon.colcon_core.shell:Creating environment hook '/home/imml/git/ROB_534_Project/install/realsense2_camera/share/realsense2_camera/hook/cmake_prefix_path.ps1'
[1.224s] INFO:colcon.colcon_core.shell:Creating environment descriptor '/home/imml/git/ROB_534_Project/install/realsense2_camera/share/realsense2_camera/hook/cmake_prefix_path.dsv'
[1.225s] INFO:colcon.colcon_core.shell:Creating environment hook '/home/imml/git/ROB_534_Project/install/realsense2_camera/share/realsense2_camera/hook/cmake_prefix_path.sh'
[1.226s] Level 1:colcon.colcon_core.environment:checking '/home/imml/git/ROB_534_Project/install/realsense2_camera/lib'
[1.226s] Level 1:colcon.colcon_core.shell:create_environment_hook('realsense2_camera', 'ld_library_path_lib')
[1.226s] INFO:colcon.colcon_core.shell:Creating environment hook '/home/imml/git/ROB_534_Project/install/realsense2_camera/share/realsense2_camera/hook/ld_library_path_lib.ps1'
[1.227s] INFO:colcon.colcon_core.shell:Creating environment descriptor '/home/imml/git/ROB_534_Project/install/realsense2_camera/share/realsense2_camera/hook/ld_library_path_lib.dsv'
[1.227s] INFO:colcon.colcon_core.shell:Creating environment hook '/home/imml/git/ROB_534_Project/install/realsense2_camera/share/realsense2_camera/hook/ld_library_path_lib.sh'
[1.228s] Level 1:colcon.colcon_core.environment:checking '/home/imml/git/ROB_534_Project/install/realsense2_camera/bin'
[1.228s] Level 1:colcon.colcon_core.environment:checking '/home/imml/git/ROB_534_Project/install/realsense2_camera/lib/pkgconfig/realsense2_camera.pc'
[1.228s] Level 1:colcon.colcon_core.environment:checking '/home/imml/git/ROB_534_Project/install/realsense2_camera/lib/python3.10/site-packages'
[1.228s] Level 1:colcon.colcon_core.environment:checking '/home/imml/git/ROB_534_Project/install/realsense2_camera/bin'
[1.229s] INFO:colcon.colcon_core.shell:Creating package script '/home/imml/git/ROB_534_Project/install/realsense2_camera/share/realsense2_camera/package.ps1'
[1.229s] INFO:colcon.colcon_core.shell:Creating package descriptor '/home/imml/git/ROB_534_Project/install/realsense2_camera/share/realsense2_camera/package.dsv'
[1.230s] INFO:colcon.colcon_core.shell:Creating package script '/home/imml/git/ROB_534_Project/install/realsense2_camera/share/realsense2_camera/package.sh'
[1.231s] INFO:colcon.colcon_core.shell:Creating package script '/home/imml/git/ROB_534_Project/install/realsense2_camera/share/realsense2_camera/package.bash'
[1.231s] INFO:colcon.colcon_core.shell:Creating package script '/home/imml/git/ROB_534_Project/install/realsense2_camera/share/realsense2_camera/package.zsh'
[1.231s] Level 1:colcon.colcon_core.environment:create_file_with_runtime_dependencies(/home/imml/git/ROB_534_Project/install/realsense2_camera/share/colcon-core/packages/realsense2_camera)
[1.271s] DEBUG:colcon.colcon_core.event_handler.log_command:Invoked command in '/home/imml/git/ROB_534_Project/build/harvest' returned '0': CMAKE_PREFIX_PATH=/home/imml/git/ROB_534_Project/install/harvest_interfaces:/home/imml/git/ROB_534_Project/install/ur:/home/imml/git/ROB_534_Project/install/ur_calibration:/home/imml/git/ROB_534_Project/install/ur_robot_driver:/home/imml/git/ROB_534_Project/install/ur_moveit_config:/home/imml/git/ROB_534_Project/install/ur_bringup:/home/imml/git/ROB_534_Project/install/ur_description:/home/imml/git/ROB_534_Project/install/ur_controllers:/home/imml/git/ROB_534_Project/install/ur_dashboard_msgs:/home/imml/git/ROB_534_Project/install/realsense2_description:/home/imml/git/ROB_534_Project/install/realsense2_camera:/home/imml/git/ROB_534_Project/install/realsense2_camera_msgs:/home/imml/git/ROB_534_Project/install/harvest_control:/home/imml/git/ROB_534_Project/install/harvest:/home/imml/git/ROB_534_Project/install/ur5e_custom_hardware:/home/imml/git/ROB_534_Project/install/harvest_vision:/opt/ros/humble LD_LIBRARY_PATH=/home/imml/git/ROB_534_Project/install/harvest_interfaces/lib:/home/imml/git/ROB_534_Project/install/ur_robot_driver/lib:/home/imml/git/ROB_534_Project/install/ur_controllers/lib:/home/imml/git/ROB_534_Project/install/ur_dashboard_msgs/lib:/home/imml/git/ROB_534_Project/install/realsense2_camera/lib:/home/imml/git/ROB_534_Project/install/realsense2_camera_msgs/lib:/opt/ros/humble/opt/rviz_ogre_vendor/lib:/opt/ros/humble/lib/x86_64-linux-gnu:/opt/ros/humble/lib /usr/bin/cmake --build /home/imml/git/ROB_534_Project/build/harvest -- -j16 -l16
[1.272s] DEBUG:colcon.colcon_core.event_handler.log_command:Invoking command in '/home/imml/git/ROB_534_Project/build/harvest': CMAKE_PREFIX_PATH=/home/imml/git/ROB_534_Project/install/harvest_interfaces:/home/imml/git/ROB_534_Project/install/ur:/home/imml/git/ROB_534_Project/install/ur_calibration:/home/imml/git/ROB_534_Project/install/ur_robot_driver:/home/imml/git/ROB_534_Project/install/ur_moveit_config:/home/imml/git/ROB_534_Project/install/ur_bringup:/home/imml/git/ROB_534_Project/install/ur_description:/home/imml/git/ROB_534_Project/install/ur_controllers:/home/imml/git/ROB_534_Project/install/ur_dashboard_msgs:/home/imml/git/ROB_534_Project/install/realsense2_description:/home/imml/git/ROB_534_Project/install/realsense2_camera:/home/imml/git/ROB_534_Project/install/realsense2_camera_msgs:/home/imml/git/ROB_534_Project/install/harvest_control:/home/imml/git/ROB_534_Project/install/harvest:/home/imml/git/ROB_534_Project/install/ur5e_custom_hardware:/home/imml/git/ROB_534_Project/install/harvest_vision:/opt/ros/humble LD_LIBRARY_PATH=/home/imml/git/ROB_534_Project/install/harvest_interfaces/lib:/home/imml/git/ROB_534_Project/install/ur_robot_driver/lib:/home/imml/git/ROB_534_Project/install/ur_controllers/lib:/home/imml/git/ROB_534_Project/install/ur_dashboard_msgs/lib:/home/imml/git/ROB_534_Project/install/realsense2_camera/lib:/home/imml/git/ROB_534_Project/install/realsense2_camera_msgs/lib:/opt/ros/humble/opt/rviz_ogre_vendor/lib:/opt/ros/humble/lib/x86_64-linux-gnu:/opt/ros/humble/lib /usr/bin/cmake --install /home/imml/git/ROB_534_Project/build/harvest
[1.273s] DEBUG:colcon.colcon_core.event_handler.log_command:Invoked command in '/home/imml/git/ROB_534_Project/build/ur_controllers' returned '0': CMAKE_PREFIX_PATH=/home/imml/git/ROB_534_Project/install/ur_dashboard_msgs:/home/imml/git/ROB_534_Project/install/ur:/home/imml/git/ROB_534_Project/install/ur_calibration:/home/imml/git/ROB_534_Project/install/ur_robot_driver:/home/imml/git/ROB_534_Project/install/ur_moveit_config:/home/imml/git/ROB_534_Project/install/ur_bringup:/home/imml/git/ROB_534_Project/install/ur_description:/home/imml/git/ROB_534_Project/install/ur_controllers:/home/imml/git/ROB_534_Project/install/realsense2_description:/home/imml/git/ROB_534_Project/install/realsense2_camera:/home/imml/git/ROB_534_Project/install/realsense2_camera_msgs:/home/imml/git/ROB_534_Project/install/harvest_control:/home/imml/git/ROB_534_Project/install/harvest:/home/imml/git/ROB_534_Project/install/harvest_interfaces:/home/imml/git/ROB_534_Project/install/ur5e_custom_hardware:/home/imml/git/ROB_534_Project/install/harvest_vision:/opt/ros/humble LD_LIBRARY_PATH=/home/imml/git/ROB_534_Project/install/ur_dashboard_msgs/lib:/home/imml/git/ROB_534_Project/install/ur_robot_driver/lib:/home/imml/git/ROB_534_Project/install/ur_controllers/lib:/home/imml/git/ROB_534_Project/install/realsense2_camera/lib:/home/imml/git/ROB_534_Project/install/realsense2_camera_msgs/lib:/home/imml/git/ROB_534_Project/install/harvest_interfaces/lib:/opt/ros/humble/opt/rviz_ogre_vendor/lib:/opt/ros/humble/lib/x86_64-linux-gnu:/opt/ros/humble/lib /usr/bin/cmake --build /home/imml/git/ROB_534_Project/build/ur_controllers -- -j16 -l16
[1.275s] DEBUG:colcon.colcon_core.event_handler.log_command:Invoking command in '/home/imml/git/ROB_534_Project/build/ur_controllers': CMAKE_PREFIX_PATH=/home/imml/git/ROB_534_Project/install/ur_dashboard_msgs:/home/imml/git/ROB_534_Project/install/ur:/home/imml/git/ROB_534_Project/install/ur_calibration:/home/imml/git/ROB_534_Project/install/ur_robot_driver:/home/imml/git/ROB_534_Project/install/ur_moveit_config:/home/imml/git/ROB_534_Project/install/ur_bringup:/home/imml/git/ROB_534_Project/install/ur_description:/home/imml/git/ROB_534_Project/install/ur_controllers:/home/imml/git/ROB_534_Project/install/realsense2_description:/home/imml/git/ROB_534_Project/install/realsense2_camera:/home/imml/git/ROB_534_Project/install/realsense2_camera_msgs:/home/imml/git/ROB_534_Project/install/harvest_control:/home/imml/git/ROB_534_Project/install/harvest:/home/imml/git/ROB_534_Project/install/harvest_interfaces:/home/imml/git/ROB_534_Project/install/ur5e_custom_hardware:/home/imml/git/ROB_534_Project/install/harvest_vision:/opt/ros/humble LD_LIBRARY_PATH=/home/imml/git/ROB_534_Project/install/ur_dashboard_msgs/lib:/home/imml/git/ROB_534_Project/install/ur_robot_driver/lib:/home/imml/git/ROB_534_Project/install/ur_controllers/lib:/home/imml/git/ROB_534_Project/install/realsense2_camera/lib:/home/imml/git/ROB_534_Project/install/realsense2_camera_msgs/lib:/home/imml/git/ROB_534_Project/install/harvest_interfaces/lib:/opt/ros/humble/opt/rviz_ogre_vendor/lib:/opt/ros/humble/lib/x86_64-linux-gnu:/opt/ros/humble/lib /usr/bin/cmake --install /home/imml/git/ROB_534_Project/build/ur_controllers
[1.294s] Level 1:colcon.colcon_core.environment:create_environment_scripts_only(ur_moveit_config)
[1.295s] Level 1:colcon.colcon_core.environment:checking '/home/imml/git/ROB_534_Project/install/ur_moveit_config' for CMake module files
[1.295s] DEBUG:colcon.colcon_core.event_handler.log_command:Invoked command in '/home/imml/git/ROB_534_Project/build/ur_moveit_config' returned '0': CMAKE_PREFIX_PATH=/home/imml/git/ROB_534_Project/install/ur_description:/home/imml/git/ROB_534_Project/install/ur:/home/imml/git/ROB_534_Project/install/ur_calibration:/home/imml/git/ROB_534_Project/install/ur_robot_driver:/home/imml/git/ROB_534_Project/install/ur_moveit_config:/home/imml/git/ROB_534_Project/install/ur_bringup:/home/imml/git/ROB_534_Project/install/ur_controllers:/home/imml/git/ROB_534_Project/install/ur_dashboard_msgs:/home/imml/git/ROB_534_Project/install/realsense2_description:/home/imml/git/ROB_534_Project/install/realsense2_camera:/home/imml/git/ROB_534_Project/install/realsense2_camera_msgs:/home/imml/git/ROB_534_Project/install/harvest_control:/home/imml/git/ROB_534_Project/install/harvest:/home/imml/git/ROB_534_Project/install/harvest_interfaces:/home/imml/git/ROB_534_Project/install/ur5e_custom_hardware:/home/imml/git/ROB_534_Project/install/harvest_vision:/opt/ros/humble /usr/bin/cmake --install /home/imml/git/ROB_534_Project/build/ur_moveit_config
[1.296s] Level 1:colcon.colcon_core.environment:checking '/home/imml/git/ROB_534_Project/install/ur_moveit_config' for CMake config files
[1.297s] Level 1:colcon.colcon_core.shell:create_environment_hook('ur_moveit_config', 'cmake_prefix_path')
[1.297s] INFO:colcon.colcon_core.shell:Creating environment hook '/home/imml/git/ROB_534_Project/install/ur_moveit_config/share/ur_moveit_config/hook/cmake_prefix_path.ps1'
[1.298s] INFO:colcon.colcon_core.shell:Creating environment descriptor '/home/imml/git/ROB_534_Project/install/ur_moveit_config/share/ur_moveit_config/hook/cmake_prefix_path.dsv'
[1.298s] INFO:colcon.colcon_core.shell:Creating environment hook '/home/imml/git/ROB_534_Project/install/ur_moveit_config/share/ur_moveit_config/hook/cmake_prefix_path.sh'
[1.299s] Level 1:colcon.colcon_core.environment:checking '/home/imml/git/ROB_534_Project/install/ur_moveit_config/bin'
[1.299s] Level 1:colcon.colcon_core.environment:checking '/home/imml/git/ROB_534_Project/install/ur_moveit_config/lib/pkgconfig/ur_moveit_config.pc'
[1.299s] Level 1:colcon.colcon_core.environment:checking '/home/imml/git/ROB_534_Project/install/ur_moveit_config/lib/python3.10/site-packages'
[1.299s] Level 1:colcon.colcon_core.environment:checking '/home/imml/git/ROB_534_Project/install/ur_moveit_config/bin'
[1.300s] INFO:colcon.colcon_core.shell:Creating package script '/home/imml/git/ROB_534_Project/install/ur_moveit_config/share/ur_moveit_config/package.ps1'
[1.301s] INFO:colcon.colcon_core.shell:Creating package descriptor '/home/imml/git/ROB_534_Project/install/ur_moveit_config/share/ur_moveit_config/package.dsv'
[1.301s] INFO:colcon.colcon_core.shell:Creating package script '/home/imml/git/ROB_534_Project/install/ur_moveit_config/share/ur_moveit_config/package.sh'
[1.301s] INFO:colcon.colcon_core.shell:Creating package script '/home/imml/git/ROB_534_Project/install/ur_moveit_config/share/ur_moveit_config/package.bash'
[1.302s] INFO:colcon.colcon_core.shell:Creating package script '/home/imml/git/ROB_534_Project/install/ur_moveit_config/share/ur_moveit_config/package.zsh'
[1.302s] Level 1:colcon.colcon_core.environment:create_file_with_runtime_dependencies(/home/imml/git/ROB_534_Project/install/ur_moveit_config/share/colcon-core/packages/ur_moveit_config)
[1.303s] Level 1:colcon.colcon_core.environment:create_environment_scripts_only(ur_moveit_config)
[1.303s] Level 1:colcon.colcon_core.environment:checking '/home/imml/git/ROB_534_Project/install/ur_moveit_config' for CMake module files
[1.304s] Level 1:colcon.colcon_core.environment:checking '/home/imml/git/ROB_534_Project/install/ur_moveit_config' for CMake config files
[1.304s] Level 1:colcon.colcon_core.shell:create_environment_hook('ur_moveit_config', 'cmake_prefix_path')
[1.304s] INFO:colcon.colcon_core.shell:Creating environment hook '/home/imml/git/ROB_534_Project/install/ur_moveit_config/share/ur_moveit_config/hook/cmake_prefix_path.ps1'
[1.305s] INFO:colcon.colcon_core.shell:Creating environment descriptor '/home/imml/git/ROB_534_Project/install/ur_moveit_config/share/ur_moveit_config/hook/cmake_prefix_path.dsv'
[1.305s] INFO:colcon.colcon_core.shell:Creating environment hook '/home/imml/git/ROB_534_Project/install/ur_moveit_config/share/ur_moveit_config/hook/cmake_prefix_path.sh'
[1.306s] Level 1:colcon.colcon_core.environment:checking '/home/imml/git/ROB_534_Project/install/ur_moveit_config/bin'
[1.306s] Level 1:colcon.colcon_core.environment:checking '/home/imml/git/ROB_534_Project/install/ur_moveit_config/lib/pkgconfig/ur_moveit_config.pc'
[1.306s] Level 1:colcon.colcon_core.environment:checking '/home/imml/git/ROB_534_Project/install/ur_moveit_config/lib/python3.10/site-packages'
[1.306s] Level 1:colcon.colcon_core.environment:checking '/home/imml/git/ROB_534_Project/install/ur_moveit_config/bin'
[1.307s] INFO:colcon.colcon_core.shell:Creating package script '/home/imml/git/ROB_534_Project/install/ur_moveit_config/share/ur_moveit_config/package.ps1'
[1.307s] INFO:colcon.colcon_core.shell:Creating package descriptor '/home/imml/git/ROB_534_Project/install/ur_moveit_config/share/ur_moveit_config/package.dsv'
[1.307s] INFO:colcon.colcon_core.shell:Creating package script '/home/imml/git/ROB_534_Project/install/ur_moveit_config/share/ur_moveit_config/package.sh'
[1.308s] INFO:colcon.colcon_core.shell:Creating package script '/home/imml/git/ROB_534_Project/install/ur_moveit_config/share/ur_moveit_config/package.bash'
[1.308s] INFO:colcon.colcon_core.shell:Creating package script '/home/imml/git/ROB_534_Project/install/ur_moveit_config/share/ur_moveit_config/package.zsh'
[1.309s] Level 1:colcon.colcon_core.environment:create_file_with_runtime_dependencies(/home/imml/git/ROB_534_Project/install/ur_moveit_config/share/colcon-core/packages/ur_moveit_config)
[1.310s] Level 1:colcon.colcon_core.environment:create_environment_scripts_only(ur_controllers)
[1.310s] Level 1:colcon.colcon_core.environment:checking '/home/imml/git/ROB_534_Project/install/ur_controllers' for CMake module files
[1.310s] DEBUG:colcon.colcon_core.event_handler.log_command:Invoked command in '/home/imml/git/ROB_534_Project/build/ur_controllers' returned '0': CMAKE_PREFIX_PATH=/home/imml/git/ROB_534_Project/install/ur_dashboard_msgs:/home/imml/git/ROB_534_Project/install/ur:/home/imml/git/ROB_534_Project/install/ur_calibration:/home/imml/git/ROB_534_Project/install/ur_robot_driver:/home/imml/git/ROB_534_Project/install/ur_moveit_config:/home/imml/git/ROB_534_Project/install/ur_bringup:/home/imml/git/ROB_534_Project/install/ur_description:/home/imml/git/ROB_534_Project/install/ur_controllers:/home/imml/git/ROB_534_Project/install/realsense2_description:/home/imml/git/ROB_534_Project/install/realsense2_camera:/home/imml/git/ROB_534_Project/install/realsense2_camera_msgs:/home/imml/git/ROB_534_Project/install/harvest_control:/home/imml/git/ROB_534_Project/install/harvest:/home/imml/git/ROB_534_Project/install/harvest_interfaces:/home/imml/git/ROB_534_Project/install/ur5e_custom_hardware:/home/imml/git/ROB_534_Project/install/harvest_vision:/opt/ros/humble LD_LIBRARY_PATH=/home/imml/git/ROB_534_Project/install/ur_dashboard_msgs/lib:/home/imml/git/ROB_534_Project/install/ur_robot_driver/lib:/home/imml/git/ROB_534_Project/install/ur_controllers/lib:/home/imml/git/ROB_534_Project/install/realsense2_camera/lib:/home/imml/git/ROB_534_Project/install/realsense2_camera_msgs/lib:/home/imml/git/ROB_534_Project/install/harvest_interfaces/lib:/opt/ros/humble/opt/rviz_ogre_vendor/lib:/opt/ros/humble/lib/x86_64-linux-gnu:/opt/ros/humble/lib /usr/bin/cmake --install /home/imml/git/ROB_534_Project/build/ur_controllers
[1.311s] Level 1:colcon.colcon_core.environment:checking '/home/imml/git/ROB_534_Project/install/ur_controllers' for CMake config files
[1.311s] Level 1:colcon.colcon_core.shell:create_environment_hook('ur_controllers', 'cmake_prefix_path')
[1.311s] INFO:colcon.colcon_core.shell:Creating environment hook '/home/imml/git/ROB_534_Project/install/ur_controllers/share/ur_controllers/hook/cmake_prefix_path.ps1'
[1.312s] INFO:colcon.colcon_core.shell:Creating environment descriptor '/home/imml/git/ROB_534_Project/install/ur_controllers/share/ur_controllers/hook/cmake_prefix_path.dsv'
[1.312s] INFO:colcon.colcon_core.shell:Creating environment hook '/home/imml/git/ROB_534_Project/install/ur_controllers/share/ur_controllers/hook/cmake_prefix_path.sh'
[1.312s] Level 1:colcon.colcon_core.environment:checking '/home/imml/git/ROB_534_Project/install/ur_controllers/lib'
[1.312s] Level 1:colcon.colcon_core.shell:create_environment_hook('ur_controllers', 'ld_library_path_lib')
[1.313s] INFO:colcon.colcon_core.shell:Creating environment hook '/home/imml/git/ROB_534_Project/install/ur_controllers/share/ur_controllers/hook/ld_library_path_lib.ps1'
[1.313s] INFO:colcon.colcon_core.shell:Creating environment descriptor '/home/imml/git/ROB_534_Project/install/ur_controllers/share/ur_controllers/hook/ld_library_path_lib.dsv'
[1.313s] INFO:colcon.colcon_core.shell:Creating environment hook '/home/imml/git/ROB_534_Project/install/ur_controllers/share/ur_controllers/hook/ld_library_path_lib.sh'
[1.314s] Level 1:colcon.colcon_core.environment:checking '/home/imml/git/ROB_534_Project/install/ur_controllers/bin'
[1.314s] Level 1:colcon.colcon_core.environment:checking '/home/imml/git/ROB_534_Project/install/ur_controllers/lib/pkgconfig/ur_controllers.pc'
[1.314s] Level 1:colcon.colcon_core.environment:checking '/home/imml/git/ROB_534_Project/install/ur_controllers/lib/python3.10/site-packages'
[1.314s] Level 1:colcon.colcon_core.environment:checking '/home/imml/git/ROB_534_Project/install/ur_controllers/bin'
[1.314s] INFO:colcon.colcon_core.shell:Creating package script '/home/imml/git/ROB_534_Project/install/ur_controllers/share/ur_controllers/package.ps1'
[1.315s] INFO:colcon.colcon_core.shell:Creating package descriptor '/home/imml/git/ROB_534_Project/install/ur_controllers/share/ur_controllers/package.dsv'
[1.315s] INFO:colcon.colcon_core.shell:Creating package script '/home/imml/git/ROB_534_Project/install/ur_controllers/share/ur_controllers/package.sh'
[1.315s] INFO:colcon.colcon_core.shell:Creating package script '/home/imml/git/ROB_534_Project/install/ur_controllers/share/ur_controllers/package.bash'
[1.316s] INFO:colcon.colcon_core.shell:Creating package script '/home/imml/git/ROB_534_Project/install/ur_controllers/share/ur_controllers/package.zsh'
[1.316s] Level 1:colcon.colcon_core.environment:create_file_with_runtime_dependencies(/home/imml/git/ROB_534_Project/install/ur_controllers/share/colcon-core/packages/ur_controllers)
[1.317s] Level 1:colcon.colcon_core.environment:create_environment_scripts_only(ur_controllers)
[1.317s] Level 1:colcon.colcon_core.environment:checking '/home/imml/git/ROB_534_Project/install/ur_controllers' for CMake module files
[1.317s] Level 1:colcon.colcon_core.environment:checking '/home/imml/git/ROB_534_Project/install/ur_controllers' for CMake config files
[1.318s] Level 1:colcon.colcon_core.shell:create_environment_hook('ur_controllers', 'cmake_prefix_path')
[1.318s] INFO:colcon.colcon_core.shell:Creating environment hook '/home/imml/git/ROB_534_Project/install/ur_controllers/share/ur_controllers/hook/cmake_prefix_path.ps1'
[1.318s] INFO:colcon.colcon_core.shell:Creating environment descriptor '/home/imml/git/ROB_534_Project/install/ur_controllers/share/ur_controllers/hook/cmake_prefix_path.dsv'
[1.318s] INFO:colcon.colcon_core.shell:Creating environment hook '/home/imml/git/ROB_534_Project/install/ur_controllers/share/ur_controllers/hook/cmake_prefix_path.sh'
[1.319s] Level 1:colcon.colcon_core.environment:checking '/home/imml/git/ROB_534_Project/install/ur_controllers/lib'
[1.319s] Level 1:colcon.colcon_core.shell:create_environment_hook('ur_controllers', 'ld_library_path_lib')
[1.319s] INFO:colcon.colcon_core.shell:Creating environment hook '/home/imml/git/ROB_534_Project/install/ur_controllers/share/ur_controllers/hook/ld_library_path_lib.ps1'
[1.319s] INFO:colcon.colcon_core.shell:Creating environment descriptor '/home/imml/git/ROB_534_Project/install/ur_controllers/share/ur_controllers/hook/ld_library_path_lib.dsv'
[1.320s] INFO:colcon.colcon_core.shell:Creating environment hook '/home/imml/git/ROB_534_Project/install/ur_controllers/share/ur_controllers/hook/ld_library_path_lib.sh'
[1.320s] Level 1:colcon.colcon_core.environment:checking '/home/imml/git/ROB_534_Project/install/ur_controllers/bin'
[1.320s] Level 1:colcon.colcon_core.environment:checking '/home/imml/git/ROB_534_Project/install/ur_controllers/lib/pkgconfig/ur_controllers.pc'
[1.320s] Level 1:colcon.colcon_core.environment:checking '/home/imml/git/ROB_534_Project/install/ur_controllers/lib/python3.10/site-packages'
[1.321s] Level 1:colcon.colcon_core.environment:checking '/home/imml/git/ROB_534_Project/install/ur_controllers/bin'
[1.321s] INFO:colcon.colcon_core.shell:Creating package script '/home/imml/git/ROB_534_Project/install/ur_controllers/share/ur_controllers/package.ps1'
[1.322s] INFO:colcon.colcon_core.shell:Creating package descriptor '/home/imml/git/ROB_534_Project/install/ur_controllers/share/ur_controllers/package.dsv'
[1.322s] INFO:colcon.colcon_core.shell:Creating package script '/home/imml/git/ROB_534_Project/install/ur_controllers/share/ur_controllers/package.sh'
[1.323s] INFO:colcon.colcon_core.shell:Creating package script '/home/imml/git/ROB_534_Project/install/ur_controllers/share/ur_controllers/package.bash'
[1.323s] INFO:colcon.colcon_core.shell:Creating package script '/home/imml/git/ROB_534_Project/install/ur_controllers/share/ur_controllers/package.zsh'
[1.323s] Level 1:colcon.colcon_core.environment:create_file_with_runtime_dependencies(/home/imml/git/ROB_534_Project/install/ur_controllers/share/colcon-core/packages/ur_controllers)
[1.324s] INFO:colcon.colcon_ros.task.ament_cmake.build:Building ROS package in '/home/imml/git/ROB_534_Project/harvest_hardware/Universal_Robots_ROS2_Driver/ur_robot_driver' with build type 'ament_cmake'
[1.324s] INFO:colcon.colcon_cmake.task.cmake.build:Building CMake package in '/home/imml/git/ROB_534_Project/harvest_hardware/Universal_Robots_ROS2_Driver/ur_robot_driver'
[1.324s] INFO:colcon.colcon_core.shell:Skip shell extension 'powershell' for command environment: Not usable outside of PowerShell
[1.324s] DEBUG:colcon.colcon_core.shell:Skip shell extension 'dsv' for command environment
[1.329s] INFO:colcon.colcon_ros.task.ament_cmake.build:Building ROS package in '/home/imml/git/ROB_534_Project/harvest_hardware/Universal_Robots_ROS2_Driver/ur_bringup' with build type 'ament_cmake'
[1.329s] INFO:colcon.colcon_cmake.task.cmake.build:Building CMake package in '/home/imml/git/ROB_534_Project/harvest_hardware/Universal_Robots_ROS2_Driver/ur_bringup'
[1.330s] INFO:colcon.colcon_core.shell:Skip shell extension 'powershell' for command environment: Not usable outside of PowerShell
[1.330s] DEBUG:colcon.colcon_core.shell:Skip shell extension 'dsv' for command environment
[1.337s] Level 1:colcon.colcon_core.environment:create_environment_scripts_only(harvest)
[1.338s] Level 1:colcon.colcon_core.environment:checking '/home/imml/git/ROB_534_Project/install/harvest' for CMake module files
[1.339s] DEBUG:colcon.colcon_core.event_handler.log_command:Invoked command in '/home/imml/git/ROB_534_Project/build/harvest' returned '0': CMAKE_PREFIX_PATH=/home/imml/git/ROB_534_Project/install/harvest_interfaces:/home/imml/git/ROB_534_Project/install/ur:/home/imml/git/ROB_534_Project/install/ur_calibration:/home/imml/git/ROB_534_Project/install/ur_robot_driver:/home/imml/git/ROB_534_Project/install/ur_moveit_config:/home/imml/git/ROB_534_Project/install/ur_bringup:/home/imml/git/ROB_534_Project/install/ur_description:/home/imml/git/ROB_534_Project/install/ur_controllers:/home/imml/git/ROB_534_Project/install/ur_dashboard_msgs:/home/imml/git/ROB_534_Project/install/realsense2_description:/home/imml/git/ROB_534_Project/install/realsense2_camera:/home/imml/git/ROB_534_Project/install/realsense2_camera_msgs:/home/imml/git/ROB_534_Project/install/harvest_control:/home/imml/git/ROB_534_Project/install/harvest:/home/imml/git/ROB_534_Project/install/ur5e_custom_hardware:/home/imml/git/ROB_534_Project/install/harvest_vision:/opt/ros/humble LD_LIBRARY_PATH=/home/imml/git/ROB_534_Project/install/harvest_interfaces/lib:/home/imml/git/ROB_534_Project/install/ur_robot_driver/lib:/home/imml/git/ROB_534_Project/install/ur_controllers/lib:/home/imml/git/ROB_534_Project/install/ur_dashboard_msgs/lib:/home/imml/git/ROB_534_Project/install/realsense2_camera/lib:/home/imml/git/ROB_534_Project/install/realsense2_camera_msgs/lib:/opt/ros/humble/opt/rviz_ogre_vendor/lib:/opt/ros/humble/lib/x86_64-linux-gnu:/opt/ros/humble/lib /usr/bin/cmake --install /home/imml/git/ROB_534_Project/build/harvest
[1.339s] Level 1:colcon.colcon_core.environment:checking '/home/imml/git/ROB_534_Project/install/harvest' for CMake config files
[1.340s] Level 1:colcon.colcon_core.shell:create_environment_hook('harvest', 'cmake_prefix_path')
[1.340s] INFO:colcon.colcon_core.shell:Creating environment hook '/home/imml/git/ROB_534_Project/install/harvest/share/harvest/hook/cmake_prefix_path.ps1'
[1.341s] INFO:colcon.colcon_core.shell:Creating environment descriptor '/home/imml/git/ROB_534_Project/install/harvest/share/harvest/hook/cmake_prefix_path.dsv'
[1.341s] INFO:colcon.colcon_core.shell:Creating environment hook '/home/imml/git/ROB_534_Project/install/harvest/share/harvest/hook/cmake_prefix_path.sh'
[1.342s] Level 1:colcon.colcon_core.environment:checking '/home/imml/git/ROB_534_Project/install/harvest/lib'
[1.342s] Level 1:colcon.colcon_core.environment:checking '/home/imml/git/ROB_534_Project/install/harvest/bin'
[1.342s] Level 1:colcon.colcon_core.environment:checking '/home/imml/git/ROB_534_Project/install/harvest/lib/pkgconfig/harvest.pc'
[1.342s] Level 1:colcon.colcon_core.environment:checking '/home/imml/git/ROB_534_Project/install/harvest/lib/python3.10/site-packages'
[1.342s] Level 1:colcon.colcon_core.environment:checking '/home/imml/git/ROB_534_Project/install/harvest/bin'
[1.343s] INFO:colcon.colcon_core.shell:Creating package script '/home/imml/git/ROB_534_Project/install/harvest/share/harvest/package.ps1'
[1.343s] INFO:colcon.colcon_core.shell:Creating package descriptor '/home/imml/git/ROB_534_Project/install/harvest/share/harvest/package.dsv'
[1.343s] INFO:colcon.colcon_core.shell:Creating package script '/home/imml/git/ROB_534_Project/install/harvest/share/harvest/package.sh'
[1.344s] INFO:colcon.colcon_core.shell:Creating package script '/home/imml/git/ROB_534_Project/install/harvest/share/harvest/package.bash'
[1.344s] INFO:colcon.colcon_core.shell:Creating package script '/home/imml/git/ROB_534_Project/install/harvest/share/harvest/package.zsh'
[1.344s] Level 1:colcon.colcon_core.environment:create_file_with_runtime_dependencies(/home/imml/git/ROB_534_Project/install/harvest/share/colcon-core/packages/harvest)
[1.345s] Level 1:colcon.colcon_core.environment:create_environment_scripts_only(harvest)
[1.345s] Level 1:colcon.colcon_core.environment:checking '/home/imml/git/ROB_534_Project/install/harvest' for CMake module files
[1.346s] Level 1:colcon.colcon_core.environment:checking '/home/imml/git/ROB_534_Project/install/harvest' for CMake config files
[1.346s] Level 1:colcon.colcon_core.shell:create_environment_hook('harvest', 'cmake_prefix_path')
[1.346s] INFO:colcon.colcon_core.shell:Creating environment hook '/home/imml/git/ROB_534_Project/install/harvest/share/harvest/hook/cmake_prefix_path.ps1'
[1.347s] INFO:colcon.colcon_core.shell:Creating environment descriptor '/home/imml/git/ROB_534_Project/install/harvest/share/harvest/hook/cmake_prefix_path.dsv'
[1.347s] INFO:colcon.colcon_core.shell:Creating environment hook '/home/imml/git/ROB_534_Project/install/harvest/share/harvest/hook/cmake_prefix_path.sh'
[1.347s] Level 1:colcon.colcon_core.environment:checking '/home/imml/git/ROB_534_Project/install/harvest/lib'
[1.347s] Level 1:colcon.colcon_core.environment:checking '/home/imml/git/ROB_534_Project/install/harvest/bin'
[1.347s] Level 1:colcon.colcon_core.environment:checking '/home/imml/git/ROB_534_Project/install/harvest/lib/pkgconfig/harvest.pc'
[1.348s] Level 1:colcon.colcon_core.environment:checking '/home/imml/git/ROB_534_Project/install/harvest/lib/python3.10/site-packages'
[1.348s] Level 1:colcon.colcon_core.environment:checking '/home/imml/git/ROB_534_Project/install/harvest/bin'
[1.348s] INFO:colcon.colcon_core.shell:Creating package script '/home/imml/git/ROB_534_Project/install/harvest/share/harvest/package.ps1'
[1.348s] INFO:colcon.colcon_core.shell:Creating package descriptor '/home/imml/git/ROB_534_Project/install/harvest/share/harvest/package.dsv'
[1.349s] INFO:colcon.colcon_core.shell:Creating package script '/home/imml/git/ROB_534_Project/install/harvest/share/harvest/package.sh'
[1.349s] INFO:colcon.colcon_core.shell:Creating package script '/home/imml/git/ROB_534_Project/install/harvest/share/harvest/package.bash'
[1.349s] INFO:colcon.colcon_core.shell:Creating package script '/home/imml/git/ROB_534_Project/install/harvest/share/harvest/package.zsh'
[1.350s] Level 1:colcon.colcon_core.environment:create_file_with_runtime_dependencies(/home/imml/git/ROB_534_Project/install/harvest/share/colcon-core/packages/harvest)
[1.354s] DEBUG:colcon.colcon_core.event_handler.log_command:Invoking command in '/home/imml/git/ROB_534_Project/build/ur_robot_driver': CMAKE_PREFIX_PATH=/home/imml/git/ROB_534_Project/install/ur_controllers:/home/imml/git/ROB_534_Project/install/ur_description:/home/imml/git/ROB_534_Project/install/ur_dashboard_msgs:/home/imml/git/ROB_534_Project/install/ur:/home/imml/git/ROB_534_Project/install/ur_calibration:/home/imml/git/ROB_534_Project/install/ur_robot_driver:/home/imml/git/ROB_534_Project/install/ur_moveit_config:/home/imml/git/ROB_534_Project/install/ur_bringup:/home/imml/git/ROB_534_Project/install/realsense2_description:/home/imml/git/ROB_534_Project/install/realsense2_camera:/home/imml/git/ROB_534_Project/install/realsense2_camera_msgs:/home/imml/git/ROB_534_Project/install/harvest_control:/home/imml/git/ROB_534_Project/install/harvest:/home/imml/git/ROB_534_Project/install/harvest_interfaces:/home/imml/git/ROB_534_Project/install/ur5e_custom_hardware:/home/imml/git/ROB_534_Project/install/harvest_vision:/opt/ros/humble LD_LIBRARY_PATH=/home/imml/git/ROB_534_Project/install/ur_controllers/lib:/home/imml/git/ROB_534_Project/install/ur_dashboard_msgs/lib:/home/imml/git/ROB_534_Project/install/ur_robot_driver/lib:/home/imml/git/ROB_534_Project/install/realsense2_camera/lib:/home/imml/git/ROB_534_Project/install/realsense2_camera_msgs/lib:/home/imml/git/ROB_534_Project/install/harvest_interfaces/lib:/opt/ros/humble/opt/rviz_ogre_vendor/lib:/opt/ros/humble/lib/x86_64-linux-gnu:/opt/ros/humble/lib /usr/bin/cmake --build /home/imml/git/ROB_534_Project/build/ur_robot_driver -- -j16 -l16
[1.357s] DEBUG:colcon.colcon_core.event_handler.log_command:Invoking command in '/home/imml/git/ROB_534_Project/build/ur_bringup': CMAKE_PREFIX_PATH=/home/imml/git/ROB_534_Project/install/ur_controllers:/home/imml/git/ROB_534_Project/install/ur_description:/home/imml/git/ROB_534_Project/install/ur_dashboard_msgs:/home/imml/git/ROB_534_Project/install/ur:/home/imml/git/ROB_534_Project/install/ur_calibration:/home/imml/git/ROB_534_Project/install/ur_robot_driver:/home/imml/git/ROB_534_Project/install/ur_moveit_config:/home/imml/git/ROB_534_Project/install/ur_bringup:/home/imml/git/ROB_534_Project/install/realsense2_description:/home/imml/git/ROB_534_Project/install/realsense2_camera:/home/imml/git/ROB_534_Project/install/realsense2_camera_msgs:/home/imml/git/ROB_534_Project/install/harvest_control:/home/imml/git/ROB_534_Project/install/harvest:/home/imml/git/ROB_534_Project/install/harvest_interfaces:/home/imml/git/ROB_534_Project/install/ur5e_custom_hardware:/home/imml/git/ROB_534_Project/install/harvest_vision:/opt/ros/humble LD_LIBRARY_PATH=/home/imml/git/ROB_534_Project/install/ur_controllers/lib:/home/imml/git/ROB_534_Project/install/ur_dashboard_msgs/lib:/home/imml/git/ROB_534_Project/install/ur_robot_driver/lib:/home/imml/git/ROB_534_Project/install/realsense2_camera/lib:/home/imml/git/ROB_534_Project/install/realsense2_camera_msgs/lib:/home/imml/git/ROB_534_Project/install/harvest_interfaces/lib:/opt/ros/humble/opt/rviz_ogre_vendor/lib:/opt/ros/humble/lib/x86_64-linux-gnu:/opt/ros/humble/lib /usr/bin/cmake --build /home/imml/git/ROB_534_Project/build/ur_bringup -- -j16 -l16
[1.400s] DEBUG:colcon.colcon_core.event_handler.log_command:Invoked command in '/home/imml/git/ROB_534_Project/build/ur_bringup' returned '0': CMAKE_PREFIX_PATH=/home/imml/git/ROB_534_Project/install/ur_controllers:/home/imml/git/ROB_534_Project/install/ur_description:/home/imml/git/ROB_534_Project/install/ur_dashboard_msgs:/home/imml/git/ROB_534_Project/install/ur:/home/imml/git/ROB_534_Project/install/ur_calibration:/home/imml/git/ROB_534_Project/install/ur_robot_driver:/home/imml/git/ROB_534_Project/install/ur_moveit_config:/home/imml/git/ROB_534_Project/install/ur_bringup:/home/imml/git/ROB_534_Project/install/realsense2_description:/home/imml/git/ROB_534_Project/install/realsense2_camera:/home/imml/git/ROB_534_Project/install/realsense2_camera_msgs:/home/imml/git/ROB_534_Project/install/harvest_control:/home/imml/git/ROB_534_Project/install/harvest:/home/imml/git/ROB_534_Project/install/harvest_interfaces:/home/imml/git/ROB_534_Project/install/ur5e_custom_hardware:/home/imml/git/ROB_534_Project/install/harvest_vision:/opt/ros/humble LD_LIBRARY_PATH=/home/imml/git/ROB_534_Project/install/ur_controllers/lib:/home/imml/git/ROB_534_Project/install/ur_dashboard_msgs/lib:/home/imml/git/ROB_534_Project/install/ur_robot_driver/lib:/home/imml/git/ROB_534_Project/install/realsense2_camera/lib:/home/imml/git/ROB_534_Project/install/realsense2_camera_msgs/lib:/home/imml/git/ROB_534_Project/install/harvest_interfaces/lib:/opt/ros/humble/opt/rviz_ogre_vendor/lib:/opt/ros/humble/lib/x86_64-linux-gnu:/opt/ros/humble/lib /usr/bin/cmake --build /home/imml/git/ROB_534_Project/build/ur_bringup -- -j16 -l16
[1.402s] DEBUG:colcon.colcon_core.event_handler.log_command:Invoking command in '/home/imml/git/ROB_534_Project/build/ur_bringup': CMAKE_PREFIX_PATH=/home/imml/git/ROB_534_Project/install/ur_controllers:/home/imml/git/ROB_534_Project/install/ur_description:/home/imml/git/ROB_534_Project/install/ur_dashboard_msgs:/home/imml/git/ROB_534_Project/install/ur:/home/imml/git/ROB_534_Project/install/ur_calibration:/home/imml/git/ROB_534_Project/install/ur_robot_driver:/home/imml/git/ROB_534_Project/install/ur_moveit_config:/home/imml/git/ROB_534_Project/install/ur_bringup:/home/imml/git/ROB_534_Project/install/realsense2_description:/home/imml/git/ROB_534_Project/install/realsense2_camera:/home/imml/git/ROB_534_Project/install/realsense2_camera_msgs:/home/imml/git/ROB_534_Project/install/harvest_control:/home/imml/git/ROB_534_Project/install/harvest:/home/imml/git/ROB_534_Project/install/harvest_interfaces:/home/imml/git/ROB_534_Project/install/ur5e_custom_hardware:/home/imml/git/ROB_534_Project/install/harvest_vision:/opt/ros/humble LD_LIBRARY_PATH=/home/imml/git/ROB_534_Project/install/ur_controllers/lib:/home/imml/git/ROB_534_Project/install/ur_dashboard_msgs/lib:/home/imml/git/ROB_534_Project/install/ur_robot_driver/lib:/home/imml/git/ROB_534_Project/install/realsense2_camera/lib:/home/imml/git/ROB_534_Project/install/realsense2_camera_msgs/lib:/home/imml/git/ROB_534_Project/install/harvest_interfaces/lib:/opt/ros/humble/opt/rviz_ogre_vendor/lib:/opt/ros/humble/lib/x86_64-linux-gnu:/opt/ros/humble/lib /usr/bin/cmake --install /home/imml/git/ROB_534_Project/build/ur_bringup
[1.432s] Level 1:colcon.colcon_core.environment:create_environment_scripts_only(ur_bringup)
[1.432s] Level 1:colcon.colcon_core.environment:checking '/home/imml/git/ROB_534_Project/install/ur_bringup' for CMake module files
[1.433s] DEBUG:colcon.colcon_core.event_handler.log_command:Invoked command in '/home/imml/git/ROB_534_Project/build/ur_bringup' returned '0': CMAKE_PREFIX_PATH=/home/imml/git/ROB_534_Project/install/ur_controllers:/home/imml/git/ROB_534_Project/install/ur_description:/home/imml/git/ROB_534_Project/install/ur_dashboard_msgs:/home/imml/git/ROB_534_Project/install/ur:/home/imml/git/ROB_534_Project/install/ur_calibration:/home/imml/git/ROB_534_Project/install/ur_robot_driver:/home/imml/git/ROB_534_Project/install/ur_moveit_config:/home/imml/git/ROB_534_Project/install/ur_bringup:/home/imml/git/ROB_534_Project/install/realsense2_description:/home/imml/git/ROB_534_Project/install/realsense2_camera:/home/imml/git/ROB_534_Project/install/realsense2_camera_msgs:/home/imml/git/ROB_534_Project/install/harvest_control:/home/imml/git/ROB_534_Project/install/harvest:/home/imml/git/ROB_534_Project/install/harvest_interfaces:/home/imml/git/ROB_534_Project/install/ur5e_custom_hardware:/home/imml/git/ROB_534_Project/install/harvest_vision:/opt/ros/humble LD_LIBRARY_PATH=/home/imml/git/ROB_534_Project/install/ur_controllers/lib:/home/imml/git/ROB_534_Project/install/ur_dashboard_msgs/lib:/home/imml/git/ROB_534_Project/install/ur_robot_driver/lib:/home/imml/git/ROB_534_Project/install/realsense2_camera/lib:/home/imml/git/ROB_534_Project/install/realsense2_camera_msgs/lib:/home/imml/git/ROB_534_Project/install/harvest_interfaces/lib:/opt/ros/humble/opt/rviz_ogre_vendor/lib:/opt/ros/humble/lib/x86_64-linux-gnu:/opt/ros/humble/lib /usr/bin/cmake --install /home/imml/git/ROB_534_Project/build/ur_bringup
[1.433s] Level 1:colcon.colcon_core.environment:checking '/home/imml/git/ROB_534_Project/install/ur_bringup' for CMake config files
[1.434s] Level 1:colcon.colcon_core.shell:create_environment_hook('ur_bringup', 'cmake_prefix_path')
[1.434s] INFO:colcon.colcon_core.shell:Creating environment hook '/home/imml/git/ROB_534_Project/install/ur_bringup/share/ur_bringup/hook/cmake_prefix_path.ps1'
[1.435s] INFO:colcon.colcon_core.shell:Creating environment descriptor '/home/imml/git/ROB_534_Project/install/ur_bringup/share/ur_bringup/hook/cmake_prefix_path.dsv'
[1.435s] INFO:colcon.colcon_core.shell:Creating environment hook '/home/imml/git/ROB_534_Project/install/ur_bringup/share/ur_bringup/hook/cmake_prefix_path.sh'
[1.436s] Level 1:colcon.colcon_core.environment:checking '/home/imml/git/ROB_534_Project/install/ur_bringup/lib'
[1.436s] Level 1:colcon.colcon_core.environment:checking '/home/imml/git/ROB_534_Project/install/ur_bringup/bin'
[1.436s] Level 1:colcon.colcon_core.environment:checking '/home/imml/git/ROB_534_Project/install/ur_bringup/lib/pkgconfig/ur_bringup.pc'
[1.436s] Level 1:colcon.colcon_core.environment:checking '/home/imml/git/ROB_534_Project/install/ur_bringup/lib/python3.10/site-packages'
[1.437s] Level 1:colcon.colcon_core.environment:checking '/home/imml/git/ROB_534_Project/install/ur_bringup/bin'
[1.437s] INFO:colcon.colcon_core.shell:Creating package script '/home/imml/git/ROB_534_Project/install/ur_bringup/share/ur_bringup/package.ps1'
[1.437s] INFO:colcon.colcon_core.shell:Creating package descriptor '/home/imml/git/ROB_534_Project/install/ur_bringup/share/ur_bringup/package.dsv'
[1.438s] INFO:colcon.colcon_core.shell:Creating package script '/home/imml/git/ROB_534_Project/install/ur_bringup/share/ur_bringup/package.sh'
[1.438s] INFO:colcon.colcon_core.shell:Creating package script '/home/imml/git/ROB_534_Project/install/ur_bringup/share/ur_bringup/package.bash'
[1.439s] INFO:colcon.colcon_core.shell:Creating package script '/home/imml/git/ROB_534_Project/install/ur_bringup/share/ur_bringup/package.zsh'
[1.439s] Level 1:colcon.colcon_core.environment:create_file_with_runtime_dependencies(/home/imml/git/ROB_534_Project/install/ur_bringup/share/colcon-core/packages/ur_bringup)
[1.440s] Level 1:colcon.colcon_core.environment:create_environment_scripts_only(ur_bringup)
[1.440s] Level 1:colcon.colcon_core.environment:checking '/home/imml/git/ROB_534_Project/install/ur_bringup' for CMake module files
[1.440s] Level 1:colcon.colcon_core.environment:checking '/home/imml/git/ROB_534_Project/install/ur_bringup' for CMake config files
[1.441s] Level 1:colcon.colcon_core.shell:create_environment_hook('ur_bringup', 'cmake_prefix_path')
[1.441s] INFO:colcon.colcon_core.shell:Creating environment hook '/home/imml/git/ROB_534_Project/install/ur_bringup/share/ur_bringup/hook/cmake_prefix_path.ps1'
[1.441s] INFO:colcon.colcon_core.shell:Creating environment descriptor '/home/imml/git/ROB_534_Project/install/ur_bringup/share/ur_bringup/hook/cmake_prefix_path.dsv'
[1.442s] INFO:colcon.colcon_core.shell:Creating environment hook '/home/imml/git/ROB_534_Project/install/ur_bringup/share/ur_bringup/hook/cmake_prefix_path.sh'
[1.442s] Level 1:colcon.colcon_core.environment:checking '/home/imml/git/ROB_534_Project/install/ur_bringup/lib'
[1.442s] Level 1:colcon.colcon_core.environment:checking '/home/imml/git/ROB_534_Project/install/ur_bringup/bin'
[1.442s] Level 1:colcon.colcon_core.environment:checking '/home/imml/git/ROB_534_Project/install/ur_bringup/lib/pkgconfig/ur_bringup.pc'
[1.443s] Level 1:colcon.colcon_core.environment:checking '/home/imml/git/ROB_534_Project/install/ur_bringup/lib/python3.10/site-packages'
[1.443s] Level 1:colcon.colcon_core.environment:checking '/home/imml/git/ROB_534_Project/install/ur_bringup/bin'
[1.443s] INFO:colcon.colcon_core.shell:Creating package script '/home/imml/git/ROB_534_Project/install/ur_bringup/share/ur_bringup/package.ps1'
[1.443s] INFO:colcon.colcon_core.shell:Creating package descriptor '/home/imml/git/ROB_534_Project/install/ur_bringup/share/ur_bringup/package.dsv'
[1.444s] INFO:colcon.colcon_core.shell:Creating package script '/home/imml/git/ROB_534_Project/install/ur_bringup/share/ur_bringup/package.sh'
[1.444s] INFO:colcon.colcon_core.shell:Creating package script '/home/imml/git/ROB_534_Project/install/ur_bringup/share/ur_bringup/package.bash'
[1.445s] INFO:colcon.colcon_core.shell:Creating package script '/home/imml/git/ROB_534_Project/install/ur_bringup/share/ur_bringup/package.zsh'
[1.445s] Level 1:colcon.colcon_core.environment:create_file_with_runtime_dependencies(/home/imml/git/ROB_534_Project/install/ur_bringup/share/colcon-core/packages/ur_bringup)
[1.568s] DEBUG:colcon.colcon_core.event_handler.log_command:Invoking command in '/home/imml/git/ROB_534_Project/build/harvest_vision': CMAKE_PREFIX_PATH=/home/imml/git/ROB_534_Project/install/harvest_interfaces:/home/imml/git/ROB_534_Project/install/ur:/home/imml/git/ROB_534_Project/install/ur_calibration:/home/imml/git/ROB_534_Project/install/ur_robot_driver:/home/imml/git/ROB_534_Project/install/ur_moveit_config:/home/imml/git/ROB_534_Project/install/ur_bringup:/home/imml/git/ROB_534_Project/install/ur_description:/home/imml/git/ROB_534_Project/install/ur_controllers:/home/imml/git/ROB_534_Project/install/ur_dashboard_msgs:/home/imml/git/ROB_534_Project/install/realsense2_description:/home/imml/git/ROB_534_Project/install/realsense2_camera:/home/imml/git/ROB_534_Project/install/realsense2_camera_msgs:/home/imml/git/ROB_534_Project/install/harvest_control:/home/imml/git/ROB_534_Project/install/harvest LD_LIBRARY_PATH=/home/imml/git/ROB_534_Project/install/harvest_interfaces/lib:/home/imml/git/ROB_534_Project/install/ur_robot_driver/lib:/home/imml/git/ROB_534_Project/install/ur_controllers/lib:/home/imml/git/ROB_534_Project/install/ur_dashboard_msgs/lib:/home/imml/git/ROB_534_Project/install/realsense2_camera/lib:/home/imml/git/ROB_534_Project/install/realsense2_camera_msgs/lib:/opt/ros/humble/opt/rviz_ogre_vendor/lib:/opt/ros/humble/lib/x86_64-linux-gnu:/opt/ros/humble/lib PYTHONPATH=/home/imml/git/ROB_534_Project/build/harvest_vision/prefix_override:/usr/lib/python3/dist-packages/colcon_core/task/python/colcon_distutils_commands:/home/imml/git/ROB_534_Project/install/harvest_vision/lib/python3.10/site-packages:${PYTHONPATH} /usr/bin/python3 -W ignore:setup.py install is deprecated -W ignore:easy_install command is deprecated setup.py develop --editable --build-directory /home/imml/git/ROB_534_Project/build/harvest_vision/build --no-deps symlink_data
[1.696s] Level 1:colcon.colcon_core.shell:create_environment_hook('ur5e_custom_hardware', 'pythonpath_develop')
[1.697s] INFO:colcon.colcon_core.shell:Creating environment hook '/home/imml/git/ROB_534_Project/build/ur5e_custom_hardware/share/ur5e_custom_hardware/hook/pythonpath_develop.ps1'
[1.697s] DEBUG:colcon.colcon_core.event_handler.log_command:Invoked command in '/home/imml/git/ROB_534_Project/build/ur5e_custom_hardware' returned '0': PYTHONPATH=/home/imml/git/ROB_534_Project/build/ur5e_custom_hardware/prefix_override:/usr/lib/python3/dist-packages/colcon_core/task/python/colcon_distutils_commands:/home/imml/git/ROB_534_Project/install/ur5e_custom_hardware/lib/python3.10/site-packages:${PYTHONPATH} /usr/bin/python3 -W ignore:setup.py install is deprecated -W ignore:easy_install command is deprecated setup.py develop --editable --build-directory /home/imml/git/ROB_534_Project/build/ur5e_custom_hardware/build --no-deps symlink_data
[1.697s] INFO:colcon.colcon_core.shell:Creating environment descriptor '/home/imml/git/ROB_534_Project/build/ur5e_custom_hardware/share/ur5e_custom_hardware/hook/pythonpath_develop.dsv'
[1.698s] INFO:colcon.colcon_core.shell:Creating environment hook '/home/imml/git/ROB_534_Project/build/ur5e_custom_hardware/share/ur5e_custom_hardware/hook/pythonpath_develop.sh'
[1.698s] Level 1:colcon.colcon_core.environment:checking '/home/imml/git/ROB_534_Project/install/ur5e_custom_hardware' for CMake module files
[1.699s] Level 1:colcon.colcon_core.environment:checking '/home/imml/git/ROB_534_Project/install/ur5e_custom_hardware' for CMake config files
[1.699s] Level 1:colcon.colcon_core.environment:checking '/home/imml/git/ROB_534_Project/install/ur5e_custom_hardware/lib'
[1.699s] Level 1:colcon.colcon_core.environment:checking '/home/imml/git/ROB_534_Project/install/ur5e_custom_hardware/bin'
[1.699s] Level 1:colcon.colcon_core.environment:checking '/home/imml/git/ROB_534_Project/install/ur5e_custom_hardware/lib/pkgconfig/ur5e_custom_hardware.pc'
[1.699s] Level 1:colcon.colcon_core.environment:checking '/home/imml/git/ROB_534_Project/install/ur5e_custom_hardware/lib/python3.10/site-packages'
[1.699s] Level 1:colcon.colcon_core.shell:create_environment_hook('ur5e_custom_hardware', 'pythonpath')
[1.700s] INFO:colcon.colcon_core.shell:Creating environment hook '/home/imml/git/ROB_534_Project/install/ur5e_custom_hardware/share/ur5e_custom_hardware/hook/pythonpath.ps1'
[1.700s] INFO:colcon.colcon_core.shell:Creating environment descriptor '/home/imml/git/ROB_534_Project/install/ur5e_custom_hardware/share/ur5e_custom_hardware/hook/pythonpath.dsv'
[1.700s] INFO:colcon.colcon_core.shell:Creating environment hook '/home/imml/git/ROB_534_Project/install/ur5e_custom_hardware/share/ur5e_custom_hardware/hook/pythonpath.sh'
[1.701s] Level 1:colcon.colcon_core.environment:checking '/home/imml/git/ROB_534_Project/install/ur5e_custom_hardware/bin'
[1.701s] Level 1:colcon.colcon_core.environment:create_environment_scripts_only(ur5e_custom_hardware)
[1.701s] INFO:colcon.colcon_core.shell:Creating package script '/home/imml/git/ROB_534_Project/install/ur5e_custom_hardware/share/ur5e_custom_hardware/package.ps1'
[1.702s] INFO:colcon.colcon_core.shell:Creating package descriptor '/home/imml/git/ROB_534_Project/install/ur5e_custom_hardware/share/ur5e_custom_hardware/package.dsv'
[1.702s] INFO:colcon.colcon_core.shell:Creating package script '/home/imml/git/ROB_534_Project/install/ur5e_custom_hardware/share/ur5e_custom_hardware/package.sh'
[1.702s] INFO:colcon.colcon_core.shell:Creating package script '/home/imml/git/ROB_534_Project/install/ur5e_custom_hardware/share/ur5e_custom_hardware/package.bash'
[1.702s] INFO:colcon.colcon_core.shell:Creating package script '/home/imml/git/ROB_534_Project/install/ur5e_custom_hardware/share/ur5e_custom_hardware/package.zsh'
[1.703s] Level 1:colcon.colcon_core.environment:create_file_with_runtime_dependencies(/home/imml/git/ROB_534_Project/install/ur5e_custom_hardware/share/colcon-core/packages/ur5e_custom_hardware)
[1.717s] DEBUG:colcon.colcon_core.event_handler.log_command:Invoked command in '/home/imml/git/ROB_534_Project/build/ur_robot_driver' returned '0': CMAKE_PREFIX_PATH=/home/imml/git/ROB_534_Project/install/ur_controllers:/home/imml/git/ROB_534_Project/install/ur_description:/home/imml/git/ROB_534_Project/install/ur_dashboard_msgs:/home/imml/git/ROB_534_Project/install/ur:/home/imml/git/ROB_534_Project/install/ur_calibration:/home/imml/git/ROB_534_Project/install/ur_robot_driver:/home/imml/git/ROB_534_Project/install/ur_moveit_config:/home/imml/git/ROB_534_Project/install/ur_bringup:/home/imml/git/ROB_534_Project/install/realsense2_description:/home/imml/git/ROB_534_Project/install/realsense2_camera:/home/imml/git/ROB_534_Project/install/realsense2_camera_msgs:/home/imml/git/ROB_534_Project/install/harvest_control:/home/imml/git/ROB_534_Project/install/harvest:/home/imml/git/ROB_534_Project/install/harvest_interfaces:/home/imml/git/ROB_534_Project/install/ur5e_custom_hardware:/home/imml/git/ROB_534_Project/install/harvest_vision:/opt/ros/humble LD_LIBRARY_PATH=/home/imml/git/ROB_534_Project/install/ur_controllers/lib:/home/imml/git/ROB_534_Project/install/ur_dashboard_msgs/lib:/home/imml/git/ROB_534_Project/install/ur_robot_driver/lib:/home/imml/git/ROB_534_Project/install/realsense2_camera/lib:/home/imml/git/ROB_534_Project/install/realsense2_camera_msgs/lib:/home/imml/git/ROB_534_Project/install/harvest_interfaces/lib:/opt/ros/humble/opt/rviz_ogre_vendor/lib:/opt/ros/humble/lib/x86_64-linux-gnu:/opt/ros/humble/lib /usr/bin/cmake --build /home/imml/git/ROB_534_Project/build/ur_robot_driver -- -j16 -l16
[1.718s] DEBUG:colcon.colcon_core.event_handler.log_command:Invoking command in '/home/imml/git/ROB_534_Project/build/ur_robot_driver': CMAKE_PREFIX_PATH=/home/imml/git/ROB_534_Project/install/ur_controllers:/home/imml/git/ROB_534_Project/install/ur_description:/home/imml/git/ROB_534_Project/install/ur_dashboard_msgs:/home/imml/git/ROB_534_Project/install/ur:/home/imml/git/ROB_534_Project/install/ur_calibration:/home/imml/git/ROB_534_Project/install/ur_robot_driver:/home/imml/git/ROB_534_Project/install/ur_moveit_config:/home/imml/git/ROB_534_Project/install/ur_bringup:/home/imml/git/ROB_534_Project/install/realsense2_description:/home/imml/git/ROB_534_Project/install/realsense2_camera:/home/imml/git/ROB_534_Project/install/realsense2_camera_msgs:/home/imml/git/ROB_534_Project/install/harvest_control:/home/imml/git/ROB_534_Project/install/harvest:/home/imml/git/ROB_534_Project/install/harvest_interfaces:/home/imml/git/ROB_534_Project/install/ur5e_custom_hardware:/home/imml/git/ROB_534_Project/install/harvest_vision:/opt/ros/humble LD_LIBRARY_PATH=/home/imml/git/ROB_534_Project/install/ur_controllers/lib:/home/imml/git/ROB_534_Project/install/ur_dashboard_msgs/lib:/home/imml/git/ROB_534_Project/install/ur_robot_driver/lib:/home/imml/git/ROB_534_Project/install/realsense2_camera/lib:/home/imml/git/ROB_534_Project/install/realsense2_camera_msgs/lib:/home/imml/git/ROB_534_Project/install/harvest_interfaces/lib:/opt/ros/humble/opt/rviz_ogre_vendor/lib:/opt/ros/humble/lib/x86_64-linux-gnu:/opt/ros/humble/lib /usr/bin/cmake --install /home/imml/git/ROB_534_Project/build/ur_robot_driver
[1.782s] Level 1:colcon.colcon_core.environment:create_environment_scripts_only(ur_robot_driver)
[1.783s] Level 1:colcon.colcon_core.environment:checking '/home/imml/git/ROB_534_Project/install/ur_robot_driver' for CMake module files
[1.784s] DEBUG:colcon.colcon_core.event_handler.log_command:Invoked command in '/home/imml/git/ROB_534_Project/build/ur_robot_driver' returned '0': CMAKE_PREFIX_PATH=/home/imml/git/ROB_534_Project/install/ur_controllers:/home/imml/git/ROB_534_Project/install/ur_description:/home/imml/git/ROB_534_Project/install/ur_dashboard_msgs:/home/imml/git/ROB_534_Project/install/ur:/home/imml/git/ROB_534_Project/install/ur_calibration:/home/imml/git/ROB_534_Project/install/ur_robot_driver:/home/imml/git/ROB_534_Project/install/ur_moveit_config:/home/imml/git/ROB_534_Project/install/ur_bringup:/home/imml/git/ROB_534_Project/install/realsense2_description:/home/imml/git/ROB_534_Project/install/realsense2_camera:/home/imml/git/ROB_534_Project/install/realsense2_camera_msgs:/home/imml/git/ROB_534_Project/install/harvest_control:/home/imml/git/ROB_534_Project/install/harvest:/home/imml/git/ROB_534_Project/install/harvest_interfaces:/home/imml/git/ROB_534_Project/install/ur5e_custom_hardware:/home/imml/git/ROB_534_Project/install/harvest_vision:/opt/ros/humble LD_LIBRARY_PATH=/home/imml/git/ROB_534_Project/install/ur_controllers/lib:/home/imml/git/ROB_534_Project/install/ur_dashboard_msgs/lib:/home/imml/git/ROB_534_Project/install/ur_robot_driver/lib:/home/imml/git/ROB_534_Project/install/realsense2_camera/lib:/home/imml/git/ROB_534_Project/install/realsense2_camera_msgs/lib:/home/imml/git/ROB_534_Project/install/harvest_interfaces/lib:/opt/ros/humble/opt/rviz_ogre_vendor/lib:/opt/ros/humble/lib/x86_64-linux-gnu:/opt/ros/humble/lib /usr/bin/cmake --install /home/imml/git/ROB_534_Project/build/ur_robot_driver
[1.784s] Level 1:colcon.colcon_core.environment:checking '/home/imml/git/ROB_534_Project/install/ur_robot_driver' for CMake config files
[1.785s] Level 1:colcon.colcon_core.shell:create_environment_hook('ur_robot_driver', 'cmake_prefix_path')
[1.785s] INFO:colcon.colcon_core.shell:Creating environment hook '/home/imml/git/ROB_534_Project/install/ur_robot_driver/share/ur_robot_driver/hook/cmake_prefix_path.ps1'
[1.785s] INFO:colcon.colcon_core.shell:Creating environment descriptor '/home/imml/git/ROB_534_Project/install/ur_robot_driver/share/ur_robot_driver/hook/cmake_prefix_path.dsv'
[1.786s] INFO:colcon.colcon_core.shell:Creating environment hook '/home/imml/git/ROB_534_Project/install/ur_robot_driver/share/ur_robot_driver/hook/cmake_prefix_path.sh'
[1.786s] Level 1:colcon.colcon_core.environment:checking '/home/imml/git/ROB_534_Project/install/ur_robot_driver/lib'
[1.786s] Level 1:colcon.colcon_core.shell:create_environment_hook('ur_robot_driver', 'ld_library_path_lib')
[1.786s] INFO:colcon.colcon_core.shell:Creating environment hook '/home/imml/git/ROB_534_Project/install/ur_robot_driver/share/ur_robot_driver/hook/ld_library_path_lib.ps1'
[1.787s] INFO:colcon.colcon_core.shell:Creating environment descriptor '/home/imml/git/ROB_534_Project/install/ur_robot_driver/share/ur_robot_driver/hook/ld_library_path_lib.dsv'
[1.787s] INFO:colcon.colcon_core.shell:Creating environment hook '/home/imml/git/ROB_534_Project/install/ur_robot_driver/share/ur_robot_driver/hook/ld_library_path_lib.sh'
[1.787s] Level 1:colcon.colcon_core.environment:checking '/home/imml/git/ROB_534_Project/install/ur_robot_driver/bin'
[1.787s] Level 1:colcon.colcon_core.shell:create_environment_hook('ur_robot_driver', 'path')
[1.787s] INFO:colcon.colcon_core.shell:Creating environment hook '/home/imml/git/ROB_534_Project/install/ur_robot_driver/share/ur_robot_driver/hook/path.ps1'
[1.788s] INFO:colcon.colcon_core.shell:Creating environment descriptor '/home/imml/git/ROB_534_Project/install/ur_robot_driver/share/ur_robot_driver/hook/path.dsv'
[1.788s] INFO:colcon.colcon_core.shell:Creating environment hook '/home/imml/git/ROB_534_Project/install/ur_robot_driver/share/ur_robot_driver/hook/path.sh'
[1.788s] Level 1:colcon.colcon_core.environment:checking '/home/imml/git/ROB_534_Project/install/ur_robot_driver/lib/pkgconfig/ur_robot_driver.pc'
[1.788s] Level 1:colcon.colcon_core.environment:checking '/home/imml/git/ROB_534_Project/install/ur_robot_driver/lib/python3.10/site-packages'
[1.789s] Level 1:colcon.colcon_core.environment:checking '/home/imml/git/ROB_534_Project/install/ur_robot_driver/bin'
[1.789s] Level 1:colcon.colcon_core.shell:create_environment_hook('ur_robot_driver', 'pythonscriptspath')
[1.789s] INFO:colcon.colcon_core.shell:Creating environment hook '/home/imml/git/ROB_534_Project/install/ur_robot_driver/share/ur_robot_driver/hook/pythonscriptspath.ps1'
[1.789s] INFO:colcon.colcon_core.shell:Creating environment descriptor '/home/imml/git/ROB_534_Project/install/ur_robot_driver/share/ur_robot_driver/hook/pythonscriptspath.dsv'
[1.790s] INFO:colcon.colcon_core.shell:Creating environment hook '/home/imml/git/ROB_534_Project/install/ur_robot_driver/share/ur_robot_driver/hook/pythonscriptspath.sh'
[1.790s] INFO:colcon.colcon_core.shell:Creating package script '/home/imml/git/ROB_534_Project/install/ur_robot_driver/share/ur_robot_driver/package.ps1'
[1.791s] INFO:colcon.colcon_core.shell:Creating package descriptor '/home/imml/git/ROB_534_Project/install/ur_robot_driver/share/ur_robot_driver/package.dsv'
[1.791s] INFO:colcon.colcon_core.shell:Creating package script '/home/imml/git/ROB_534_Project/install/ur_robot_driver/share/ur_robot_driver/package.sh'
[1.791s] INFO:colcon.colcon_core.shell:Creating package script '/home/imml/git/ROB_534_Project/install/ur_robot_driver/share/ur_robot_driver/package.bash'
[1.792s] INFO:colcon.colcon_core.shell:Creating package script '/home/imml/git/ROB_534_Project/install/ur_robot_driver/share/ur_robot_driver/package.zsh'
[1.792s] Level 1:colcon.colcon_core.environment:create_file_with_runtime_dependencies(/home/imml/git/ROB_534_Project/install/ur_robot_driver/share/colcon-core/packages/ur_robot_driver)
[1.792s] Level 1:colcon.colcon_core.environment:create_environment_scripts_only(ur_robot_driver)
[1.792s] Level 1:colcon.colcon_core.environment:checking '/home/imml/git/ROB_534_Project/install/ur_robot_driver' for CMake module files
[1.793s] Level 1:colcon.colcon_core.environment:checking '/home/imml/git/ROB_534_Project/install/ur_robot_driver' for CMake config files
[1.793s] Level 1:colcon.colcon_core.shell:create_environment_hook('ur_robot_driver', 'cmake_prefix_path')
[1.794s] INFO:colcon.colcon_core.shell:Creating environment hook '/home/imml/git/ROB_534_Project/install/ur_robot_driver/share/ur_robot_driver/hook/cmake_prefix_path.ps1'
[1.794s] INFO:colcon.colcon_core.shell:Creating environment descriptor '/home/imml/git/ROB_534_Project/install/ur_robot_driver/share/ur_robot_driver/hook/cmake_prefix_path.dsv'
[1.794s] INFO:colcon.colcon_core.shell:Creating environment hook '/home/imml/git/ROB_534_Project/install/ur_robot_driver/share/ur_robot_driver/hook/cmake_prefix_path.sh'
[1.795s] Level 1:colcon.colcon_core.environment:checking '/home/imml/git/ROB_534_Project/install/ur_robot_driver/lib'
[1.795s] Level 1:colcon.colcon_core.shell:create_environment_hook('ur_robot_driver', 'ld_library_path_lib')
[1.795s] INFO:colcon.colcon_core.shell:Creating environment hook '/home/imml/git/ROB_534_Project/install/ur_robot_driver/share/ur_robot_driver/hook/ld_library_path_lib.ps1'
[1.795s] INFO:colcon.colcon_core.shell:Creating environment descriptor '/home/imml/git/ROB_534_Project/install/ur_robot_driver/share/ur_robot_driver/hook/ld_library_path_lib.dsv'
[1.795s] INFO:colcon.colcon_core.shell:Creating environment hook '/home/imml/git/ROB_534_Project/install/ur_robot_driver/share/ur_robot_driver/hook/ld_library_path_lib.sh'
[1.796s] Level 1:colcon.colcon_core.environment:checking '/home/imml/git/ROB_534_Project/install/ur_robot_driver/bin'
[1.796s] Level 1:colcon.colcon_core.shell:create_environment_hook('ur_robot_driver', 'path')
[1.796s] INFO:colcon.colcon_core.shell:Creating environment hook '/home/imml/git/ROB_534_Project/install/ur_robot_driver/share/ur_robot_driver/hook/path.ps1'
[1.796s] INFO:colcon.colcon_core.shell:Creating environment descriptor '/home/imml/git/ROB_534_Project/install/ur_robot_driver/share/ur_robot_driver/hook/path.dsv'
[1.797s] INFO:colcon.colcon_core.shell:Creating environment hook '/home/imml/git/ROB_534_Project/install/ur_robot_driver/share/ur_robot_driver/hook/path.sh'
[1.797s] Level 1:colcon.colcon_core.environment:checking '/home/imml/git/ROB_534_Project/install/ur_robot_driver/lib/pkgconfig/ur_robot_driver.pc'
[1.797s] Level 1:colcon.colcon_core.environment:checking '/home/imml/git/ROB_534_Project/install/ur_robot_driver/lib/python3.10/site-packages'
[1.797s] Level 1:colcon.colcon_core.environment:checking '/home/imml/git/ROB_534_Project/install/ur_robot_driver/bin'
[1.797s] Level 1:colcon.colcon_core.shell:create_environment_hook('ur_robot_driver', 'pythonscriptspath')
[1.797s] INFO:colcon.colcon_core.shell:Creating environment hook '/home/imml/git/ROB_534_Project/install/ur_robot_driver/share/ur_robot_driver/hook/pythonscriptspath.ps1'
[1.798s] INFO:colcon.colcon_core.shell:Creating environment descriptor '/home/imml/git/ROB_534_Project/install/ur_robot_driver/share/ur_robot_driver/hook/pythonscriptspath.dsv'
[1.798s] INFO:colcon.colcon_core.shell:Creating environment hook '/home/imml/git/ROB_534_Project/install/ur_robot_driver/share/ur_robot_driver/hook/pythonscriptspath.sh'
[1.799s] INFO:colcon.colcon_core.shell:Creating package script '/home/imml/git/ROB_534_Project/install/ur_robot_driver/share/ur_robot_driver/package.ps1'
[1.799s] INFO:colcon.colcon_core.shell:Creating package descriptor '/home/imml/git/ROB_534_Project/install/ur_robot_driver/share/ur_robot_driver/package.dsv'
[1.799s] INFO:colcon.colcon_core.shell:Creating package script '/home/imml/git/ROB_534_Project/install/ur_robot_driver/share/ur_robot_driver/package.sh'
[1.800s] INFO:colcon.colcon_core.shell:Creating package script '/home/imml/git/ROB_534_Project/install/ur_robot_driver/share/ur_robot_driver/package.bash'
[1.800s] INFO:colcon.colcon_core.shell:Creating package script '/home/imml/git/ROB_534_Project/install/ur_robot_driver/share/ur_robot_driver/package.zsh'
[1.800s] Level 1:colcon.colcon_core.environment:create_file_with_runtime_dependencies(/home/imml/git/ROB_534_Project/install/ur_robot_driver/share/colcon-core/packages/ur_robot_driver)
[1.801s] INFO:colcon.colcon_ros.task.ament_cmake.build:Building ROS package in '/home/imml/git/ROB_534_Project/harvest_hardware/Universal_Robots_ROS2_Driver/ur_calibration' with build type 'ament_cmake'
[1.801s] INFO:colcon.colcon_cmake.task.cmake.build:Building CMake package in '/home/imml/git/ROB_534_Project/harvest_hardware/Universal_Robots_ROS2_Driver/ur_calibration'
[1.801s] INFO:colcon.colcon_core.shell:Skip shell extension 'powershell' for command environment: Not usable outside of PowerShell
[1.801s] DEBUG:colcon.colcon_core.shell:Skip shell extension 'dsv' for command environment
[1.817s] DEBUG:colcon.colcon_core.event_handler.log_command:Invoking command in '/home/imml/git/ROB_534_Project/build/ur_calibration': CMAKE_PREFIX_PATH=/home/imml/git/ROB_534_Project/install/ur_robot_driver:/home/imml/git/ROB_534_Project/install/ur_controllers:/home/imml/git/ROB_534_Project/install/ur_description:/home/imml/git/ROB_534_Project/install/ur_dashboard_msgs:/home/imml/git/ROB_534_Project/install/ur:/home/imml/git/ROB_534_Project/install/ur_calibration:/home/imml/git/ROB_534_Project/install/ur_moveit_config:/home/imml/git/ROB_534_Project/install/ur_bringup:/home/imml/git/ROB_534_Project/install/realsense2_description:/home/imml/git/ROB_534_Project/install/realsense2_camera:/home/imml/git/ROB_534_Project/install/realsense2_camera_msgs:/home/imml/git/ROB_534_Project/install/harvest_control:/home/imml/git/ROB_534_Project/install/harvest:/home/imml/git/ROB_534_Project/install/harvest_interfaces:/home/imml/git/ROB_534_Project/install/ur5e_custom_hardware:/home/imml/git/ROB_534_Project/install/harvest_vision:/opt/ros/humble /usr/bin/cmake --build /home/imml/git/ROB_534_Project/build/ur_calibration -- -j16 -l16
[1.924s] DEBUG:colcon.colcon_core.event_handler.log_command:Invoked command in '/home/imml/git/ROB_534_Project/build/ur_calibration' returned '0': CMAKE_PREFIX_PATH=/home/imml/git/ROB_534_Project/install/ur_robot_driver:/home/imml/git/ROB_534_Project/install/ur_controllers:/home/imml/git/ROB_534_Project/install/ur_description:/home/imml/git/ROB_534_Project/install/ur_dashboard_msgs:/home/imml/git/ROB_534_Project/install/ur:/home/imml/git/ROB_534_Project/install/ur_calibration:/home/imml/git/ROB_534_Project/install/ur_moveit_config:/home/imml/git/ROB_534_Project/install/ur_bringup:/home/imml/git/ROB_534_Project/install/realsense2_description:/home/imml/git/ROB_534_Project/install/realsense2_camera:/home/imml/git/ROB_534_Project/install/realsense2_camera_msgs:/home/imml/git/ROB_534_Project/install/harvest_control:/home/imml/git/ROB_534_Project/install/harvest:/home/imml/git/ROB_534_Project/install/harvest_interfaces:/home/imml/git/ROB_534_Project/install/ur5e_custom_hardware:/home/imml/git/ROB_534_Project/install/harvest_vision:/opt/ros/humble /usr/bin/cmake --build /home/imml/git/ROB_534_Project/build/ur_calibration -- -j16 -l16
[1.926s] DEBUG:colcon.colcon_core.event_handler.log_command:Invoking command in '/home/imml/git/ROB_534_Project/build/ur_calibration': CMAKE_PREFIX_PATH=/home/imml/git/ROB_534_Project/install/ur_robot_driver:/home/imml/git/ROB_534_Project/install/ur_controllers:/home/imml/git/ROB_534_Project/install/ur_description:/home/imml/git/ROB_534_Project/install/ur_dashboard_msgs:/home/imml/git/ROB_534_Project/install/ur:/home/imml/git/ROB_534_Project/install/ur_calibration:/home/imml/git/ROB_534_Project/install/ur_moveit_config:/home/imml/git/ROB_534_Project/install/ur_bringup:/home/imml/git/ROB_534_Project/install/realsense2_description:/home/imml/git/ROB_534_Project/install/realsense2_camera:/home/imml/git/ROB_534_Project/install/realsense2_camera_msgs:/home/imml/git/ROB_534_Project/install/harvest_control:/home/imml/git/ROB_534_Project/install/harvest:/home/imml/git/ROB_534_Project/install/harvest_interfaces:/home/imml/git/ROB_534_Project/install/ur5e_custom_hardware:/home/imml/git/ROB_534_Project/install/harvest_vision:/opt/ros/humble /usr/bin/cmake --install /home/imml/git/ROB_534_Project/build/ur_calibration
[1.949s] Level 1:colcon.colcon_core.environment:create_environment_scripts_only(ur_calibration)
[1.949s] Level 1:colcon.colcon_core.environment:checking '/home/imml/git/ROB_534_Project/install/ur_calibration' for CMake module files
[1.950s] DEBUG:colcon.colcon_core.event_handler.log_command:Invoked command in '/home/imml/git/ROB_534_Project/build/ur_calibration' returned '0': CMAKE_PREFIX_PATH=/home/imml/git/ROB_534_Project/install/ur_robot_driver:/home/imml/git/ROB_534_Project/install/ur_controllers:/home/imml/git/ROB_534_Project/install/ur_description:/home/imml/git/ROB_534_Project/install/ur_dashboard_msgs:/home/imml/git/ROB_534_Project/install/ur:/home/imml/git/ROB_534_Project/install/ur_calibration:/home/imml/git/ROB_534_Project/install/ur_moveit_config:/home/imml/git/ROB_534_Project/install/ur_bringup:/home/imml/git/ROB_534_Project/install/realsense2_description:/home/imml/git/ROB_534_Project/install/realsense2_camera:/home/imml/git/ROB_534_Project/install/realsense2_camera_msgs:/home/imml/git/ROB_534_Project/install/harvest_control:/home/imml/git/ROB_534_Project/install/harvest:/home/imml/git/ROB_534_Project/install/harvest_interfaces:/home/imml/git/ROB_534_Project/install/ur5e_custom_hardware:/home/imml/git/ROB_534_Project/install/harvest_vision:/opt/ros/humble /usr/bin/cmake --install /home/imml/git/ROB_534_Project/build/ur_calibration
[1.950s] Level 1:colcon.colcon_core.environment:checking '/home/imml/git/ROB_534_Project/install/ur_calibration' for CMake config files
[1.950s] Level 1:colcon.colcon_core.shell:create_environment_hook('ur_calibration', 'cmake_prefix_path')
[1.951s] INFO:colcon.colcon_core.shell:Creating environment hook '/home/imml/git/ROB_534_Project/install/ur_calibration/share/ur_calibration/hook/cmake_prefix_path.ps1'
[1.951s] INFO:colcon.colcon_core.shell:Creating environment descriptor '/home/imml/git/ROB_534_Project/install/ur_calibration/share/ur_calibration/hook/cmake_prefix_path.dsv'
[1.951s] INFO:colcon.colcon_core.shell:Creating environment hook '/home/imml/git/ROB_534_Project/install/ur_calibration/share/ur_calibration/hook/cmake_prefix_path.sh'
[1.952s] Level 1:colcon.colcon_core.environment:checking '/home/imml/git/ROB_534_Project/install/ur_calibration/lib'
[1.952s] Level 1:colcon.colcon_core.environment:checking '/home/imml/git/ROB_534_Project/install/ur_calibration/bin'
[1.952s] Level 1:colcon.colcon_core.environment:checking '/home/imml/git/ROB_534_Project/install/ur_calibration/lib/pkgconfig/ur_calibration.pc'
[1.952s] Level 1:colcon.colcon_core.environment:checking '/home/imml/git/ROB_534_Project/install/ur_calibration/lib/python3.10/site-packages'
[1.952s] Level 1:colcon.colcon_core.environment:checking '/home/imml/git/ROB_534_Project/install/ur_calibration/bin'
[1.953s] INFO:colcon.colcon_core.shell:Creating package script '/home/imml/git/ROB_534_Project/install/ur_calibration/share/ur_calibration/package.ps1'
[1.953s] INFO:colcon.colcon_core.shell:Creating package descriptor '/home/imml/git/ROB_534_Project/install/ur_calibration/share/ur_calibration/package.dsv'
[1.953s] INFO:colcon.colcon_core.shell:Creating package script '/home/imml/git/ROB_534_Project/install/ur_calibration/share/ur_calibration/package.sh'
[1.954s] INFO:colcon.colcon_core.shell:Creating package script '/home/imml/git/ROB_534_Project/install/ur_calibration/share/ur_calibration/package.bash'
[1.954s] INFO:colcon.colcon_core.shell:Creating package script '/home/imml/git/ROB_534_Project/install/ur_calibration/share/ur_calibration/package.zsh'
[1.954s] Level 1:colcon.colcon_core.environment:create_file_with_runtime_dependencies(/home/imml/git/ROB_534_Project/install/ur_calibration/share/colcon-core/packages/ur_calibration)
[1.955s] Level 1:colcon.colcon_core.environment:create_environment_scripts_only(ur_calibration)
[1.955s] Level 1:colcon.colcon_core.environment:checking '/home/imml/git/ROB_534_Project/install/ur_calibration' for CMake module files
[1.955s] Level 1:colcon.colcon_core.environment:checking '/home/imml/git/ROB_534_Project/install/ur_calibration' for CMake config files
[1.955s] Level 1:colcon.colcon_core.shell:create_environment_hook('ur_calibration', 'cmake_prefix_path')
[1.956s] INFO:colcon.colcon_core.shell:Creating environment hook '/home/imml/git/ROB_534_Project/install/ur_calibration/share/ur_calibration/hook/cmake_prefix_path.ps1'
[1.956s] INFO:colcon.colcon_core.shell:Creating environment descriptor '/home/imml/git/ROB_534_Project/install/ur_calibration/share/ur_calibration/hook/cmake_prefix_path.dsv'
[1.956s] INFO:colcon.colcon_core.shell:Creating environment hook '/home/imml/git/ROB_534_Project/install/ur_calibration/share/ur_calibration/hook/cmake_prefix_path.sh'
[1.957s] Level 1:colcon.colcon_core.environment:checking '/home/imml/git/ROB_534_Project/install/ur_calibration/lib'
[1.957s] Level 1:colcon.colcon_core.environment:checking '/home/imml/git/ROB_534_Project/install/ur_calibration/bin'
[1.957s] Level 1:colcon.colcon_core.environment:checking '/home/imml/git/ROB_534_Project/install/ur_calibration/lib/pkgconfig/ur_calibration.pc'
[1.957s] Level 1:colcon.colcon_core.environment:checking '/home/imml/git/ROB_534_Project/install/ur_calibration/lib/python3.10/site-packages'
[1.957s] Level 1:colcon.colcon_core.environment:checking '/home/imml/git/ROB_534_Project/install/ur_calibration/bin'
[1.957s] INFO:colcon.colcon_core.shell:Creating package script '/home/imml/git/ROB_534_Project/install/ur_calibration/share/ur_calibration/package.ps1'
[1.958s] INFO:colcon.colcon_core.shell:Creating package descriptor '/home/imml/git/ROB_534_Project/install/ur_calibration/share/ur_calibration/package.dsv'
[1.958s] INFO:colcon.colcon_core.shell:Creating package script '/home/imml/git/ROB_534_Project/install/ur_calibration/share/ur_calibration/package.sh'
[1.958s] INFO:colcon.colcon_core.shell:Creating package script '/home/imml/git/ROB_534_Project/install/ur_calibration/share/ur_calibration/package.bash'
[1.959s] INFO:colcon.colcon_core.shell:Creating package script '/home/imml/git/ROB_534_Project/install/ur_calibration/share/ur_calibration/package.zsh'
[1.959s] Level 1:colcon.colcon_core.environment:create_file_with_runtime_dependencies(/home/imml/git/ROB_534_Project/install/ur_calibration/share/colcon-core/packages/ur_calibration)
[1.959s] INFO:colcon.colcon_ros.task.ament_cmake.build:Building ROS package in '/home/imml/git/ROB_534_Project/harvest_hardware/Universal_Robots_ROS2_Driver/ur' with build type 'ament_cmake'
[1.959s] INFO:colcon.colcon_cmake.task.cmake.build:Building CMake package in '/home/imml/git/ROB_534_Project/harvest_hardware/Universal_Robots_ROS2_Driver/ur'
[1.960s] INFO:colcon.colcon_core.shell:Skip shell extension 'powershell' for command environment: Not usable outside of PowerShell
[1.960s] DEBUG:colcon.colcon_core.shell:Skip shell extension 'dsv' for command environment
[1.978s] DEBUG:colcon.colcon_core.event_handler.log_command:Invoking command in '/home/imml/git/ROB_534_Project/build/ur': CMAKE_PREFIX_PATH=/home/imml/git/ROB_534_Project/install/ur_calibration:/home/imml/git/ROB_534_Project/install/ur_robot_driver:/home/imml/git/ROB_534_Project/install/ur_moveit_config:/home/imml/git/ROB_534_Project/install/ur_controllers:/home/imml/git/ROB_534_Project/install/ur_description:/home/imml/git/ROB_534_Project/install/ur_dashboard_msgs:/home/imml/git/ROB_534_Project/install/ur:/home/imml/git/ROB_534_Project/install/ur_bringup:/home/imml/git/ROB_534_Project/install/realsense2_description:/home/imml/git/ROB_534_Project/install/realsense2_camera:/home/imml/git/ROB_534_Project/install/realsense2_camera_msgs:/home/imml/git/ROB_534_Project/install/harvest_control:/home/imml/git/ROB_534_Project/install/harvest:/home/imml/git/ROB_534_Project/install/harvest_interfaces:/home/imml/git/ROB_534_Project/install/ur5e_custom_hardware:/home/imml/git/ROB_534_Project/install/harvest_vision:/opt/ros/humble /usr/bin/cmake --build /home/imml/git/ROB_534_Project/build/ur -- -j16 -l16
[2.019s] DEBUG:colcon.colcon_core.event_handler.log_command:Invoked command in '/home/imml/git/ROB_534_Project/build/ur' returned '0': CMAKE_PREFIX_PATH=/home/imml/git/ROB_534_Project/install/ur_calibration:/home/imml/git/ROB_534_Project/install/ur_robot_driver:/home/imml/git/ROB_534_Project/install/ur_moveit_config:/home/imml/git/ROB_534_Project/install/ur_controllers:/home/imml/git/ROB_534_Project/install/ur_description:/home/imml/git/ROB_534_Project/install/ur_dashboard_msgs:/home/imml/git/ROB_534_Project/install/ur:/home/imml/git/ROB_534_Project/install/ur_bringup:/home/imml/git/ROB_534_Project/install/realsense2_description:/home/imml/git/ROB_534_Project/install/realsense2_camera:/home/imml/git/ROB_534_Project/install/realsense2_camera_msgs:/home/imml/git/ROB_534_Project/install/harvest_control:/home/imml/git/ROB_534_Project/install/harvest:/home/imml/git/ROB_534_Project/install/harvest_interfaces:/home/imml/git/ROB_534_Project/install/ur5e_custom_hardware:/home/imml/git/ROB_534_Project/install/harvest_vision:/opt/ros/humble /usr/bin/cmake --build /home/imml/git/ROB_534_Project/build/ur -- -j16 -l16
[2.021s] DEBUG:colcon.colcon_core.event_handler.log_command:Invoking command in '/home/imml/git/ROB_534_Project/build/ur': CMAKE_PREFIX_PATH=/home/imml/git/ROB_534_Project/install/ur_calibration:/home/imml/git/ROB_534_Project/install/ur_robot_driver:/home/imml/git/ROB_534_Project/install/ur_moveit_config:/home/imml/git/ROB_534_Project/install/ur_controllers:/home/imml/git/ROB_534_Project/install/ur_description:/home/imml/git/ROB_534_Project/install/ur_dashboard_msgs:/home/imml/git/ROB_534_Project/install/ur:/home/imml/git/ROB_534_Project/install/ur_bringup:/home/imml/git/ROB_534_Project/install/realsense2_description:/home/imml/git/ROB_534_Project/install/realsense2_camera:/home/imml/git/ROB_534_Project/install/realsense2_camera_msgs:/home/imml/git/ROB_534_Project/install/harvest_control:/home/imml/git/ROB_534_Project/install/harvest:/home/imml/git/ROB_534_Project/install/harvest_interfaces:/home/imml/git/ROB_534_Project/install/ur5e_custom_hardware:/home/imml/git/ROB_534_Project/install/harvest_vision:/opt/ros/humble /usr/bin/cmake --install /home/imml/git/ROB_534_Project/build/ur
[2.044s] Level 1:colcon.colcon_core.environment:create_environment_scripts_only(ur)
[2.044s] Level 1:colcon.colcon_core.environment:checking '/home/imml/git/ROB_534_Project/install/ur' for CMake module files
[2.045s] DEBUG:colcon.colcon_core.event_handler.log_command:Invoked command in '/home/imml/git/ROB_534_Project/build/ur' returned '0': CMAKE_PREFIX_PATH=/home/imml/git/ROB_534_Project/install/ur_calibration:/home/imml/git/ROB_534_Project/install/ur_robot_driver:/home/imml/git/ROB_534_Project/install/ur_moveit_config:/home/imml/git/ROB_534_Project/install/ur_controllers:/home/imml/git/ROB_534_Project/install/ur_description:/home/imml/git/ROB_534_Project/install/ur_dashboard_msgs:/home/imml/git/ROB_534_Project/install/ur:/home/imml/git/ROB_534_Project/install/ur_bringup:/home/imml/git/ROB_534_Project/install/realsense2_description:/home/imml/git/ROB_534_Project/install/realsense2_camera:/home/imml/git/ROB_534_Project/install/realsense2_camera_msgs:/home/imml/git/ROB_534_Project/install/harvest_control:/home/imml/git/ROB_534_Project/install/harvest:/home/imml/git/ROB_534_Project/install/harvest_interfaces:/home/imml/git/ROB_534_Project/install/ur5e_custom_hardware:/home/imml/git/ROB_534_Project/install/harvest_vision:/opt/ros/humble /usr/bin/cmake --install /home/imml/git/ROB_534_Project/build/ur
[2.045s] Level 1:colcon.colcon_core.environment:checking '/home/imml/git/ROB_534_Project/install/ur' for CMake config files
[2.046s] Level 1:colcon.colcon_core.shell:create_environment_hook('ur', 'cmake_prefix_path')
[2.046s] INFO:colcon.colcon_core.shell:Creating environment hook '/home/imml/git/ROB_534_Project/install/ur/share/ur/hook/cmake_prefix_path.ps1'
[2.046s] INFO:colcon.colcon_core.shell:Creating environment descriptor '/home/imml/git/ROB_534_Project/install/ur/share/ur/hook/cmake_prefix_path.dsv'
[2.047s] INFO:colcon.colcon_core.shell:Creating environment hook '/home/imml/git/ROB_534_Project/install/ur/share/ur/hook/cmake_prefix_path.sh'
[2.047s] Level 1:colcon.colcon_core.environment:checking '/home/imml/git/ROB_534_Project/install/ur/bin'
[2.047s] Level 1:colcon.colcon_core.environment:checking '/home/imml/git/ROB_534_Project/install/ur/lib/pkgconfig/ur.pc'
[2.048s] Level 1:colcon.colcon_core.environment:checking '/home/imml/git/ROB_534_Project/install/ur/lib/python3.10/site-packages'
[2.048s] Level 1:colcon.colcon_core.environment:checking '/home/imml/git/ROB_534_Project/install/ur/bin'
[2.048s] INFO:colcon.colcon_core.shell:Creating package script '/home/imml/git/ROB_534_Project/install/ur/share/ur/package.ps1'
[2.049s] INFO:colcon.colcon_core.shell:Creating package descriptor '/home/imml/git/ROB_534_Project/install/ur/share/ur/package.dsv'
[2.049s] INFO:colcon.colcon_core.shell:Creating package script '/home/imml/git/ROB_534_Project/install/ur/share/ur/package.sh'
[2.049s] INFO:colcon.colcon_core.shell:Creating package script '/home/imml/git/ROB_534_Project/install/ur/share/ur/package.bash'
[2.050s] INFO:colcon.colcon_core.shell:Creating package script '/home/imml/git/ROB_534_Project/install/ur/share/ur/package.zsh'
[2.050s] Level 1:colcon.colcon_core.environment:create_file_with_runtime_dependencies(/home/imml/git/ROB_534_Project/install/ur/share/colcon-core/packages/ur)
[2.050s] Level 1:colcon.colcon_core.environment:create_environment_scripts_only(ur)
[2.051s] Level 1:colcon.colcon_core.environment:checking '/home/imml/git/ROB_534_Project/install/ur' for CMake module files
[2.051s] Level 1:colcon.colcon_core.environment:checking '/home/imml/git/ROB_534_Project/install/ur' for CMake config files
[2.051s] Level 1:colcon.colcon_core.shell:create_environment_hook('ur', 'cmake_prefix_path')
[2.052s] INFO:colcon.colcon_core.shell:Creating environment hook '/home/imml/git/ROB_534_Project/install/ur/share/ur/hook/cmake_prefix_path.ps1'
[2.052s] INFO:colcon.colcon_core.shell:Creating environment descriptor '/home/imml/git/ROB_534_Project/install/ur/share/ur/hook/cmake_prefix_path.dsv'
[2.052s] INFO:colcon.colcon_core.shell:Creating environment hook '/home/imml/git/ROB_534_Project/install/ur/share/ur/hook/cmake_prefix_path.sh'
[2.053s] Level 1:colcon.colcon_core.environment:checking '/home/imml/git/ROB_534_Project/install/ur/bin'
[2.053s] Level 1:colcon.colcon_core.environment:checking '/home/imml/git/ROB_534_Project/install/ur/lib/pkgconfig/ur.pc'
[2.053s] Level 1:colcon.colcon_core.environment:checking '/home/imml/git/ROB_534_Project/install/ur/lib/python3.10/site-packages'
[2.053s] Level 1:colcon.colcon_core.environment:checking '/home/imml/git/ROB_534_Project/install/ur/bin'
[2.053s] INFO:colcon.colcon_core.shell:Creating package script '/home/imml/git/ROB_534_Project/install/ur/share/ur/package.ps1'
[2.053s] INFO:colcon.colcon_core.shell:Creating package descriptor '/home/imml/git/ROB_534_Project/install/ur/share/ur/package.dsv'
[2.054s] INFO:colcon.colcon_core.shell:Creating package script '/home/imml/git/ROB_534_Project/install/ur/share/ur/package.sh'
[2.054s] INFO:colcon.colcon_core.shell:Creating package script '/home/imml/git/ROB_534_Project/install/ur/share/ur/package.bash'
[2.054s] INFO:colcon.colcon_core.shell:Creating package script '/home/imml/git/ROB_534_Project/install/ur/share/ur/package.zsh'
[2.055s] Level 1:colcon.colcon_core.environment:create_file_with_runtime_dependencies(/home/imml/git/ROB_534_Project/install/ur/share/colcon-core/packages/ur)
[2.056s] Level 1:colcon.colcon_core.shell:create_environment_hook('harvest_vision', 'pythonpath_develop')
[2.056s] INFO:colcon.colcon_core.shell:Creating environment hook '/home/imml/git/ROB_534_Project/build/harvest_vision/share/harvest_vision/hook/pythonpath_develop.ps1'
[2.056s] DEBUG:colcon.colcon_core.event_handler.log_command:Invoked command in '/home/imml/git/ROB_534_Project/build/harvest_vision' returned '0': CMAKE_PREFIX_PATH=/home/imml/git/ROB_534_Project/install/harvest_interfaces:/home/imml/git/ROB_534_Project/install/ur:/home/imml/git/ROB_534_Project/install/ur_calibration:/home/imml/git/ROB_534_Project/install/ur_robot_driver:/home/imml/git/ROB_534_Project/install/ur_moveit_config:/home/imml/git/ROB_534_Project/install/ur_bringup:/home/imml/git/ROB_534_Project/install/ur_description:/home/imml/git/ROB_534_Project/install/ur_controllers:/home/imml/git/ROB_534_Project/install/ur_dashboard_msgs:/home/imml/git/ROB_534_Project/install/realsense2_description:/home/imml/git/ROB_534_Project/install/realsense2_camera:/home/imml/git/ROB_534_Project/install/realsense2_camera_msgs:/home/imml/git/ROB_534_Project/install/harvest_control:/home/imml/git/ROB_534_Project/install/harvest LD_LIBRARY_PATH=/home/imml/git/ROB_534_Project/install/harvest_interfaces/lib:/home/imml/git/ROB_534_Project/install/ur_robot_driver/lib:/home/imml/git/ROB_534_Project/install/ur_controllers/lib:/home/imml/git/ROB_534_Project/install/ur_dashboard_msgs/lib:/home/imml/git/ROB_534_Project/install/realsense2_camera/lib:/home/imml/git/ROB_534_Project/install/realsense2_camera_msgs/lib:/opt/ros/humble/opt/rviz_ogre_vendor/lib:/opt/ros/humble/lib/x86_64-linux-gnu:/opt/ros/humble/lib PYTHONPATH=/home/imml/git/ROB_534_Project/build/harvest_vision/prefix_override:/usr/lib/python3/dist-packages/colcon_core/task/python/colcon_distutils_commands:/home/imml/git/ROB_534_Project/install/harvest_vision/lib/python3.10/site-packages:${PYTHONPATH} /usr/bin/python3 -W ignore:setup.py install is deprecated -W ignore:easy_install command is deprecated setup.py develop --editable --build-directory /home/imml/git/ROB_534_Project/build/harvest_vision/build --no-deps symlink_data
[2.057s] INFO:colcon.colcon_core.shell:Creating environment descriptor '/home/imml/git/ROB_534_Project/build/harvest_vision/share/harvest_vision/hook/pythonpath_develop.dsv'
[2.057s] INFO:colcon.colcon_core.shell:Creating environment hook '/home/imml/git/ROB_534_Project/build/harvest_vision/share/harvest_vision/hook/pythonpath_develop.sh'
[2.057s] Level 1:colcon.colcon_core.environment:checking '/home/imml/git/ROB_534_Project/install/harvest_vision' for CMake module files
[2.058s] Level 1:colcon.colcon_core.environment:checking '/home/imml/git/ROB_534_Project/install/harvest_vision' for CMake config files
[2.059s] Level 1:colcon.colcon_core.environment:checking '/home/imml/git/ROB_534_Project/install/harvest_vision/lib'
[2.059s] Level 1:colcon.colcon_core.environment:checking '/home/imml/git/ROB_534_Project/install/harvest_vision/bin'
[2.059s] Level 1:colcon.colcon_core.environment:checking '/home/imml/git/ROB_534_Project/install/harvest_vision/lib/pkgconfig/harvest_vision.pc'
[2.059s] Level 1:colcon.colcon_core.environment:checking '/home/imml/git/ROB_534_Project/install/harvest_vision/lib/python3.10/site-packages'
[2.059s] Level 1:colcon.colcon_core.shell:create_environment_hook('harvest_vision', 'pythonpath')
[2.059s] INFO:colcon.colcon_core.shell:Creating environment hook '/home/imml/git/ROB_534_Project/install/harvest_vision/share/harvest_vision/hook/pythonpath.ps1'
[2.060s] INFO:colcon.colcon_core.shell:Creating environment descriptor '/home/imml/git/ROB_534_Project/install/harvest_vision/share/harvest_vision/hook/pythonpath.dsv'
[2.061s] INFO:colcon.colcon_core.shell:Creating environment hook '/home/imml/git/ROB_534_Project/install/harvest_vision/share/harvest_vision/hook/pythonpath.sh'
[2.061s] Level 1:colcon.colcon_core.environment:checking '/home/imml/git/ROB_534_Project/install/harvest_vision/bin'
[2.061s] Level 1:colcon.colcon_core.environment:create_environment_scripts_only(harvest_vision)
[2.062s] INFO:colcon.colcon_core.shell:Creating package script '/home/imml/git/ROB_534_Project/install/harvest_vision/share/harvest_vision/package.ps1'
[2.062s] INFO:colcon.colcon_core.shell:Creating package descriptor '/home/imml/git/ROB_534_Project/install/harvest_vision/share/harvest_vision/package.dsv'
[2.062s] INFO:colcon.colcon_core.shell:Creating package script '/home/imml/git/ROB_534_Project/install/harvest_vision/share/harvest_vision/package.sh'
[2.063s] INFO:colcon.colcon_core.shell:Creating package script '/home/imml/git/ROB_534_Project/install/harvest_vision/share/harvest_vision/package.bash'
[2.063s] INFO:colcon.colcon_core.shell:Creating package script '/home/imml/git/ROB_534_Project/install/harvest_vision/share/harvest_vision/package.zsh'
[2.063s] Level 1:colcon.colcon_core.environment:create_file_with_runtime_dependencies(/home/imml/git/ROB_534_Project/install/harvest_vision/share/colcon-core/packages/harvest_vision)
[8.700s] DEBUG:colcon.colcon_core.event_handler.log_command:Invoked command in '/home/imml/git/ROB_534_Project/build/harvest_control' returned '2': CMAKE_PREFIX_PATH=/home/imml/git/ROB_534_Project/install/harvest_interfaces:/home/imml/git/ROB_534_Project/install/ur:/home/imml/git/ROB_534_Project/install/ur_calibration:/home/imml/git/ROB_534_Project/install/ur_robot_driver:/home/imml/git/ROB_534_Project/install/ur_moveit_config:/home/imml/git/ROB_534_Project/install/ur_bringup:/home/imml/git/ROB_534_Project/install/ur_description:/home/imml/git/ROB_534_Project/install/ur_controllers:/home/imml/git/ROB_534_Project/install/ur_dashboard_msgs:/home/imml/git/ROB_534_Project/install/realsense2_description:/home/imml/git/ROB_534_Project/install/realsense2_camera:/home/imml/git/ROB_534_Project/install/realsense2_camera_msgs:/home/imml/git/ROB_534_Project/install/harvest_control:/home/imml/git/ROB_534_Project/install/harvest:/home/imml/git/ROB_534_Project/install/ur5e_custom_hardware:/home/imml/git/ROB_534_Project/install/harvest_vision:/opt/ros/humble LD_LIBRARY_PATH=/home/imml/git/ROB_534_Project/install/harvest_interfaces/lib:/home/imml/git/ROB_534_Project/install/ur_robot_driver/lib:/home/imml/git/ROB_534_Project/install/ur_controllers/lib:/home/imml/git/ROB_534_Project/install/ur_dashboard_msgs/lib:/home/imml/git/ROB_534_Project/install/realsense2_camera/lib:/home/imml/git/ROB_534_Project/install/realsense2_camera_msgs/lib:/opt/ros/humble/opt/rviz_ogre_vendor/lib:/opt/ros/humble/lib/x86_64-linux-gnu:/opt/ros/humble/lib /usr/bin/cmake --build /home/imml/git/ROB_534_Project/build/harvest_control -- -j16 -l16
[8.700s] Level 1:colcon.colcon_core.environment:create_environment_scripts_only(harvest_control)
[8.700s] Level 1:colcon.colcon_core.environment:checking '/home/imml/git/ROB_534_Project/install/harvest_control' for CMake module files
[8.701s] Level 1:colcon.colcon_core.environment:checking '/home/imml/git/ROB_534_Project/install/harvest_control' for CMake config files
[8.701s] Level 1:colcon.colcon_core.shell:create_environment_hook('harvest_control', 'cmake_prefix_path')
[8.702s] INFO:colcon.colcon_core.shell:Creating environment hook '/home/imml/git/ROB_534_Project/install/harvest_control/share/harvest_control/hook/cmake_prefix_path.ps1'
[8.702s] INFO:colcon.colcon_core.shell:Creating environment descriptor '/home/imml/git/ROB_534_Project/install/harvest_control/share/harvest_control/hook/cmake_prefix_path.dsv'
[8.702s] INFO:colcon.colcon_core.shell:Creating environment hook '/home/imml/git/ROB_534_Project/install/harvest_control/share/harvest_control/hook/cmake_prefix_path.sh'
[8.703s] Level 1:colcon.colcon_core.environment:checking '/home/imml/git/ROB_534_Project/install/harvest_control/lib'
[8.703s] Level 1:colcon.colcon_core.environment:checking '/home/imml/git/ROB_534_Project/install/harvest_control/bin'
[8.703s] Level 1:colcon.colcon_core.environment:checking '/home/imml/git/ROB_534_Project/install/harvest_control/lib/pkgconfig/harvest_control.pc'
[8.703s] Level 1:colcon.colcon_core.environment:checking '/home/imml/git/ROB_534_Project/install/harvest_control/lib/python3.10/site-packages'
[8.703s] Level 1:colcon.colcon_core.environment:checking '/home/imml/git/ROB_534_Project/install/harvest_control/bin'
[8.703s] INFO:colcon.colcon_core.shell:Creating package script '/home/imml/git/ROB_534_Project/install/harvest_control/share/harvest_control/package.ps1'
[8.703s] INFO:colcon.colcon_core.shell:Creating package descriptor '/home/imml/git/ROB_534_Project/install/harvest_control/share/harvest_control/package.dsv'
[8.704s] INFO:colcon.colcon_core.shell:Creating package script '/home/imml/git/ROB_534_Project/install/harvest_control/share/harvest_control/package.sh'
[8.704s] INFO:colcon.colcon_core.shell:Creating package script '/home/imml/git/ROB_534_Project/install/harvest_control/share/harvest_control/package.bash'
[8.704s] INFO:colcon.colcon_core.shell:Creating package script '/home/imml/git/ROB_534_Project/install/harvest_control/share/harvest_control/package.zsh'
[8.705s] Level 1:colcon.colcon_core.environment:create_file_with_runtime_dependencies(/home/imml/git/ROB_534_Project/install/harvest_control/share/colcon-core/packages/harvest_control)
[8.715s] DEBUG:colcon.colcon_parallel_executor.executor.parallel:closing loop
[8.715s] DEBUG:colcon.colcon_parallel_executor.executor.parallel:loop closed
[8.715s] DEBUG:colcon.colcon_parallel_executor.executor.parallel:run_until_complete finished with '2'
[8.715s] DEBUG:colcon.colcon_core.event_reactor:joining thread
[8.720s] INFO:colcon.colcon_core.plugin_system:Skipping extension 'colcon_notification.desktop_notification.terminal_notifier': Not used on non-Darwin systems
[8.720s] INFO:colcon.colcon_core.plugin_system:Skipping extension 'colcon_notification.desktop_notification.win32': Not used on non-Windows systems
[8.720s] INFO:colcon.colcon_notification.desktop_notification:Sending desktop notification using 'notify2'
[8.728s] DEBUG:colcon.colcon_core.event_reactor:joined thread
[8.728s] INFO:colcon.colcon_core.shell:Creating prefix script '/home/imml/git/ROB_534_Project/install/local_setup.ps1'
[8.729s] INFO:colcon.colcon_core.shell:Creating prefix util module '/home/imml/git/ROB_534_Project/install/_local_setup_util_ps1.py'
[8.730s] INFO:colcon.colcon_core.shell:Creating prefix chain script '/home/imml/git/ROB_534_Project/install/setup.ps1'
[8.731s] INFO:colcon.colcon_core.shell:Creating prefix script '/home/imml/git/ROB_534_Project/install/local_setup.sh'
[8.732s] INFO:colcon.colcon_core.shell:Creating prefix util module '/home/imml/git/ROB_534_Project/install/_local_setup_util_sh.py'
[8.732s] INFO:colcon.colcon_core.shell:Creating prefix chain script '/home/imml/git/ROB_534_Project/install/setup.sh'
[8.733s] INFO:colcon.colcon_core.shell:Creating prefix script '/home/imml/git/ROB_534_Project/install/local_setup.bash'
[8.734s] INFO:colcon.colcon_core.shell:Creating prefix chain script '/home/imml/git/ROB_534_Project/install/setup.bash'
[8.735s] INFO:colcon.colcon_core.shell:Creating prefix script '/home/imml/git/ROB_534_Project/install/local_setup.zsh'
[8.735s] INFO:colcon.colcon_core.shell:Creating prefix chain script '/home/imml/git/ROB_534_Project/install/setup.zsh'
