[0.000000] (-) TimerEvent: {}
[0.000743] (harvest_interfaces) JobQueued: {'identifier': 'harvest_interfaces', 'dependencies': OrderedDict()}
[0.000853] (realsense2_camera_msgs) JobQueued: {'identifier': 'realsense2_camera_msgs', 'dependencies': OrderedDict()}
[0.000889] (ur5e_custom_hardware) JobQueued: {'identifier': 'ur5e_custom_hardware', 'dependencies': OrderedDict()}
[0.000907] (ur_dashboard_msgs) JobQueued: {'identifier': 'ur_dashboard_msgs', 'dependencies': OrderedDict()}
[0.000921] (ur_description) JobQueued: {'identifier': 'ur_description', 'dependencies': OrderedDict()}
[0.000937] (harvest) JobQueued: {'identifier': 'harvest', 'dependencies': OrderedDict([('harvest_interfaces', '/home/imml/git/ROB_534_Project/install/harvest_interfaces')])}
[0.000953] (harvest_control) JobQueued: {'identifier': 'harvest_control', 'dependencies': OrderedDict([('harvest_interfaces', '/home/imml/git/ROB_534_Project/install/harvest_interfaces')])}
[0.000968] (harvest_vision) JobQueued: {'identifier': 'harvest_vision', 'dependencies': OrderedDict([('harvest_interfaces', '/home/imml/git/ROB_534_Project/install/harvest_interfaces')])}
[0.000982] (realsense2_camera) JobQueued: {'identifier': 'realsense2_camera', 'dependencies': OrderedDict([('realsense2_camera_msgs', '/home/imml/git/ROB_534_Project/install/realsense2_camera_msgs')])}
[0.000994] (realsense2_description) JobQueued: {'identifier': 'realsense2_description', 'dependencies': OrderedDict([('realsense2_camera_msgs', '/home/imml/git/ROB_534_Project/install/realsense2_camera_msgs')])}
[0.001007] (ur_controllers) JobQueued: {'identifier': 'ur_controllers', 'dependencies': OrderedDict([('ur_dashboard_msgs', '/home/imml/git/ROB_534_Project/install/ur_dashboard_msgs')])}
[0.001019] (ur_moveit_config) JobQueued: {'identifier': 'ur_moveit_config', 'dependencies': OrderedDict([('ur_description', '/home/imml/git/ROB_534_Project/install/ur_description')])}
[0.001031] (ur_bringup) JobQueued: {'identifier': 'ur_bringup', 'dependencies': OrderedDict([('ur_dashboard_msgs', '/home/imml/git/ROB_534_Project/install/ur_dashboard_msgs'), ('ur_description', '/home/imml/git/ROB_534_Project/install/ur_description'), ('ur_controllers', '/home/imml/git/ROB_534_Project/install/ur_controllers')])}
[0.001046] (ur_robot_driver) JobQueued: {'identifier': 'ur_robot_driver', 'dependencies': OrderedDict([('ur_dashboard_msgs', '/home/imml/git/ROB_534_Project/install/ur_dashboard_msgs'), ('ur_description', '/home/imml/git/ROB_534_Project/install/ur_description'), ('ur_controllers', '/home/imml/git/ROB_534_Project/install/ur_controllers')])}
[0.001060] (ur_calibration) JobQueued: {'identifier': 'ur_calibration', 'dependencies': OrderedDict([('ur_dashboard_msgs', '/home/imml/git/ROB_534_Project/install/ur_dashboard_msgs'), ('ur_description', '/home/imml/git/ROB_534_Project/install/ur_description'), ('ur_controllers', '/home/imml/git/ROB_534_Project/install/ur_controllers'), ('ur_robot_driver', '/home/imml/git/ROB_534_Project/install/ur_robot_driver')])}
[0.001075] (ur) JobQueued: {'identifier': 'ur', 'dependencies': OrderedDict([('ur_dashboard_msgs', '/home/imml/git/ROB_534_Project/install/ur_dashboard_msgs'), ('ur_description', '/home/imml/git/ROB_534_Project/install/ur_description'), ('ur_controllers', '/home/imml/git/ROB_534_Project/install/ur_controllers'), ('ur_moveit_config', '/home/imml/git/ROB_534_Project/install/ur_moveit_config'), ('ur_robot_driver', '/home/imml/git/ROB_534_Project/install/ur_robot_driver'), ('ur_calibration', '/home/imml/git/ROB_534_Project/install/ur_calibration')])}
[0.001097] (ur_dashboard_msgs) JobStarted: {'identifier': 'ur_dashboard_msgs'}
[0.004940] (ur_description) JobStarted: {'identifier': 'ur_description'}
[0.007670] (harvest_interfaces) JobStarted: {'identifier': 'harvest_interfaces'}
[0.010072] (realsense2_camera_msgs) JobStarted: {'identifier': 'realsense2_camera_msgs'}
[0.012054] (ur5e_custom_hardware) JobStarted: {'identifier': 'ur5e_custom_hardware'}
[0.016901] (ur_dashboard_msgs) JobProgress: {'identifier': 'ur_dashboard_msgs', 'progress': 'cmake'}
[0.017348] (ur_dashboard_msgs) Command: {'cmd': ['/usr/bin/cmake', '/home/imml/git/ROB_534_Project/harvest_hardware/Universal_Robots_ROS2_Driver/ur_dashboard_msgs', '-DAMENT_CMAKE_SYMLINK_INSTALL=1', '-DCMAKE_INSTALL_PREFIX=/home/imml/git/ROB_534_Project/install/ur_dashboard_msgs'], 'cwd': '/home/imml/git/ROB_534_Project/build/ur_dashboard_msgs', 'env': OrderedDict([('LESSOPEN', '| /usr/bin/lesspipe %s'), ('USER', 'imml'), ('XDG_SESSION_TYPE', 'wayland'), ('SHLVL', '1'), ('LD_LIBRARY_PATH', '/opt/ros/humble/opt/rviz_ogre_vendor/lib:/opt/ros/humble/lib/x86_64-linux-gnu:/opt/ros/humble/lib'), ('HOME', '/home/imml'), ('OLDPWD', '/home/imml'), ('DESKTOP_SESSION', 'ubuntu'), ('ROS_PYTHON_VERSION', '3'), ('GNOME_SHELL_SESSION_MODE', 'ubuntu'), ('GTK_MODULES', 'gail:atk-bridge'), ('SYSTEMD_EXEC_PID', '35967'), ('DBUS_SESSION_BUS_ADDRESS', 'unix:path=/run/user/1000/bus'), ('COLORTERM', 'truecolor'), ('IM_CONFIG_PHASE', '1'), ('WAYLAND_DISPLAY', 'wayland-0'), ('ROS_DISTRO', 'humble'), ('LOGNAME', 'imml'), ('_', '/usr/bin/colcon'), ('ROS_VERSION', '2'), ('XDG_SESSION_CLASS', 'user'), ('USERNAME', 'imml'), ('TERM', 'xterm-256color'), ('GNOME_DESKTOP_SESSION_ID', 'this-is-deprecated'), ('ROS_LOCALHOST_ONLY', '0'), ('PATH', '/opt/ros/humble/bin:/home/imml/.local/bin:/usr/local/sbin:/usr/local/bin:/usr/sbin:/usr/bin:/sbin:/bin:/usr/games:/usr/local/games:/snap/bin:/snap/bin'), ('SESSION_MANAGER', 'local/imml-ROG-Zephyrus:@/tmp/.ICE-unix/1689,unix/imml-ROG-Zephyrus:/tmp/.ICE-unix/1689'), ('XDG_MENU_PREFIX', 'gnome-'), ('GNOME_TERMINAL_SCREEN', '/org/gnome/Terminal/screen/00ec7be0_5807_4f11_8254_b2b90de30782'), ('GNOME_SETUP_DISPLAY', ':1'), ('XDG_RUNTIME_DIR', '/run/user/1000'), ('DISPLAY', ':0'), ('LANG', 'en_US.UTF-8'), ('XDG_CURRENT_DESKTOP', 'ubuntu:GNOME'), ('XMODIFIERS', '@im=ibus'), ('XDG_SESSION_DESKTOP', 'ubuntu'), ('XAUTHORITY', '/run/user/1000/.mutter-Xwaylandauth.48T012'), ('LS_COLORS', 'rs=0:di=01;34:ln=01;36:mh=00:pi=40;33:so=01;35:do=01;35:bd=40;33;01:cd=40;33;01:or=40;31;01:mi=00:su=37;41:sg=30;43:ca=30;41:tw=30;42:ow=34;42:st=37;44:ex=01;32:*.tar=01;31:*.tgz=01;31:*.arc=01;31:*.arj=01;31:*.taz=01;31:*.lha=01;31:*.lz4=01;31:*.lzh=01;31:*.lzma=01;31:*.tlz=01;31:*.txz=01;31:*.tzo=01;31:*.t7z=01;31:*.zip=01;31:*.z=01;31:*.dz=01;31:*.gz=01;31:*.lrz=01;31:*.lz=01;31:*.lzo=01;31:*.xz=01;31:*.zst=01;31:*.tzst=01;31:*.bz2=01;31:*.bz=01;31:*.tbz=01;31:*.tbz2=01;31:*.tz=01;31:*.deb=01;31:*.rpm=01;31:*.jar=01;31:*.war=01;31:*.ear=01;31:*.sar=01;31:*.rar=01;31:*.alz=01;31:*.ace=01;31:*.zoo=01;31:*.cpio=01;31:*.7z=01;31:*.rz=01;31:*.cab=01;31:*.wim=01;31:*.swm=01;31:*.dwm=01;31:*.esd=01;31:*.jpg=01;35:*.jpeg=01;35:*.mjpg=01;35:*.mjpeg=01;35:*.gif=01;35:*.bmp=01;35:*.pbm=01;35:*.pgm=01;35:*.ppm=01;35:*.tga=01;35:*.xbm=01;35:*.xpm=01;35:*.tif=01;35:*.tiff=01;35:*.png=01;35:*.svg=01;35:*.svgz=01;35:*.mng=01;35:*.pcx=01;35:*.mov=01;35:*.mpg=01;35:*.mpeg=01;35:*.m2v=01;35:*.mkv=01;35:*.webm=01;35:*.webp=01;35:*.ogm=01;35:*.mp4=01;35:*.m4v=01;35:*.mp4v=01;35:*.vob=01;35:*.qt=01;35:*.nuv=01;35:*.wmv=01;35:*.asf=01;35:*.rm=01;35:*.rmvb=01;35:*.flc=01;35:*.avi=01;35:*.fli=01;35:*.flv=01;35:*.gl=01;35:*.dl=01;35:*.xcf=01;35:*.xwd=01;35:*.yuv=01;35:*.cgm=01;35:*.emf=01;35:*.ogv=01;35:*.ogx=01;35:*.aac=00;36:*.au=00;36:*.flac=00;36:*.m4a=00;36:*.mid=00;36:*.midi=00;36:*.mka=00;36:*.mp3=00;36:*.mpc=00;36:*.ogg=00;36:*.ra=00;36:*.wav=00;36:*.oga=00;36:*.opus=00;36:*.spx=00;36:*.xspf=00;36:'), ('GNOME_TERMINAL_SERVICE', ':1.315'), ('SSH_AGENT_LAUNCHER', 'gnome-keyring'), ('SSH_AUTH_SOCK', '/run/user/1000/keyring/ssh'), ('AMENT_PREFIX_PATH', '/opt/ros/humble'), ('SHELL', '/bin/bash'), ('QT_ACCESSIBILITY', '1'), ('GDMSESSION', 'ubuntu'), ('LESSCLOSE', '/usr/bin/lesspipe %s %s'), ('QT_IM_MODULE', 'ibus'), ('PWD', '/home/imml/git/ROB_534_Project/build/ur_dashboard_msgs'), ('LC_ALL', 'en_US.UTF-8'), ('XDG_CONFIG_DIRS', '/etc/xdg/xdg-ubuntu:/etc/xdg'), ('XDG_DATA_DIRS', '/usr/share/ubuntu:/usr/local/share/:/usr/share/:/var/lib/snapd/desktop'), ('PYTHONPATH', '/opt/ros/humble/lib/python3.10/site-packages:/opt/ros/humble/local/lib/python3.10/dist-packages'), ('COLCON', '1'), ('VTE_VERSION', '6800'), ('CMAKE_PREFIX_PATH', '/opt/ros/humble')]), 'shell': False}
[0.018898] (ur_description) JobProgress: {'identifier': 'ur_description', 'progress': 'cmake'}
[0.019233] (ur_description) Command: {'cmd': ['/usr/bin/cmake', '/home/imml/git/ROB_534_Project/harvest_hardware/Universal_Robots_ROS2_Description', '-DAMENT_CMAKE_SYMLINK_INSTALL=1', '-DCMAKE_INSTALL_PREFIX=/home/imml/git/ROB_534_Project/install/ur_description'], 'cwd': '/home/imml/git/ROB_534_Project/build/ur_description', 'env': OrderedDict([('LESSOPEN', '| /usr/bin/lesspipe %s'), ('USER', 'imml'), ('XDG_SESSION_TYPE', 'wayland'), ('SHLVL', '1'), ('LD_LIBRARY_PATH', '/opt/ros/humble/opt/rviz_ogre_vendor/lib:/opt/ros/humble/lib/x86_64-linux-gnu:/opt/ros/humble/lib'), ('HOME', '/home/imml'), ('OLDPWD', '/home/imml'), ('DESKTOP_SESSION', 'ubuntu'), ('ROS_PYTHON_VERSION', '3'), ('GNOME_SHELL_SESSION_MODE', 'ubuntu'), ('GTK_MODULES', 'gail:atk-bridge'), ('SYSTEMD_EXEC_PID', '35967'), ('DBUS_SESSION_BUS_ADDRESS', 'unix:path=/run/user/1000/bus'), ('COLORTERM', 'truecolor'), ('IM_CONFIG_PHASE', '1'), ('WAYLAND_DISPLAY', 'wayland-0'), ('ROS_DISTRO', 'humble'), ('LOGNAME', 'imml'), ('_', '/usr/bin/colcon'), ('ROS_VERSION', '2'), ('XDG_SESSION_CLASS', 'user'), ('USERNAME', 'imml'), ('TERM', 'xterm-256color'), ('GNOME_DESKTOP_SESSION_ID', 'this-is-deprecated'), ('ROS_LOCALHOST_ONLY', '0'), ('PATH', '/opt/ros/humble/bin:/home/imml/.local/bin:/usr/local/sbin:/usr/local/bin:/usr/sbin:/usr/bin:/sbin:/bin:/usr/games:/usr/local/games:/snap/bin:/snap/bin'), ('SESSION_MANAGER', 'local/imml-ROG-Zephyrus:@/tmp/.ICE-unix/1689,unix/imml-ROG-Zephyrus:/tmp/.ICE-unix/1689'), ('XDG_MENU_PREFIX', 'gnome-'), ('GNOME_TERMINAL_SCREEN', '/org/gnome/Terminal/screen/00ec7be0_5807_4f11_8254_b2b90de30782'), ('GNOME_SETUP_DISPLAY', ':1'), ('XDG_RUNTIME_DIR', '/run/user/1000'), ('DISPLAY', ':0'), ('LANG', 'en_US.UTF-8'), ('XDG_CURRENT_DESKTOP', 'ubuntu:GNOME'), ('XMODIFIERS', '@im=ibus'), ('XDG_SESSION_DESKTOP', 'ubuntu'), ('XAUTHORITY', '/run/user/1000/.mutter-Xwaylandauth.48T012'), ('LS_COLORS', 'rs=0:di=01;34:ln=01;36:mh=00:pi=40;33:so=01;35:do=01;35:bd=40;33;01:cd=40;33;01:or=40;31;01:mi=00:su=37;41:sg=30;43:ca=30;41:tw=30;42:ow=34;42:st=37;44:ex=01;32:*.tar=01;31:*.tgz=01;31:*.arc=01;31:*.arj=01;31:*.taz=01;31:*.lha=01;31:*.lz4=01;31:*.lzh=01;31:*.lzma=01;31:*.tlz=01;31:*.txz=01;31:*.tzo=01;31:*.t7z=01;31:*.zip=01;31:*.z=01;31:*.dz=01;31:*.gz=01;31:*.lrz=01;31:*.lz=01;31:*.lzo=01;31:*.xz=01;31:*.zst=01;31:*.tzst=01;31:*.bz2=01;31:*.bz=01;31:*.tbz=01;31:*.tbz2=01;31:*.tz=01;31:*.deb=01;31:*.rpm=01;31:*.jar=01;31:*.war=01;31:*.ear=01;31:*.sar=01;31:*.rar=01;31:*.alz=01;31:*.ace=01;31:*.zoo=01;31:*.cpio=01;31:*.7z=01;31:*.rz=01;31:*.cab=01;31:*.wim=01;31:*.swm=01;31:*.dwm=01;31:*.esd=01;31:*.jpg=01;35:*.jpeg=01;35:*.mjpg=01;35:*.mjpeg=01;35:*.gif=01;35:*.bmp=01;35:*.pbm=01;35:*.pgm=01;35:*.ppm=01;35:*.tga=01;35:*.xbm=01;35:*.xpm=01;35:*.tif=01;35:*.tiff=01;35:*.png=01;35:*.svg=01;35:*.svgz=01;35:*.mng=01;35:*.pcx=01;35:*.mov=01;35:*.mpg=01;35:*.mpeg=01;35:*.m2v=01;35:*.mkv=01;35:*.webm=01;35:*.webp=01;35:*.ogm=01;35:*.mp4=01;35:*.m4v=01;35:*.mp4v=01;35:*.vob=01;35:*.qt=01;35:*.nuv=01;35:*.wmv=01;35:*.asf=01;35:*.rm=01;35:*.rmvb=01;35:*.flc=01;35:*.avi=01;35:*.fli=01;35:*.flv=01;35:*.gl=01;35:*.dl=01;35:*.xcf=01;35:*.xwd=01;35:*.yuv=01;35:*.cgm=01;35:*.emf=01;35:*.ogv=01;35:*.ogx=01;35:*.aac=00;36:*.au=00;36:*.flac=00;36:*.m4a=00;36:*.mid=00;36:*.midi=00;36:*.mka=00;36:*.mp3=00;36:*.mpc=00;36:*.ogg=00;36:*.ra=00;36:*.wav=00;36:*.oga=00;36:*.opus=00;36:*.spx=00;36:*.xspf=00;36:'), ('GNOME_TERMINAL_SERVICE', ':1.315'), ('SSH_AGENT_LAUNCHER', 'gnome-keyring'), ('SSH_AUTH_SOCK', '/run/user/1000/keyring/ssh'), ('AMENT_PREFIX_PATH', '/opt/ros/humble'), ('SHELL', '/bin/bash'), ('QT_ACCESSIBILITY', '1'), ('GDMSESSION', 'ubuntu'), ('LESSCLOSE', '/usr/bin/lesspipe %s %s'), ('QT_IM_MODULE', 'ibus'), ('PWD', '/home/imml/git/ROB_534_Project/build/ur_description'), ('LC_ALL', 'en_US.UTF-8'), ('XDG_CONFIG_DIRS', '/etc/xdg/xdg-ubuntu:/etc/xdg'), ('XDG_DATA_DIRS', '/usr/share/ubuntu:/usr/local/share/:/usr/share/:/var/lib/snapd/desktop'), ('PYTHONPATH', '/opt/ros/humble/lib/python3.10/site-packages:/opt/ros/humble/local/lib/python3.10/dist-packages'), ('COLCON', '1'), ('VTE_VERSION', '6800'), ('CMAKE_PREFIX_PATH', '/opt/ros/humble')]), 'shell': False}
[0.020191] (harvest_interfaces) JobProgress: {'identifier': 'harvest_interfaces', 'progress': 'cmake'}
[0.020531] (harvest_interfaces) Command: {'cmd': ['/usr/bin/cmake', '/home/imml/git/ROB_534_Project/harvest_interfaces', '-DAMENT_CMAKE_SYMLINK_INSTALL=1', '-DCMAKE_INSTALL_PREFIX=/home/imml/git/ROB_534_Project/install/harvest_interfaces'], 'cwd': '/home/imml/git/ROB_534_Project/build/harvest_interfaces', 'env': OrderedDict([('LESSOPEN', '| /usr/bin/lesspipe %s'), ('USER', 'imml'), ('XDG_SESSION_TYPE', 'wayland'), ('SHLVL', '1'), ('LD_LIBRARY_PATH', '/opt/ros/humble/opt/rviz_ogre_vendor/lib:/opt/ros/humble/lib/x86_64-linux-gnu:/opt/ros/humble/lib'), ('HOME', '/home/imml'), ('OLDPWD', '/home/imml'), ('DESKTOP_SESSION', 'ubuntu'), ('ROS_PYTHON_VERSION', '3'), ('GNOME_SHELL_SESSION_MODE', 'ubuntu'), ('GTK_MODULES', 'gail:atk-bridge'), ('SYSTEMD_EXEC_PID', '35967'), ('DBUS_SESSION_BUS_ADDRESS', 'unix:path=/run/user/1000/bus'), ('COLORTERM', 'truecolor'), ('IM_CONFIG_PHASE', '1'), ('WAYLAND_DISPLAY', 'wayland-0'), ('ROS_DISTRO', 'humble'), ('LOGNAME', 'imml'), ('_', '/usr/bin/colcon'), ('ROS_VERSION', '2'), ('XDG_SESSION_CLASS', 'user'), ('USERNAME', 'imml'), ('TERM', 'xterm-256color'), ('GNOME_DESKTOP_SESSION_ID', 'this-is-deprecated'), ('ROS_LOCALHOST_ONLY', '0'), ('PATH', '/opt/ros/humble/bin:/home/imml/.local/bin:/usr/local/sbin:/usr/local/bin:/usr/sbin:/usr/bin:/sbin:/bin:/usr/games:/usr/local/games:/snap/bin:/snap/bin'), ('SESSION_MANAGER', 'local/imml-ROG-Zephyrus:@/tmp/.ICE-unix/1689,unix/imml-ROG-Zephyrus:/tmp/.ICE-unix/1689'), ('XDG_MENU_PREFIX', 'gnome-'), ('GNOME_TERMINAL_SCREEN', '/org/gnome/Terminal/screen/00ec7be0_5807_4f11_8254_b2b90de30782'), ('GNOME_SETUP_DISPLAY', ':1'), ('XDG_RUNTIME_DIR', '/run/user/1000'), ('DISPLAY', ':0'), ('LANG', 'en_US.UTF-8'), ('XDG_CURRENT_DESKTOP', 'ubuntu:GNOME'), ('XMODIFIERS', '@im=ibus'), ('XDG_SESSION_DESKTOP', 'ubuntu'), ('XAUTHORITY', '/run/user/1000/.mutter-Xwaylandauth.48T012'), ('LS_COLORS', 'rs=0:di=01;34:ln=01;36:mh=00:pi=40;33:so=01;35:do=01;35:bd=40;33;01:cd=40;33;01:or=40;31;01:mi=00:su=37;41:sg=30;43:ca=30;41:tw=30;42:ow=34;42:st=37;44:ex=01;32:*.tar=01;31:*.tgz=01;31:*.arc=01;31:*.arj=01;31:*.taz=01;31:*.lha=01;31:*.lz4=01;31:*.lzh=01;31:*.lzma=01;31:*.tlz=01;31:*.txz=01;31:*.tzo=01;31:*.t7z=01;31:*.zip=01;31:*.z=01;31:*.dz=01;31:*.gz=01;31:*.lrz=01;31:*.lz=01;31:*.lzo=01;31:*.xz=01;31:*.zst=01;31:*.tzst=01;31:*.bz2=01;31:*.bz=01;31:*.tbz=01;31:*.tbz2=01;31:*.tz=01;31:*.deb=01;31:*.rpm=01;31:*.jar=01;31:*.war=01;31:*.ear=01;31:*.sar=01;31:*.rar=01;31:*.alz=01;31:*.ace=01;31:*.zoo=01;31:*.cpio=01;31:*.7z=01;31:*.rz=01;31:*.cab=01;31:*.wim=01;31:*.swm=01;31:*.dwm=01;31:*.esd=01;31:*.jpg=01;35:*.jpeg=01;35:*.mjpg=01;35:*.mjpeg=01;35:*.gif=01;35:*.bmp=01;35:*.pbm=01;35:*.pgm=01;35:*.ppm=01;35:*.tga=01;35:*.xbm=01;35:*.xpm=01;35:*.tif=01;35:*.tiff=01;35:*.png=01;35:*.svg=01;35:*.svgz=01;35:*.mng=01;35:*.pcx=01;35:*.mov=01;35:*.mpg=01;35:*.mpeg=01;35:*.m2v=01;35:*.mkv=01;35:*.webm=01;35:*.webp=01;35:*.ogm=01;35:*.mp4=01;35:*.m4v=01;35:*.mp4v=01;35:*.vob=01;35:*.qt=01;35:*.nuv=01;35:*.wmv=01;35:*.asf=01;35:*.rm=01;35:*.rmvb=01;35:*.flc=01;35:*.avi=01;35:*.fli=01;35:*.flv=01;35:*.gl=01;35:*.dl=01;35:*.xcf=01;35:*.xwd=01;35:*.yuv=01;35:*.cgm=01;35:*.emf=01;35:*.ogv=01;35:*.ogx=01;35:*.aac=00;36:*.au=00;36:*.flac=00;36:*.m4a=00;36:*.mid=00;36:*.midi=00;36:*.mka=00;36:*.mp3=00;36:*.mpc=00;36:*.ogg=00;36:*.ra=00;36:*.wav=00;36:*.oga=00;36:*.opus=00;36:*.spx=00;36:*.xspf=00;36:'), ('GNOME_TERMINAL_SERVICE', ':1.315'), ('SSH_AGENT_LAUNCHER', 'gnome-keyring'), ('SSH_AUTH_SOCK', '/run/user/1000/keyring/ssh'), ('AMENT_PREFIX_PATH', '/opt/ros/humble'), ('SHELL', '/bin/bash'), ('QT_ACCESSIBILITY', '1'), ('GDMSESSION', 'ubuntu'), ('LESSCLOSE', '/usr/bin/lesspipe %s %s'), ('QT_IM_MODULE', 'ibus'), ('PWD', '/home/imml/git/ROB_534_Project/build/harvest_interfaces'), ('LC_ALL', 'en_US.UTF-8'), ('XDG_CONFIG_DIRS', '/etc/xdg/xdg-ubuntu:/etc/xdg'), ('XDG_DATA_DIRS', '/usr/share/ubuntu:/usr/local/share/:/usr/share/:/var/lib/snapd/desktop'), ('PYTHONPATH', '/opt/ros/humble/lib/python3.10/site-packages:/opt/ros/humble/local/lib/python3.10/dist-packages'), ('COLCON', '1'), ('VTE_VERSION', '6800'), ('CMAKE_PREFIX_PATH', '/opt/ros/humble')]), 'shell': False}
[0.021537] (realsense2_camera_msgs) JobProgress: {'identifier': 'realsense2_camera_msgs', 'progress': 'cmake'}
[0.021811] (realsense2_camera_msgs) Command: {'cmd': ['/usr/bin/cmake', '/home/imml/git/ROB_534_Project/harvest_hardware/realsense-ros/realsense2_camera_msgs', '-DAMENT_CMAKE_SYMLINK_INSTALL=1', '-DCMAKE_INSTALL_PREFIX=/home/imml/git/ROB_534_Project/install/realsense2_camera_msgs'], 'cwd': '/home/imml/git/ROB_534_Project/build/realsense2_camera_msgs', 'env': OrderedDict([('LESSOPEN', '| /usr/bin/lesspipe %s'), ('USER', 'imml'), ('XDG_SESSION_TYPE', 'wayland'), ('SHLVL', '1'), ('LD_LIBRARY_PATH', '/opt/ros/humble/opt/rviz_ogre_vendor/lib:/opt/ros/humble/lib/x86_64-linux-gnu:/opt/ros/humble/lib'), ('HOME', '/home/imml'), ('OLDPWD', '/home/imml'), ('DESKTOP_SESSION', 'ubuntu'), ('ROS_PYTHON_VERSION', '3'), ('GNOME_SHELL_SESSION_MODE', 'ubuntu'), ('GTK_MODULES', 'gail:atk-bridge'), ('SYSTEMD_EXEC_PID', '35967'), ('DBUS_SESSION_BUS_ADDRESS', 'unix:path=/run/user/1000/bus'), ('COLORTERM', 'truecolor'), ('IM_CONFIG_PHASE', '1'), ('WAYLAND_DISPLAY', 'wayland-0'), ('ROS_DISTRO', 'humble'), ('LOGNAME', 'imml'), ('_', '/usr/bin/colcon'), ('ROS_VERSION', '2'), ('XDG_SESSION_CLASS', 'user'), ('USERNAME', 'imml'), ('TERM', 'xterm-256color'), ('GNOME_DESKTOP_SESSION_ID', 'this-is-deprecated'), ('ROS_LOCALHOST_ONLY', '0'), ('PATH', '/opt/ros/humble/bin:/home/imml/.local/bin:/usr/local/sbin:/usr/local/bin:/usr/sbin:/usr/bin:/sbin:/bin:/usr/games:/usr/local/games:/snap/bin:/snap/bin'), ('SESSION_MANAGER', 'local/imml-ROG-Zephyrus:@/tmp/.ICE-unix/1689,unix/imml-ROG-Zephyrus:/tmp/.ICE-unix/1689'), ('XDG_MENU_PREFIX', 'gnome-'), ('GNOME_TERMINAL_SCREEN', '/org/gnome/Terminal/screen/00ec7be0_5807_4f11_8254_b2b90de30782'), ('GNOME_SETUP_DISPLAY', ':1'), ('XDG_RUNTIME_DIR', '/run/user/1000'), ('DISPLAY', ':0'), ('LANG', 'en_US.UTF-8'), ('XDG_CURRENT_DESKTOP', 'ubuntu:GNOME'), ('XMODIFIERS', '@im=ibus'), ('XDG_SESSION_DESKTOP', 'ubuntu'), ('XAUTHORITY', '/run/user/1000/.mutter-Xwaylandauth.48T012'), ('LS_COLORS', 'rs=0:di=01;34:ln=01;36:mh=00:pi=40;33:so=01;35:do=01;35:bd=40;33;01:cd=40;33;01:or=40;31;01:mi=00:su=37;41:sg=30;43:ca=30;41:tw=30;42:ow=34;42:st=37;44:ex=01;32:*.tar=01;31:*.tgz=01;31:*.arc=01;31:*.arj=01;31:*.taz=01;31:*.lha=01;31:*.lz4=01;31:*.lzh=01;31:*.lzma=01;31:*.tlz=01;31:*.txz=01;31:*.tzo=01;31:*.t7z=01;31:*.zip=01;31:*.z=01;31:*.dz=01;31:*.gz=01;31:*.lrz=01;31:*.lz=01;31:*.lzo=01;31:*.xz=01;31:*.zst=01;31:*.tzst=01;31:*.bz2=01;31:*.bz=01;31:*.tbz=01;31:*.tbz2=01;31:*.tz=01;31:*.deb=01;31:*.rpm=01;31:*.jar=01;31:*.war=01;31:*.ear=01;31:*.sar=01;31:*.rar=01;31:*.alz=01;31:*.ace=01;31:*.zoo=01;31:*.cpio=01;31:*.7z=01;31:*.rz=01;31:*.cab=01;31:*.wim=01;31:*.swm=01;31:*.dwm=01;31:*.esd=01;31:*.jpg=01;35:*.jpeg=01;35:*.mjpg=01;35:*.mjpeg=01;35:*.gif=01;35:*.bmp=01;35:*.pbm=01;35:*.pgm=01;35:*.ppm=01;35:*.tga=01;35:*.xbm=01;35:*.xpm=01;35:*.tif=01;35:*.tiff=01;35:*.png=01;35:*.svg=01;35:*.svgz=01;35:*.mng=01;35:*.pcx=01;35:*.mov=01;35:*.mpg=01;35:*.mpeg=01;35:*.m2v=01;35:*.mkv=01;35:*.webm=01;35:*.webp=01;35:*.ogm=01;35:*.mp4=01;35:*.m4v=01;35:*.mp4v=01;35:*.vob=01;35:*.qt=01;35:*.nuv=01;35:*.wmv=01;35:*.asf=01;35:*.rm=01;35:*.rmvb=01;35:*.flc=01;35:*.avi=01;35:*.fli=01;35:*.flv=01;35:*.gl=01;35:*.dl=01;35:*.xcf=01;35:*.xwd=01;35:*.yuv=01;35:*.cgm=01;35:*.emf=01;35:*.ogv=01;35:*.ogx=01;35:*.aac=00;36:*.au=00;36:*.flac=00;36:*.m4a=00;36:*.mid=00;36:*.midi=00;36:*.mka=00;36:*.mp3=00;36:*.mpc=00;36:*.ogg=00;36:*.ra=00;36:*.wav=00;36:*.oga=00;36:*.opus=00;36:*.spx=00;36:*.xspf=00;36:'), ('GNOME_TERMINAL_SERVICE', ':1.315'), ('SSH_AGENT_LAUNCHER', 'gnome-keyring'), ('SSH_AUTH_SOCK', '/run/user/1000/keyring/ssh'), ('AMENT_PREFIX_PATH', '/opt/ros/humble'), ('SHELL', '/bin/bash'), ('QT_ACCESSIBILITY', '1'), ('GDMSESSION', 'ubuntu'), ('LESSCLOSE', '/usr/bin/lesspipe %s %s'), ('QT_IM_MODULE', 'ibus'), ('PWD', '/home/imml/git/ROB_534_Project/build/realsense2_camera_msgs'), ('LC_ALL', 'en_US.UTF-8'), ('XDG_CONFIG_DIRS', '/etc/xdg/xdg-ubuntu:/etc/xdg'), ('XDG_DATA_DIRS', '/usr/share/ubuntu:/usr/local/share/:/usr/share/:/var/lib/snapd/desktop'), ('PYTHONPATH', '/opt/ros/humble/lib/python3.10/site-packages:/opt/ros/humble/local/lib/python3.10/dist-packages'), ('COLCON', '1'), ('VTE_VERSION', '6800'), ('CMAKE_PREFIX_PATH', '/opt/ros/humble')]), 'shell': False}
[0.061325] (ur_dashboard_msgs) StdoutLine: {'line': b'-- The C compiler identification is GNU 11.4.0\n'}
[0.061521] (ur_description) StdoutLine: {'line': b'-- The C compiler identification is GNU 11.4.0\n'}
[0.061594] (harvest_interfaces) StdoutLine: {'line': b'-- The C compiler identification is GNU 11.4.0\n'}
[0.062121] (realsense2_camera_msgs) StdoutLine: {'line': b'-- The C compiler identification is GNU 11.4.0\n'}
[0.099824] (-) TimerEvent: {}
[0.104857] (ur_dashboard_msgs) StdoutLine: {'line': b'-- The CXX compiler identification is GNU 11.4.0\n'}
[0.105024] (harvest_interfaces) StdoutLine: {'line': b'-- The CXX compiler identification is GNU 11.4.0\n'}
[0.105093] (ur_description) StdoutLine: {'line': b'-- The CXX compiler identification is GNU 11.4.0\n'}
[0.105152] (realsense2_camera_msgs) StdoutLine: {'line': b'-- The CXX compiler identification is GNU 11.4.0\n'}
[0.110325] (ur_dashboard_msgs) StdoutLine: {'line': b'-- Detecting C compiler ABI info\n'}
[0.110412] (ur_description) StdoutLine: {'line': b'-- Detecting C compiler ABI info\n'}
[0.110525] (realsense2_camera_msgs) StdoutLine: {'line': b'-- Detecting C compiler ABI info\n'}
[0.110587] (harvest_interfaces) StdoutLine: {'line': b'-- Detecting C compiler ABI info\n'}
[0.164784] (realsense2_camera_msgs) StdoutLine: {'line': b'-- Detecting C compiler ABI info - done\n'}
[0.165006] (ur_dashboard_msgs) StdoutLine: {'line': b'-- Detecting C compiler ABI info - done\n'}
[0.165065] (ur_description) StdoutLine: {'line': b'-- Detecting C compiler ABI info - done\n'}
[0.165116] (harvest_interfaces) StdoutLine: {'line': b'-- Detecting C compiler ABI info - done\n'}
[0.169809] (ur_dashboard_msgs) StdoutLine: {'line': b'-- Check for working C compiler: /usr/bin/cc - skipped\n'}
[0.169924] (ur_description) StdoutLine: {'line': b'-- Check for working C compiler: /usr/bin/cc - skipped\n'}
[0.170031] (ur_dashboard_msgs) StdoutLine: {'line': b'-- Detecting C compile features\n'}
[0.170116] (realsense2_camera_msgs) StdoutLine: {'line': b'-- Check for working C compiler: /usr/bin/cc - skipped\n'}
[0.170202] (ur_description) StdoutLine: {'line': b'-- Detecting C compile features\n'}
[0.170299] (ur_dashboard_msgs) StdoutLine: {'line': b'-- Detecting C compile features - done\n'}
[0.170391] (realsense2_camera_msgs) StdoutLine: {'line': b'-- Detecting C compile features\n'}
[0.170450] (ur_description) StdoutLine: {'line': b'-- Detecting C compile features - done\n'}
[0.170564] (harvest_interfaces) StdoutLine: {'line': b'-- Check for working C compiler: /usr/bin/cc - skipped\n'}
[0.170621] (realsense2_camera_msgs) StdoutLine: {'line': b'-- Detecting C compile features - done\n'}
[0.170670] (harvest_interfaces) StdoutLine: {'line': b'-- Detecting C compile features\n'}
[0.170797] (harvest_interfaces) StdoutLine: {'line': b'-- Detecting C compile features - done\n'}
[0.172437] (ur_dashboard_msgs) StdoutLine: {'line': b'-- Detecting CXX compiler ABI info\n'}
[0.172545] (ur_description) StdoutLine: {'line': b'-- Detecting CXX compiler ABI info\n'}
[0.172647] (realsense2_camera_msgs) StdoutLine: {'line': b'-- Detecting CXX compiler ABI info\n'}
[0.172974] (harvest_interfaces) StdoutLine: {'line': b'-- Detecting CXX compiler ABI info\n'}
[0.199910] (-) TimerEvent: {}
[0.239254] (harvest_interfaces) StdoutLine: {'line': b'-- Detecting CXX compiler ABI info - done\n'}
[0.239438] (ur_description) StdoutLine: {'line': b'-- Detecting CXX compiler ABI info - done\n'}
[0.239525] (ur_dashboard_msgs) StdoutLine: {'line': b'-- Detecting CXX compiler ABI info - done\n'}
[0.239601] (realsense2_camera_msgs) StdoutLine: {'line': b'-- Detecting CXX compiler ABI info - done\n'}
[0.244575] (harvest_interfaces) StdoutLine: {'line': b'-- Check for working CXX compiler: /usr/bin/c++ - skipped\n'}
[0.244711] (harvest_interfaces) StdoutLine: {'line': b'-- Detecting CXX compile features\n'}
[0.244979] (ur_description) StdoutLine: {'line': b'-- Check for working CXX compiler: /usr/bin/c++ - skipped\n'}
[0.245057] (harvest_interfaces) StdoutLine: {'line': b'-- Detecting CXX compile features - done\n'}
[0.245193] (ur_description) StdoutLine: {'line': b'-- Detecting CXX compile features\n'}
[0.245558] (ur_description) StdoutLine: {'line': b'-- Detecting CXX compile features - done\n'}
[0.246361] (ur_dashboard_msgs) StdoutLine: {'line': b'-- Check for working CXX compiler: /usr/bin/c++ - skipped\n'}
[0.246482] (realsense2_camera_msgs) StdoutLine: {'line': b'-- Check for working CXX compiler: /usr/bin/c++ - skipped\n'}
[0.247117] (ur_dashboard_msgs) StdoutLine: {'line': b'-- Detecting CXX compile features\n'}
[0.247172] (ur_dashboard_msgs) StdoutLine: {'line': b'-- Detecting CXX compile features - done\n'}
[0.247216] (realsense2_camera_msgs) StdoutLine: {'line': b'-- Detecting CXX compile features\n'}
[0.247311] (realsense2_camera_msgs) StdoutLine: {'line': b'-- Detecting CXX compile features - done\n'}
[0.247766] (harvest_interfaces) StdoutLine: {'line': b'-- Found ament_cmake: 1.3.11 (/opt/ros/humble/share/ament_cmake/cmake)\n'}
[0.247859] (ur_description) StdoutLine: {'line': b'-- Found ament_cmake: 1.3.11 (/opt/ros/humble/share/ament_cmake/cmake)\n'}
[0.248951] (ur_dashboard_msgs) StdoutLine: {'line': b'-- Found ament_cmake: 1.3.11 (/opt/ros/humble/share/ament_cmake/cmake)\n'}
[0.249252] (realsense2_camera_msgs) StdoutLine: {'line': b'-- Found ament_cmake: 1.3.11 (/opt/ros/humble/share/ament_cmake/cmake)\n'}
[0.300003] (-) TimerEvent: {}
[0.365249] (ur_description) StdoutLine: {'line': b'-- Found Python3: /usr/bin/python3 (found version "3.10.12") found components: Interpreter \n'}
[0.365553] (harvest_interfaces) StdoutLine: {'line': b'-- Found Python3: /usr/bin/python3 (found version "3.10.12") found components: Interpreter \n'}
[0.365942] (ur_dashboard_msgs) StdoutLine: {'line': b'-- Found Python3: /usr/bin/python3 (found version "3.10.12") found components: Interpreter \n'}
[0.367595] (realsense2_camera_msgs) StdoutLine: {'line': b'-- Found Python3: /usr/bin/python3 (found version "3.10.12") found components: Interpreter \n'}
[0.400101] (-) TimerEvent: {}
[0.417571] (ur_dashboard_msgs) StdoutLine: {'line': b'-- Override CMake install command with custom implementation using symlinks instead of copying resources\n'}
[0.417768] (harvest_interfaces) StdoutLine: {'line': b'-- Override CMake install command with custom implementation using symlinks instead of copying resources\n'}
[0.417826] (ur_description) StdoutLine: {'line': b'-- Override CMake install command with custom implementation using symlinks instead of copying resources\n'}
[0.419439] (realsense2_camera_msgs) StdoutLine: {'line': b'-- Override CMake install command with custom implementation using symlinks instead of copying resources\n'}
[0.440958] (ur_dashboard_msgs) StdoutLine: {'line': b'-- Found rosidl_default_generators: 1.2.0 (/opt/ros/humble/share/rosidl_default_generators/cmake)\n'}
[0.441122] (harvest_interfaces) StdoutLine: {'line': b'-- Found rosidl_default_generators: 1.2.0 (/opt/ros/humble/share/rosidl_default_generators/cmake)\n'}
[0.441764] (ur_description) StdoutLine: {'line': b'-- Found ament_cmake_pytest: 1.3.11 (/opt/ros/humble/share/ament_cmake_pytest/cmake)\n'}
[0.443206] (realsense2_camera_msgs) StdoutLine: {'line': b'-- Found rosidl_default_generators: 1.2.0 (/opt/ros/humble/share/rosidl_default_generators/cmake)\n'}
[0.443335] (ur_dashboard_msgs) StdoutLine: {'line': b'-- Using all available rosidl_typesupport_c: rosidl_typesupport_fastrtps_c;rosidl_typesupport_introspection_c\n'}
[0.443396] (harvest_interfaces) StdoutLine: {'line': b'-- Using all available rosidl_typesupport_c: rosidl_typesupport_fastrtps_c;rosidl_typesupport_introspection_c\n'}
[0.445436] (realsense2_camera_msgs) StdoutLine: {'line': b'-- Using all available rosidl_typesupport_c: rosidl_typesupport_fastrtps_c;rosidl_typesupport_introspection_c\n'}
[0.448784] (harvest_interfaces) StdoutLine: {'line': b'-- Found rosidl_adapter: 3.1.6 (/opt/ros/humble/share/rosidl_adapter/cmake)\n'}
[0.448883] (ur_dashboard_msgs) StdoutLine: {'line': b'-- Found rosidl_adapter: 3.1.6 (/opt/ros/humble/share/rosidl_adapter/cmake)\n'}
[0.451381] (realsense2_camera_msgs) StdoutLine: {'line': b'-- Found rosidl_adapter: 3.1.6 (/opt/ros/humble/share/rosidl_adapter/cmake)\n'}
[0.481877] (harvest_interfaces) StdoutLine: {'line': b'-- Using all available rosidl_typesupport_cpp: rosidl_typesupport_fastrtps_cpp;rosidl_typesupport_introspection_cpp\n'}
[0.482051] (ur_dashboard_msgs) StdoutLine: {'line': b'-- Using all available rosidl_typesupport_cpp: rosidl_typesupport_fastrtps_cpp;rosidl_typesupport_introspection_cpp\n'}
[0.484574] (realsense2_camera_msgs) StdoutLine: {'line': b'-- Using all available rosidl_typesupport_cpp: rosidl_typesupport_fastrtps_cpp;rosidl_typesupport_introspection_cpp\n'}
[0.500195] (-) TimerEvent: {}
[0.509011] (harvest_interfaces) StdoutLine: {'line': b'-- Found std_msgs: 4.2.4 (/opt/ros/humble/share/std_msgs/cmake)\n'}
[0.509174] (ur_dashboard_msgs) StdoutLine: {'line': b'-- Found action_msgs: 1.2.1 (/opt/ros/humble/share/action_msgs/cmake)\n'}
[0.511761] (realsense2_camera_msgs) StdoutLine: {'line': b'-- Found builtin_interfaces: 1.2.1 (/opt/ros/humble/share/builtin_interfaces/cmake)\n'}
[0.522298] (realsense2_camera_msgs) StdoutLine: {'line': b'-- Found std_msgs: 4.2.4 (/opt/ros/humble/share/std_msgs/cmake)\n'}
[0.529899] (harvest_interfaces) StdoutLine: {'line': b'-- Found std_srvs: 4.2.4 (/opt/ros/humble/share/std_srvs/cmake)\n'}
[0.532075] (realsense2_camera_msgs) StdoutLine: {'line': b'-- Found sensor_msgs: 4.2.4 (/opt/ros/humble/share/sensor_msgs/cmake)\n'}
[0.536206] (ur5e_custom_hardware) Command: {'cmd': ['/usr/bin/python3', '-W', 'ignore:setup.py install is deprecated', '-W', 'ignore:easy_install command is deprecated', 'setup.py', 'develop', '--editable', '--build-directory', '/home/imml/git/ROB_534_Project/build/ur5e_custom_hardware/build', '--no-deps', 'symlink_data'], 'cwd': '/home/imml/git/ROB_534_Project/build/ur5e_custom_hardware', 'env': {'LESSOPEN': '| /usr/bin/lesspipe %s', 'USER': 'imml', 'XDG_SESSION_TYPE': 'wayland', 'SHLVL': '1', 'LD_LIBRARY_PATH': '/opt/ros/humble/opt/rviz_ogre_vendor/lib:/opt/ros/humble/lib/x86_64-linux-gnu:/opt/ros/humble/lib', 'HOME': '/home/imml', 'OLDPWD': '/home/imml', 'DESKTOP_SESSION': 'ubuntu', 'ROS_PYTHON_VERSION': '3', 'GNOME_SHELL_SESSION_MODE': 'ubuntu', 'GTK_MODULES': 'gail:atk-bridge', 'SYSTEMD_EXEC_PID': '35967', 'DBUS_SESSION_BUS_ADDRESS': 'unix:path=/run/user/1000/bus', 'COLORTERM': 'truecolor', 'IM_CONFIG_PHASE': '1', 'WAYLAND_DISPLAY': 'wayland-0', 'ROS_DISTRO': 'humble', 'LOGNAME': 'imml', '_': '/usr/bin/colcon', 'ROS_VERSION': '2', 'XDG_SESSION_CLASS': 'user', 'USERNAME': 'imml', 'TERM': 'xterm-256color', 'GNOME_DESKTOP_SESSION_ID': 'this-is-deprecated', 'ROS_LOCALHOST_ONLY': '0', 'PATH': '/opt/ros/humble/bin:/home/imml/.local/bin:/usr/local/sbin:/usr/local/bin:/usr/sbin:/usr/bin:/sbin:/bin:/usr/games:/usr/local/games:/snap/bin:/snap/bin', 'SESSION_MANAGER': 'local/imml-ROG-Zephyrus:@/tmp/.ICE-unix/1689,unix/imml-ROG-Zephyrus:/tmp/.ICE-unix/1689', 'XDG_MENU_PREFIX': 'gnome-', 'GNOME_TERMINAL_SCREEN': '/org/gnome/Terminal/screen/00ec7be0_5807_4f11_8254_b2b90de30782', 'GNOME_SETUP_DISPLAY': ':1', 'XDG_RUNTIME_DIR': '/run/user/1000', 'DISPLAY': ':0', 'LANG': 'en_US.UTF-8', 'XDG_CURRENT_DESKTOP': 'ubuntu:GNOME', 'XMODIFIERS': '@im=ibus', 'XDG_SESSION_DESKTOP': 'ubuntu', 'XAUTHORITY': '/run/user/1000/.mutter-Xwaylandauth.48T012', 'LS_COLORS': 'rs=0:di=01;34:ln=01;36:mh=00:pi=40;33:so=01;35:do=01;35:bd=40;33;01:cd=40;33;01:or=40;31;01:mi=00:su=37;41:sg=30;43:ca=30;41:tw=30;42:ow=34;42:st=37;44:ex=01;32:*.tar=01;31:*.tgz=01;31:*.arc=01;31:*.arj=01;31:*.taz=01;31:*.lha=01;31:*.lz4=01;31:*.lzh=01;31:*.lzma=01;31:*.tlz=01;31:*.txz=01;31:*.tzo=01;31:*.t7z=01;31:*.zip=01;31:*.z=01;31:*.dz=01;31:*.gz=01;31:*.lrz=01;31:*.lz=01;31:*.lzo=01;31:*.xz=01;31:*.zst=01;31:*.tzst=01;31:*.bz2=01;31:*.bz=01;31:*.tbz=01;31:*.tbz2=01;31:*.tz=01;31:*.deb=01;31:*.rpm=01;31:*.jar=01;31:*.war=01;31:*.ear=01;31:*.sar=01;31:*.rar=01;31:*.alz=01;31:*.ace=01;31:*.zoo=01;31:*.cpio=01;31:*.7z=01;31:*.rz=01;31:*.cab=01;31:*.wim=01;31:*.swm=01;31:*.dwm=01;31:*.esd=01;31:*.jpg=01;35:*.jpeg=01;35:*.mjpg=01;35:*.mjpeg=01;35:*.gif=01;35:*.bmp=01;35:*.pbm=01;35:*.pgm=01;35:*.ppm=01;35:*.tga=01;35:*.xbm=01;35:*.xpm=01;35:*.tif=01;35:*.tiff=01;35:*.png=01;35:*.svg=01;35:*.svgz=01;35:*.mng=01;35:*.pcx=01;35:*.mov=01;35:*.mpg=01;35:*.mpeg=01;35:*.m2v=01;35:*.mkv=01;35:*.webm=01;35:*.webp=01;35:*.ogm=01;35:*.mp4=01;35:*.m4v=01;35:*.mp4v=01;35:*.vob=01;35:*.qt=01;35:*.nuv=01;35:*.wmv=01;35:*.asf=01;35:*.rm=01;35:*.rmvb=01;35:*.flc=01;35:*.avi=01;35:*.fli=01;35:*.flv=01;35:*.gl=01;35:*.dl=01;35:*.xcf=01;35:*.xwd=01;35:*.yuv=01;35:*.cgm=01;35:*.emf=01;35:*.ogv=01;35:*.ogx=01;35:*.aac=00;36:*.au=00;36:*.flac=00;36:*.m4a=00;36:*.mid=00;36:*.midi=00;36:*.mka=00;36:*.mp3=00;36:*.mpc=00;36:*.ogg=00;36:*.ra=00;36:*.wav=00;36:*.oga=00;36:*.opus=00;36:*.spx=00;36:*.xspf=00;36:', 'GNOME_TERMINAL_SERVICE': ':1.315', 'SSH_AGENT_LAUNCHER': 'gnome-keyring', 'SSH_AUTH_SOCK': '/run/user/1000/keyring/ssh', 'AMENT_PREFIX_PATH': '/opt/ros/humble', 'SHELL': '/bin/bash', 'QT_ACCESSIBILITY': '1', 'GDMSESSION': 'ubuntu', 'LESSCLOSE': '/usr/bin/lesspipe %s %s', 'QT_IM_MODULE': 'ibus', 'PWD': '/home/imml/git/ROB_534_Project/build/ur5e_custom_hardware', 'LC_ALL': 'en_US.UTF-8', 'XDG_CONFIG_DIRS': '/etc/xdg/xdg-ubuntu:/etc/xdg', 'XDG_DATA_DIRS': '/usr/share/ubuntu:/usr/local/share/:/usr/share/:/var/lib/snapd/desktop', 'PYTHONPATH': '/home/imml/git/ROB_534_Project/build/ur5e_custom_hardware/prefix_override:/usr/lib/python3/dist-packages/colcon_core/task/python/colcon_distutils_commands:/home/imml/git/ROB_534_Project/install/ur5e_custom_hardware/lib/python3.10/site-packages:/opt/ros/humble/lib/python3.10/site-packages:/opt/ros/humble/local/lib/python3.10/dist-packages', 'COLCON': '1', 'VTE_VERSION': '6800'}, 'shell': False}
[0.539062] (harvest_interfaces) StdoutLine: {'line': b'-- Found tf2_ros: 0.25.12 (/opt/ros/humble/share/tf2_ros/cmake)\n'}
[0.596341] (harvest_interfaces) StdoutLine: {'line': b'-- Found rmw_implementation_cmake: 6.1.2 (/opt/ros/humble/share/rmw_implementation_cmake/cmake)\n'}
[0.598518] (harvest_interfaces) StdoutLine: {'line': b'-- Found rmw_fastrtps_cpp: 6.2.7 (/opt/ros/humble/share/rmw_fastrtps_cpp/cmake)\n'}
[0.600251] (-) TimerEvent: {}
[0.674269] (harvest_interfaces) StdoutLine: {'line': b'-- Found OpenSSL: /usr/lib/x86_64-linux-gnu/libcrypto.so (found version "3.0.2")  \n'}
[0.697089] (harvest_interfaces) StdoutLine: {'line': b'-- Found FastRTPS: /opt/ros/humble/include  \n'}
[0.700342] (-) TimerEvent: {}
[0.735673] (harvest_interfaces) StdoutLine: {'line': b"-- Using RMW implementation 'rmw_fastrtps_cpp' as default\n"}
[0.742990] (harvest_interfaces) StdoutLine: {'line': b'-- Looking for pthread.h\n'}
[0.752941] (ur5e_custom_hardware) StdoutLine: {'line': b'running develop\n'}
[0.800450] (-) TimerEvent: {}
[0.802018] (realsense2_camera_msgs) StdoutLine: {'line': b'-- Found ament_cmake_cppcheck: 0.12.11 (/opt/ros/humble/share/ament_cmake_cppcheck/cmake)\n'}
[0.802822] (harvest_interfaces) StdoutLine: {'line': b'-- Looking for pthread.h - found\n'}
[0.803022] (harvest_interfaces) StdoutLine: {'line': b'-- Performing Test CMAKE_HAVE_LIBC_PTHREAD\n'}
[0.803850] (realsense2_camera_msgs) StdoutLine: {'line': b'-- Found ament_cmake_cpplint: 0.12.11 (/opt/ros/humble/share/ament_cmake_cpplint/cmake)\n'}
[0.805691] (realsense2_camera_msgs) StdoutLine: {'line': b'-- Found ament_cmake_uncrustify: 0.12.11 (/opt/ros/humble/share/ament_cmake_uncrustify/cmake)\n'}
[0.807737] (realsense2_camera_msgs) StdoutLine: {'line': b'-- Found ament_cmake_ros: 0.10.0 (/opt/ros/humble/share/ament_cmake_ros/cmake)\n'}
[0.816220] (ur_dashboard_msgs) StdoutLine: {'line': b'-- Found ament_cmake_ros: 0.10.0 (/opt/ros/humble/share/ament_cmake_ros/cmake)\n'}
[0.865322] (harvest_interfaces) StdoutLine: {'line': b'-- Performing Test CMAKE_HAVE_LIBC_PTHREAD - Success\n'}
[0.866271] (harvest_interfaces) StdoutLine: {'line': b'-- Found Threads: TRUE  \n'}
[0.900534] (-) TimerEvent: {}
[0.913597] (ur5e_custom_hardware) StdoutLine: {'line': b'running egg_info\n'}
[0.913755] (ur5e_custom_hardware) StdoutLine: {'line': b'creating ur5e_custom_hardware.egg-info\n'}
[0.913832] (ur5e_custom_hardware) StdoutLine: {'line': b'writing ur5e_custom_hardware.egg-info/PKG-INFO\n'}
[0.913998] (ur5e_custom_hardware) StdoutLine: {'line': b'writing dependency_links to ur5e_custom_hardware.egg-info/dependency_links.txt\n'}
[0.914097] (ur5e_custom_hardware) StdoutLine: {'line': b'writing entry points to ur5e_custom_hardware.egg-info/entry_points.txt\n'}
[0.914170] (ur5e_custom_hardware) StdoutLine: {'line': b'writing requirements to ur5e_custom_hardware.egg-info/requires.txt\n'}
[0.914239] (ur5e_custom_hardware) StdoutLine: {'line': b'writing top-level names to ur5e_custom_hardware.egg-info/top_level.txt\n'}
[0.914427] (ur5e_custom_hardware) StdoutLine: {'line': b"writing manifest file 'ur5e_custom_hardware.egg-info/SOURCES.txt'\n"}
[0.915746] (ur5e_custom_hardware) StdoutLine: {'line': b"reading manifest file 'ur5e_custom_hardware.egg-info/SOURCES.txt'\n"}
[0.916194] (ur5e_custom_hardware) StdoutLine: {'line': b"writing manifest file 'ur5e_custom_hardware.egg-info/SOURCES.txt'\n"}
[0.917141] (ur5e_custom_hardware) StdoutLine: {'line': b'running build_ext\n'}
[0.917300] (ur5e_custom_hardware) StdoutLine: {'line': b'Creating /home/imml/git/ROB_534_Project/install/ur5e_custom_hardware/lib/python3.10/site-packages/ur5e-custom-hardware.egg-link (link to .)\n'}
[0.917866] (ur5e_custom_hardware) StdoutLine: {'line': b'Installing gripper_palm_camera script to /home/imml/git/ROB_534_Project/install/ur5e_custom_hardware/lib/ur5e_custom_hardware\n'}
[0.918066] (ur5e_custom_hardware) StdoutLine: {'line': b'\n'}
[0.918120] (ur5e_custom_hardware) StdoutLine: {'line': b'Installed /home/imml/git/ROB_534_Project/build/ur5e_custom_hardware\n'}
[0.918194] (ur5e_custom_hardware) StdoutLine: {'line': b'running symlink_data\n'}
[0.918301] (ur5e_custom_hardware) StdoutLine: {'line': b'creating /home/imml/git/ROB_534_Project/install/ur5e_custom_hardware/share/ament_index\n'}
[0.918361] (ur5e_custom_hardware) StdoutLine: {'line': b'creating /home/imml/git/ROB_534_Project/install/ur5e_custom_hardware/share/ament_index/resource_index\n'}
[0.918411] (ur5e_custom_hardware) StdoutLine: {'line': b'creating /home/imml/git/ROB_534_Project/install/ur5e_custom_hardware/share/ament_index/resource_index/packages\n'}
[0.918461] (ur5e_custom_hardware) StdoutLine: {'line': b'symbolically linking /home/imml/git/ROB_534_Project/build/ur5e_custom_hardware/resource/ur5e_custom_hardware -> /home/imml/git/ROB_534_Project/install/ur5e_custom_hardware/share/ament_index/resource_index/packages\n'}
[0.918533] (ur5e_custom_hardware) StdoutLine: {'line': b'symbolically linking /home/imml/git/ROB_534_Project/build/ur5e_custom_hardware/package.xml -> /home/imml/git/ROB_534_Project/install/ur5e_custom_hardware/share/ur5e_custom_hardware\n'}
[0.918623] (ur5e_custom_hardware) StdoutLine: {'line': b'creating /home/imml/git/ROB_534_Project/install/ur5e_custom_hardware/share/ur5e_custom_hardware/launch\n'}
[0.918672] (ur5e_custom_hardware) StdoutLine: {'line': b'creating /home/imml/git/ROB_534_Project/install/ur5e_custom_hardware/share/ur5e_custom_hardware/urdf\n'}
[0.918713] (ur5e_custom_hardware) StdoutLine: {'line': b'symbolically linking /home/imml/git/ROB_534_Project/build/ur5e_custom_hardware/urdf/gripper.urdf.xacro -> /home/imml/git/ROB_534_Project/install/ur5e_custom_hardware/share/ur5e_custom_hardware/urdf\n'}
[0.918754] (ur5e_custom_hardware) StdoutLine: {'line': b'symbolically linking /home/imml/git/ROB_534_Project/build/ur5e_custom_hardware/urdf/ur_gripper.urdf.xacro -> /home/imml/git/ROB_534_Project/install/ur5e_custom_hardware/share/ur5e_custom_hardware/urdf\n'}
[0.918830] (ur5e_custom_hardware) StdoutLine: {'line': b'creating /home/imml/git/ROB_534_Project/install/ur5e_custom_hardware/share/ur5e_custom_hardware/meshes\n'}
[0.918873] (ur5e_custom_hardware) StdoutLine: {'line': b'symbolically linking /home/imml/git/ROB_534_Project/build/ur5e_custom_hardware/meshes/03_mk3_full_assembly.STL -> /home/imml/git/ROB_534_Project/install/ur5e_custom_hardware/share/ur5e_custom_hardware/meshes\n'}
[0.918914] (ur5e_custom_hardware) StdoutLine: {'line': b'symbolically linking /home/imml/git/ROB_534_Project/build/ur5e_custom_hardware/meshes/03_mk3_full_assembly_coarse.STL -> /home/imml/git/ROB_534_Project/install/ur5e_custom_hardware/share/ur5e_custom_hardware/meshes\n'}
[0.918977] (ur5e_custom_hardware) StdoutLine: {'line': b'symbolically linking /home/imml/git/ROB_534_Project/build/ur5e_custom_hardware/meshes/03_mk3_full_assembly_(simplified_for_RVIZ).STL -> /home/imml/git/ROB_534_Project/install/ur5e_custom_hardware/share/ur5e_custom_hardware/meshes\n'}
[0.948844] (ur5e_custom_hardware) CommandEnded: {'returncode': 0}
[0.958516] (ur5e_custom_hardware) JobEnded: {'identifier': 'ur5e_custom_hardware', 'rc': 0}
[0.968503] (ur_dashboard_msgs) StdoutLine: {'line': b'-- Using all available rosidl_typesupport_c: rosidl_typesupport_fastrtps_c;rosidl_typesupport_introspection_c\n'}
[1.000629] (-) TimerEvent: {}
[1.032765] (realsense2_camera_msgs) StdoutLine: {'line': b'-- Using all available rosidl_typesupport_c: rosidl_typesupport_fastrtps_c;rosidl_typesupport_introspection_c\n'}
[1.100717] (-) TimerEvent: {}
[1.161952] (ur_dashboard_msgs) StdoutLine: {'line': b'-- Using all available rosidl_typesupport_cpp: rosidl_typesupport_fastrtps_cpp;rosidl_typesupport_introspection_cpp\n'}
[1.180021] (ur_dashboard_msgs) StdoutLine: {'line': b'-- Found PythonInterp: /usr/bin/python3 (found suitable version "3.10.12", minimum required is "3.6") \n'}
[1.181476] (ur_dashboard_msgs) StdoutLine: {'line': b'-- Found python_cmake_module: 0.10.0 (/opt/ros/humble/share/python_cmake_module/cmake)\n'}
[1.200834] (-) TimerEvent: {}
[1.202038] (ur_dashboard_msgs) StdoutLine: {'line': b'-- Found PythonLibs: /usr/lib/x86_64-linux-gnu/libpython3.10.so (found suitable version "3.10.12", minimum required is "3.5") \n'}
[1.202288] (ur_dashboard_msgs) StdoutLine: {'line': b'-- Using PYTHON_EXECUTABLE: /usr/bin/python3\n'}
[1.202410] (ur_dashboard_msgs) StdoutLine: {'line': b'-- Using PYTHON_INCLUDE_DIRS: /usr/include/python3.10\n'}
[1.202475] (ur_dashboard_msgs) StdoutLine: {'line': b'-- Using PYTHON_LIBRARIES: /usr/lib/x86_64-linux-gnu/libpython3.10.so\n'}
[1.219944] (ur_dashboard_msgs) StdoutLine: {'line': b'-- Found PythonExtra: .so  \n'}
[1.261646] (ur_dashboard_msgs) StdoutLine: {'line': b'-- Configuring done\n'}
[1.273733] (harvest_interfaces) StdoutLine: {'line': b'-- Found ament_cmake_ros: 0.10.0 (/opt/ros/humble/share/ament_cmake_ros/cmake)\n'}
[1.300921] (-) TimerEvent: {}
[1.305458] (ur_dashboard_msgs) StdoutLine: {'line': b'-- Generating done\n'}
[1.315096] (ur_dashboard_msgs) StdoutLine: {'line': b'-- Build files have been written to: /home/imml/git/ROB_534_Project/build/ur_dashboard_msgs\n'}
[1.318646] (realsense2_camera_msgs) StdoutLine: {'line': b'-- Using all available rosidl_typesupport_cpp: rosidl_typesupport_fastrtps_cpp;rosidl_typesupport_introspection_cpp\n'}
[1.322859] (ur_dashboard_msgs) CommandEnded: {'returncode': 0}
[1.323534] (ur_dashboard_msgs) JobProgress: {'identifier': 'ur_dashboard_msgs', 'progress': 'build'}
[1.324231] (ur_dashboard_msgs) Command: {'cmd': ['/usr/bin/cmake', '--build', '/home/imml/git/ROB_534_Project/build/ur_dashboard_msgs', '--', '-j16', '-l16'], 'cwd': '/home/imml/git/ROB_534_Project/build/ur_dashboard_msgs', 'env': OrderedDict([('LESSOPEN', '| /usr/bin/lesspipe %s'), ('USER', 'imml'), ('XDG_SESSION_TYPE', 'wayland'), ('SHLVL', '1'), ('LD_LIBRARY_PATH', '/opt/ros/humble/opt/rviz_ogre_vendor/lib:/opt/ros/humble/lib/x86_64-linux-gnu:/opt/ros/humble/lib'), ('HOME', '/home/imml'), ('OLDPWD', '/home/imml'), ('DESKTOP_SESSION', 'ubuntu'), ('ROS_PYTHON_VERSION', '3'), ('GNOME_SHELL_SESSION_MODE', 'ubuntu'), ('GTK_MODULES', 'gail:atk-bridge'), ('SYSTEMD_EXEC_PID', '35967'), ('DBUS_SESSION_BUS_ADDRESS', 'unix:path=/run/user/1000/bus'), ('COLORTERM', 'truecolor'), ('IM_CONFIG_PHASE', '1'), ('WAYLAND_DISPLAY', 'wayland-0'), ('ROS_DISTRO', 'humble'), ('LOGNAME', 'imml'), ('_', '/usr/bin/colcon'), ('ROS_VERSION', '2'), ('XDG_SESSION_CLASS', 'user'), ('USERNAME', 'imml'), ('TERM', 'xterm-256color'), ('GNOME_DESKTOP_SESSION_ID', 'this-is-deprecated'), ('ROS_LOCALHOST_ONLY', '0'), ('PATH', '/opt/ros/humble/bin:/home/imml/.local/bin:/usr/local/sbin:/usr/local/bin:/usr/sbin:/usr/bin:/sbin:/bin:/usr/games:/usr/local/games:/snap/bin:/snap/bin'), ('SESSION_MANAGER', 'local/imml-ROG-Zephyrus:@/tmp/.ICE-unix/1689,unix/imml-ROG-Zephyrus:/tmp/.ICE-unix/1689'), ('XDG_MENU_PREFIX', 'gnome-'), ('GNOME_TERMINAL_SCREEN', '/org/gnome/Terminal/screen/00ec7be0_5807_4f11_8254_b2b90de30782'), ('GNOME_SETUP_DISPLAY', ':1'), ('XDG_RUNTIME_DIR', '/run/user/1000'), ('DISPLAY', ':0'), ('LANG', 'en_US.UTF-8'), ('XDG_CURRENT_DESKTOP', 'ubuntu:GNOME'), ('XMODIFIERS', '@im=ibus'), ('XDG_SESSION_DESKTOP', 'ubuntu'), ('XAUTHORITY', '/run/user/1000/.mutter-Xwaylandauth.48T012'), ('LS_COLORS', 'rs=0:di=01;34:ln=01;36:mh=00:pi=40;33:so=01;35:do=01;35:bd=40;33;01:cd=40;33;01:or=40;31;01:mi=00:su=37;41:sg=30;43:ca=30;41:tw=30;42:ow=34;42:st=37;44:ex=01;32:*.tar=01;31:*.tgz=01;31:*.arc=01;31:*.arj=01;31:*.taz=01;31:*.lha=01;31:*.lz4=01;31:*.lzh=01;31:*.lzma=01;31:*.tlz=01;31:*.txz=01;31:*.tzo=01;31:*.t7z=01;31:*.zip=01;31:*.z=01;31:*.dz=01;31:*.gz=01;31:*.lrz=01;31:*.lz=01;31:*.lzo=01;31:*.xz=01;31:*.zst=01;31:*.tzst=01;31:*.bz2=01;31:*.bz=01;31:*.tbz=01;31:*.tbz2=01;31:*.tz=01;31:*.deb=01;31:*.rpm=01;31:*.jar=01;31:*.war=01;31:*.ear=01;31:*.sar=01;31:*.rar=01;31:*.alz=01;31:*.ace=01;31:*.zoo=01;31:*.cpio=01;31:*.7z=01;31:*.rz=01;31:*.cab=01;31:*.wim=01;31:*.swm=01;31:*.dwm=01;31:*.esd=01;31:*.jpg=01;35:*.jpeg=01;35:*.mjpg=01;35:*.mjpeg=01;35:*.gif=01;35:*.bmp=01;35:*.pbm=01;35:*.pgm=01;35:*.ppm=01;35:*.tga=01;35:*.xbm=01;35:*.xpm=01;35:*.tif=01;35:*.tiff=01;35:*.png=01;35:*.svg=01;35:*.svgz=01;35:*.mng=01;35:*.pcx=01;35:*.mov=01;35:*.mpg=01;35:*.mpeg=01;35:*.m2v=01;35:*.mkv=01;35:*.webm=01;35:*.webp=01;35:*.ogm=01;35:*.mp4=01;35:*.m4v=01;35:*.mp4v=01;35:*.vob=01;35:*.qt=01;35:*.nuv=01;35:*.wmv=01;35:*.asf=01;35:*.rm=01;35:*.rmvb=01;35:*.flc=01;35:*.avi=01;35:*.fli=01;35:*.flv=01;35:*.gl=01;35:*.dl=01;35:*.xcf=01;35:*.xwd=01;35:*.yuv=01;35:*.cgm=01;35:*.emf=01;35:*.ogv=01;35:*.ogx=01;35:*.aac=00;36:*.au=00;36:*.flac=00;36:*.m4a=00;36:*.mid=00;36:*.midi=00;36:*.mka=00;36:*.mp3=00;36:*.mpc=00;36:*.ogg=00;36:*.ra=00;36:*.wav=00;36:*.oga=00;36:*.opus=00;36:*.spx=00;36:*.xspf=00;36:'), ('GNOME_TERMINAL_SERVICE', ':1.315'), ('SSH_AGENT_LAUNCHER', 'gnome-keyring'), ('SSH_AUTH_SOCK', '/run/user/1000/keyring/ssh'), ('AMENT_PREFIX_PATH', '/opt/ros/humble'), ('SHELL', '/bin/bash'), ('QT_ACCESSIBILITY', '1'), ('GDMSESSION', 'ubuntu'), ('LESSCLOSE', '/usr/bin/lesspipe %s %s'), ('QT_IM_MODULE', 'ibus'), ('PWD', '/home/imml/git/ROB_534_Project/build/ur_dashboard_msgs'), ('LC_ALL', 'en_US.UTF-8'), ('XDG_CONFIG_DIRS', '/etc/xdg/xdg-ubuntu:/etc/xdg'), ('XDG_DATA_DIRS', '/usr/share/ubuntu:/usr/local/share/:/usr/share/:/var/lib/snapd/desktop'), ('PYTHONPATH', '/opt/ros/humble/lib/python3.10/site-packages:/opt/ros/humble/local/lib/python3.10/dist-packages'), ('COLCON', '1'), ('VTE_VERSION', '6800'), ('CMAKE_PREFIX_PATH', '/opt/ros/humble')]), 'shell': False}
[1.337156] (realsense2_camera_msgs) StdoutLine: {'line': b'-- Found PythonInterp: /usr/bin/python3 (found suitable version "3.10.12", minimum required is "3.6") \n'}
[1.338589] (realsense2_camera_msgs) StdoutLine: {'line': b'-- Found python_cmake_module: 0.10.0 (/opt/ros/humble/share/python_cmake_module/cmake)\n'}
[1.358404] (realsense2_camera_msgs) StdoutLine: {'line': b'-- Found PythonLibs: /usr/lib/x86_64-linux-gnu/libpython3.10.so (found suitable version "3.10.12", minimum required is "3.5") \n'}
[1.358604] (realsense2_camera_msgs) StdoutLine: {'line': b'-- Using PYTHON_EXECUTABLE: /usr/bin/python3\n'}
[1.358671] (realsense2_camera_msgs) StdoutLine: {'line': b'-- Using PYTHON_INCLUDE_DIRS: /usr/include/python3.10\n'}
[1.358719] (realsense2_camera_msgs) StdoutLine: {'line': b'-- Using PYTHON_LIBRARIES: /usr/lib/x86_64-linux-gnu/libpython3.10.so\n'}
[1.362714] (ur_dashboard_msgs) StdoutLine: {'line': b'[  1%] \x1b[34m\x1b[1mGenerating C code for ROS interfaces\x1b[0m\n'}
[1.371052] (ur_dashboard_msgs) StdoutLine: {'line': b'[  1%] \x1b[34m\x1b[1mGenerating C++ code for ROS interfaces\x1b[0m\n'}
[1.376532] (realsense2_camera_msgs) StdoutLine: {'line': b'-- Found PythonExtra: .so  \n'}
[1.379329] (ur_dashboard_msgs) StdoutLine: {'line': b'[  1%] Built target ament_cmake_python_symlink_ur_dashboard_msgs\n'}
[1.401024] (-) TimerEvent: {}
[1.436921] (realsense2_camera_msgs) StdoutLine: {'line': b'-- Found ament_cmake_flake8: 0.12.11 (/opt/ros/humble/share/ament_cmake_flake8/cmake)\n'}
[1.438945] (realsense2_camera_msgs) StdoutLine: {'line': b'-- Found ament_cmake_pep257: 0.12.11 (/opt/ros/humble/share/ament_cmake_pep257/cmake)\n'}
[1.449293] (realsense2_camera_msgs) StdoutLine: {'line': b'-- Configuring done\n'}
[1.484768] (harvest_interfaces) StdoutLine: {'line': b'-- Using all available rosidl_typesupport_c: rosidl_typesupport_fastrtps_c;rosidl_typesupport_introspection_c\n'}
[1.490114] (realsense2_camera_msgs) StdoutLine: {'line': b'-- Generating done\n'}
[1.500975] (realsense2_camera_msgs) StdoutLine: {'line': b'-- Build files have been written to: /home/imml/git/ROB_534_Project/build/realsense2_camera_msgs\n'}
[1.501151] (-) TimerEvent: {}
[1.510066] (realsense2_camera_msgs) CommandEnded: {'returncode': 0}
[1.510699] (realsense2_camera_msgs) JobProgress: {'identifier': 'realsense2_camera_msgs', 'progress': 'build'}
[1.511074] (realsense2_camera_msgs) Command: {'cmd': ['/usr/bin/cmake', '--build', '/home/imml/git/ROB_534_Project/build/realsense2_camera_msgs', '--', '-j16', '-l16'], 'cwd': '/home/imml/git/ROB_534_Project/build/realsense2_camera_msgs', 'env': OrderedDict([('LESSOPEN', '| /usr/bin/lesspipe %s'), ('USER', 'imml'), ('XDG_SESSION_TYPE', 'wayland'), ('SHLVL', '1'), ('LD_LIBRARY_PATH', '/opt/ros/humble/opt/rviz_ogre_vendor/lib:/opt/ros/humble/lib/x86_64-linux-gnu:/opt/ros/humble/lib'), ('HOME', '/home/imml'), ('OLDPWD', '/home/imml'), ('DESKTOP_SESSION', 'ubuntu'), ('ROS_PYTHON_VERSION', '3'), ('GNOME_SHELL_SESSION_MODE', 'ubuntu'), ('GTK_MODULES', 'gail:atk-bridge'), ('SYSTEMD_EXEC_PID', '35967'), ('DBUS_SESSION_BUS_ADDRESS', 'unix:path=/run/user/1000/bus'), ('COLORTERM', 'truecolor'), ('IM_CONFIG_PHASE', '1'), ('WAYLAND_DISPLAY', 'wayland-0'), ('ROS_DISTRO', 'humble'), ('LOGNAME', 'imml'), ('_', '/usr/bin/colcon'), ('ROS_VERSION', '2'), ('XDG_SESSION_CLASS', 'user'), ('USERNAME', 'imml'), ('TERM', 'xterm-256color'), ('GNOME_DESKTOP_SESSION_ID', 'this-is-deprecated'), ('ROS_LOCALHOST_ONLY', '0'), ('PATH', '/opt/ros/humble/bin:/home/imml/.local/bin:/usr/local/sbin:/usr/local/bin:/usr/sbin:/usr/bin:/sbin:/bin:/usr/games:/usr/local/games:/snap/bin:/snap/bin'), ('SESSION_MANAGER', 'local/imml-ROG-Zephyrus:@/tmp/.ICE-unix/1689,unix/imml-ROG-Zephyrus:/tmp/.ICE-unix/1689'), ('XDG_MENU_PREFIX', 'gnome-'), ('GNOME_TERMINAL_SCREEN', '/org/gnome/Terminal/screen/00ec7be0_5807_4f11_8254_b2b90de30782'), ('GNOME_SETUP_DISPLAY', ':1'), ('XDG_RUNTIME_DIR', '/run/user/1000'), ('DISPLAY', ':0'), ('LANG', 'en_US.UTF-8'), ('XDG_CURRENT_DESKTOP', 'ubuntu:GNOME'), ('XMODIFIERS', '@im=ibus'), ('XDG_SESSION_DESKTOP', 'ubuntu'), ('XAUTHORITY', '/run/user/1000/.mutter-Xwaylandauth.48T012'), ('LS_COLORS', 'rs=0:di=01;34:ln=01;36:mh=00:pi=40;33:so=01;35:do=01;35:bd=40;33;01:cd=40;33;01:or=40;31;01:mi=00:su=37;41:sg=30;43:ca=30;41:tw=30;42:ow=34;42:st=37;44:ex=01;32:*.tar=01;31:*.tgz=01;31:*.arc=01;31:*.arj=01;31:*.taz=01;31:*.lha=01;31:*.lz4=01;31:*.lzh=01;31:*.lzma=01;31:*.tlz=01;31:*.txz=01;31:*.tzo=01;31:*.t7z=01;31:*.zip=01;31:*.z=01;31:*.dz=01;31:*.gz=01;31:*.lrz=01;31:*.lz=01;31:*.lzo=01;31:*.xz=01;31:*.zst=01;31:*.tzst=01;31:*.bz2=01;31:*.bz=01;31:*.tbz=01;31:*.tbz2=01;31:*.tz=01;31:*.deb=01;31:*.rpm=01;31:*.jar=01;31:*.war=01;31:*.ear=01;31:*.sar=01;31:*.rar=01;31:*.alz=01;31:*.ace=01;31:*.zoo=01;31:*.cpio=01;31:*.7z=01;31:*.rz=01;31:*.cab=01;31:*.wim=01;31:*.swm=01;31:*.dwm=01;31:*.esd=01;31:*.jpg=01;35:*.jpeg=01;35:*.mjpg=01;35:*.mjpeg=01;35:*.gif=01;35:*.bmp=01;35:*.pbm=01;35:*.pgm=01;35:*.ppm=01;35:*.tga=01;35:*.xbm=01;35:*.xpm=01;35:*.tif=01;35:*.tiff=01;35:*.png=01;35:*.svg=01;35:*.svgz=01;35:*.mng=01;35:*.pcx=01;35:*.mov=01;35:*.mpg=01;35:*.mpeg=01;35:*.m2v=01;35:*.mkv=01;35:*.webm=01;35:*.webp=01;35:*.ogm=01;35:*.mp4=01;35:*.m4v=01;35:*.mp4v=01;35:*.vob=01;35:*.qt=01;35:*.nuv=01;35:*.wmv=01;35:*.asf=01;35:*.rm=01;35:*.rmvb=01;35:*.flc=01;35:*.avi=01;35:*.fli=01;35:*.flv=01;35:*.gl=01;35:*.dl=01;35:*.xcf=01;35:*.xwd=01;35:*.yuv=01;35:*.cgm=01;35:*.emf=01;35:*.ogv=01;35:*.ogx=01;35:*.aac=00;36:*.au=00;36:*.flac=00;36:*.m4a=00;36:*.mid=00;36:*.midi=00;36:*.mka=00;36:*.mp3=00;36:*.mpc=00;36:*.ogg=00;36:*.ra=00;36:*.wav=00;36:*.oga=00;36:*.opus=00;36:*.spx=00;36:*.xspf=00;36:'), ('GNOME_TERMINAL_SERVICE', ':1.315'), ('SSH_AGENT_LAUNCHER', 'gnome-keyring'), ('SSH_AUTH_SOCK', '/run/user/1000/keyring/ssh'), ('AMENT_PREFIX_PATH', '/opt/ros/humble'), ('SHELL', '/bin/bash'), ('QT_ACCESSIBILITY', '1'), ('GDMSESSION', 'ubuntu'), ('LESSCLOSE', '/usr/bin/lesspipe %s %s'), ('QT_IM_MODULE', 'ibus'), ('PWD', '/home/imml/git/ROB_534_Project/build/realsense2_camera_msgs'), ('LC_ALL', 'en_US.UTF-8'), ('XDG_CONFIG_DIRS', '/etc/xdg/xdg-ubuntu:/etc/xdg'), ('XDG_DATA_DIRS', '/usr/share/ubuntu:/usr/local/share/:/usr/share/:/var/lib/snapd/desktop'), ('PYTHONPATH', '/opt/ros/humble/lib/python3.10/site-packages:/opt/ros/humble/local/lib/python3.10/dist-packages'), ('COLCON', '1'), ('VTE_VERSION', '6800'), ('CMAKE_PREFIX_PATH', '/opt/ros/humble')]), 'shell': False}
[1.552779] (realsense2_camera_msgs) StdoutLine: {'line': b'[  1%] \x1b[34m\x1b[1mGenerating C code for ROS interfaces\x1b[0m\n'}
[1.562014] (realsense2_camera_msgs) StdoutLine: {'line': b'[  3%] \x1b[34m\x1b[1mGenerating C++ code for ROS interfaces\x1b[0m\n'}
[1.569834] (realsense2_camera_msgs) StdoutLine: {'line': b'[  3%] Built target ament_cmake_python_symlink_realsense2_camera_msgs\n'}
[1.601283] (-) TimerEvent: {}
[1.612763] (ur_dashboard_msgs) StdoutLine: {'line': b'running egg_info\n'}
[1.613327] (ur_dashboard_msgs) StdoutLine: {'line': b'creating ur_dashboard_msgs.egg-info\n'}
[1.613568] (ur_dashboard_msgs) StdoutLine: {'line': b'writing ur_dashboard_msgs.egg-info/PKG-INFO\n'}
[1.613728] (ur_dashboard_msgs) StdoutLine: {'line': b'writing dependency_links to ur_dashboard_msgs.egg-info/dependency_links.txt\n'}
[1.613870] (ur_dashboard_msgs) StdoutLine: {'line': b'writing top-level names to ur_dashboard_msgs.egg-info/top_level.txt\n'}
[1.614083] (ur_dashboard_msgs) StdoutLine: {'line': b"writing manifest file 'ur_dashboard_msgs.egg-info/SOURCES.txt'\n"}
[1.615859] (ur_dashboard_msgs) StdoutLine: {'line': b"reading manifest file 'ur_dashboard_msgs.egg-info/SOURCES.txt'\n"}
[1.616282] (ur_dashboard_msgs) StdoutLine: {'line': b"writing manifest file 'ur_dashboard_msgs.egg-info/SOURCES.txt'\n"}
[1.645021] (ur_dashboard_msgs) StdoutLine: {'line': b'[  1%] Built target ament_cmake_python_build_ur_dashboard_msgs_egg\n'}
[1.701363] (-) TimerEvent: {}
[1.782909] (harvest_interfaces) StdoutLine: {'line': b'-- Using all available rosidl_typesupport_cpp: rosidl_typesupport_fastrtps_cpp;rosidl_typesupport_introspection_cpp\n'}
[1.801463] (-) TimerEvent: {}
[1.801688] (realsense2_camera_msgs) StdoutLine: {'line': b'running egg_info\n'}
[1.802217] (realsense2_camera_msgs) StdoutLine: {'line': b'creating realsense2_camera_msgs.egg-info\n'}
[1.802474] (realsense2_camera_msgs) StdoutLine: {'line': b'writing realsense2_camera_msgs.egg-info/PKG-INFO\n'}
[1.802657] (realsense2_camera_msgs) StdoutLine: {'line': b'writing dependency_links to realsense2_camera_msgs.egg-info/dependency_links.txt\n'}
[1.802852] (realsense2_camera_msgs) StdoutLine: {'line': b'writing top-level names to realsense2_camera_msgs.egg-info/top_level.txt\n'}
[1.803016] (harvest_interfaces) StdoutLine: {'line': b'-- Found PythonInterp: /usr/bin/python3 (found suitable version "3.10.12", minimum required is "3.6") \n'}
[1.803163] (realsense2_camera_msgs) StdoutLine: {'line': b"writing manifest file 'realsense2_camera_msgs.egg-info/SOURCES.txt'\n"}
[1.804768] (harvest_interfaces) StdoutLine: {'line': b'-- Found python_cmake_module: 0.10.0 (/opt/ros/humble/share/python_cmake_module/cmake)\n'}
[1.804921] (realsense2_camera_msgs) StdoutLine: {'line': b"reading manifest file 'realsense2_camera_msgs.egg-info/SOURCES.txt'\n"}
[1.805340] (realsense2_camera_msgs) StdoutLine: {'line': b"writing manifest file 'realsense2_camera_msgs.egg-info/SOURCES.txt'\n"}
[1.828580] (harvest_interfaces) StdoutLine: {'line': b'-- Found PythonLibs: /usr/lib/x86_64-linux-gnu/libpython3.10.so (found suitable version "3.10.12", minimum required is "3.5") \n'}
[1.828781] (harvest_interfaces) StdoutLine: {'line': b'-- Using PYTHON_EXECUTABLE: /usr/bin/python3\n'}
[1.828856] (harvest_interfaces) StdoutLine: {'line': b'-- Using PYTHON_INCLUDE_DIRS: /usr/include/python3.10\n'}
[1.828923] (harvest_interfaces) StdoutLine: {'line': b'-- Using PYTHON_LIBRARIES: /usr/lib/x86_64-linux-gnu/libpython3.10.so\n'}
[1.831942] (realsense2_camera_msgs) StdoutLine: {'line': b'[  3%] Built target ament_cmake_python_build_realsense2_camera_msgs_egg\n'}
[1.848415] (harvest_interfaces) StdoutLine: {'line': b'-- Found PythonExtra: .so  \n'}
[1.901569] (-) TimerEvent: {}
[1.909397] (harvest_interfaces) StdoutLine: {'line': b'-- Found ament_lint_auto: 0.12.11 (/opt/ros/humble/share/ament_lint_auto/cmake)\n'}
[1.928482] (harvest_interfaces) StdoutLine: {'line': b"-- Added test 'lint_cmake' to check CMake code style\n"}
[1.929786] (harvest_interfaces) StdoutLine: {'line': b"-- Added test 'xmllint' to check XML markup files\n"}
[1.932927] (harvest_interfaces) StdoutLine: {'line': b'-- Configuring done\n'}
[2.001686] (-) TimerEvent: {}
[2.004971] (harvest_interfaces) StdoutLine: {'line': b'-- Generating done\n'}
[2.017455] (realsense2_camera_msgs) StdoutLine: {'line': b'[  4%] \x1b[32mBuilding C object CMakeFiles/realsense2_camera_msgs__rosidl_generator_c.dir/rosidl_generator_c/realsense2_camera_msgs/msg/detail/metadata__functions.c.o\x1b[0m\n'}
[2.017680] (realsense2_camera_msgs) StdoutLine: {'line': b'[  6%] \x1b[32mBuilding C object CMakeFiles/realsense2_camera_msgs__rosidl_generator_c.dir/rosidl_generator_c/realsense2_camera_msgs/msg/detail/extrinsics__functions.c.o\x1b[0m\n'}
[2.017803] (realsense2_camera_msgs) StdoutLine: {'line': b'[  7%] \x1b[32mBuilding C object CMakeFiles/realsense2_camera_msgs__rosidl_generator_c.dir/rosidl_generator_c/realsense2_camera_msgs/srv/detail/device_info__functions.c.o\x1b[0m\n'}
[2.017911] (realsense2_camera_msgs) StdoutLine: {'line': b'[  9%] \x1b[32mBuilding C object CMakeFiles/realsense2_camera_msgs__rosidl_generator_c.dir/rosidl_generator_c/realsense2_camera_msgs/msg/detail/rgbd__functions.c.o\x1b[0m\n'}
[2.018128] (realsense2_camera_msgs) StdoutLine: {'line': b'[ 11%] \x1b[32mBuilding C object CMakeFiles/realsense2_camera_msgs__rosidl_generator_c.dir/rosidl_generator_c/realsense2_camera_msgs/msg/detail/imu_info__functions.c.o\x1b[0m\n'}
[2.019941] (realsense2_camera_msgs) StdoutLine: {'line': b'[ 11%] Built target realsense2_camera_msgs__cpp\n'}
[2.021183] (harvest_interfaces) StdoutLine: {'line': b'-- Build files have been written to: /home/imml/git/ROB_534_Project/build/harvest_interfaces\n'}
[2.031916] (realsense2_camera_msgs) StdoutLine: {'line': b'[ 12%] \x1b[34m\x1b[1mGenerating C++ type support for eProsima Fast-RTPS\x1b[0m\n'}
[2.033538] (realsense2_camera_msgs) StdoutLine: {'line': b'[ 15%] \x1b[34m\x1b[1mGenerating C++ introspection for ROS interfaces\x1b[0m\n'}
[2.033740] (realsense2_camera_msgs) StdoutLine: {'line': b'[ 15%] \x1b[34m\x1b[1mGenerating C++ type support dispatch for ROS interfaces\x1b[0m\n'}
[2.046696] (harvest_interfaces) CommandEnded: {'returncode': 0}
[2.047532] (harvest_interfaces) JobProgress: {'identifier': 'harvest_interfaces', 'progress': 'build'}
[2.048139] (harvest_interfaces) Command: {'cmd': ['/usr/bin/cmake', '--build', '/home/imml/git/ROB_534_Project/build/harvest_interfaces', '--', '-j16', '-l16'], 'cwd': '/home/imml/git/ROB_534_Project/build/harvest_interfaces', 'env': OrderedDict([('LESSOPEN', '| /usr/bin/lesspipe %s'), ('USER', 'imml'), ('XDG_SESSION_TYPE', 'wayland'), ('SHLVL', '1'), ('LD_LIBRARY_PATH', '/opt/ros/humble/opt/rviz_ogre_vendor/lib:/opt/ros/humble/lib/x86_64-linux-gnu:/opt/ros/humble/lib'), ('HOME', '/home/imml'), ('OLDPWD', '/home/imml'), ('DESKTOP_SESSION', 'ubuntu'), ('ROS_PYTHON_VERSION', '3'), ('GNOME_SHELL_SESSION_MODE', 'ubuntu'), ('GTK_MODULES', 'gail:atk-bridge'), ('SYSTEMD_EXEC_PID', '35967'), ('DBUS_SESSION_BUS_ADDRESS', 'unix:path=/run/user/1000/bus'), ('COLORTERM', 'truecolor'), ('IM_CONFIG_PHASE', '1'), ('WAYLAND_DISPLAY', 'wayland-0'), ('ROS_DISTRO', 'humble'), ('LOGNAME', 'imml'), ('_', '/usr/bin/colcon'), ('ROS_VERSION', '2'), ('XDG_SESSION_CLASS', 'user'), ('USERNAME', 'imml'), ('TERM', 'xterm-256color'), ('GNOME_DESKTOP_SESSION_ID', 'this-is-deprecated'), ('ROS_LOCALHOST_ONLY', '0'), ('PATH', '/opt/ros/humble/bin:/home/imml/.local/bin:/usr/local/sbin:/usr/local/bin:/usr/sbin:/usr/bin:/sbin:/bin:/usr/games:/usr/local/games:/snap/bin:/snap/bin'), ('SESSION_MANAGER', 'local/imml-ROG-Zephyrus:@/tmp/.ICE-unix/1689,unix/imml-ROG-Zephyrus:/tmp/.ICE-unix/1689'), ('XDG_MENU_PREFIX', 'gnome-'), ('GNOME_TERMINAL_SCREEN', '/org/gnome/Terminal/screen/00ec7be0_5807_4f11_8254_b2b90de30782'), ('GNOME_SETUP_DISPLAY', ':1'), ('XDG_RUNTIME_DIR', '/run/user/1000'), ('DISPLAY', ':0'), ('LANG', 'en_US.UTF-8'), ('XDG_CURRENT_DESKTOP', 'ubuntu:GNOME'), ('XMODIFIERS', '@im=ibus'), ('XDG_SESSION_DESKTOP', 'ubuntu'), ('XAUTHORITY', '/run/user/1000/.mutter-Xwaylandauth.48T012'), ('LS_COLORS', 'rs=0:di=01;34:ln=01;36:mh=00:pi=40;33:so=01;35:do=01;35:bd=40;33;01:cd=40;33;01:or=40;31;01:mi=00:su=37;41:sg=30;43:ca=30;41:tw=30;42:ow=34;42:st=37;44:ex=01;32:*.tar=01;31:*.tgz=01;31:*.arc=01;31:*.arj=01;31:*.taz=01;31:*.lha=01;31:*.lz4=01;31:*.lzh=01;31:*.lzma=01;31:*.tlz=01;31:*.txz=01;31:*.tzo=01;31:*.t7z=01;31:*.zip=01;31:*.z=01;31:*.dz=01;31:*.gz=01;31:*.lrz=01;31:*.lz=01;31:*.lzo=01;31:*.xz=01;31:*.zst=01;31:*.tzst=01;31:*.bz2=01;31:*.bz=01;31:*.tbz=01;31:*.tbz2=01;31:*.tz=01;31:*.deb=01;31:*.rpm=01;31:*.jar=01;31:*.war=01;31:*.ear=01;31:*.sar=01;31:*.rar=01;31:*.alz=01;31:*.ace=01;31:*.zoo=01;31:*.cpio=01;31:*.7z=01;31:*.rz=01;31:*.cab=01;31:*.wim=01;31:*.swm=01;31:*.dwm=01;31:*.esd=01;31:*.jpg=01;35:*.jpeg=01;35:*.mjpg=01;35:*.mjpeg=01;35:*.gif=01;35:*.bmp=01;35:*.pbm=01;35:*.pgm=01;35:*.ppm=01;35:*.tga=01;35:*.xbm=01;35:*.xpm=01;35:*.tif=01;35:*.tiff=01;35:*.png=01;35:*.svg=01;35:*.svgz=01;35:*.mng=01;35:*.pcx=01;35:*.mov=01;35:*.mpg=01;35:*.mpeg=01;35:*.m2v=01;35:*.mkv=01;35:*.webm=01;35:*.webp=01;35:*.ogm=01;35:*.mp4=01;35:*.m4v=01;35:*.mp4v=01;35:*.vob=01;35:*.qt=01;35:*.nuv=01;35:*.wmv=01;35:*.asf=01;35:*.rm=01;35:*.rmvb=01;35:*.flc=01;35:*.avi=01;35:*.fli=01;35:*.flv=01;35:*.gl=01;35:*.dl=01;35:*.xcf=01;35:*.xwd=01;35:*.yuv=01;35:*.cgm=01;35:*.emf=01;35:*.ogv=01;35:*.ogx=01;35:*.aac=00;36:*.au=00;36:*.flac=00;36:*.m4a=00;36:*.mid=00;36:*.midi=00;36:*.mka=00;36:*.mp3=00;36:*.mpc=00;36:*.ogg=00;36:*.ra=00;36:*.wav=00;36:*.oga=00;36:*.opus=00;36:*.spx=00;36:*.xspf=00;36:'), ('GNOME_TERMINAL_SERVICE', ':1.315'), ('SSH_AGENT_LAUNCHER', 'gnome-keyring'), ('SSH_AUTH_SOCK', '/run/user/1000/keyring/ssh'), ('AMENT_PREFIX_PATH', '/opt/ros/humble'), ('SHELL', '/bin/bash'), ('QT_ACCESSIBILITY', '1'), ('GDMSESSION', 'ubuntu'), ('LESSCLOSE', '/usr/bin/lesspipe %s %s'), ('QT_IM_MODULE', 'ibus'), ('PWD', '/home/imml/git/ROB_534_Project/build/harvest_interfaces'), ('LC_ALL', 'en_US.UTF-8'), ('XDG_CONFIG_DIRS', '/etc/xdg/xdg-ubuntu:/etc/xdg'), ('XDG_DATA_DIRS', '/usr/share/ubuntu:/usr/local/share/:/usr/share/:/var/lib/snapd/desktop'), ('PYTHONPATH', '/opt/ros/humble/lib/python3.10/site-packages:/opt/ros/humble/local/lib/python3.10/dist-packages'), ('COLCON', '1'), ('VTE_VERSION', '6800'), ('CMAKE_PREFIX_PATH', '/opt/ros/humble')]), 'shell': False}
[2.079063] (realsense2_camera_msgs) StdoutLine: {'line': b'[ 17%] \x1b[32m\x1b[1mLinking C shared library librealsense2_camera_msgs__rosidl_generator_c.so\x1b[0m\n'}
[2.101807] (-) TimerEvent: {}
[2.103419] (harvest_interfaces) StdoutLine: {'line': b'[  1%] \x1b[34m\x1b[1mGenerating C code for ROS interfaces\x1b[0m\n'}
[2.112234] (harvest_interfaces) StdoutLine: {'line': b'[  1%] \x1b[34m\x1b[1mGenerating C++ code for ROS interfaces\x1b[0m\n'}
[2.120351] (realsense2_camera_msgs) StdoutLine: {'line': b'[ 17%] Built target realsense2_camera_msgs__rosidl_generator_c\n'}
[2.128599] (harvest_interfaces) StdoutLine: {'line': b'[  1%] Built target ament_cmake_python_symlink_harvest_interfaces\n'}
[2.132408] (realsense2_camera_msgs) StdoutLine: {'line': b'[ 19%] \x1b[34m\x1b[1mGenerating C introspection for ROS interfaces\x1b[0m\n'}
[2.133920] (realsense2_camera_msgs) StdoutLine: {'line': b'[ 22%] \x1b[34m\x1b[1mGenerating C type support for eProsima Fast-RTPS\x1b[0m\n'}
[2.134137] (realsense2_camera_msgs) StdoutLine: {'line': b'[ 22%] \x1b[34m\x1b[1mGenerating C type support dispatch for ROS interfaces\x1b[0m\n'}
[2.201915] (-) TimerEvent: {}
[2.302241] (-) TimerEvent: {}
[2.398981] (ur_description) StdoutLine: {'line': b'-- Configuring done\n'}
[2.402317] (-) TimerEvent: {}
[2.403126] (ur_description) StdoutLine: {'line': b'-- Generating done\n'}
[2.405184] (ur_description) StdoutLine: {'line': b'-- Build files have been written to: /home/imml/git/ROB_534_Project/build/ur_description\n'}
[2.411371] (ur_description) CommandEnded: {'returncode': 0}
[2.412025] (ur_description) JobProgress: {'identifier': 'ur_description', 'progress': 'build'}
[2.412285] (ur_description) Command: {'cmd': ['/usr/bin/cmake', '--build', '/home/imml/git/ROB_534_Project/build/ur_description', '--', '-j16', '-l16'], 'cwd': '/home/imml/git/ROB_534_Project/build/ur_description', 'env': OrderedDict([('LESSOPEN', '| /usr/bin/lesspipe %s'), ('USER', 'imml'), ('XDG_SESSION_TYPE', 'wayland'), ('SHLVL', '1'), ('LD_LIBRARY_PATH', '/opt/ros/humble/opt/rviz_ogre_vendor/lib:/opt/ros/humble/lib/x86_64-linux-gnu:/opt/ros/humble/lib'), ('HOME', '/home/imml'), ('OLDPWD', '/home/imml'), ('DESKTOP_SESSION', 'ubuntu'), ('ROS_PYTHON_VERSION', '3'), ('GNOME_SHELL_SESSION_MODE', 'ubuntu'), ('GTK_MODULES', 'gail:atk-bridge'), ('SYSTEMD_EXEC_PID', '35967'), ('DBUS_SESSION_BUS_ADDRESS', 'unix:path=/run/user/1000/bus'), ('COLORTERM', 'truecolor'), ('IM_CONFIG_PHASE', '1'), ('WAYLAND_DISPLAY', 'wayland-0'), ('ROS_DISTRO', 'humble'), ('LOGNAME', 'imml'), ('_', '/usr/bin/colcon'), ('ROS_VERSION', '2'), ('XDG_SESSION_CLASS', 'user'), ('USERNAME', 'imml'), ('TERM', 'xterm-256color'), ('GNOME_DESKTOP_SESSION_ID', 'this-is-deprecated'), ('ROS_LOCALHOST_ONLY', '0'), ('PATH', '/opt/ros/humble/bin:/home/imml/.local/bin:/usr/local/sbin:/usr/local/bin:/usr/sbin:/usr/bin:/sbin:/bin:/usr/games:/usr/local/games:/snap/bin:/snap/bin'), ('SESSION_MANAGER', 'local/imml-ROG-Zephyrus:@/tmp/.ICE-unix/1689,unix/imml-ROG-Zephyrus:/tmp/.ICE-unix/1689'), ('XDG_MENU_PREFIX', 'gnome-'), ('GNOME_TERMINAL_SCREEN', '/org/gnome/Terminal/screen/00ec7be0_5807_4f11_8254_b2b90de30782'), ('GNOME_SETUP_DISPLAY', ':1'), ('XDG_RUNTIME_DIR', '/run/user/1000'), ('DISPLAY', ':0'), ('LANG', 'en_US.UTF-8'), ('XDG_CURRENT_DESKTOP', 'ubuntu:GNOME'), ('XMODIFIERS', '@im=ibus'), ('XDG_SESSION_DESKTOP', 'ubuntu'), ('XAUTHORITY', '/run/user/1000/.mutter-Xwaylandauth.48T012'), ('LS_COLORS', 'rs=0:di=01;34:ln=01;36:mh=00:pi=40;33:so=01;35:do=01;35:bd=40;33;01:cd=40;33;01:or=40;31;01:mi=00:su=37;41:sg=30;43:ca=30;41:tw=30;42:ow=34;42:st=37;44:ex=01;32:*.tar=01;31:*.tgz=01;31:*.arc=01;31:*.arj=01;31:*.taz=01;31:*.lha=01;31:*.lz4=01;31:*.lzh=01;31:*.lzma=01;31:*.tlz=01;31:*.txz=01;31:*.tzo=01;31:*.t7z=01;31:*.zip=01;31:*.z=01;31:*.dz=01;31:*.gz=01;31:*.lrz=01;31:*.lz=01;31:*.lzo=01;31:*.xz=01;31:*.zst=01;31:*.tzst=01;31:*.bz2=01;31:*.bz=01;31:*.tbz=01;31:*.tbz2=01;31:*.tz=01;31:*.deb=01;31:*.rpm=01;31:*.jar=01;31:*.war=01;31:*.ear=01;31:*.sar=01;31:*.rar=01;31:*.alz=01;31:*.ace=01;31:*.zoo=01;31:*.cpio=01;31:*.7z=01;31:*.rz=01;31:*.cab=01;31:*.wim=01;31:*.swm=01;31:*.dwm=01;31:*.esd=01;31:*.jpg=01;35:*.jpeg=01;35:*.mjpg=01;35:*.mjpeg=01;35:*.gif=01;35:*.bmp=01;35:*.pbm=01;35:*.pgm=01;35:*.ppm=01;35:*.tga=01;35:*.xbm=01;35:*.xpm=01;35:*.tif=01;35:*.tiff=01;35:*.png=01;35:*.svg=01;35:*.svgz=01;35:*.mng=01;35:*.pcx=01;35:*.mov=01;35:*.mpg=01;35:*.mpeg=01;35:*.m2v=01;35:*.mkv=01;35:*.webm=01;35:*.webp=01;35:*.ogm=01;35:*.mp4=01;35:*.m4v=01;35:*.mp4v=01;35:*.vob=01;35:*.qt=01;35:*.nuv=01;35:*.wmv=01;35:*.asf=01;35:*.rm=01;35:*.rmvb=01;35:*.flc=01;35:*.avi=01;35:*.fli=01;35:*.flv=01;35:*.gl=01;35:*.dl=01;35:*.xcf=01;35:*.xwd=01;35:*.yuv=01;35:*.cgm=01;35:*.emf=01;35:*.ogv=01;35:*.ogx=01;35:*.aac=00;36:*.au=00;36:*.flac=00;36:*.m4a=00;36:*.mid=00;36:*.midi=00;36:*.mka=00;36:*.mp3=00;36:*.mpc=00;36:*.ogg=00;36:*.ra=00;36:*.wav=00;36:*.oga=00;36:*.opus=00;36:*.spx=00;36:*.xspf=00;36:'), ('GNOME_TERMINAL_SERVICE', ':1.315'), ('SSH_AGENT_LAUNCHER', 'gnome-keyring'), ('SSH_AUTH_SOCK', '/run/user/1000/keyring/ssh'), ('AMENT_PREFIX_PATH', '/opt/ros/humble'), ('SHELL', '/bin/bash'), ('QT_ACCESSIBILITY', '1'), ('GDMSESSION', 'ubuntu'), ('LESSCLOSE', '/usr/bin/lesspipe %s %s'), ('QT_IM_MODULE', 'ibus'), ('PWD', '/home/imml/git/ROB_534_Project/build/ur_description'), ('LC_ALL', 'en_US.UTF-8'), ('XDG_CONFIG_DIRS', '/etc/xdg/xdg-ubuntu:/etc/xdg'), ('XDG_DATA_DIRS', '/usr/share/ubuntu:/usr/local/share/:/usr/share/:/var/lib/snapd/desktop'), ('PYTHONPATH', '/opt/ros/humble/lib/python3.10/site-packages:/opt/ros/humble/local/lib/python3.10/dist-packages'), ('COLCON', '1'), ('VTE_VERSION', '6800'), ('CMAKE_PREFIX_PATH', '/opt/ros/humble')]), 'shell': False}
[2.466671] (realsense2_camera_msgs) StdoutLine: {'line': b'[ 23%] \x1b[32mBuilding CXX object CMakeFiles/realsense2_camera_msgs__rosidl_typesupport_introspection_cpp.dir/rosidl_typesupport_introspection_cpp/realsense2_camera_msgs/msg/detail/imu_info__type_support.cpp.o\x1b[0m\n'}
[2.466957] (realsense2_camera_msgs) StdoutLine: {'line': b'[ 25%] \x1b[32mBuilding CXX object CMakeFiles/realsense2_camera_msgs__rosidl_typesupport_introspection_cpp.dir/rosidl_typesupport_introspection_cpp/realsense2_camera_msgs/msg/detail/extrinsics__type_support.cpp.o\x1b[0m\n'}
[2.467062] (realsense2_camera_msgs) StdoutLine: {'line': b'[ 26%] \x1b[32mBuilding CXX object CMakeFiles/realsense2_camera_msgs__rosidl_typesupport_introspection_cpp.dir/rosidl_typesupport_introspection_cpp/realsense2_camera_msgs/msg/detail/metadata__type_support.cpp.o\x1b[0m\n'}
[2.467154] (realsense2_camera_msgs) StdoutLine: {'line': b'[ 28%] \x1b[32mBuilding CXX object CMakeFiles/realsense2_camera_msgs__rosidl_typesupport_introspection_cpp.dir/rosidl_typesupport_introspection_cpp/realsense2_camera_msgs/msg/detail/rgbd__type_support.cpp.o\x1b[0m\n'}
[2.468587] (ur_description) CommandEnded: {'returncode': 0}
[2.472460] (ur_description) JobProgress: {'identifier': 'ur_description', 'progress': 'install'}
[2.473481] (realsense2_camera_msgs) StdoutLine: {'line': b'[ 30%] \x1b[32mBuilding CXX object CMakeFiles/realsense2_camera_msgs__rosidl_typesupport_introspection_cpp.dir/rosidl_typesupport_introspection_cpp/realsense2_camera_msgs/srv/detail/device_info__type_support.cpp.o\x1b[0m\n'}
[2.481133] (ur_description) Command: {'cmd': ['/usr/bin/cmake', '--install', '/home/imml/git/ROB_534_Project/build/ur_description'], 'cwd': '/home/imml/git/ROB_534_Project/build/ur_description', 'env': OrderedDict([('LESSOPEN', '| /usr/bin/lesspipe %s'), ('USER', 'imml'), ('XDG_SESSION_TYPE', 'wayland'), ('SHLVL', '1'), ('LD_LIBRARY_PATH', '/opt/ros/humble/opt/rviz_ogre_vendor/lib:/opt/ros/humble/lib/x86_64-linux-gnu:/opt/ros/humble/lib'), ('HOME', '/home/imml'), ('OLDPWD', '/home/imml'), ('DESKTOP_SESSION', 'ubuntu'), ('ROS_PYTHON_VERSION', '3'), ('GNOME_SHELL_SESSION_MODE', 'ubuntu'), ('GTK_MODULES', 'gail:atk-bridge'), ('SYSTEMD_EXEC_PID', '35967'), ('DBUS_SESSION_BUS_ADDRESS', 'unix:path=/run/user/1000/bus'), ('COLORTERM', 'truecolor'), ('IM_CONFIG_PHASE', '1'), ('WAYLAND_DISPLAY', 'wayland-0'), ('ROS_DISTRO', 'humble'), ('LOGNAME', 'imml'), ('_', '/usr/bin/colcon'), ('ROS_VERSION', '2'), ('XDG_SESSION_CLASS', 'user'), ('USERNAME', 'imml'), ('TERM', 'xterm-256color'), ('GNOME_DESKTOP_SESSION_ID', 'this-is-deprecated'), ('ROS_LOCALHOST_ONLY', '0'), ('PATH', '/opt/ros/humble/bin:/home/imml/.local/bin:/usr/local/sbin:/usr/local/bin:/usr/sbin:/usr/bin:/sbin:/bin:/usr/games:/usr/local/games:/snap/bin:/snap/bin'), ('SESSION_MANAGER', 'local/imml-ROG-Zephyrus:@/tmp/.ICE-unix/1689,unix/imml-ROG-Zephyrus:/tmp/.ICE-unix/1689'), ('XDG_MENU_PREFIX', 'gnome-'), ('GNOME_TERMINAL_SCREEN', '/org/gnome/Terminal/screen/00ec7be0_5807_4f11_8254_b2b90de30782'), ('GNOME_SETUP_DISPLAY', ':1'), ('XDG_RUNTIME_DIR', '/run/user/1000'), ('DISPLAY', ':0'), ('LANG', 'en_US.UTF-8'), ('XDG_CURRENT_DESKTOP', 'ubuntu:GNOME'), ('XMODIFIERS', '@im=ibus'), ('XDG_SESSION_DESKTOP', 'ubuntu'), ('XAUTHORITY', '/run/user/1000/.mutter-Xwaylandauth.48T012'), ('LS_COLORS', 'rs=0:di=01;34:ln=01;36:mh=00:pi=40;33:so=01;35:do=01;35:bd=40;33;01:cd=40;33;01:or=40;31;01:mi=00:su=37;41:sg=30;43:ca=30;41:tw=30;42:ow=34;42:st=37;44:ex=01;32:*.tar=01;31:*.tgz=01;31:*.arc=01;31:*.arj=01;31:*.taz=01;31:*.lha=01;31:*.lz4=01;31:*.lzh=01;31:*.lzma=01;31:*.tlz=01;31:*.txz=01;31:*.tzo=01;31:*.t7z=01;31:*.zip=01;31:*.z=01;31:*.dz=01;31:*.gz=01;31:*.lrz=01;31:*.lz=01;31:*.lzo=01;31:*.xz=01;31:*.zst=01;31:*.tzst=01;31:*.bz2=01;31:*.bz=01;31:*.tbz=01;31:*.tbz2=01;31:*.tz=01;31:*.deb=01;31:*.rpm=01;31:*.jar=01;31:*.war=01;31:*.ear=01;31:*.sar=01;31:*.rar=01;31:*.alz=01;31:*.ace=01;31:*.zoo=01;31:*.cpio=01;31:*.7z=01;31:*.rz=01;31:*.cab=01;31:*.wim=01;31:*.swm=01;31:*.dwm=01;31:*.esd=01;31:*.jpg=01;35:*.jpeg=01;35:*.mjpg=01;35:*.mjpeg=01;35:*.gif=01;35:*.bmp=01;35:*.pbm=01;35:*.pgm=01;35:*.ppm=01;35:*.tga=01;35:*.xbm=01;35:*.xpm=01;35:*.tif=01;35:*.tiff=01;35:*.png=01;35:*.svg=01;35:*.svgz=01;35:*.mng=01;35:*.pcx=01;35:*.mov=01;35:*.mpg=01;35:*.mpeg=01;35:*.m2v=01;35:*.mkv=01;35:*.webm=01;35:*.webp=01;35:*.ogm=01;35:*.mp4=01;35:*.m4v=01;35:*.mp4v=01;35:*.vob=01;35:*.qt=01;35:*.nuv=01;35:*.wmv=01;35:*.asf=01;35:*.rm=01;35:*.rmvb=01;35:*.flc=01;35:*.avi=01;35:*.fli=01;35:*.flv=01;35:*.gl=01;35:*.dl=01;35:*.xcf=01;35:*.xwd=01;35:*.yuv=01;35:*.cgm=01;35:*.emf=01;35:*.ogv=01;35:*.ogx=01;35:*.aac=00;36:*.au=00;36:*.flac=00;36:*.m4a=00;36:*.mid=00;36:*.midi=00;36:*.mka=00;36:*.mp3=00;36:*.mpc=00;36:*.ogg=00;36:*.ra=00;36:*.wav=00;36:*.oga=00;36:*.opus=00;36:*.spx=00;36:*.xspf=00;36:'), ('GNOME_TERMINAL_SERVICE', ':1.315'), ('SSH_AGENT_LAUNCHER', 'gnome-keyring'), ('SSH_AUTH_SOCK', '/run/user/1000/keyring/ssh'), ('AMENT_PREFIX_PATH', '/opt/ros/humble'), ('SHELL', '/bin/bash'), ('QT_ACCESSIBILITY', '1'), ('GDMSESSION', 'ubuntu'), ('LESSCLOSE', '/usr/bin/lesspipe %s %s'), ('QT_IM_MODULE', 'ibus'), ('PWD', '/home/imml/git/ROB_534_Project/build/ur_description'), ('LC_ALL', 'en_US.UTF-8'), ('XDG_CONFIG_DIRS', '/etc/xdg/xdg-ubuntu:/etc/xdg'), ('XDG_DATA_DIRS', '/usr/share/ubuntu:/usr/local/share/:/usr/share/:/var/lib/snapd/desktop'), ('PYTHONPATH', '/opt/ros/humble/lib/python3.10/site-packages:/opt/ros/humble/local/lib/python3.10/dist-packages'), ('COLCON', '1'), ('VTE_VERSION', '6800'), ('CMAKE_PREFIX_PATH', '/opt/ros/humble')]), 'shell': False}
[2.492758] (ur_description) StdoutLine: {'line': b'-- Install configuration: ""\n'}
[2.493673] (ur_description) StdoutLine: {'line': b'-- Execute custom install script\n'}
[2.495245] (ur_description) StdoutLine: {'line': b'-- Symlinking: /home/imml/git/ROB_534_Project/install/ur_description/share/ur_description/config/initial_positions.yaml\n'}
[2.502408] (-) TimerEvent: {}
[2.508769] (ur_description) StdoutLine: {'line': b'-- Symlinking: /home/imml/git/ROB_534_Project/install/ur_description/share/ur_description/config/initial_positions_marcus.yaml\n'}
[2.514906] (harvest_interfaces) StdoutLine: {'line': b'running egg_info\n'}
[2.515173] (harvest_interfaces) StdoutLine: {'line': b'creating harvest_interfaces.egg-info\n'}
[2.515730] (harvest_interfaces) StdoutLine: {'line': b'writing harvest_interfaces.egg-info/PKG-INFO\n'}
[2.516163] (harvest_interfaces) StdoutLine: {'line': b'writing dependency_links to harvest_interfaces.egg-info/dependency_links.txt\n'}
[2.516572] (harvest_interfaces) StdoutLine: {'line': b'writing top-level names to harvest_interfaces.egg-info/top_level.txt\n'}
[2.518324] (harvest_interfaces) StdoutLine: {'line': b"writing manifest file 'harvest_interfaces.egg-info/SOURCES.txt'\n"}
[2.520633] (harvest_interfaces) StdoutLine: {'line': b"reading manifest file 'harvest_interfaces.egg-info/SOURCES.txt'\n"}
[2.521542] (harvest_interfaces) StdoutLine: {'line': b"writing manifest file 'harvest_interfaces.egg-info/SOURCES.txt'\n"}
[2.525378] (ur_description) StdoutLine: {'line': b'-- Symlinking: /home/imml/git/ROB_534_Project/install/ur_description/share/ur_description/config/ur10/default_kinematics.yaml\n'}
[2.536293] (ur_description) StdoutLine: {'line': b'-- Symlinking: /home/imml/git/ROB_534_Project/install/ur_description/share/ur_description/config/ur10/joint_limits.yaml\n'}
[2.549908] (ur_description) StdoutLine: {'line': b'-- Symlinking: /home/imml/git/ROB_534_Project/install/ur_description/share/ur_description/config/ur10/physical_parameters.yaml\n'}
[2.573320] (ur_description) StdoutLine: {'line': b'-- Symlinking: /home/imml/git/ROB_534_Project/install/ur_description/share/ur_description/config/ur10/visual_parameters.yaml\n'}
[2.584438] (harvest_interfaces) StdoutLine: {'line': b'[  1%] Built target ament_cmake_python_build_harvest_interfaces_egg\n'}
[2.590754] (ur_description) StdoutLine: {'line': b'-- Symlinking: /home/imml/git/ROB_534_Project/install/ur_description/share/ur_description/config/ur10e/default_kinematics.yaml\n'}
[2.601256] (realsense2_camera_msgs) StdoutLine: {'line': b'[ 31%] \x1b[32mBuilding CXX object CMakeFiles/realsense2_camera_msgs__rosidl_typesupport_cpp.dir/rosidl_typesupport_cpp/realsense2_camera_msgs/msg/extrinsics__type_support.cpp.o\x1b[0m\n'}
[2.602506] (-) TimerEvent: {}
[2.606400] (realsense2_camera_msgs) StdoutLine: {'line': b'[ 33%] \x1b[32mBuilding CXX object CMakeFiles/realsense2_camera_msgs__rosidl_typesupport_cpp.dir/rosidl_typesupport_cpp/realsense2_camera_msgs/msg/imu_info__type_support.cpp.o\x1b[0m\n'}
[2.607861] (realsense2_camera_msgs) StdoutLine: {'line': b'[ 34%] \x1b[32mBuilding CXX object CMakeFiles/realsense2_camera_msgs__rosidl_typesupport_cpp.dir/rosidl_typesupport_cpp/realsense2_camera_msgs/msg/metadata__type_support.cpp.o\x1b[0m\n'}
[2.608098] (realsense2_camera_msgs) StdoutLine: {'line': b'[ 36%] \x1b[32mBuilding CXX object CMakeFiles/realsense2_camera_msgs__rosidl_typesupport_cpp.dir/rosidl_typesupport_cpp/realsense2_camera_msgs/srv/device_info__type_support.cpp.o\x1b[0m\n'}
[2.611313] (realsense2_camera_msgs) StdoutLine: {'line': b'[ 38%] \x1b[32mBuilding CXX object CMakeFiles/realsense2_camera_msgs__rosidl_typesupport_cpp.dir/rosidl_typesupport_cpp/realsense2_camera_msgs/msg/rgbd__type_support.cpp.o\x1b[0m\n'}
[2.615052] (ur_description) StdoutLine: {'line': b'-- Symlinking: /home/imml/git/ROB_534_Project/install/ur_description/share/ur_description/config/ur10e/joint_limits.yaml\n'}
[2.642446] (realsense2_camera_msgs) StdoutLine: {'line': b'[ 39%] \x1b[32mBuilding C object CMakeFiles/realsense2_camera_msgs__rosidl_typesupport_introspection_c.dir/rosidl_typesupport_introspection_c/realsense2_camera_msgs/msg/detail/imu_info__type_support.c.o\x1b[0m\n'}
[2.645996] (ur_description) StdoutLine: {'line': b'-- Symlinking: /home/imml/git/ROB_534_Project/install/ur_description/share/ur_description/config/ur10e/physical_parameters.yaml\n'}
[2.647470] (realsense2_camera_msgs) StdoutLine: {'line': b'[ 41%] \x1b[32mBuilding C object CMakeFiles/realsense2_camera_msgs__rosidl_typesupport_introspection_c.dir/rosidl_typesupport_introspection_c/realsense2_camera_msgs/msg/detail/extrinsics__type_support.c.o\x1b[0m\n'}
[2.651606] (realsense2_camera_msgs) StdoutLine: {'line': b'[ 42%] \x1b[32mBuilding C object CMakeFiles/realsense2_camera_msgs__rosidl_typesupport_introspection_c.dir/rosidl_typesupport_introspection_c/realsense2_camera_msgs/msg/detail/metadata__type_support.c.o\x1b[0m\n'}
[2.684017] (ur_description) StdoutLine: {'line': b'-- Symlinking: /home/imml/git/ROB_534_Project/install/ur_description/share/ur_description/config/ur10e/visual_parameters.yaml\n'}
[2.702631] (-) TimerEvent: {}
[2.711142] (ur_description) StdoutLine: {'line': b'-- Symlinking: /home/imml/git/ROB_534_Project/install/ur_description/share/ur_description/config/ur16e/default_kinematics.yaml\n'}
[2.735476] (ur_description) StdoutLine: {'line': b'-- Symlinking: /home/imml/git/ROB_534_Project/install/ur_description/share/ur_description/config/ur16e/joint_limits.yaml\n'}
[2.769345] (realsense2_camera_msgs) StdoutLine: {'line': b'[ 44%] \x1b[32mBuilding C object CMakeFiles/realsense2_camera_msgs__rosidl_typesupport_introspection_c.dir/rosidl_typesupport_introspection_c/realsense2_camera_msgs/msg/detail/rgbd__type_support.c.o\x1b[0m\n'}
[2.770976] (ur_description) StdoutLine: {'line': b'-- Symlinking: /home/imml/git/ROB_534_Project/install/ur_description/share/ur_description/config/ur16e/physical_parameters.yaml\n'}
[2.776340] (realsense2_camera_msgs) StdoutLine: {'line': b'[ 46%] \x1b[32mBuilding C object CMakeFiles/realsense2_camera_msgs__rosidl_typesupport_introspection_c.dir/rosidl_typesupport_introspection_c/realsense2_camera_msgs/srv/detail/device_info__type_support.c.o\x1b[0m\n'}
[2.795431] (ur_description) StdoutLine: {'line': b'-- Symlinking: /home/imml/git/ROB_534_Project/install/ur_description/share/ur_description/config/ur16e/visual_parameters.yaml\n'}
[2.804358] (-) TimerEvent: {}
[2.826151] (realsense2_camera_msgs) StdoutLine: {'line': b'[ 47%] \x1b[32mBuilding CXX object CMakeFiles/realsense2_camera_msgs__rosidl_typesupport_c.dir/rosidl_typesupport_c/realsense2_camera_msgs/msg/imu_info__type_support.cpp.o\x1b[0m\n'}
[2.826941] (ur_description) StdoutLine: {'line': b'-- Symlinking: /home/imml/git/ROB_534_Project/install/ur_description/share/ur_description/config/ur20/default_kinematics.yaml\n'}
[2.853037] (ur_description) StdoutLine: {'line': b'-- Symlinking: /home/imml/git/ROB_534_Project/install/ur_description/share/ur_description/config/ur20/joint_limits.yaml\n'}
[2.873673] (realsense2_camera_msgs) StdoutLine: {'line': b'[ 49%] \x1b[32mBuilding CXX object CMakeFiles/realsense2_camera_msgs__rosidl_typesupport_c.dir/rosidl_typesupport_c/realsense2_camera_msgs/msg/extrinsics__type_support.cpp.o\x1b[0m\n'}
[2.879008] (ur_description) StdoutLine: {'line': b'-- Symlinking: /home/imml/git/ROB_534_Project/install/ur_description/share/ur_description/config/ur20/physical_parameters.yaml\n'}
[2.889334] (realsense2_camera_msgs) StdoutLine: {'line': b'[ 50%] \x1b[32mBuilding CXX object CMakeFiles/realsense2_camera_msgs__rosidl_typesupport_c.dir/rosidl_typesupport_c/realsense2_camera_msgs/msg/metadata__type_support.cpp.o\x1b[0m\n'}
[2.904477] (-) TimerEvent: {}
[2.907022] (ur_description) StdoutLine: {'line': b'-- Symlinking: /home/imml/git/ROB_534_Project/install/ur_description/share/ur_description/config/ur20/visual_parameters.yaml\n'}
[2.907404] (realsense2_camera_msgs) StdoutLine: {'line': b'[ 52%] \x1b[32mBuilding CXX object CMakeFiles/realsense2_camera_msgs__rosidl_typesupport_fastrtps_cpp.dir/rosidl_typesupport_fastrtps_cpp/realsense2_camera_msgs/msg/detail/dds_fastrtps/imu_info__type_support.cpp.o\x1b[0m\n'}
[2.921085] (realsense2_camera_msgs) StdoutLine: {'line': b'[ 53%] \x1b[32m\x1b[1mLinking C shared library librealsense2_camera_msgs__rosidl_typesupport_introspection_c.so\x1b[0m\n'}
[2.935062] (ur_description) StdoutLine: {'line': b'-- Symlinking: /home/imml/git/ROB_534_Project/install/ur_description/share/ur_description/config/ur3/default_kinematics.yaml\n'}
[2.953089] (realsense2_camera_msgs) StdoutLine: {'line': b'[ 55%] \x1b[32mBuilding CXX object CMakeFiles/realsense2_camera_msgs__rosidl_typesupport_fastrtps_cpp.dir/rosidl_typesupport_fastrtps_cpp/realsense2_camera_msgs/msg/detail/dds_fastrtps/extrinsics__type_support.cpp.o\x1b[0m\n'}
[2.953892] (realsense2_camera_msgs) StdoutLine: {'line': b'[ 57%] \x1b[32mBuilding CXX object CMakeFiles/realsense2_camera_msgs__rosidl_typesupport_c.dir/rosidl_typesupport_c/realsense2_camera_msgs/msg/rgbd__type_support.cpp.o\x1b[0m\n'}
[2.960889] (ur_description) StdoutLine: {'line': b'-- Symlinking: /home/imml/git/ROB_534_Project/install/ur_description/share/ur_description/config/ur3/joint_limits.yaml\n'}
[2.965494] (realsense2_camera_msgs) StdoutLine: {'line': b'[ 58%] \x1b[32mBuilding CXX object CMakeFiles/realsense2_camera_msgs__rosidl_typesupport_fastrtps_cpp.dir/rosidl_typesupport_fastrtps_cpp/realsense2_camera_msgs/msg/detail/dds_fastrtps/metadata__type_support.cpp.o\x1b[0m\n'}
[2.998576] (ur_description) StdoutLine: {'line': b'-- Symlinking: /home/imml/git/ROB_534_Project/install/ur_description/share/ur_description/config/ur3/physical_parameters.yaml\n'}
[3.004594] (-) TimerEvent: {}
[3.017323] (realsense2_camera_msgs) StdoutLine: {'line': b'[ 60%] \x1b[32mBuilding CXX object CMakeFiles/realsense2_camera_msgs__rosidl_typesupport_c.dir/rosidl_typesupport_c/realsense2_camera_msgs/srv/device_info__type_support.cpp.o\x1b[0m\n'}
[3.027765] (ur_dashboard_msgs) StdoutLine: {'line': b'[  1%] Built target ur_dashboard_msgs__cpp\n'}
[3.028262] (ur_description) StdoutLine: {'line': b'-- Symlinking: /home/imml/git/ROB_534_Project/install/ur_description/share/ur_description/config/ur3/visual_parameters.yaml\n'}
[3.033684] (realsense2_camera_msgs) StdoutLine: {'line': b'[ 60%] Built target realsense2_camera_msgs__rosidl_typesupport_introspection_c\n'}
[3.061025] (ur_dashboard_msgs) StdoutLine: {'line': b'[  2%] \x1b[34m\x1b[1mGenerating C++ type support for eProsima Fast-RTPS\x1b[0m\n'}
[3.062315] (ur_dashboard_msgs) StdoutLine: {'line': b'[  2%] \x1b[34m\x1b[1mGenerating C++ introspection for ROS interfaces\x1b[0m\n'}
[3.063867] (ur_description) StdoutLine: {'line': b'-- Symlinking: /home/imml/git/ROB_534_Project/install/ur_description/share/ur_description/config/ur30/default_kinematics.yaml\n'}
[3.066378] (ur_dashboard_msgs) StdoutLine: {'line': b'[  3%] \x1b[34m\x1b[1mGenerating C++ type support dispatch for ROS interfaces\x1b[0m\n'}
[3.084632] (realsense2_camera_msgs) StdoutLine: {'line': b'[ 61%] \x1b[32m\x1b[1mLinking CXX shared library librealsense2_camera_msgs__rosidl_typesupport_c.so\x1b[0m\n'}
[3.095642] (ur_description) StdoutLine: {'line': b'-- Symlinking: /home/imml/git/ROB_534_Project/install/ur_description/share/ur_description/config/ur30/joint_limits.yaml\n'}
[3.097253] (realsense2_camera_msgs) StdoutLine: {'line': b'[ 63%] \x1b[32mBuilding CXX object CMakeFiles/realsense2_camera_msgs__rosidl_typesupport_fastrtps_cpp.dir/rosidl_typesupport_fastrtps_cpp/realsense2_camera_msgs/msg/detail/dds_fastrtps/rgbd__type_support.cpp.o\x1b[0m\n'}
[3.104701] (-) TimerEvent: {}
[3.108501] (realsense2_camera_msgs) StdoutLine: {'line': b'[ 65%] \x1b[32mBuilding CXX object CMakeFiles/realsense2_camera_msgs__rosidl_typesupport_fastrtps_cpp.dir/rosidl_typesupport_fastrtps_cpp/realsense2_camera_msgs/srv/detail/dds_fastrtps/device_info__type_support.cpp.o\x1b[0m\n'}
[3.119412] (ur_description) StdoutLine: {'line': b'-- Symlinking: /home/imml/git/ROB_534_Project/install/ur_description/share/ur_description/config/ur30/physical_parameters.yaml\n'}
[3.142742] (realsense2_camera_msgs) StdoutLine: {'line': b'[ 66%] \x1b[32mBuilding CXX object CMakeFiles/realsense2_camera_msgs__rosidl_typesupport_fastrtps_c.dir/rosidl_typesupport_fastrtps_c/realsense2_camera_msgs/msg/detail/imu_info__type_support_c.cpp.o\x1b[0m\n'}
[3.150128] (ur_description) StdoutLine: {'line': b'-- Symlinking: /home/imml/git/ROB_534_Project/install/ur_description/share/ur_description/config/ur30/visual_parameters.yaml\n'}
[3.150499] (realsense2_camera_msgs) StdoutLine: {'line': b'[ 68%] \x1b[32mBuilding CXX object CMakeFiles/realsense2_camera_msgs__rosidl_typesupport_fastrtps_c.dir/rosidl_typesupport_fastrtps_c/realsense2_camera_msgs/msg/detail/extrinsics__type_support_c.cpp.o\x1b[0m\n'}
[3.160478] (realsense2_camera_msgs) StdoutLine: {'line': b'[ 69%] \x1b[32mBuilding CXX object CMakeFiles/realsense2_camera_msgs__rosidl_typesupport_fastrtps_c.dir/rosidl_typesupport_fastrtps_c/realsense2_camera_msgs/msg/detail/metadata__type_support_c.cpp.o\x1b[0m\n'}
[3.194519] (realsense2_camera_msgs) StdoutLine: {'line': b'[ 71%] \x1b[32mBuilding CXX object CMakeFiles/realsense2_camera_msgs__rosidl_typesupport_fastrtps_c.dir/rosidl_typesupport_fastrtps_c/realsense2_camera_msgs/msg/detail/rgbd__type_support_c.cpp.o\x1b[0m\n'}
[3.194859] (realsense2_camera_msgs) StdoutLine: {'line': b'[ 73%] \x1b[32mBuilding CXX object CMakeFiles/realsense2_camera_msgs__rosidl_typesupport_fastrtps_c.dir/rosidl_typesupport_fastrtps_c/realsense2_camera_msgs/srv/detail/device_info__type_support_c.cpp.o\x1b[0m\n'}
[3.195042] (ur_description) StdoutLine: {'line': b'-- Symlinking: /home/imml/git/ROB_534_Project/install/ur_description/share/ur_description/config/ur3e/default_kinematics.yaml\n'}
[3.204826] (-) TimerEvent: {}
[3.218901] (ur_description) StdoutLine: {'line': b'-- Symlinking: /home/imml/git/ROB_534_Project/install/ur_description/share/ur_description/config/ur3e/joint_limits.yaml\n'}
[3.223666] (realsense2_camera_msgs) StdoutLine: {'line': b'[ 73%] Built target realsense2_camera_msgs__rosidl_typesupport_c\n'}
[3.246489] (ur_description) StdoutLine: {'line': b'-- Symlinking: /home/imml/git/ROB_534_Project/install/ur_description/share/ur_description/config/ur3e/physical_parameters.yaml\n'}
[3.272357] (ur_description) StdoutLine: {'line': b'-- Symlinking: /home/imml/git/ROB_534_Project/install/ur_description/share/ur_description/config/ur3e/visual_parameters.yaml\n'}
[3.300846] (ur_description) StdoutLine: {'line': b'-- Symlinking: /home/imml/git/ROB_534_Project/install/ur_description/share/ur_description/config/ur5/default_kinematics.yaml\n'}
[3.304923] (-) TimerEvent: {}
[3.311647] (realsense2_camera_msgs) StdoutLine: {'line': b'[ 74%] \x1b[32m\x1b[1mLinking CXX shared library librealsense2_camera_msgs__rosidl_typesupport_cpp.so\x1b[0m\n'}
[3.332108] (ur_description) StdoutLine: {'line': b'-- Symlinking: /home/imml/git/ROB_534_Project/install/ur_description/share/ur_description/config/ur5/joint_limits.yaml\n'}
[3.338768] (realsense2_camera_msgs) StdoutLine: {'line': b'[ 76%] \x1b[32m\x1b[1mLinking CXX shared library librealsense2_camera_msgs__rosidl_typesupport_introspection_cpp.so\x1b[0m\n'}
[3.363347] (ur_description) StdoutLine: {'line': b'-- Symlinking: /home/imml/git/ROB_534_Project/install/ur_description/share/ur_description/config/ur5/physical_parameters.yaml\n'}
[3.363635] (ur_dashboard_msgs) StdoutLine: {'line': b'[  3%] \x1b[32mBuilding C object CMakeFiles/ur_dashboard_msgs__rosidl_generator_c.dir/rosidl_generator_c/ur_dashboard_msgs/msg/detail/program_state__functions.c.o\x1b[0m\n'}
[3.366842] (ur_dashboard_msgs) StdoutLine: {'line': b'[  4%] \x1b[32mBuilding C object CMakeFiles/ur_dashboard_msgs__rosidl_generator_c.dir/rosidl_generator_c/ur_dashboard_msgs/msg/detail/safety_mode__functions.c.o\x1b[0m\n'}
[3.375419] (ur_dashboard_msgs) StdoutLine: {'line': b'[  5%] \x1b[32mBuilding C object CMakeFiles/ur_dashboard_msgs__rosidl_generator_c.dir/rosidl_generator_c/ur_dashboard_msgs/msg/detail/robot_mode__functions.c.o\x1b[0m\n'}
[3.375897] (ur_dashboard_msgs) StdoutLine: {'line': b'[  5%] \x1b[32mBuilding C object CMakeFiles/ur_dashboard_msgs__rosidl_generator_c.dir/rosidl_generator_c/ur_dashboard_msgs/srv/detail/get_loaded_program__functions.c.o\x1b[0m\n'}
[3.376195] (ur_dashboard_msgs) StdoutLine: {'line': b'[  6%] \x1b[32mBuilding C object CMakeFiles/ur_dashboard_msgs__rosidl_generator_c.dir/rosidl_generator_c/ur_dashboard_msgs/srv/detail/add_to_log__functions.c.o\x1b[0m\n'}
[3.380491] (ur_dashboard_msgs) StdoutLine: {'line': b'[  7%] \x1b[32mBuilding C object CMakeFiles/ur_dashboard_msgs__rosidl_generator_c.dir/rosidl_generator_c/ur_dashboard_msgs/srv/detail/get_program_state__functions.c.o\x1b[0m\n'}
[3.381963] (ur_dashboard_msgs) StdoutLine: {'line': b'[  8%] \x1b[32mBuilding C object CMakeFiles/ur_dashboard_msgs__rosidl_generator_c.dir/rosidl_generator_c/ur_dashboard_msgs/srv/detail/get_safety_mode__functions.c.o\x1b[0m\n'}
[3.389468] (ur_dashboard_msgs) StdoutLine: {'line': b'[  9%] \x1b[32mBuilding C object CMakeFiles/ur_dashboard_msgs__rosidl_generator_c.dir/rosidl_generator_c/ur_dashboard_msgs/srv/detail/load__functions.c.o\x1b[0m\n'}
[3.389782] (ur_dashboard_msgs) StdoutLine: {'line': b'[ 10%] \x1b[32mBuilding C object CMakeFiles/ur_dashboard_msgs__rosidl_generator_c.dir/rosidl_generator_c/ur_dashboard_msgs/srv/detail/is_program_saved__functions.c.o\x1b[0m\n'}
[3.390077] (ur_description) StdoutLine: {'line': b'-- Symlinking: /home/imml/git/ROB_534_Project/install/ur_description/share/ur_description/config/ur5/visual_parameters.yaml\n'}
[3.391496] (ur_dashboard_msgs) StdoutLine: {'line': b'[  9%] \x1b[32mBuilding C object CMakeFiles/ur_dashboard_msgs__rosidl_generator_c.dir/rosidl_generator_c/ur_dashboard_msgs/srv/detail/is_program_running__functions.c.o\x1b[0m\n'}
[3.399363] (ur_dashboard_msgs) StdoutLine: {'line': b'[ 11%] \x1b[32mBuilding C object CMakeFiles/ur_dashboard_msgs__rosidl_generator_c.dir/rosidl_generator_c/ur_dashboard_msgs/srv/detail/popup__functions.c.o\x1b[0m\n'}
[3.399703] (ur_dashboard_msgs) StdoutLine: {'line': b'[ 12%] \x1b[32mBuilding C object CMakeFiles/ur_dashboard_msgs__rosidl_generator_c.dir/rosidl_generator_c/ur_dashboard_msgs/srv/detail/get_robot_mode__functions.c.o\x1b[0m\n'}
[3.401391] (ur_dashboard_msgs) StdoutLine: {'line': b'[ 12%] \x1b[32mBuilding C object CMakeFiles/ur_dashboard_msgs__rosidl_generator_c.dir/rosidl_generator_c/ur_dashboard_msgs/srv/detail/raw_request__functions.c.o\x1b[0m\n'}
[3.405036] (-) TimerEvent: {}
[3.424287] (ur_description) StdoutLine: {'line': b'-- Symlinking: /home/imml/git/ROB_534_Project/install/ur_description/share/ur_description/config/ur5e/default_kinematics.yaml\n'}
[3.454700] (ur_description) StdoutLine: {'line': b'-- Symlinking: /home/imml/git/ROB_534_Project/install/ur_description/share/ur_description/config/ur5e/joint_limits.yaml\n'}
[3.467767] (realsense2_camera_msgs) StdoutLine: {'line': b'[ 76%] Built target realsense2_camera_msgs__rosidl_typesupport_cpp\n'}
[3.486350] (ur_description) StdoutLine: {'line': b'-- Symlinking: /home/imml/git/ROB_534_Project/install/ur_description/share/ur_description/config/ur5e/physical_parameters.yaml\n'}
[3.504669] (ur_dashboard_msgs) StdoutLine: {'line': b'[ 13%] \x1b[32mBuilding C object CMakeFiles/ur_dashboard_msgs__rosidl_generator_c.dir/rosidl_generator_c/ur_dashboard_msgs/action/detail/set_mode__functions.c.o\x1b[0m\n'}
[3.508339] (-) TimerEvent: {}
[3.518428] (ur_description) StdoutLine: {'line': b'-- Symlinking: /home/imml/git/ROB_534_Project/install/ur_description/share/ur_description/config/ur5e/visual_parameters.yaml\n'}
[3.541906] (ur_description) StdoutLine: {'line': b'-- Symlinking: /home/imml/git/ROB_534_Project/install/ur_description/share/ur_description/launch/view_ur.launch.py\n'}
[3.577427] (ur_description) StdoutLine: {'line': b'-- Symlinking: /home/imml/git/ROB_534_Project/install/ur_description/share/ur_description/meshes/ur10/collision/base.stl\n'}
[3.605428] (ur_description) StdoutLine: {'line': b'-- Symlinking: /home/imml/git/ROB_534_Project/install/ur_description/share/ur_description/meshes/ur10/collision/forearm.stl\n'}
[3.608440] (-) TimerEvent: {}
[3.637344] (ur_description) StdoutLine: {'line': b'-- Symlinking: /home/imml/git/ROB_534_Project/install/ur_description/share/ur_description/meshes/ur10/collision/shoulder.stl\n'}
[3.658282] (ur_description) StdoutLine: {'line': b'-- Symlinking: /home/imml/git/ROB_534_Project/install/ur_description/share/ur_description/meshes/ur10/collision/upperarm.stl\n'}
[3.673888] (ur_description) StdoutLine: {'line': b'-- Symlinking: /home/imml/git/ROB_534_Project/install/ur_description/share/ur_description/meshes/ur10/collision/wrist1.stl\n'}
[3.692353] (ur_description) StdoutLine: {'line': b'-- Symlinking: /home/imml/git/ROB_534_Project/install/ur_description/share/ur_description/meshes/ur10/collision/wrist2.stl\n'}
[3.699571] (realsense2_camera_msgs) StdoutLine: {'line': b'[ 76%] Built target realsense2_camera_msgs__rosidl_typesupport_introspection_cpp\n'}
[3.704224] (ur_description) StdoutLine: {'line': b'-- Symlinking: /home/imml/git/ROB_534_Project/install/ur_description/share/ur_description/meshes/ur10/collision/wrist3.stl\n'}
[3.708554] (-) TimerEvent: {}
[3.727498] (ur_dashboard_msgs) StdoutLine: {'line': b'[ 14%] \x1b[32m\x1b[1mLinking C shared library libur_dashboard_msgs__rosidl_generator_c.so\x1b[0m\n'}
[3.729317] (ur_description) StdoutLine: {'line': b'-- Symlinking: /home/imml/git/ROB_534_Project/install/ur_description/share/ur_description/meshes/ur10/visual/base.dae\n'}
[3.744583] (ur_description) StdoutLine: {'line': b'-- Symlinking: /home/imml/git/ROB_534_Project/install/ur_description/share/ur_description/meshes/ur10/visual/forearm.dae\n'}
[3.762351] (ur_description) StdoutLine: {'line': b'-- Symlinking: /home/imml/git/ROB_534_Project/install/ur_description/share/ur_description/meshes/ur10/visual/shoulder.dae\n'}
[3.778385] (ur_description) StdoutLine: {'line': b'-- Symlinking: /home/imml/git/ROB_534_Project/install/ur_description/share/ur_description/meshes/ur10/visual/upperarm.dae\n'}
[3.792763] (ur_description) StdoutLine: {'line': b'-- Symlinking: /home/imml/git/ROB_534_Project/install/ur_description/share/ur_description/meshes/ur10/visual/wrist1.dae\n'}
[3.798574] (ur_dashboard_msgs) StdoutLine: {'line': b'[ 14%] Built target ur_dashboard_msgs__rosidl_generator_c\n'}
[3.808663] (-) TimerEvent: {}
[3.809712] (ur_description) StdoutLine: {'line': b'-- Symlinking: /home/imml/git/ROB_534_Project/install/ur_description/share/ur_description/meshes/ur10/visual/wrist2.dae\n'}
[3.815721] (ur_dashboard_msgs) StdoutLine: {'line': b'[ 16%] \x1b[34m\x1b[1mGenerating C type support for eProsima Fast-RTPS\x1b[0m\n'}
[3.815950] (ur_dashboard_msgs) StdoutLine: {'line': b'[ 16%] \x1b[34m\x1b[1mGenerating C introspection for ROS interfaces\x1b[0m\n'}
[3.822190] (ur_dashboard_msgs) StdoutLine: {'line': b'[ 17%] \x1b[34m\x1b[1mGenerating C type support dispatch for ROS interfaces\x1b[0m\n'}
[3.823319] (ur_description) StdoutLine: {'line': b'-- Symlinking: /home/imml/git/ROB_534_Project/install/ur_description/share/ur_description/meshes/ur10/visual/wrist3.dae\n'}
[3.833975] (ur_description) StdoutLine: {'line': b'-- Symlinking: /home/imml/git/ROB_534_Project/install/ur_description/share/ur_description/meshes/ur10e/collision/base.stl\n'}
[3.844651] (ur_description) StdoutLine: {'line': b'-- Symlinking: /home/imml/git/ROB_534_Project/install/ur_description/share/ur_description/meshes/ur10e/collision/forearm.stl\n'}
[3.854981] (ur_description) StdoutLine: {'line': b'-- Symlinking: /home/imml/git/ROB_534_Project/install/ur_description/share/ur_description/meshes/ur10e/collision/shoulder.stl\n'}
[3.865466] (ur_description) StdoutLine: {'line': b'-- Symlinking: /home/imml/git/ROB_534_Project/install/ur_description/share/ur_description/meshes/ur10e/collision/upperarm.stl\n'}
[3.873320] (realsense2_camera_msgs) StdoutLine: {'line': b'[ 77%] \x1b[32m\x1b[1mLinking CXX shared library librealsense2_camera_msgs__rosidl_typesupport_fastrtps_c.so\x1b[0m\n'}
[3.874779] (ur_description) StdoutLine: {'line': b'-- Symlinking: /home/imml/git/ROB_534_Project/install/ur_description/share/ur_description/meshes/ur10e/collision/wrist1.stl\n'}
[3.886654] (ur_description) StdoutLine: {'line': b'-- Symlinking: /home/imml/git/ROB_534_Project/install/ur_description/share/ur_description/meshes/ur10e/collision/wrist2.stl\n'}
[3.898019] (ur_description) StdoutLine: {'line': b'-- Symlinking: /home/imml/git/ROB_534_Project/install/ur_description/share/ur_description/meshes/ur10e/collision/wrist3.stl\n'}
[3.908771] (-) TimerEvent: {}
[3.912029] (ur_description) StdoutLine: {'line': b'-- Symlinking: /home/imml/git/ROB_534_Project/install/ur_description/share/ur_description/meshes/ur10e/visual/base.dae\n'}
[3.926424] (ur_description) StdoutLine: {'line': b'-- Symlinking: /home/imml/git/ROB_534_Project/install/ur_description/share/ur_description/meshes/ur10e/visual/forearm.dae\n'}
[3.941089] (ur_description) StdoutLine: {'line': b'-- Symlinking: /home/imml/git/ROB_534_Project/install/ur_description/share/ur_description/meshes/ur10e/visual/shoulder.dae\n'}
[3.954739] (ur_description) StdoutLine: {'line': b'-- Symlinking: /home/imml/git/ROB_534_Project/install/ur_description/share/ur_description/meshes/ur10e/visual/upperarm.dae\n'}
[3.963096] (realsense2_camera_msgs) StdoutLine: {'line': b'[ 79%] \x1b[32m\x1b[1mLinking CXX shared library librealsense2_camera_msgs__rosidl_typesupport_fastrtps_cpp.so\x1b[0m\n'}
[3.965707] (ur_description) StdoutLine: {'line': b'-- Symlinking: /home/imml/git/ROB_534_Project/install/ur_description/share/ur_description/meshes/ur10e/visual/wrist1.dae\n'}
[3.966515] (realsense2_camera_msgs) StdoutLine: {'line': b'[ 79%] Built target realsense2_camera_msgs__rosidl_typesupport_fastrtps_c\n'}
[3.976323] (ur_description) StdoutLine: {'line': b'-- Symlinking: /home/imml/git/ROB_534_Project/install/ur_description/share/ur_description/meshes/ur10e/visual/wrist2.dae\n'}
[3.989059] (ur_description) StdoutLine: {'line': b'-- Symlinking: /home/imml/git/ROB_534_Project/install/ur_description/share/ur_description/meshes/ur10e/visual/wrist3.dae\n'}
[4.003472] (ur_description) StdoutLine: {'line': b'-- Symlinking: /home/imml/git/ROB_534_Project/install/ur_description/share/ur_description/meshes/ur16e/collision/forearm.stl\n'}
[4.008886] (-) TimerEvent: {}
[4.017036] (ur_description) StdoutLine: {'line': b'-- Symlinking: /home/imml/git/ROB_534_Project/install/ur_description/share/ur_description/meshes/ur16e/collision/upperarm.stl\n'}
[4.030112] (ur_description) StdoutLine: {'line': b'-- Symlinking: /home/imml/git/ROB_534_Project/install/ur_description/share/ur_description/meshes/ur16e/visual/forearm.dae\n'}
[4.040581] (ur_description) StdoutLine: {'line': b'-- Symlinking: /home/imml/git/ROB_534_Project/install/ur_description/share/ur_description/meshes/ur16e/visual/upperarm.dae\n'}
[4.044346] (realsense2_camera_msgs) StdoutLine: {'line': b'[ 79%] Built target realsense2_camera_msgs__rosidl_typesupport_fastrtps_cpp\n'}
[4.049733] (ur_description) StdoutLine: {'line': b'-- Symlinking: /home/imml/git/ROB_534_Project/install/ur_description/share/ur_description/meshes/ur20/LICENSE.txt\n'}
[4.061644] (ur_description) StdoutLine: {'line': b'-- Symlinking: /home/imml/git/ROB_534_Project/install/ur_description/share/ur_description/meshes/ur20/collision/base.stl\n'}
[4.072684] (realsense2_camera_msgs) StdoutLine: {'line': b'[ 79%] Built target realsense2_camera_msgs\n'}
[4.074474] (ur_description) StdoutLine: {'line': b'-- Symlinking: /home/imml/git/ROB_534_Project/install/ur_description/share/ur_description/meshes/ur20/collision/forearm.stl\n'}
[4.086946] (ur_description) StdoutLine: {'line': b'-- Symlinking: /home/imml/git/ROB_534_Project/install/ur_description/share/ur_description/meshes/ur20/collision/shoulder.stl\n'}
[4.099044] (ur_description) StdoutLine: {'line': b'-- Symlinking: /home/imml/git/ROB_534_Project/install/ur_description/share/ur_description/meshes/ur20/collision/upperarm.stl\n'}
[4.100369] (realsense2_camera_msgs) StdoutLine: {'line': b'[ 80%] \x1b[34m\x1b[1mGenerating Python code for ROS interfaces\x1b[0m\n'}
[4.108975] (-) TimerEvent: {}
[4.111381] (ur_description) StdoutLine: {'line': b'-- Symlinking: /home/imml/git/ROB_534_Project/install/ur_description/share/ur_description/meshes/ur20/collision/wrist1.stl\n'}
[4.124072] (ur_description) StdoutLine: {'line': b'-- Symlinking: /home/imml/git/ROB_534_Project/install/ur_description/share/ur_description/meshes/ur20/collision/wrist2.stl\n'}
[4.137537] (ur_description) StdoutLine: {'line': b'-- Symlinking: /home/imml/git/ROB_534_Project/install/ur_description/share/ur_description/meshes/ur20/collision/wrist3.stl\n'}
[4.150798] (ur_description) StdoutLine: {'line': b'-- Symlinking: /home/imml/git/ROB_534_Project/install/ur_description/share/ur_description/meshes/ur20/visual/UR20_DIFF_8bit_2K.png\n'}
[4.164269] (ur_description) StdoutLine: {'line': b'-- Symlinking: /home/imml/git/ROB_534_Project/install/ur_description/share/ur_description/meshes/ur20/visual/base.dae\n'}
[4.176984] (ur_description) StdoutLine: {'line': b'-- Symlinking: /home/imml/git/ROB_534_Project/install/ur_description/share/ur_description/meshes/ur20/visual/forearm.dae\n'}
[4.189965] (ur_description) StdoutLine: {'line': b'-- Symlinking: /home/imml/git/ROB_534_Project/install/ur_description/share/ur_description/meshes/ur20/visual/shoulder.dae\n'}
[4.202653] (ur_description) StdoutLine: {'line': b'-- Symlinking: /home/imml/git/ROB_534_Project/install/ur_description/share/ur_description/meshes/ur20/visual/upperarm.dae\n'}
[4.209067] (-) TimerEvent: {}
[4.215317] (ur_description) StdoutLine: {'line': b'-- Symlinking: /home/imml/git/ROB_534_Project/install/ur_description/share/ur_description/meshes/ur20/visual/wrist1.dae\n'}
[4.228125] (ur_description) StdoutLine: {'line': b'-- Symlinking: /home/imml/git/ROB_534_Project/install/ur_description/share/ur_description/meshes/ur20/visual/wrist2.dae\n'}
[4.240589] (ur_description) StdoutLine: {'line': b'-- Symlinking: /home/imml/git/ROB_534_Project/install/ur_description/share/ur_description/meshes/ur20/visual/wrist3.dae\n'}
[4.254347] (ur_description) StdoutLine: {'line': b'-- Symlinking: /home/imml/git/ROB_534_Project/install/ur_description/share/ur_description/meshes/ur3/collision/base.stl\n'}
[4.267467] (ur_description) StdoutLine: {'line': b'-- Symlinking: /home/imml/git/ROB_534_Project/install/ur_description/share/ur_description/meshes/ur3/collision/forearm.stl\n'}
[4.280700] (ur_description) StdoutLine: {'line': b'-- Symlinking: /home/imml/git/ROB_534_Project/install/ur_description/share/ur_description/meshes/ur3/collision/shoulder.stl\n'}
[4.294407] (ur_description) StdoutLine: {'line': b'-- Symlinking: /home/imml/git/ROB_534_Project/install/ur_description/share/ur_description/meshes/ur3/collision/upperarm.stl\n'}
[4.306164] (ur_description) StdoutLine: {'line': b'-- Symlinking: /home/imml/git/ROB_534_Project/install/ur_description/share/ur_description/meshes/ur3/collision/wrist1.stl\n'}
[4.310370] (-) TimerEvent: {}
[4.319519] (ur_description) StdoutLine: {'line': b'-- Symlinking: /home/imml/git/ROB_534_Project/install/ur_description/share/ur_description/meshes/ur3/collision/wrist2.stl\n'}
[4.332350] (ur_description) StdoutLine: {'line': b'-- Symlinking: /home/imml/git/ROB_534_Project/install/ur_description/share/ur_description/meshes/ur3/collision/wrist3.stl\n'}
[4.347925] (ur_description) StdoutLine: {'line': b'-- Symlinking: /home/imml/git/ROB_534_Project/install/ur_description/share/ur_description/meshes/ur3/visual/base.dae\n'}
[4.358402] (ur_description) StdoutLine: {'line': b'-- Symlinking: /home/imml/git/ROB_534_Project/install/ur_description/share/ur_description/meshes/ur3/visual/forearm.dae\n'}
[4.383551] (ur_description) StdoutLine: {'line': b'-- Symlinking: /home/imml/git/ROB_534_Project/install/ur_description/share/ur_description/meshes/ur3/visual/shoulder.dae\n'}
[4.392041] (ur_description) StdoutLine: {'line': b'-- Symlinking: /home/imml/git/ROB_534_Project/install/ur_description/share/ur_description/meshes/ur3/visual/upperarm.dae\n'}
[4.401154] (harvest_interfaces) StdoutLine: {'line': b'[  1%] Built target harvest_interfaces__cpp\n'}
[4.402971] (ur_description) StdoutLine: {'line': b'-- Symlinking: /home/imml/git/ROB_534_Project/install/ur_description/share/ur_description/meshes/ur3/visual/wrist1.dae\n'}
[4.410475] (-) TimerEvent: {}
[4.413594] (harvest_interfaces) StdoutLine: {'line': b'[  2%] \x1b[34m\x1b[1mGenerating C++ type support for eProsima Fast-RTPS\x1b[0m\n'}
[4.415247] (harvest_interfaces) StdoutLine: {'line': b'[  3%] \x1b[34m\x1b[1mGenerating C++ type support dispatch for ROS interfaces\x1b[0m\n'}
[4.415930] (ur_description) StdoutLine: {'line': b'-- Symlinking: /home/imml/git/ROB_534_Project/install/ur_description/share/ur_description/meshes/ur3/visual/wrist2.dae\n'}
[4.416419] (harvest_interfaces) StdoutLine: {'line': b'[  3%] \x1b[34m\x1b[1mGenerating C++ introspection for ROS interfaces\x1b[0m\n'}
[4.431403] (ur_description) StdoutLine: {'line': b'-- Symlinking: /home/imml/git/ROB_534_Project/install/ur_description/share/ur_description/meshes/ur3/visual/wrist3.dae\n'}
[4.443309] (ur_description) StdoutLine: {'line': b'-- Symlinking: /home/imml/git/ROB_534_Project/install/ur_description/share/ur_description/meshes/ur30/LICENSE.txt\n'}
[4.456345] (ur_description) StdoutLine: {'line': b'-- Symlinking: /home/imml/git/ROB_534_Project/install/ur_description/share/ur_description/meshes/ur30/collision/forearm.stl\n'}
[4.472817] (ur_description) StdoutLine: {'line': b'-- Symlinking: /home/imml/git/ROB_534_Project/install/ur_description/share/ur_description/meshes/ur30/collision/upperarm.stl\n'}
[4.479383] (ur_dashboard_msgs) StdoutLine: {'line': b'[ 18%] \x1b[32mBuilding CXX object CMakeFiles/ur_dashboard_msgs__rosidl_typesupport_cpp.dir/rosidl_typesupport_cpp/ur_dashboard_msgs/msg/robot_mode__type_support.cpp.o\x1b[0m\n'}
[4.479597] (ur_dashboard_msgs) StdoutLine: {'line': b'[ 18%] \x1b[32mBuilding CXX object CMakeFiles/ur_dashboard_msgs__rosidl_typesupport_cpp.dir/rosidl_typesupport_cpp/ur_dashboard_msgs/msg/safety_mode__type_support.cpp.o\x1b[0m\n'}
[4.479746] (ur_dashboard_msgs) StdoutLine: {'line': b'[ 19%] \x1b[32mBuilding CXX object CMakeFiles/ur_dashboard_msgs__rosidl_typesupport_cpp.dir/rosidl_typesupport_cpp/ur_dashboard_msgs/srv/get_loaded_program__type_support.cpp.o\x1b[0m\n'}
[4.480906] (ur_dashboard_msgs) StdoutLine: {'line': b'[ 20%] \x1b[32mBuilding CXX object CMakeFiles/ur_dashboard_msgs__rosidl_typesupport_cpp.dir/rosidl_typesupport_cpp/ur_dashboard_msgs/msg/program_state__type_support.cpp.o\x1b[0m\n'}
[4.483712] (ur_dashboard_msgs) StdoutLine: {'line': b'[ 21%] \x1b[32mBuilding CXX object CMakeFiles/ur_dashboard_msgs__rosidl_typesupport_cpp.dir/rosidl_typesupport_cpp/ur_dashboard_msgs/srv/add_to_log__type_support.cpp.o\x1b[0m\n'}
[4.483970] (ur_description) StdoutLine: {'line': b'-- Symlinking: /home/imml/git/ROB_534_Project/install/ur_description/share/ur_description/meshes/ur30/visual/UR30_DIFF_8bit_2K.png\n'}
[4.488086] (ur_dashboard_msgs) StdoutLine: {'line': b'[ 21%] \x1b[32mBuilding CXX object CMakeFiles/ur_dashboard_msgs__rosidl_typesupport_cpp.dir/rosidl_typesupport_cpp/ur_dashboard_msgs/srv/get_program_state__type_support.cpp.o\x1b[0m\n'}
[4.497349] (ur_dashboard_msgs) StdoutLine: {'line': b'[ 22%] \x1b[32mBuilding CXX object CMakeFiles/ur_dashboard_msgs__rosidl_typesupport_cpp.dir/rosidl_typesupport_cpp/ur_dashboard_msgs/srv/get_safety_mode__type_support.cpp.o\x1b[0m\n'}
[4.497656] (ur_dashboard_msgs) StdoutLine: {'line': b'[ 23%] \x1b[32mBuilding CXX object CMakeFiles/ur_dashboard_msgs__rosidl_typesupport_cpp.dir/rosidl_typesupport_cpp/ur_dashboard_msgs/srv/is_program_running__type_support.cpp.o\x1b[0m\n'}
[4.497844] (ur_dashboard_msgs) StdoutLine: {'line': b'[ 24%] \x1b[32mBuilding CXX object CMakeFiles/ur_dashboard_msgs__rosidl_typesupport_cpp.dir/rosidl_typesupport_cpp/ur_dashboard_msgs/srv/get_robot_mode__type_support.cpp.o\x1b[0m\n'}
[4.499178] (ur_description) StdoutLine: {'line': b'-- Symlinking: /home/imml/git/ROB_534_Project/install/ur_description/share/ur_description/meshes/ur30/visual/forearm.dae\n'}
[4.510240] (ur_dashboard_msgs) StdoutLine: {'line': b'[ 24%] \x1b[32mBuilding CXX object CMakeFiles/ur_dashboard_msgs__rosidl_typesupport_cpp.dir/rosidl_typesupport_cpp/ur_dashboard_msgs/srv/is_program_saved__type_support.cpp.o\x1b[0m\n'}
[4.510499] (-) TimerEvent: {}
[4.511715] (ur_description) StdoutLine: {'line': b'-- Symlinking: /home/imml/git/ROB_534_Project/install/ur_description/share/ur_description/meshes/ur30/visual/upperarm.dae\n'}
[4.516370] (ur_dashboard_msgs) StdoutLine: {'line': b'[ 25%] \x1b[32mBuilding CXX object CMakeFiles/ur_dashboard_msgs__rosidl_typesupport_cpp.dir/rosidl_typesupport_cpp/ur_dashboard_msgs/srv/load__type_support.cpp.o\x1b[0m\n'}
[4.541534] (ur_description) StdoutLine: {'line': b'-- Symlinking: /home/imml/git/ROB_534_Project/install/ur_description/share/ur_description/meshes/ur3e/collision/base.stl\n'}
[4.568501] (ur_description) StdoutLine: {'line': b'-- Symlinking: /home/imml/git/ROB_534_Project/install/ur_description/share/ur_description/meshes/ur3e/collision/forearm.stl\n'}
[4.587395] (ur_description) StdoutLine: {'line': b'-- Symlinking: /home/imml/git/ROB_534_Project/install/ur_description/share/ur_description/meshes/ur3e/collision/shoulder.stl\n'}
[4.600947] (ur_description) StdoutLine: {'line': b'-- Symlinking: /home/imml/git/ROB_534_Project/install/ur_description/share/ur_description/meshes/ur3e/collision/upperarm.stl\n'}
[4.610639] (-) TimerEvent: {}
[4.615357] (ur_description) StdoutLine: {'line': b'-- Symlinking: /home/imml/git/ROB_534_Project/install/ur_description/share/ur_description/meshes/ur3e/collision/wrist1.stl\n'}
[4.629152] (ur_description) StdoutLine: {'line': b'-- Symlinking: /home/imml/git/ROB_534_Project/install/ur_description/share/ur_description/meshes/ur3e/collision/wrist2.stl\n'}
[4.647322] (ur_description) StdoutLine: {'line': b'-- Symlinking: /home/imml/git/ROB_534_Project/install/ur_description/share/ur_description/meshes/ur3e/collision/wrist3.stl\n'}
[4.657612] (ur_description) StdoutLine: {'line': b'-- Symlinking: /home/imml/git/ROB_534_Project/install/ur_description/share/ur_description/meshes/ur3e/visual/base.dae\n'}
[4.671294] (ur_description) StdoutLine: {'line': b'-- Symlinking: /home/imml/git/ROB_534_Project/install/ur_description/share/ur_description/meshes/ur3e/visual/forearm.dae\n'}
[4.701316] (ur_description) StdoutLine: {'line': b'-- Symlinking: /home/imml/git/ROB_534_Project/install/ur_description/share/ur_description/meshes/ur3e/visual/shoulder.dae\n'}
[4.710765] (-) TimerEvent: {}
[4.727407] (ur_description) StdoutLine: {'line': b'-- Symlinking: /home/imml/git/ROB_534_Project/install/ur_description/share/ur_description/meshes/ur3e/visual/upperarm.dae\n'}
[4.754848] (ur_description) StdoutLine: {'line': b'-- Symlinking: /home/imml/git/ROB_534_Project/install/ur_description/share/ur_description/meshes/ur3e/visual/wrist1.dae\n'}
[4.783158] (ur_description) StdoutLine: {'line': b'-- Symlinking: /home/imml/git/ROB_534_Project/install/ur_description/share/ur_description/meshes/ur3e/visual/wrist2.dae\n'}
[4.810880] (-) TimerEvent: {}
[4.813539] (ur_description) StdoutLine: {'line': b'-- Symlinking: /home/imml/git/ROB_534_Project/install/ur_description/share/ur_description/meshes/ur3e/visual/wrist3.dae\n'}
[4.840591] (ur_description) StdoutLine: {'line': b'-- Symlinking: /home/imml/git/ROB_534_Project/install/ur_description/share/ur_description/meshes/ur5/collision/base.stl\n'}
[4.871711] (ur_description) StdoutLine: {'line': b'-- Symlinking: /home/imml/git/ROB_534_Project/install/ur_description/share/ur_description/meshes/ur5/collision/forearm.stl\n'}
[4.898277] (ur_description) StdoutLine: {'line': b'-- Symlinking: /home/imml/git/ROB_534_Project/install/ur_description/share/ur_description/meshes/ur5/collision/shoulder.stl\n'}
[4.914349] (-) TimerEvent: {}
[4.928424] (harvest_interfaces) StdoutLine: {'line': b'[  3%] \x1b[32mBuilding C object CMakeFiles/harvest_interfaces__rosidl_generator_c.dir/rosidl_generator_c/harvest_interfaces/action/detail/event_detection__functions.c.o\x1b[0m\n'}
[4.928883] (harvest_interfaces) StdoutLine: {'line': b'[  4%] \x1b[32mBuilding C object CMakeFiles/harvest_interfaces__rosidl_generator_c.dir/rosidl_generator_c/harvest_interfaces/srv/detail/apple_prediction__functions.c.o\x1b[0m\n'}
[4.929824] (ur_description) StdoutLine: {'line': b'-- Symlinking: /home/imml/git/ROB_534_Project/install/ur_description/share/ur_description/meshes/ur5/collision/upperarm.stl\n'}
[4.930058] (harvest_interfaces) StdoutLine: {'line': b'[  5%] \x1b[32mBuilding C object CMakeFiles/harvest_interfaces__rosidl_generator_c.dir/rosidl_generator_c/harvest_interfaces/action/detail/send_trajectory__functions.c.o\x1b[0m\n'}
[4.935435] (harvest_interfaces) StdoutLine: {'line': b'[  6%] \x1b[32mBuilding C object CMakeFiles/harvest_interfaces__rosidl_generator_c.dir/rosidl_generator_c/harvest_interfaces/srv/detail/send_trajectory__functions.c.o\x1b[0m\n'}
[4.944880] (harvest_interfaces) StdoutLine: {'line': b'[  6%] \x1b[32mBuilding C object CMakeFiles/harvest_interfaces__rosidl_generator_c.dir/rosidl_generator_c/harvest_interfaces/srv/detail/coordinate_to_trajectory__functions.c.o\x1b[0m\n'}
[4.950282] (harvest_interfaces) StdoutLine: {'line': b'[  7%] \x1b[32mBuilding C object CMakeFiles/harvest_interfaces__rosidl_generator_c.dir/rosidl_generator_c/harvest_interfaces/srv/detail/voxel_mask__functions.c.o\x1b[0m\n'}
[4.951221] (harvest_interfaces) StdoutLine: {'line': b'[  8%] \x1b[32mBuilding C object CMakeFiles/harvest_interfaces__rosidl_generator_c.dir/rosidl_generator_c/harvest_interfaces/srv/detail/move_to_pose__functions.c.o\x1b[0m\n'}
[4.956942] (ur_description) StdoutLine: {'line': b'-- Symlinking: /home/imml/git/ROB_534_Project/install/ur_description/share/ur_description/meshes/ur5/collision/wrist1.stl\n'}
[4.960738] (harvest_interfaces) StdoutLine: {'line': b'[  8%] \x1b[32mBuilding C object CMakeFiles/harvest_interfaces__rosidl_generator_c.dir/rosidl_generator_c/harvest_interfaces/srv/detail/set_value__functions.c.o\x1b[0m\n'}
[4.962895] (harvest_interfaces) StdoutLine: {'line': b'[  9%] \x1b[32mBuilding C object CMakeFiles/harvest_interfaces__rosidl_generator_c.dir/rosidl_generator_c/harvest_interfaces/srv/detail/record_topics__functions.c.o\x1b[0m\n'}
[4.969175] (harvest_interfaces) StdoutLine: {'line': b'[ 10%] \x1b[32mBuilding C object CMakeFiles/harvest_interfaces__rosidl_generator_c.dir/rosidl_generator_c/harvest_interfaces/srv/detail/trajectory_between_points__functions.c.o\x1b[0m\n'}
[4.969956] (harvest_interfaces) StdoutLine: {'line': b'[ 11%] \x1b[32mBuilding C object CMakeFiles/harvest_interfaces__rosidl_generator_c.dir/rosidl_generator_c/harvest_interfaces/srv/detail/get_gripper_pose__functions.c.o\x1b[0m\n'}
[4.998156] (harvest_interfaces) StdoutLine: {'line': b'[ 12%] \x1b[32mBuilding C object CMakeFiles/harvest_interfaces__rosidl_generator_c.dir/rosidl_generator_c/harvest_interfaces/srv/detail/update_trellis_position__functions.c.o\x1b[0m\n'}
[5.000516] (harvest_interfaces) StdoutLine: {'line': b'[ 12%] \x1b[32mBuilding C object CMakeFiles/harvest_interfaces__rosidl_generator_c.dir/rosidl_generator_c/harvest_interfaces/srv/detail/voxel_grid__functions.c.o\x1b[0m\n'}
[5.004390] (ur_description) StdoutLine: {'line': b'-- Symlinking: /home/imml/git/ROB_534_Project/install/ur_description/share/ur_description/meshes/ur5/collision/wrist2.stl\n'}
[5.014465] (-) TimerEvent: {}
[5.018835] (ur_dashboard_msgs) StdoutLine: {'line': b'[ 26%] \x1b[32mBuilding CXX object CMakeFiles/ur_dashboard_msgs__rosidl_typesupport_cpp.dir/rosidl_typesupport_cpp/ur_dashboard_msgs/srv/popup__type_support.cpp.o\x1b[0m\n'}
[5.034802] (ur_description) StdoutLine: {'line': b'-- Symlinking: /home/imml/git/ROB_534_Project/install/ur_description/share/ur_description/meshes/ur5/collision/wrist3.stl\n'}
[5.070195] (ur_dashboard_msgs) StdoutLine: {'line': b'[ 27%] \x1b[32mBuilding CXX object CMakeFiles/ur_dashboard_msgs__rosidl_typesupport_cpp.dir/rosidl_typesupport_cpp/ur_dashboard_msgs/srv/raw_request__type_support.cpp.o\x1b[0m\n'}
[5.078591] (ur_description) StdoutLine: {'line': b'-- Symlinking: /home/imml/git/ROB_534_Project/install/ur_description/share/ur_description/meshes/ur5/visual/base.dae\n'}
[5.090772] (ur_dashboard_msgs) StdoutLine: {'line': b'[ 27%] \x1b[32mBuilding CXX object CMakeFiles/ur_dashboard_msgs__rosidl_typesupport_cpp.dir/rosidl_typesupport_cpp/ur_dashboard_msgs/action/set_mode__type_support.cpp.o\x1b[0m\n'}
[5.096070] (harvest_interfaces) StdoutLine: {'line': b'[ 13%] \x1b[32mBuilding C object CMakeFiles/harvest_interfaces__rosidl_generator_c.dir/rosidl_generator_c/harvest_interfaces/srv/detail/final_approach_linear__functions.c.o\x1b[0m\n'}
[5.117626] (-) TimerEvent: {}
[5.122195] (ur_description) StdoutLine: {'line': b'-- Symlinking: /home/imml/git/ROB_534_Project/install/ur_description/share/ur_description/meshes/ur5/visual/forearm.dae\n'}
[5.151927] (ur_description) StdoutLine: {'line': b'-- Symlinking: /home/imml/git/ROB_534_Project/install/ur_description/share/ur_description/meshes/ur5/visual/shoulder.dae\n'}
[5.170805] (ur_description) StdoutLine: {'line': b'-- Symlinking: /home/imml/git/ROB_534_Project/install/ur_description/share/ur_description/meshes/ur5/visual/upperarm.dae\n'}
[5.184351] (ur_description) StdoutLine: {'line': b'-- Symlinking: /home/imml/git/ROB_534_Project/install/ur_description/share/ur_description/meshes/ur5/visual/wrist1.dae\n'}
[5.205367] (ur_description) StdoutLine: {'line': b'-- Symlinking: /home/imml/git/ROB_534_Project/install/ur_description/share/ur_description/meshes/ur5/visual/wrist2.dae\n'}
[5.217753] (-) TimerEvent: {}
[5.218205] (ur_description) StdoutLine: {'line': b'-- Symlinking: /home/imml/git/ROB_534_Project/install/ur_description/share/ur_description/meshes/ur5/visual/wrist3.dae\n'}
[5.228177] (ur_dashboard_msgs) StdoutLine: {'line': b'[ 28%] \x1b[32mBuilding CXX object CMakeFiles/ur_dashboard_msgs__rosidl_typesupport_introspection_cpp.dir/rosidl_typesupport_introspection_cpp/ur_dashboard_msgs/msg/detail/program_state__type_support.cpp.o\x1b[0m\n'}
[5.233844] (ur_description) StdoutLine: {'line': b'-- Symlinking: /home/imml/git/ROB_534_Project/install/ur_description/share/ur_description/meshes/ur5e/collision/base.stl\n'}
[5.242405] (ur_dashboard_msgs) StdoutLine: {'line': b'[ 29%] \x1b[32mBuilding CXX object CMakeFiles/ur_dashboard_msgs__rosidl_typesupport_introspection_cpp.dir/rosidl_typesupport_introspection_cpp/ur_dashboard_msgs/msg/detail/robot_mode__type_support.cpp.o\x1b[0m\n'}
[5.249837] (ur_description) StdoutLine: {'line': b'-- Symlinking: /home/imml/git/ROB_534_Project/install/ur_description/share/ur_description/meshes/ur5e/collision/forearm.stl\n'}
[5.260327] (ur_dashboard_msgs) StdoutLine: {'line': b'[ 30%] \x1b[32mBuilding CXX object CMakeFiles/ur_dashboard_msgs__rosidl_typesupport_introspection_cpp.dir/rosidl_typesupport_introspection_cpp/ur_dashboard_msgs/msg/detail/safety_mode__type_support.cpp.o\x1b[0m\n'}
[5.264120] (ur_description) StdoutLine: {'line': b'-- Symlinking: /home/imml/git/ROB_534_Project/install/ur_description/share/ur_description/meshes/ur5e/collision/shoulder.stl\n'}
[5.270139] (ur_dashboard_msgs) StdoutLine: {'line': b'[ 30%] \x1b[32mBuilding CXX object CMakeFiles/ur_dashboard_msgs__rosidl_typesupport_introspection_cpp.dir/rosidl_typesupport_introspection_cpp/ur_dashboard_msgs/srv/detail/add_to_log__type_support.cpp.o\x1b[0m\n'}
[5.272179] (ur_dashboard_msgs) StdoutLine: {'line': b'[ 31%] \x1b[32mBuilding CXX object CMakeFiles/ur_dashboard_msgs__rosidl_typesupport_introspection_cpp.dir/rosidl_typesupport_introspection_cpp/ur_dashboard_msgs/srv/detail/get_loaded_program__type_support.cpp.o\x1b[0m\n'}
[5.279272] (ur_description) StdoutLine: {'line': b'-- Symlinking: /home/imml/git/ROB_534_Project/install/ur_description/share/ur_description/meshes/ur5e/collision/upperarm.stl\n'}
[5.280679] (ur_dashboard_msgs) StdoutLine: {'line': b'[ 32%] \x1b[32mBuilding CXX object CMakeFiles/ur_dashboard_msgs__rosidl_typesupport_introspection_cpp.dir/rosidl_typesupport_introspection_cpp/ur_dashboard_msgs/srv/detail/get_program_state__type_support.cpp.o\x1b[0m\n'}
[5.290995] (ur_dashboard_msgs) StdoutLine: {'line': b'[ 33%] \x1b[32mBuilding CXX object CMakeFiles/ur_dashboard_msgs__rosidl_typesupport_introspection_cpp.dir/rosidl_typesupport_introspection_cpp/ur_dashboard_msgs/srv/detail/get_robot_mode__type_support.cpp.o\x1b[0m\n'}
[5.295335] (ur_description) StdoutLine: {'line': b'-- Symlinking: /home/imml/git/ROB_534_Project/install/ur_description/share/ur_description/meshes/ur5e/collision/wrist1.stl\n'}
[5.317344] (ur_description) StdoutLine: {'line': b'-- Symlinking: /home/imml/git/ROB_534_Project/install/ur_description/share/ur_description/meshes/ur5e/collision/wrist2.stl\n'}
[5.321324] (-) TimerEvent: {}
[5.324518] (ur_dashboard_msgs) StdoutLine: {'line': b'[ 34%] \x1b[32mBuilding CXX object CMakeFiles/ur_dashboard_msgs__rosidl_typesupport_fastrtps_cpp.dir/rosidl_typesupport_fastrtps_cpp/ur_dashboard_msgs/msg/detail/dds_fastrtps/program_state__type_support.cpp.o\x1b[0m\n'}
[5.325476] (harvest_interfaces) StdoutLine: {'line': b'[ 14%] \x1b[32m\x1b[1mLinking C shared library libharvest_interfaces__rosidl_generator_c.so\x1b[0m\n'}
[5.338195] (ur_description) StdoutLine: {'line': b'-- Symlinking: /home/imml/git/ROB_534_Project/install/ur_description/share/ur_description/meshes/ur5e/collision/wrist3.stl\n'}
[5.351032] (ur_dashboard_msgs) StdoutLine: {'line': b'[ 35%] \x1b[32mBuilding CXX object CMakeFiles/ur_dashboard_msgs__rosidl_typesupport_fastrtps_cpp.dir/rosidl_typesupport_fastrtps_cpp/ur_dashboard_msgs/msg/detail/dds_fastrtps/robot_mode__type_support.cpp.o\x1b[0m\n'}
[5.353426] (ur_dashboard_msgs) StdoutLine: {'line': b'[ 35%] \x1b[32mBuilding CXX object CMakeFiles/ur_dashboard_msgs__rosidl_typesupport_fastrtps_cpp.dir/rosidl_typesupport_fastrtps_cpp/ur_dashboard_msgs/msg/detail/dds_fastrtps/safety_mode__type_support.cpp.o\x1b[0m\n'}
[5.355391] (ur_description) StdoutLine: {'line': b'-- Symlinking: /home/imml/git/ROB_534_Project/install/ur_description/share/ur_description/meshes/ur5e/visual/base.dae\n'}
[5.380803] (ur_description) StdoutLine: {'line': b'-- Symlinking: /home/imml/git/ROB_534_Project/install/ur_description/share/ur_description/meshes/ur5e/visual/forearm.dae\n'}
[5.413935] (ur_description) StdoutLine: {'line': b'-- Symlinking: /home/imml/git/ROB_534_Project/install/ur_description/share/ur_description/meshes/ur5e/visual/shoulder.dae\n'}
[5.421438] (-) TimerEvent: {}
[5.443148] (ur_description) StdoutLine: {'line': b'-- Symlinking: /home/imml/git/ROB_534_Project/install/ur_description/share/ur_description/meshes/ur5e/visual/upperarm.dae\n'}
[5.455934] (ur_dashboard_msgs) StdoutLine: {'line': b'[ 36%] \x1b[32mBuilding CXX object CMakeFiles/ur_dashboard_msgs__rosidl_typesupport_fastrtps_cpp.dir/rosidl_typesupport_fastrtps_cpp/ur_dashboard_msgs/srv/detail/dds_fastrtps/add_to_log__type_support.cpp.o\x1b[0m\n'}
[5.465519] (ur_description) StdoutLine: {'line': b'-- Symlinking: /home/imml/git/ROB_534_Project/install/ur_description/share/ur_description/meshes/ur5e/visual/wrist1.dae\n'}
[5.480341] (harvest_interfaces) StdoutLine: {'line': b'[ 14%] Built target harvest_interfaces__rosidl_generator_c\n'}
[5.503341] (ur_description) StdoutLine: {'line': b'-- Symlinking: /home/imml/git/ROB_534_Project/install/ur_description/share/ur_description/meshes/ur5e/visual/wrist2.dae\n'}
[5.519436] (harvest_interfaces) StdoutLine: {'line': b'[ 15%] \x1b[34m\x1b[1mGenerating C type support dispatch for ROS interfaces\x1b[0m\n'}
[5.520056] (harvest_interfaces) StdoutLine: {'line': b'[ 16%] \x1b[34m\x1b[1mGenerating C type support for eProsima Fast-RTPS\x1b[0m\n'}
[5.520233] (harvest_interfaces) StdoutLine: {'line': b'[ 17%] \x1b[34m\x1b[1mGenerating C introspection for ROS interfaces\x1b[0m\n'}
[5.523469] (-) TimerEvent: {}
[5.534991] (ur_description) StdoutLine: {'line': b'-- Symlinking: /home/imml/git/ROB_534_Project/install/ur_description/share/ur_description/meshes/ur5e/visual/wrist3.dae\n'}
[5.564412] (ur_description) StdoutLine: {'line': b'-- Symlinking: /home/imml/git/ROB_534_Project/install/ur_description/share/ur_description/rviz/view_robot.rviz\n'}
[5.583364] (ur_dashboard_msgs) StdoutLine: {'line': b'[ 36%] \x1b[32mBuilding CXX object CMakeFiles/ur_dashboard_msgs__rosidl_typesupport_c.dir/rosidl_typesupport_c/ur_dashboard_msgs/msg/program_state__type_support.cpp.o\x1b[0m\n'}
[5.589496] (ur_description) StdoutLine: {'line': b'-- Symlinking: /home/imml/git/ROB_534_Project/install/ur_description/share/ur_description/urdf/inc/ur_common.xacro\n'}
[5.620741] (ur_description) StdoutLine: {'line': b'-- Symlinking: /home/imml/git/ROB_534_Project/install/ur_description/share/ur_description/urdf/inc/ur_transmissions.xacro\n'}
[5.623570] (-) TimerEvent: {}
[5.651156] (ur_description) StdoutLine: {'line': b'-- Symlinking: /home/imml/git/ROB_534_Project/install/ur_description/share/ur_description/urdf/ur.ros2_control.xacro\n'}
[5.682350] (ur_description) StdoutLine: {'line': b'-- Symlinking: /home/imml/git/ROB_534_Project/install/ur_description/share/ur_description/urdf/ur.urdf.xacro\n'}
[5.687954] (ur_dashboard_msgs) StdoutLine: {'line': b'[ 37%] \x1b[32mBuilding CXX object CMakeFiles/ur_dashboard_msgs__rosidl_typesupport_c.dir/rosidl_typesupport_c/ur_dashboard_msgs/msg/robot_mode__type_support.cpp.o\x1b[0m\n'}
[5.721419] (ur_description) StdoutLine: {'line': b'-- Symlinking: /home/imml/git/ROB_534_Project/install/ur_description/share/ur_description/urdf/ur_macro.xacro\n'}
[5.723671] (-) TimerEvent: {}
[5.748430] (ur_description) StdoutLine: {'line': b'-- Symlinking: /home/imml/git/ROB_534_Project/install/ur_description/share/ur_description/test/test_ur_urdf_xacro.py\n'}
[5.780342] (ur_description) StdoutLine: {'line': b'-- Symlinking: /home/imml/git/ROB_534_Project/install/ur_description/share/ur_description/test/test_view_ur_launch.py\n'}
[5.793604] (ur_dashboard_msgs) StdoutLine: {'line': b'[ 38%] \x1b[32mBuilding CXX object CMakeFiles/ur_dashboard_msgs__rosidl_typesupport_c.dir/rosidl_typesupport_c/ur_dashboard_msgs/msg/safety_mode__type_support.cpp.o\x1b[0m\n'}
[5.823807] (-) TimerEvent: {}
[5.824246] (ur_description) StdoutLine: {'line': b'-- Symlinking: /home/imml/git/ROB_534_Project/install/ur_description/share/ament_index/resource_index/package_run_dependencies/ur_description\n'}
[5.833410] (ur_dashboard_msgs) StdoutLine: {'line': b'[ 39%] \x1b[32mBuilding CXX object CMakeFiles/ur_dashboard_msgs__rosidl_typesupport_c.dir/rosidl_typesupport_c/ur_dashboard_msgs/srv/add_to_log__type_support.cpp.o\x1b[0m\n'}
[5.850452] (realsense2_camera_msgs) StdoutLine: {'line': b'[ 80%] Built target realsense2_camera_msgs__py\n'}
[5.853165] (ur_description) StdoutLine: {'line': b'-- Symlinking: /home/imml/git/ROB_534_Project/install/ur_description/share/ament_index/resource_index/parent_prefix_path/ur_description\n'}
[5.887939] (ur_description) StdoutLine: {'line': b'-- Symlinking: /home/imml/git/ROB_534_Project/install/ur_description/share/ur_description/environment/ament_prefix_path.sh\n'}
[5.921515] (realsense2_camera_msgs) StdoutLine: {'line': b'[ 82%] \x1b[32mBuilding C object CMakeFiles/realsense2_camera_msgs__rosidl_generator_py.dir/rosidl_generator_py/realsense2_camera_msgs/msg/_imu_info_s.c.o\x1b[0m\n'}
[5.921844] (ur_dashboard_msgs) StdoutLine: {'line': b'[ 40%] \x1b[32mBuilding CXX object CMakeFiles/ur_dashboard_msgs__rosidl_typesupport_fastrtps_cpp.dir/rosidl_typesupport_fastrtps_cpp/ur_dashboard_msgs/srv/detail/dds_fastrtps/get_loaded_program__type_support.cpp.o\x1b[0m\n'}
[5.926669] (ur_description) StdoutLine: {'line': b'-- Symlinking: /home/imml/git/ROB_534_Project/install/ur_description/share/ur_description/environment/ament_prefix_path.dsv\n'}
[5.926921] (-) TimerEvent: {}
[5.927528] (realsense2_camera_msgs) StdoutLine: {'line': b'[ 84%] \x1b[32mBuilding C object CMakeFiles/realsense2_camera_msgs__rosidl_generator_py.dir/rosidl_generator_py/realsense2_camera_msgs/msg/_extrinsics_s.c.o\x1b[0m\n'}
[5.928634] (ur_dashboard_msgs) StdoutLine: {'line': b'[ 41%] \x1b[32mBuilding CXX object CMakeFiles/ur_dashboard_msgs__rosidl_typesupport_fastrtps_cpp.dir/rosidl_typesupport_fastrtps_cpp/ur_dashboard_msgs/srv/detail/dds_fastrtps/get_program_state__type_support.cpp.o\x1b[0m\n'}
[5.929363] (realsense2_camera_msgs) StdoutLine: {'line': b'[ 85%] \x1b[32mBuilding C object CMakeFiles/realsense2_camera_msgs__rosidl_generator_py.dir/rosidl_generator_py/realsense2_camera_msgs/msg/_metadata_s.c.o\x1b[0m\n'}
[5.931666] (realsense2_camera_msgs) StdoutLine: {'line': b'[ 87%] \x1b[32mBuilding C object CMakeFiles/realsense2_camera_msgs__rosidl_generator_py.dir/rosidl_generator_py/realsense2_camera_msgs/msg/_rgbd_s.c.o\x1b[0m\n'}
[5.937972] (realsense2_camera_msgs) StdoutLine: {'line': b'[ 88%] \x1b[32mBuilding C object CMakeFiles/realsense2_camera_msgs__rosidl_generator_py.dir/rosidl_generator_py/realsense2_camera_msgs/srv/_device_info_s.c.o\x1b[0m\n'}
[5.938617] (ur_dashboard_msgs) StdoutLine: {'line': b'[ 41%] \x1b[32mBuilding CXX object CMakeFiles/ur_dashboard_msgs__rosidl_typesupport_c.dir/rosidl_typesupport_c/ur_dashboard_msgs/srv/get_loaded_program__type_support.cpp.o\x1b[0m\n'}
[5.953311] (ur_description) StdoutLine: {'line': b'-- Symlinking: /home/imml/git/ROB_534_Project/install/ur_description/share/ur_description/environment/path.sh\n'}
[5.982124] (ur_description) StdoutLine: {'line': b'-- Symlinking: /home/imml/git/ROB_534_Project/install/ur_description/share/ur_description/environment/path.dsv\n'}
[6.011340] (ur_description) StdoutLine: {'line': b'-- Symlinking: /home/imml/git/ROB_534_Project/install/ur_description/share/ur_description/local_setup.bash\n'}
[6.027043] (-) TimerEvent: {}
[6.040429] (ur_description) StdoutLine: {'line': b'-- Symlinking: /home/imml/git/ROB_534_Project/install/ur_description/share/ur_description/local_setup.sh\n'}
[6.056416] (ur_dashboard_msgs) StdoutLine: {'line': b'[ 42%] \x1b[32mBuilding CXX object CMakeFiles/ur_dashboard_msgs__rosidl_typesupport_c.dir/rosidl_typesupport_c/ur_dashboard_msgs/srv/get_program_state__type_support.cpp.o\x1b[0m\n'}
[6.066303] (ur_description) StdoutLine: {'line': b'-- Symlinking: /home/imml/git/ROB_534_Project/install/ur_description/share/ur_description/local_setup.zsh\n'}
[6.081963] (ur_dashboard_msgs) StdoutLine: {'line': b'[ 42%] \x1b[32mBuilding CXX object CMakeFiles/ur_dashboard_msgs__rosidl_typesupport_introspection_cpp.dir/rosidl_typesupport_introspection_cpp/ur_dashboard_msgs/srv/detail/get_safety_mode__type_support.cpp.o\x1b[0m\n'}
[6.092749] (ur_description) StdoutLine: {'line': b'-- Symlinking: /home/imml/git/ROB_534_Project/install/ur_description/share/ur_description/local_setup.dsv\n'}
[6.100323] (ur_dashboard_msgs) StdoutLine: {'line': b'[ 43%] \x1b[32mBuilding C object CMakeFiles/ur_dashboard_msgs__rosidl_typesupport_introspection_c.dir/rosidl_typesupport_introspection_c/ur_dashboard_msgs/msg/detail/program_state__type_support.c.o\x1b[0m\n'}
[6.110431] (ur_dashboard_msgs) StdoutLine: {'line': b'[ 44%] \x1b[32mBuilding C object CMakeFiles/ur_dashboard_msgs__rosidl_typesupport_introspection_c.dir/rosidl_typesupport_introspection_c/ur_dashboard_msgs/msg/detail/robot_mode__type_support.c.o\x1b[0m\n'}
[6.126110] (ur_description) StdoutLine: {'line': b'-- Symlinking: /home/imml/git/ROB_534_Project/install/ur_description/share/ur_description/package.dsv\n'}
[6.127124] (-) TimerEvent: {}
[6.131245] (ur_dashboard_msgs) StdoutLine: {'line': b'[ 45%] \x1b[32mBuilding CXX object CMakeFiles/ur_dashboard_msgs__rosidl_typesupport_c.dir/rosidl_typesupport_c/ur_dashboard_msgs/srv/get_robot_mode__type_support.cpp.o\x1b[0m\n'}
[6.138298] (ur_dashboard_msgs) StdoutLine: {'line': b'[ 45%] \x1b[32mBuilding C object CMakeFiles/ur_dashboard_msgs__rosidl_typesupport_introspection_c.dir/rosidl_typesupport_introspection_c/ur_dashboard_msgs/msg/detail/safety_mode__type_support.c.o\x1b[0m\n'}
[6.165353] (ur_description) StdoutLine: {'line': b'-- Symlinking: /home/imml/git/ROB_534_Project/install/ur_description/share/ament_index/resource_index/packages/ur_description\n'}
[6.169932] (ur_dashboard_msgs) StdoutLine: {'line': b'[ 46%] \x1b[32mBuilding CXX object CMakeFiles/ur_dashboard_msgs__rosidl_typesupport_c.dir/rosidl_typesupport_c/ur_dashboard_msgs/srv/get_safety_mode__type_support.cpp.o\x1b[0m\n'}
[6.185429] (ur_dashboard_msgs) StdoutLine: {'line': b'[ 46%] \x1b[32mBuilding CXX object CMakeFiles/ur_dashboard_msgs__rosidl_typesupport_c.dir/rosidl_typesupport_c/ur_dashboard_msgs/srv/is_program_running__type_support.cpp.o\x1b[0m\n'}
[6.208428] (ur_description) StdoutLine: {'line': b'-- Symlinking: /home/imml/git/ROB_534_Project/install/ur_description/share/ur_description/cmake/ur_descriptionConfig.cmake\n'}
[6.224428] (ur_dashboard_msgs) StdoutLine: {'line': b'[ 47%] \x1b[32mBuilding CXX object CMakeFiles/ur_dashboard_msgs__rosidl_typesupport_c.dir/rosidl_typesupport_c/ur_dashboard_msgs/srv/load__type_support.cpp.o\x1b[0m\n'}
[6.224826] (ur_dashboard_msgs) StdoutLine: {'line': b'[ 48%] \x1b[32mBuilding CXX object CMakeFiles/ur_dashboard_msgs__rosidl_typesupport_c.dir/rosidl_typesupport_c/ur_dashboard_msgs/srv/is_program_saved__type_support.cpp.o\x1b[0m\n'}
[6.226522] (ur_dashboard_msgs) StdoutLine: {'line': b'[ 49%] \x1b[32m\x1b[1mLinking CXX shared library libur_dashboard_msgs__rosidl_typesupport_cpp.so\x1b[0m\n'}
[6.227213] (-) TimerEvent: {}
[6.233351] (ur_description) StdoutLine: {'line': b'-- Symlinking: /home/imml/git/ROB_534_Project/install/ur_description/share/ur_description/cmake/ur_descriptionConfig-version.cmake\n'}
[6.241366] (ur_dashboard_msgs) StdoutLine: {'line': b'[ 50%] \x1b[32mBuilding C object CMakeFiles/ur_dashboard_msgs__rosidl_typesupport_introspection_c.dir/rosidl_typesupport_introspection_c/ur_dashboard_msgs/srv/detail/add_to_log__type_support.c.o\x1b[0m\n'}
[6.242661] (ur_dashboard_msgs) StdoutLine: {'line': b'[ 51%] \x1b[32mBuilding C object CMakeFiles/ur_dashboard_msgs__rosidl_typesupport_introspection_c.dir/rosidl_typesupport_introspection_c/ur_dashboard_msgs/srv/detail/get_loaded_program__type_support.c.o\x1b[0m\n'}
[6.258768] (ur_dashboard_msgs) StdoutLine: {'line': b'[ 52%] \x1b[32mBuilding CXX object CMakeFiles/ur_dashboard_msgs__rosidl_typesupport_introspection_cpp.dir/rosidl_typesupport_introspection_cpp/ur_dashboard_msgs/srv/detail/is_program_running__type_support.cpp.o\x1b[0m\n'}
[6.265717] (ur_description) StdoutLine: {'line': b'-- Symlinking: /home/imml/git/ROB_534_Project/install/ur_description/share/ur_description/package.xml\n'}
[6.273723] (ur_dashboard_msgs) StdoutLine: {'line': b'[ 54%] \x1b[32mBuilding CXX object CMakeFiles/ur_dashboard_msgs__rosidl_typesupport_c.dir/rosidl_typesupport_c/ur_dashboard_msgs/srv/popup__type_support.cpp.o\x1b[0m\n'}
[6.273927] (ur_dashboard_msgs) StdoutLine: {'line': b'[ 54%] \x1b[32mBuilding CXX object CMakeFiles/ur_dashboard_msgs__rosidl_typesupport_fastrtps_cpp.dir/rosidl_typesupport_fastrtps_cpp/ur_dashboard_msgs/srv/detail/dds_fastrtps/get_robot_mode__type_support.cpp.o\x1b[0m\n'}
[6.274105] (ur_dashboard_msgs) StdoutLine: {'line': b'[ 54%] \x1b[32mBuilding CXX object CMakeFiles/ur_dashboard_msgs__rosidl_typesupport_introspection_cpp.dir/rosidl_typesupport_introspection_cpp/ur_dashboard_msgs/srv/detail/is_program_saved__type_support.cpp.o\x1b[0m\n'}
[6.290703] (ur_dashboard_msgs) StdoutLine: {'line': b'[ 55%] \x1b[32mBuilding CXX object CMakeFiles/ur_dashboard_msgs__rosidl_typesupport_fastrtps_c.dir/rosidl_typesupport_fastrtps_c/ur_dashboard_msgs/msg/detail/program_state__type_support_c.cpp.o\x1b[0m\n'}
[6.290986] (realsense2_camera_msgs) StdoutLine: {'line': b'[ 90%] \x1b[32m\x1b[1mLinking C shared library rosidl_generator_py/realsense2_camera_msgs/librealsense2_camera_msgs__rosidl_generator_py.so\x1b[0m\n'}
[6.305475] (ur_description) CommandEnded: {'returncode': 0}
[6.306211] (ur_dashboard_msgs) StdoutLine: {'line': b'[ 56%] \x1b[32mBuilding CXX object CMakeFiles/ur_dashboard_msgs__rosidl_typesupport_fastrtps_cpp.dir/rosidl_typesupport_fastrtps_cpp/ur_dashboard_msgs/srv/detail/dds_fastrtps/get_safety_mode__type_support.cpp.o\x1b[0m\n'}
[6.321628] (ur_dashboard_msgs) StdoutLine: {'line': b'[ 57%] \x1b[32mBuilding C object CMakeFiles/ur_dashboard_msgs__rosidl_typesupport_introspection_c.dir/rosidl_typesupport_introspection_c/ur_dashboard_msgs/srv/detail/get_program_state__type_support.c.o\x1b[0m\n'}
[6.321871] (ur_dashboard_msgs) StdoutLine: {'line': b'[ 58%] \x1b[32mBuilding CXX object CMakeFiles/ur_dashboard_msgs__rosidl_typesupport_introspection_cpp.dir/rosidl_typesupport_introspection_cpp/ur_dashboard_msgs/srv/detail/load__type_support.cpp.o\x1b[0m\n'}
[6.339773] (-) TimerEvent: {}
[6.345109] (ur_dashboard_msgs) StdoutLine: {'line': b'[ 58%] \x1b[32mBuilding CXX object CMakeFiles/ur_dashboard_msgs__rosidl_typesupport_introspection_cpp.dir/rosidl_typesupport_introspection_cpp/ur_dashboard_msgs/srv/detail/popup__type_support.cpp.o\x1b[0m\n'}
[6.346281] (ur_description) JobEnded: {'identifier': 'ur_description', 'rc': 0}
[6.347599] (ur_moveit_config) JobStarted: {'identifier': 'ur_moveit_config'}
[6.360608] (ur_dashboard_msgs) StdoutLine: {'line': b'[ 58%] \x1b[32mBuilding CXX object CMakeFiles/ur_dashboard_msgs__rosidl_typesupport_c.dir/rosidl_typesupport_c/ur_dashboard_msgs/srv/raw_request__type_support.cpp.o\x1b[0m\n'}
[6.360884] (ur_dashboard_msgs) StdoutLine: {'line': b'[ 59%] \x1b[32mBuilding CXX object CMakeFiles/ur_dashboard_msgs__rosidl_typesupport_introspection_cpp.dir/rosidl_typesupport_introspection_cpp/ur_dashboard_msgs/srv/detail/raw_request__type_support.cpp.o\x1b[0m\n'}
[6.364448] (ur_dashboard_msgs) StdoutLine: {'line': b'[ 59%] Built target ur_dashboard_msgs__rosidl_typesupport_cpp\n'}
[6.371632] (ur_dashboard_msgs) StdoutLine: {'line': b'[ 60%] \x1b[32mBuilding CXX object CMakeFiles/ur_dashboard_msgs__rosidl_typesupport_introspection_cpp.dir/rosidl_typesupport_introspection_cpp/ur_dashboard_msgs/action/detail/set_mode__type_support.cpp.o\x1b[0m\n'}
[6.378573] (ur_moveit_config) JobProgress: {'identifier': 'ur_moveit_config', 'progress': 'cmake'}
[6.386690] (ur_moveit_config) Command: {'cmd': ['/usr/bin/cmake', '/home/imml/git/ROB_534_Project/harvest_hardware/Universal_Robots_ROS2_Driver/ur_moveit_config', '-DAMENT_CMAKE_SYMLINK_INSTALL=1', '-DCMAKE_INSTALL_PREFIX=/home/imml/git/ROB_534_Project/install/ur_moveit_config'], 'cwd': '/home/imml/git/ROB_534_Project/build/ur_moveit_config', 'env': OrderedDict([('LESSOPEN', '| /usr/bin/lesspipe %s'), ('USER', 'imml'), ('XDG_SESSION_TYPE', 'wayland'), ('SHLVL', '1'), ('LD_LIBRARY_PATH', '/opt/ros/humble/opt/rviz_ogre_vendor/lib:/opt/ros/humble/lib/x86_64-linux-gnu:/opt/ros/humble/lib'), ('HOME', '/home/imml'), ('OLDPWD', '/home/imml'), ('DESKTOP_SESSION', 'ubuntu'), ('ROS_PYTHON_VERSION', '3'), ('GNOME_SHELL_SESSION_MODE', 'ubuntu'), ('GTK_MODULES', 'gail:atk-bridge'), ('SYSTEMD_EXEC_PID', '35967'), ('DBUS_SESSION_BUS_ADDRESS', 'unix:path=/run/user/1000/bus'), ('COLORTERM', 'truecolor'), ('IM_CONFIG_PHASE', '1'), ('WAYLAND_DISPLAY', 'wayland-0'), ('ROS_DISTRO', 'humble'), ('LOGNAME', 'imml'), ('_', '/usr/bin/colcon'), ('ROS_VERSION', '2'), ('XDG_SESSION_CLASS', 'user'), ('USERNAME', 'imml'), ('TERM', 'xterm-256color'), ('GNOME_DESKTOP_SESSION_ID', 'this-is-deprecated'), ('ROS_LOCALHOST_ONLY', '0'), ('PATH', '/opt/ros/humble/bin:/home/imml/.local/bin:/usr/local/sbin:/usr/local/bin:/usr/sbin:/usr/bin:/sbin:/bin:/usr/games:/usr/local/games:/snap/bin:/snap/bin'), ('SESSION_MANAGER', 'local/imml-ROG-Zephyrus:@/tmp/.ICE-unix/1689,unix/imml-ROG-Zephyrus:/tmp/.ICE-unix/1689'), ('XDG_MENU_PREFIX', 'gnome-'), ('GNOME_TERMINAL_SCREEN', '/org/gnome/Terminal/screen/00ec7be0_5807_4f11_8254_b2b90de30782'), ('GNOME_SETUP_DISPLAY', ':1'), ('XDG_RUNTIME_DIR', '/run/user/1000'), ('DISPLAY', ':0'), ('LANG', 'en_US.UTF-8'), ('XDG_CURRENT_DESKTOP', 'ubuntu:GNOME'), ('XMODIFIERS', '@im=ibus'), ('XDG_SESSION_DESKTOP', 'ubuntu'), ('XAUTHORITY', '/run/user/1000/.mutter-Xwaylandauth.48T012'), ('LS_COLORS', 'rs=0:di=01;34:ln=01;36:mh=00:pi=40;33:so=01;35:do=01;35:bd=40;33;01:cd=40;33;01:or=40;31;01:mi=00:su=37;41:sg=30;43:ca=30;41:tw=30;42:ow=34;42:st=37;44:ex=01;32:*.tar=01;31:*.tgz=01;31:*.arc=01;31:*.arj=01;31:*.taz=01;31:*.lha=01;31:*.lz4=01;31:*.lzh=01;31:*.lzma=01;31:*.tlz=01;31:*.txz=01;31:*.tzo=01;31:*.t7z=01;31:*.zip=01;31:*.z=01;31:*.dz=01;31:*.gz=01;31:*.lrz=01;31:*.lz=01;31:*.lzo=01;31:*.xz=01;31:*.zst=01;31:*.tzst=01;31:*.bz2=01;31:*.bz=01;31:*.tbz=01;31:*.tbz2=01;31:*.tz=01;31:*.deb=01;31:*.rpm=01;31:*.jar=01;31:*.war=01;31:*.ear=01;31:*.sar=01;31:*.rar=01;31:*.alz=01;31:*.ace=01;31:*.zoo=01;31:*.cpio=01;31:*.7z=01;31:*.rz=01;31:*.cab=01;31:*.wim=01;31:*.swm=01;31:*.dwm=01;31:*.esd=01;31:*.jpg=01;35:*.jpeg=01;35:*.mjpg=01;35:*.mjpeg=01;35:*.gif=01;35:*.bmp=01;35:*.pbm=01;35:*.pgm=01;35:*.ppm=01;35:*.tga=01;35:*.xbm=01;35:*.xpm=01;35:*.tif=01;35:*.tiff=01;35:*.png=01;35:*.svg=01;35:*.svgz=01;35:*.mng=01;35:*.pcx=01;35:*.mov=01;35:*.mpg=01;35:*.mpeg=01;35:*.m2v=01;35:*.mkv=01;35:*.webm=01;35:*.webp=01;35:*.ogm=01;35:*.mp4=01;35:*.m4v=01;35:*.mp4v=01;35:*.vob=01;35:*.qt=01;35:*.nuv=01;35:*.wmv=01;35:*.asf=01;35:*.rm=01;35:*.rmvb=01;35:*.flc=01;35:*.avi=01;35:*.fli=01;35:*.flv=01;35:*.gl=01;35:*.dl=01;35:*.xcf=01;35:*.xwd=01;35:*.yuv=01;35:*.cgm=01;35:*.emf=01;35:*.ogv=01;35:*.ogx=01;35:*.aac=00;36:*.au=00;36:*.flac=00;36:*.m4a=00;36:*.mid=00;36:*.midi=00;36:*.mka=00;36:*.mp3=00;36:*.mpc=00;36:*.ogg=00;36:*.ra=00;36:*.wav=00;36:*.oga=00;36:*.opus=00;36:*.spx=00;36:*.xspf=00;36:'), ('GNOME_TERMINAL_SERVICE', ':1.315'), ('SSH_AGENT_LAUNCHER', 'gnome-keyring'), ('SSH_AUTH_SOCK', '/run/user/1000/keyring/ssh'), ('AMENT_PREFIX_PATH', '/home/imml/git/ROB_534_Project/install/ur_description:/opt/ros/humble'), ('SHELL', '/bin/bash'), ('QT_ACCESSIBILITY', '1'), ('GDMSESSION', 'ubuntu'), ('LESSCLOSE', '/usr/bin/lesspipe %s %s'), ('QT_IM_MODULE', 'ibus'), ('PWD', '/home/imml/git/ROB_534_Project/build/ur_moveit_config'), ('LC_ALL', 'en_US.UTF-8'), ('XDG_CONFIG_DIRS', '/etc/xdg/xdg-ubuntu:/etc/xdg'), ('XDG_DATA_DIRS', '/usr/share/ubuntu:/usr/local/share/:/usr/share/:/var/lib/snapd/desktop'), ('PYTHONPATH', '/opt/ros/humble/lib/python3.10/site-packages:/opt/ros/humble/local/lib/python3.10/dist-packages'), ('COLCON', '1'), ('VTE_VERSION', '6800'), ('CMAKE_PREFIX_PATH', '/home/imml/git/ROB_534_Project/install/ur_description:/opt/ros/humble')]), 'shell': False}
[6.391842] (ur_dashboard_msgs) StdoutLine: {'line': b'[ 60%] \x1b[32mBuilding C object CMakeFiles/ur_dashboard_msgs__rosidl_typesupport_introspection_c.dir/rosidl_typesupport_introspection_c/ur_dashboard_msgs/srv/detail/get_robot_mode__type_support.c.o\x1b[0m\n'}
[6.422647] (ur_dashboard_msgs) StdoutLine: {'line': b'[ 61%] \x1b[32mBuilding CXX object CMakeFiles/ur_dashboard_msgs__rosidl_typesupport_c.dir/rosidl_typesupport_c/ur_dashboard_msgs/action/set_mode__type_support.cpp.o\x1b[0m\n'}
[6.439885] (-) TimerEvent: {}
[6.476432] (ur_dashboard_msgs) StdoutLine: {'line': b'[ 61%] \x1b[32mBuilding CXX object CMakeFiles/ur_dashboard_msgs__rosidl_typesupport_fastrtps_c.dir/rosidl_typesupport_fastrtps_c/ur_dashboard_msgs/msg/detail/robot_mode__type_support_c.cpp.o\x1b[0m\n'}
[6.477480] (harvest_interfaces) StdoutLine: {'line': b'[ 18%] \x1b[32mBuilding CXX object CMakeFiles/harvest_interfaces__rosidl_typesupport_cpp.dir/rosidl_typesupport_cpp/harvest_interfaces/action/send_trajectory__type_support.cpp.o\x1b[0m\n'}
[6.486342] (harvest_interfaces) StdoutLine: {'line': b'[ 18%] \x1b[32mBuilding CXX object CMakeFiles/harvest_interfaces__rosidl_typesupport_cpp.dir/rosidl_typesupport_cpp/harvest_interfaces/srv/apple_prediction__type_support.cpp.o\x1b[0m\n'}
[6.486681] (harvest_interfaces) StdoutLine: {'line': b'[ 19%] \x1b[32mBuilding CXX object CMakeFiles/harvest_interfaces__rosidl_typesupport_cpp.dir/rosidl_typesupport_cpp/harvest_interfaces/action/event_detection__type_support.cpp.o\x1b[0m\n'}
[6.486845] (realsense2_camera_msgs) StdoutLine: {'line': b'[ 90%] Built target realsense2_camera_msgs__rosidl_generator_py\n'}
[6.486982] (harvest_interfaces) StdoutLine: {'line': b'[ 20%] \x1b[32mBuilding CXX object CMakeFiles/harvest_interfaces__rosidl_typesupport_cpp.dir/rosidl_typesupport_cpp/harvest_interfaces/srv/send_trajectory__type_support.cpp.o\x1b[0m\n'}
[6.487153] (harvest_interfaces) StdoutLine: {'line': b'[ 20%] \x1b[32mBuilding CXX object CMakeFiles/harvest_interfaces__rosidl_typesupport_cpp.dir/rosidl_typesupport_cpp/harvest_interfaces/srv/voxel_mask__type_support.cpp.o\x1b[0m\n'}
[6.490296] (harvest_interfaces) StdoutLine: {'line': b'[ 21%] \x1b[32mBuilding CXX object CMakeFiles/harvest_interfaces__rosidl_typesupport_cpp.dir/rosidl_typesupport_cpp/harvest_interfaces/srv/coordinate_to_trajectory__type_support.cpp.o\x1b[0m\n'}
[6.496133] (harvest_interfaces) StdoutLine: {'line': b'[ 23%] \x1b[32mBuilding CXX object CMakeFiles/harvest_interfaces__rosidl_typesupport_cpp.dir/rosidl_typesupport_cpp/harvest_interfaces/srv/move_to_pose__type_support.cpp.o\x1b[0m\n'}
[6.503369] (harvest_interfaces) StdoutLine: {'line': b'[ 22%] \x1b[32mBuilding CXX object CMakeFiles/harvest_interfaces__rosidl_typesupport_cpp.dir/rosidl_typesupport_cpp/harvest_interfaces/srv/set_value__type_support.cpp.o\x1b[0m\n'}
[6.518341] (harvest_interfaces) StdoutLine: {'line': b'[ 24%] \x1b[32mBuilding CXX object CMakeFiles/harvest_interfaces__rosidl_typesupport_cpp.dir/rosidl_typesupport_cpp/harvest_interfaces/srv/get_gripper_pose__type_support.cpp.o\x1b[0m\n'}
[6.518615] (harvest_interfaces) StdoutLine: {'line': b'[ 25%] \x1b[32mBuilding CXX object CMakeFiles/harvest_interfaces__rosidl_typesupport_cpp.dir/rosidl_typesupport_cpp/harvest_interfaces/srv/trajectory_between_points__type_support.cpp.o\x1b[0m\n'}
[6.523425] (harvest_interfaces) StdoutLine: {'line': b'[ 23%] \x1b[32mBuilding CXX object CMakeFiles/harvest_interfaces__rosidl_typesupport_cpp.dir/rosidl_typesupport_cpp/harvest_interfaces/srv/record_topics__type_support.cpp.o\x1b[0m\n'}
[6.525365] (ur_dashboard_msgs) StdoutLine: {'line': b'[ 62%] \x1b[32mBuilding CXX object CMakeFiles/ur_dashboard_msgs__rosidl_typesupport_fastrtps_c.dir/rosidl_typesupport_fastrtps_c/ur_dashboard_msgs/msg/detail/safety_mode__type_support_c.cpp.o\x1b[0m\n'}
[6.534490] (ur_dashboard_msgs) StdoutLine: {'line': b'[ 63%] \x1b[32mBuilding C object CMakeFiles/ur_dashboard_msgs__rosidl_typesupport_introspection_c.dir/rosidl_typesupport_introspection_c/ur_dashboard_msgs/srv/detail/get_safety_mode__type_support.c.o\x1b[0m\n'}
[6.540009] (-) TimerEvent: {}
[6.556320] (realsense2_camera_msgs) StdoutLine: {'line': b'[ 92%] \x1b[32mBuilding C object CMakeFiles/realsense2_camera_msgs__rosidl_typesupport_fastrtps_c__pyext.dir/rosidl_generator_py/realsense2_camera_msgs/_realsense2_camera_msgs_s.ep.rosidl_typesupport_fastrtps_c.c.o\x1b[0m\n'}
[6.556727] (ur_dashboard_msgs) StdoutLine: {'line': b'[ 64%] \x1b[32m\x1b[1mLinking CXX shared library libur_dashboard_msgs__rosidl_typesupport_c.so\x1b[0m\n'}
[6.576966] (realsense2_camera_msgs) StdoutLine: {'line': b'[ 93%] \x1b[32mBuilding C object CMakeFiles/realsense2_camera_msgs__rosidl_typesupport_introspection_c__pyext.dir/rosidl_generator_py/realsense2_camera_msgs/_realsense2_camera_msgs_s.ep.rosidl_typesupport_introspection_c.c.o\x1b[0m\n'}
[6.589340] (realsense2_camera_msgs) StdoutLine: {'line': b'[ 95%] \x1b[32mBuilding C object CMakeFiles/realsense2_camera_msgs__rosidl_typesupport_c__pyext.dir/rosidl_generator_py/realsense2_camera_msgs/_realsense2_camera_msgs_s.ep.rosidl_typesupport_c.c.o\x1b[0m\n'}
[6.597712] (ur_moveit_config) StdoutLine: {'line': b'-- The C compiler identification is GNU 11.4.0\n'}
[6.640111] (-) TimerEvent: {}
[6.704416] (ur_dashboard_msgs) StdoutLine: {'line': b'[ 65%] \x1b[32mBuilding C object CMakeFiles/ur_dashboard_msgs__rosidl_typesupport_introspection_c.dir/rosidl_typesupport_introspection_c/ur_dashboard_msgs/srv/detail/is_program_running__type_support.c.o\x1b[0m\n'}
[6.740190] (ur_dashboard_msgs) StdoutLine: {'line': b'[ 65%] Built target ur_dashboard_msgs__rosidl_typesupport_c\n'}
[6.740495] (-) TimerEvent: {}
[6.782504] (ur_dashboard_msgs) StdoutLine: {'line': b'[ 66%] \x1b[32mBuilding CXX object CMakeFiles/ur_dashboard_msgs__rosidl_typesupport_fastrtps_c.dir/rosidl_typesupport_fastrtps_c/ur_dashboard_msgs/srv/detail/add_to_log__type_support_c.cpp.o\x1b[0m\n'}
[6.817899] (ur_moveit_config) StdoutLine: {'line': b'-- The CXX compiler identification is GNU 11.4.0\n'}
[6.840630] (-) TimerEvent: {}
[6.856438] (ur_moveit_config) StdoutLine: {'line': b'-- Detecting C compiler ABI info\n'}
[6.858507] (ur_dashboard_msgs) StdoutLine: {'line': b'[ 66%] \x1b[32mBuilding C object CMakeFiles/ur_dashboard_msgs__rosidl_typesupport_introspection_c.dir/rosidl_typesupport_introspection_c/ur_dashboard_msgs/srv/detail/is_program_saved__type_support.c.o\x1b[0m\n'}
[6.923671] (realsense2_camera_msgs) StdoutLine: {'line': b'[ 96%] \x1b[32m\x1b[1mLinking C shared library rosidl_generator_py/realsense2_camera_msgs/realsense2_camera_msgs_s__rosidl_typesupport_fastrtps_c.cpython-310-x86_64-linux-gnu.so\x1b[0m\n'}
[6.940760] (-) TimerEvent: {}
[6.943190] (ur_dashboard_msgs) StdoutLine: {'line': b'[ 67%] \x1b[32mBuilding CXX object CMakeFiles/ur_dashboard_msgs__rosidl_typesupport_fastrtps_cpp.dir/rosidl_typesupport_fastrtps_cpp/ur_dashboard_msgs/srv/detail/dds_fastrtps/is_program_running__type_support.cpp.o\x1b[0m\n'}
[7.008893] (ur_dashboard_msgs) StdoutLine: {'line': b'[ 68%] \x1b[32mBuilding C object CMakeFiles/ur_dashboard_msgs__rosidl_typesupport_introspection_c.dir/rosidl_typesupport_introspection_c/ur_dashboard_msgs/srv/detail/load__type_support.c.o\x1b[0m\n'}
[7.040881] (-) TimerEvent: {}
[7.060485] (realsense2_camera_msgs) StdoutLine: {'line': b'[ 98%] \x1b[32m\x1b[1mLinking C shared library rosidl_generator_py/realsense2_camera_msgs/realsense2_camera_msgs_s__rosidl_typesupport_c.cpython-310-x86_64-linux-gnu.so\x1b[0m\n'}
[7.081364] (realsense2_camera_msgs) StdoutLine: {'line': b'[ 98%] Built target realsense2_camera_msgs__rosidl_typesupport_fastrtps_c__pyext\n'}
[7.136455] (ur_moveit_config) StdoutLine: {'line': b'-- Detecting C compiler ABI info - done\n'}
[7.144350] (-) TimerEvent: {}
[7.156087] (ur_dashboard_msgs) StdoutLine: {'line': b'[ 69%] \x1b[32mBuilding C object CMakeFiles/ur_dashboard_msgs__rosidl_typesupport_introspection_c.dir/rosidl_typesupport_introspection_c/ur_dashboard_msgs/srv/detail/popup__type_support.c.o\x1b[0m\n'}
[7.156565] (ur_moveit_config) StdoutLine: {'line': b'-- Check for working C compiler: /usr/bin/cc - skipped\n'}
[7.159366] (ur_moveit_config) StdoutLine: {'line': b'-- Detecting C compile features\n'}
[7.159604] (realsense2_camera_msgs) StdoutLine: {'line': b'[100%] \x1b[32m\x1b[1mLinking C shared library rosidl_generator_py/realsense2_camera_msgs/realsense2_camera_msgs_s__rosidl_typesupport_introspection_c.cpython-310-x86_64-linux-gnu.so\x1b[0m\n'}
[7.162578] (ur_moveit_config) StdoutLine: {'line': b'-- Detecting C compile features - done\n'}
[7.167901] (ur_moveit_config) StdoutLine: {'line': b'-- Detecting CXX compiler ABI info\n'}
[7.194688] (harvest_interfaces) StdoutLine: {'line': b'[ 26%] \x1b[32mBuilding CXX object CMakeFiles/harvest_interfaces__rosidl_typesupport_cpp.dir/rosidl_typesupport_cpp/harvest_interfaces/srv/update_trellis_position__type_support.cpp.o\x1b[0m\n'}
[7.206172] (realsense2_camera_msgs) StdoutLine: {'line': b'[100%] Built target realsense2_camera_msgs__rosidl_typesupport_c__pyext\n'}
[7.244475] (-) TimerEvent: {}
[7.259161] (ur_dashboard_msgs) StdoutLine: {'line': b'[ 70%] \x1b[32mBuilding C object CMakeFiles/ur_dashboard_msgs__rosidl_typesupport_introspection_c.dir/rosidl_typesupport_introspection_c/ur_dashboard_msgs/srv/detail/raw_request__type_support.c.o\x1b[0m\n'}
[7.280738] (harvest_interfaces) StdoutLine: {'line': b'[ 27%] \x1b[32mBuilding CXX object CMakeFiles/harvest_interfaces__rosidl_typesupport_cpp.dir/rosidl_typesupport_cpp/harvest_interfaces/srv/voxel_grid__type_support.cpp.o\x1b[0m\n'}
[7.342923] (ur_dashboard_msgs) StdoutLine: {'line': b'[ 70%] \x1b[32mBuilding C object CMakeFiles/ur_dashboard_msgs__rosidl_typesupport_introspection_c.dir/rosidl_typesupport_introspection_c/ur_dashboard_msgs/action/detail/set_mode__type_support.c.o\x1b[0m\n'}
[7.344558] (-) TimerEvent: {}
[7.358459] (ur_dashboard_msgs) StdoutLine: {'line': b'[ 71%] \x1b[32mBuilding CXX object CMakeFiles/ur_dashboard_msgs__rosidl_typesupport_fastrtps_c.dir/rosidl_typesupport_fastrtps_c/ur_dashboard_msgs/srv/detail/get_loaded_program__type_support_c.cpp.o\x1b[0m\n'}
[7.393156] (realsense2_camera_msgs) StdoutLine: {'line': b'[100%] Built target realsense2_camera_msgs__rosidl_typesupport_introspection_c__pyext\n'}
[7.393600] (ur_dashboard_msgs) StdoutLine: {'line': b'[ 72%] \x1b[32mBuilding CXX object CMakeFiles/ur_dashboard_msgs__rosidl_typesupport_fastrtps_cpp.dir/rosidl_typesupport_fastrtps_cpp/ur_dashboard_msgs/srv/detail/dds_fastrtps/is_program_saved__type_support.cpp.o\x1b[0m\n'}
[7.440441] (ur_dashboard_msgs) StdoutLine: {'line': b'[ 72%] \x1b[32mBuilding CXX object CMakeFiles/ur_dashboard_msgs__rosidl_typesupport_fastrtps_cpp.dir/rosidl_typesupport_fastrtps_cpp/ur_dashboard_msgs/srv/detail/dds_fastrtps/load__type_support.cpp.o\x1b[0m\n'}
[7.444683] (-) TimerEvent: {}
[7.457007] (realsense2_camera_msgs) CommandEnded: {'returncode': 0}
[7.461526] (realsense2_camera_msgs) JobProgress: {'identifier': 'realsense2_camera_msgs', 'progress': 'install'}
[7.461591] (realsense2_camera_msgs) Command: {'cmd': ['/usr/bin/cmake', '--install', '/home/imml/git/ROB_534_Project/build/realsense2_camera_msgs'], 'cwd': '/home/imml/git/ROB_534_Project/build/realsense2_camera_msgs', 'env': OrderedDict([('LESSOPEN', '| /usr/bin/lesspipe %s'), ('USER', 'imml'), ('XDG_SESSION_TYPE', 'wayland'), ('SHLVL', '1'), ('LD_LIBRARY_PATH', '/opt/ros/humble/opt/rviz_ogre_vendor/lib:/opt/ros/humble/lib/x86_64-linux-gnu:/opt/ros/humble/lib'), ('HOME', '/home/imml'), ('OLDPWD', '/home/imml'), ('DESKTOP_SESSION', 'ubuntu'), ('ROS_PYTHON_VERSION', '3'), ('GNOME_SHELL_SESSION_MODE', 'ubuntu'), ('GTK_MODULES', 'gail:atk-bridge'), ('SYSTEMD_EXEC_PID', '35967'), ('DBUS_SESSION_BUS_ADDRESS', 'unix:path=/run/user/1000/bus'), ('COLORTERM', 'truecolor'), ('IM_CONFIG_PHASE', '1'), ('WAYLAND_DISPLAY', 'wayland-0'), ('ROS_DISTRO', 'humble'), ('LOGNAME', 'imml'), ('_', '/usr/bin/colcon'), ('ROS_VERSION', '2'), ('XDG_SESSION_CLASS', 'user'), ('USERNAME', 'imml'), ('TERM', 'xterm-256color'), ('GNOME_DESKTOP_SESSION_ID', 'this-is-deprecated'), ('ROS_LOCALHOST_ONLY', '0'), ('PATH', '/opt/ros/humble/bin:/home/imml/.local/bin:/usr/local/sbin:/usr/local/bin:/usr/sbin:/usr/bin:/sbin:/bin:/usr/games:/usr/local/games:/snap/bin:/snap/bin'), ('SESSION_MANAGER', 'local/imml-ROG-Zephyrus:@/tmp/.ICE-unix/1689,unix/imml-ROG-Zephyrus:/tmp/.ICE-unix/1689'), ('XDG_MENU_PREFIX', 'gnome-'), ('GNOME_TERMINAL_SCREEN', '/org/gnome/Terminal/screen/00ec7be0_5807_4f11_8254_b2b90de30782'), ('GNOME_SETUP_DISPLAY', ':1'), ('XDG_RUNTIME_DIR', '/run/user/1000'), ('DISPLAY', ':0'), ('LANG', 'en_US.UTF-8'), ('XDG_CURRENT_DESKTOP', 'ubuntu:GNOME'), ('XMODIFIERS', '@im=ibus'), ('XDG_SESSION_DESKTOP', 'ubuntu'), ('XAUTHORITY', '/run/user/1000/.mutter-Xwaylandauth.48T012'), ('LS_COLORS', 'rs=0:di=01;34:ln=01;36:mh=00:pi=40;33:so=01;35:do=01;35:bd=40;33;01:cd=40;33;01:or=40;31;01:mi=00:su=37;41:sg=30;43:ca=30;41:tw=30;42:ow=34;42:st=37;44:ex=01;32:*.tar=01;31:*.tgz=01;31:*.arc=01;31:*.arj=01;31:*.taz=01;31:*.lha=01;31:*.lz4=01;31:*.lzh=01;31:*.lzma=01;31:*.tlz=01;31:*.txz=01;31:*.tzo=01;31:*.t7z=01;31:*.zip=01;31:*.z=01;31:*.dz=01;31:*.gz=01;31:*.lrz=01;31:*.lz=01;31:*.lzo=01;31:*.xz=01;31:*.zst=01;31:*.tzst=01;31:*.bz2=01;31:*.bz=01;31:*.tbz=01;31:*.tbz2=01;31:*.tz=01;31:*.deb=01;31:*.rpm=01;31:*.jar=01;31:*.war=01;31:*.ear=01;31:*.sar=01;31:*.rar=01;31:*.alz=01;31:*.ace=01;31:*.zoo=01;31:*.cpio=01;31:*.7z=01;31:*.rz=01;31:*.cab=01;31:*.wim=01;31:*.swm=01;31:*.dwm=01;31:*.esd=01;31:*.jpg=01;35:*.jpeg=01;35:*.mjpg=01;35:*.mjpeg=01;35:*.gif=01;35:*.bmp=01;35:*.pbm=01;35:*.pgm=01;35:*.ppm=01;35:*.tga=01;35:*.xbm=01;35:*.xpm=01;35:*.tif=01;35:*.tiff=01;35:*.png=01;35:*.svg=01;35:*.svgz=01;35:*.mng=01;35:*.pcx=01;35:*.mov=01;35:*.mpg=01;35:*.mpeg=01;35:*.m2v=01;35:*.mkv=01;35:*.webm=01;35:*.webp=01;35:*.ogm=01;35:*.mp4=01;35:*.m4v=01;35:*.mp4v=01;35:*.vob=01;35:*.qt=01;35:*.nuv=01;35:*.wmv=01;35:*.asf=01;35:*.rm=01;35:*.rmvb=01;35:*.flc=01;35:*.avi=01;35:*.fli=01;35:*.flv=01;35:*.gl=01;35:*.dl=01;35:*.xcf=01;35:*.xwd=01;35:*.yuv=01;35:*.cgm=01;35:*.emf=01;35:*.ogv=01;35:*.ogx=01;35:*.aac=00;36:*.au=00;36:*.flac=00;36:*.m4a=00;36:*.mid=00;36:*.midi=00;36:*.mka=00;36:*.mp3=00;36:*.mpc=00;36:*.ogg=00;36:*.ra=00;36:*.wav=00;36:*.oga=00;36:*.opus=00;36:*.spx=00;36:*.xspf=00;36:'), ('GNOME_TERMINAL_SERVICE', ':1.315'), ('SSH_AGENT_LAUNCHER', 'gnome-keyring'), ('SSH_AUTH_SOCK', '/run/user/1000/keyring/ssh'), ('AMENT_PREFIX_PATH', '/opt/ros/humble'), ('SHELL', '/bin/bash'), ('QT_ACCESSIBILITY', '1'), ('GDMSESSION', 'ubuntu'), ('LESSCLOSE', '/usr/bin/lesspipe %s %s'), ('QT_IM_MODULE', 'ibus'), ('PWD', '/home/imml/git/ROB_534_Project/build/realsense2_camera_msgs'), ('LC_ALL', 'en_US.UTF-8'), ('XDG_CONFIG_DIRS', '/etc/xdg/xdg-ubuntu:/etc/xdg'), ('XDG_DATA_DIRS', '/usr/share/ubuntu:/usr/local/share/:/usr/share/:/var/lib/snapd/desktop'), ('PYTHONPATH', '/opt/ros/humble/lib/python3.10/site-packages:/opt/ros/humble/local/lib/python3.10/dist-packages'), ('COLCON', '1'), ('VTE_VERSION', '6800'), ('CMAKE_PREFIX_PATH', '/opt/ros/humble')]), 'shell': False}
[7.466992] (ur_dashboard_msgs) StdoutLine: {'line': b'[ 72%] \x1b[32mBuilding CXX object CMakeFiles/ur_dashboard_msgs__rosidl_typesupport_fastrtps_c.dir/rosidl_typesupport_fastrtps_c/ur_dashboard_msgs/srv/detail/get_program_state__type_support_c.cpp.o\x1b[0m\n'}
[7.489667] (realsense2_camera_msgs) StdoutLine: {'line': b'-- Install configuration: ""\n'}
[7.489978] (realsense2_camera_msgs) StdoutLine: {'line': b'-- Execute custom install script\n'}
[7.490245] (realsense2_camera_msgs) StdoutLine: {'line': b'-- Symlinking: /home/imml/git/ROB_534_Project/install/realsense2_camera_msgs/share/ament_index/resource_index/rosidl_interfaces/realsense2_camera_msgs\n'}
[7.506517] (ur_moveit_config) StdoutLine: {'line': b'-- Detecting CXX compiler ABI info - done\n'}
[7.508448] (ur_dashboard_msgs) StdoutLine: {'line': b'[ 73%] \x1b[32m\x1b[1mLinking C shared library libur_dashboard_msgs__rosidl_typesupport_introspection_c.so\x1b[0m\n'}
[7.529518] (harvest_interfaces) StdoutLine: {'line': b'[ 27%] \x1b[32mBuilding CXX object CMakeFiles/harvest_interfaces__rosidl_typesupport_cpp.dir/rosidl_typesupport_cpp/harvest_interfaces/srv/final_approach_linear__type_support.cpp.o\x1b[0m\n'}
[7.532869] (realsense2_camera_msgs) StdoutLine: {'line': b'-- Symlinking: /home/imml/git/ROB_534_Project/install/realsense2_camera_msgs/include/realsense2_camera_msgs/realsense2_camera_msgs/msg/detail/extrinsics__functions.h\n'}
[7.544814] (-) TimerEvent: {}
[7.547192] (ur_moveit_config) StdoutLine: {'line': b'-- Check for working CXX compiler: /usr/bin/c++ - skipped\n'}
[7.547551] (ur_moveit_config) StdoutLine: {'line': b'-- Detecting CXX compile features\n'}
[7.548217] (ur_moveit_config) StdoutLine: {'line': b'-- Detecting CXX compile features - done\n'}
[7.562712] (ur_moveit_config) StdoutLine: {'line': b'-- Found ament_cmake: 1.3.11 (/opt/ros/humble/share/ament_cmake/cmake)\n'}
[7.567220] (realsense2_camera_msgs) StdoutLine: {'line': b'-- Symlinking: /home/imml/git/ROB_534_Project/install/realsense2_camera_msgs/include/realsense2_camera_msgs/realsense2_camera_msgs/msg/detail/extrinsics__struct.h\n'}
[7.601445] (realsense2_camera_msgs) StdoutLine: {'line': b'-- Symlinking: /home/imml/git/ROB_534_Project/install/realsense2_camera_msgs/include/realsense2_camera_msgs/realsense2_camera_msgs/msg/detail/extrinsics__type_support.h\n'}
[7.609351] (ur_dashboard_msgs) StdoutLine: {'line': b'[ 74%] \x1b[32mBuilding CXX object CMakeFiles/ur_dashboard_msgs__rosidl_typesupport_fastrtps_c.dir/rosidl_typesupport_fastrtps_c/ur_dashboard_msgs/srv/detail/get_robot_mode__type_support_c.cpp.o\x1b[0m\n'}
[7.625081] (realsense2_camera_msgs) StdoutLine: {'line': b'-- Symlinking: /home/imml/git/ROB_534_Project/install/realsense2_camera_msgs/include/realsense2_camera_msgs/realsense2_camera_msgs/msg/detail/imu_info__functions.h\n'}
[7.638873] (ur_dashboard_msgs) StdoutLine: {'line': b'[ 74%] Built target ur_dashboard_msgs__rosidl_typesupport_introspection_c\n'}
[7.644928] (-) TimerEvent: {}
[7.657111] (realsense2_camera_msgs) StdoutLine: {'line': b'-- Symlinking: /home/imml/git/ROB_534_Project/install/realsense2_camera_msgs/include/realsense2_camera_msgs/realsense2_camera_msgs/msg/detail/imu_info__struct.h\n'}
[7.674052] (ur_dashboard_msgs) StdoutLine: {'line': b'[ 76%] \x1b[32mBuilding CXX object CMakeFiles/ur_dashboard_msgs__rosidl_typesupport_fastrtps_c.dir/rosidl_typesupport_fastrtps_c/ur_dashboard_msgs/srv/detail/get_safety_mode__type_support_c.cpp.o\x1b[0m\n'}
[7.676082] (ur_dashboard_msgs) StdoutLine: {'line': b'[ 76%] \x1b[32mBuilding CXX object CMakeFiles/ur_dashboard_msgs__rosidl_typesupport_fastrtps_c.dir/rosidl_typesupport_fastrtps_c/ur_dashboard_msgs/srv/detail/is_program_running__type_support_c.cpp.o\x1b[0m\n'}
[7.684016] (realsense2_camera_msgs) StdoutLine: {'line': b'-- Symlinking: /home/imml/git/ROB_534_Project/install/realsense2_camera_msgs/include/realsense2_camera_msgs/realsense2_camera_msgs/msg/detail/imu_info__type_support.h\n'}
[7.721412] (realsense2_camera_msgs) StdoutLine: {'line': b'-- Symlinking: /home/imml/git/ROB_534_Project/install/realsense2_camera_msgs/include/realsense2_camera_msgs/realsense2_camera_msgs/msg/detail/metadata__functions.h\n'}
[7.746355] (-) TimerEvent: {}
[7.750732] (realsense2_camera_msgs) StdoutLine: {'line': b'-- Symlinking: /home/imml/git/ROB_534_Project/install/realsense2_camera_msgs/include/realsense2_camera_msgs/realsense2_camera_msgs/msg/detail/metadata__struct.h\n'}
[7.765349] (harvest_interfaces) StdoutLine: {'line': b'[ 28%] \x1b[32mBuilding CXX object CMakeFiles/harvest_interfaces__rosidl_typesupport_introspection_cpp.dir/rosidl_typesupport_introspection_cpp/harvest_interfaces/action/detail/event_detection__type_support.cpp.o\x1b[0m\n'}
[7.765974] (harvest_interfaces) StdoutLine: {'line': b'[ 29%] \x1b[32mBuilding CXX object CMakeFiles/harvest_interfaces__rosidl_typesupport_introspection_cpp.dir/rosidl_typesupport_introspection_cpp/harvest_interfaces/srv/detail/apple_prediction__type_support.cpp.o\x1b[0m\n'}
[7.767843] (harvest_interfaces) StdoutLine: {'line': b'[ 30%] \x1b[32mBuilding CXX object CMakeFiles/harvest_interfaces__rosidl_typesupport_introspection_cpp.dir/rosidl_typesupport_introspection_cpp/harvest_interfaces/action/detail/send_trajectory__type_support.cpp.o\x1b[0m\n'}
[7.774135] (ur_dashboard_msgs) StdoutLine: {'line': b'[ 77%] \x1b[32mBuilding CXX object CMakeFiles/ur_dashboard_msgs__rosidl_typesupport_fastrtps_cpp.dir/rosidl_typesupport_fastrtps_cpp/ur_dashboard_msgs/srv/detail/dds_fastrtps/popup__type_support.cpp.o\x1b[0m\n'}
[7.774580] (harvest_interfaces) StdoutLine: {'line': b'[ 30%] \x1b[32mBuilding CXX object CMakeFiles/harvest_interfaces__rosidl_typesupport_introspection_cpp.dir/rosidl_typesupport_introspection_cpp/harvest_interfaces/srv/detail/send_trajectory__type_support.cpp.o\x1b[0m\n'}
[7.779838] (harvest_interfaces) StdoutLine: {'line': b'[ 31%] \x1b[32mBuilding CXX object CMakeFiles/harvest_interfaces__rosidl_typesupport_introspection_cpp.dir/rosidl_typesupport_introspection_cpp/harvest_interfaces/srv/detail/coordinate_to_trajectory__type_support.cpp.o\x1b[0m\n'}
[7.790396] (realsense2_camera_msgs) StdoutLine: {'line': b'-- Symlinking: /home/imml/git/ROB_534_Project/install/realsense2_camera_msgs/include/realsense2_camera_msgs/realsense2_camera_msgs/msg/detail/metadata__type_support.h\n'}
[7.812351] (ur_dashboard_msgs) StdoutLine: {'line': b'[ 77%] \x1b[32mBuilding CXX object CMakeFiles/ur_dashboard_msgs__rosidl_typesupport_fastrtps_c.dir/rosidl_typesupport_fastrtps_c/ur_dashboard_msgs/srv/detail/is_program_saved__type_support_c.cpp.o\x1b[0m\n'}
[7.839018] (realsense2_camera_msgs) StdoutLine: {'line': b'-- Symlinking: /home/imml/git/ROB_534_Project/install/realsense2_camera_msgs/include/realsense2_camera_msgs/realsense2_camera_msgs/msg/detail/rgbd__functions.h\n'}
[7.846479] (-) TimerEvent: {}
[7.853439] (harvest_interfaces) StdoutLine: {'line': b'[ 32%] \x1b[32mBuilding CXX object CMakeFiles/harvest_interfaces__rosidl_typesupport_introspection_cpp.dir/rosidl_typesupport_introspection_cpp/harvest_interfaces/srv/detail/voxel_mask__type_support.cpp.o\x1b[0m\n'}
[7.859524] (harvest_interfaces) StdoutLine: {'line': b'[ 33%] \x1b[32mBuilding CXX object CMakeFiles/harvest_interfaces__rosidl_typesupport_introspection_cpp.dir/rosidl_typesupport_introspection_cpp/harvest_interfaces/srv/detail/move_to_pose__type_support.cpp.o\x1b[0m\n'}
[7.888013] (realsense2_camera_msgs) StdoutLine: {'line': b'-- Symlinking: /home/imml/git/ROB_534_Project/install/realsense2_camera_msgs/include/realsense2_camera_msgs/realsense2_camera_msgs/msg/detail/rgbd__struct.h\n'}
[7.921783] (realsense2_camera_msgs) StdoutLine: {'line': b'-- Symlinking: /home/imml/git/ROB_534_Project/install/realsense2_camera_msgs/include/realsense2_camera_msgs/realsense2_camera_msgs/msg/detail/rgbd__type_support.h\n'}
[7.946589] (-) TimerEvent: {}
[7.967338] (ur_dashboard_msgs) StdoutLine: {'line': b'[ 78%] \x1b[32mBuilding CXX object CMakeFiles/ur_dashboard_msgs__rosidl_typesupport_fastrtps_cpp.dir/rosidl_typesupport_fastrtps_cpp/ur_dashboard_msgs/srv/detail/dds_fastrtps/raw_request__type_support.cpp.o\x1b[0m\n'}
[7.967658] (ur_dashboard_msgs) StdoutLine: {'line': b'[ 79%] \x1b[32mBuilding CXX object CMakeFiles/ur_dashboard_msgs__rosidl_typesupport_fastrtps_c.dir/rosidl_typesupport_fastrtps_c/ur_dashboard_msgs/srv/detail/load__type_support_c.cpp.o\x1b[0m\n'}
[7.967844] (ur_dashboard_msgs) StdoutLine: {'line': b'[ 80%] \x1b[32mBuilding CXX object CMakeFiles/ur_dashboard_msgs__rosidl_typesupport_fastrtps_cpp.dir/rosidl_typesupport_fastrtps_cpp/ur_dashboard_msgs/action/detail/dds_fastrtps/set_mode__type_support.cpp.o\x1b[0m\n'}
[7.970086] (realsense2_camera_msgs) StdoutLine: {'line': b'-- Symlinking: /home/imml/git/ROB_534_Project/install/realsense2_camera_msgs/include/realsense2_camera_msgs/realsense2_camera_msgs/msg/extrinsics.h\n'}
[8.025456] (realsense2_camera_msgs) StdoutLine: {'line': b'-- Symlinking: /home/imml/git/ROB_534_Project/install/realsense2_camera_msgs/include/realsense2_camera_msgs/realsense2_camera_msgs/msg/imu_info.h\n'}
[8.046727] (-) TimerEvent: {}
[8.053910] (ur_dashboard_msgs) StdoutLine: {'line': b'[ 81%] \x1b[32mBuilding CXX object CMakeFiles/ur_dashboard_msgs__rosidl_typesupport_fastrtps_c.dir/rosidl_typesupport_fastrtps_c/ur_dashboard_msgs/srv/detail/popup__type_support_c.cpp.o\x1b[0m\n'}
[8.059485] (ur_moveit_config) StdoutLine: {'line': b'-- Found Python3: /usr/bin/python3 (found version "3.10.12") found components: Interpreter \n'}
[8.067109] (realsense2_camera_msgs) StdoutLine: {'line': b'-- Symlinking: /home/imml/git/ROB_534_Project/install/realsense2_camera_msgs/include/realsense2_camera_msgs/realsense2_camera_msgs/msg/metadata.h\n'}
[8.067474] (harvest_interfaces) StdoutLine: {'line': b'[ 33%] \x1b[32mBuilding CXX object CMakeFiles/harvest_interfaces__rosidl_typesupport_introspection_cpp.dir/rosidl_typesupport_introspection_cpp/harvest_interfaces/srv/detail/trajectory_between_points__type_support.cpp.o\x1b[0m\n'}
[8.102460] (realsense2_camera_msgs) StdoutLine: {'line': b'-- Symlinking: /home/imml/git/ROB_534_Project/install/realsense2_camera_msgs/include/realsense2_camera_msgs/realsense2_camera_msgs/msg/rgbd.h\n'}
[8.106396] (harvest_interfaces) StdoutLine: {'line': b'[ 34%] \x1b[32mBuilding CXX object CMakeFiles/harvest_interfaces__rosidl_typesupport_introspection_cpp.dir/rosidl_typesupport_introspection_cpp/harvest_interfaces/srv/detail/set_value__type_support.cpp.o\x1b[0m\n'}
[8.141968] (realsense2_camera_msgs) StdoutLine: {'line': b'-- Symlinking: /home/imml/git/ROB_534_Project/install/realsense2_camera_msgs/include/realsense2_camera_msgs/realsense2_camera_msgs/msg/rosidl_generator_c__visibility_control.h\n'}
[8.146840] (-) TimerEvent: {}
[8.166713] (ur_dashboard_msgs) StdoutLine: {'line': b'[ 82%] \x1b[32mBuilding CXX object CMakeFiles/ur_dashboard_msgs__rosidl_typesupport_fastrtps_c.dir/rosidl_typesupport_fastrtps_c/ur_dashboard_msgs/srv/detail/raw_request__type_support_c.cpp.o\x1b[0m\n'}
[8.173386] (realsense2_camera_msgs) StdoutLine: {'line': b'-- Symlinking: /home/imml/git/ROB_534_Project/install/realsense2_camera_msgs/include/realsense2_camera_msgs/realsense2_camera_msgs/srv/detail/device_info__functions.h\n'}
[8.180561] (ur_moveit_config) StdoutLine: {'line': b'-- Override CMake install command with custom implementation using symlinks instead of copying resources\n'}
[8.208066] (realsense2_camera_msgs) StdoutLine: {'line': b'-- Symlinking: /home/imml/git/ROB_534_Project/install/realsense2_camera_msgs/include/realsense2_camera_msgs/realsense2_camera_msgs/srv/detail/device_info__struct.h\n'}
[8.246972] (-) TimerEvent: {}
[8.249863] (realsense2_camera_msgs) StdoutLine: {'line': b'-- Symlinking: /home/imml/git/ROB_534_Project/install/realsense2_camera_msgs/include/realsense2_camera_msgs/realsense2_camera_msgs/srv/detail/device_info__type_support.h\n'}
[8.282107] (realsense2_camera_msgs) StdoutLine: {'line': b'-- Symlinking: /home/imml/git/ROB_534_Project/install/realsense2_camera_msgs/include/realsense2_camera_msgs/realsense2_camera_msgs/srv/device_info.h\n'}
[8.302870] (harvest_interfaces) StdoutLine: {'line': b'[ 35%] \x1b[32mBuilding CXX object CMakeFiles/harvest_interfaces__rosidl_typesupport_introspection_cpp.dir/rosidl_typesupport_introspection_cpp/harvest_interfaces/srv/detail/record_topics__type_support.cpp.o\x1b[0m\n'}
[8.314320] (realsense2_camera_msgs) StdoutLine: {'line': b'-- Symlinking: /home/imml/git/ROB_534_Project/install/realsense2_camera_msgs/share/realsense2_camera_msgs/environment/library_path.sh\n'}
[8.347241] (-) TimerEvent: {}
[8.348337] (realsense2_camera_msgs) StdoutLine: {'line': b'-- Symlinking: /home/imml/git/ROB_534_Project/install/realsense2_camera_msgs/share/realsense2_camera_msgs/environment/library_path.dsv\n'}
[8.380353] (harvest_interfaces) StdoutLine: {'line': b'[ 35%] \x1b[32mBuilding CXX object CMakeFiles/harvest_interfaces__rosidl_typesupport_c.dir/rosidl_typesupport_c/harvest_interfaces/action/event_detection__type_support.cpp.o\x1b[0m\n'}
[8.380884] (realsense2_camera_msgs) StdoutLine: {'line': b'-- Symlinking: /home/imml/git/ROB_534_Project/install/realsense2_camera_msgs/include/realsense2_camera_msgs/realsense2_camera_msgs/msg/detail/extrinsics__rosidl_typesupport_fastrtps_c.h\n'}
[8.397315] (harvest_interfaces) StdoutLine: {'line': b'[ 36%] \x1b[32mBuilding CXX object CMakeFiles/harvest_interfaces__rosidl_typesupport_c.dir/rosidl_typesupport_c/harvest_interfaces/action/send_trajectory__type_support.cpp.o\x1b[0m\n'}
[8.429399] (realsense2_camera_msgs) StdoutLine: {'line': b'-- Symlinking: /home/imml/git/ROB_534_Project/install/realsense2_camera_msgs/include/realsense2_camera_msgs/realsense2_camera_msgs/msg/detail/imu_info__rosidl_typesupport_fastrtps_c.h\n'}
[8.445202] (ur_dashboard_msgs) StdoutLine: {'line': b'[ 82%] \x1b[32mBuilding CXX object CMakeFiles/ur_dashboard_msgs__rosidl_typesupport_fastrtps_c.dir/rosidl_typesupport_fastrtps_c/ur_dashboard_msgs/action/detail/set_mode__type_support_c.cpp.o\x1b[0m\n'}
[8.451371] (-) TimerEvent: {}
[8.460131] (realsense2_camera_msgs) StdoutLine: {'line': b'-- Symlinking: /home/imml/git/ROB_534_Project/install/realsense2_camera_msgs/include/realsense2_camera_msgs/realsense2_camera_msgs/msg/detail/metadata__rosidl_typesupport_fastrtps_c.h\n'}
[8.495423] (realsense2_camera_msgs) StdoutLine: {'line': b'-- Symlinking: /home/imml/git/ROB_534_Project/install/realsense2_camera_msgs/include/realsense2_camera_msgs/realsense2_camera_msgs/msg/detail/rgbd__rosidl_typesupport_fastrtps_c.h\n'}
[8.530319] (realsense2_camera_msgs) StdoutLine: {'line': b'-- Symlinking: /home/imml/git/ROB_534_Project/install/realsense2_camera_msgs/include/realsense2_camera_msgs/realsense2_camera_msgs/msg/rosidl_typesupport_fastrtps_c__visibility_control.h\n'}
[8.547916] (harvest_interfaces) StdoutLine: {'line': b'[ 37%] \x1b[32m\x1b[1mLinking CXX shared library libharvest_interfaces__rosidl_typesupport_cpp.so\x1b[0m\n'}
[8.551484] (-) TimerEvent: {}
[8.552178] (harvest_interfaces) StdoutLine: {'line': b'[ 38%] \x1b[32mBuilding CXX object CMakeFiles/harvest_interfaces__rosidl_typesupport_introspection_cpp.dir/rosidl_typesupport_introspection_cpp/harvest_interfaces/srv/detail/get_gripper_pose__type_support.cpp.o\x1b[0m\n'}
[8.563766] (realsense2_camera_msgs) StdoutLine: {'line': b'-- Symlinking: /home/imml/git/ROB_534_Project/install/realsense2_camera_msgs/include/realsense2_camera_msgs/realsense2_camera_msgs/srv/detail/device_info__rosidl_typesupport_fastrtps_c.h\n'}
[8.593871] (harvest_interfaces) StdoutLine: {'line': b'[ 39%] \x1b[32mBuilding CXX object CMakeFiles/harvest_interfaces__rosidl_typesupport_c.dir/rosidl_typesupport_c/harvest_interfaces/srv/apple_prediction__type_support.cpp.o\x1b[0m\n'}
[8.594687] (realsense2_camera_msgs) StdoutLine: {'line': b'-- Symlinking: /home/imml/git/ROB_534_Project/install/realsense2_camera_msgs/include/realsense2_camera_msgs/realsense2_camera_msgs/msg/detail/extrinsics__rosidl_typesupport_introspection_c.h\n'}
[8.610808] (ur_moveit_config) StdoutLine: {'line': b'-- Configuring done\n'}
[8.617940] (ur_moveit_config) StdoutLine: {'line': b'-- Generating done\n'}
[8.621983] (ur_moveit_config) StdoutLine: {'line': b'-- Build files have been written to: /home/imml/git/ROB_534_Project/build/ur_moveit_config\n'}
[8.629095] (realsense2_camera_msgs) StdoutLine: {'line': b'-- Symlinking: /home/imml/git/ROB_534_Project/install/realsense2_camera_msgs/include/realsense2_camera_msgs/realsense2_camera_msgs/msg/detail/imu_info__rosidl_typesupport_introspection_c.h\n'}
[8.653068] (ur_moveit_config) CommandEnded: {'returncode': 0}
[8.653850] (-) TimerEvent: {}
[8.654135] (ur_moveit_config) JobProgress: {'identifier': 'ur_moveit_config', 'progress': 'build'}
[8.654198] (ur_moveit_config) Command: {'cmd': ['/usr/bin/cmake', '--build', '/home/imml/git/ROB_534_Project/build/ur_moveit_config', '--', '-j16', '-l16'], 'cwd': '/home/imml/git/ROB_534_Project/build/ur_moveit_config', 'env': OrderedDict([('LESSOPEN', '| /usr/bin/lesspipe %s'), ('USER', 'imml'), ('XDG_SESSION_TYPE', 'wayland'), ('SHLVL', '1'), ('LD_LIBRARY_PATH', '/opt/ros/humble/opt/rviz_ogre_vendor/lib:/opt/ros/humble/lib/x86_64-linux-gnu:/opt/ros/humble/lib'), ('HOME', '/home/imml'), ('OLDPWD', '/home/imml'), ('DESKTOP_SESSION', 'ubuntu'), ('ROS_PYTHON_VERSION', '3'), ('GNOME_SHELL_SESSION_MODE', 'ubuntu'), ('GTK_MODULES', 'gail:atk-bridge'), ('SYSTEMD_EXEC_PID', '35967'), ('DBUS_SESSION_BUS_ADDRESS', 'unix:path=/run/user/1000/bus'), ('COLORTERM', 'truecolor'), ('IM_CONFIG_PHASE', '1'), ('WAYLAND_DISPLAY', 'wayland-0'), ('ROS_DISTRO', 'humble'), ('LOGNAME', 'imml'), ('_', '/usr/bin/colcon'), ('ROS_VERSION', '2'), ('XDG_SESSION_CLASS', 'user'), ('USERNAME', 'imml'), ('TERM', 'xterm-256color'), ('GNOME_DESKTOP_SESSION_ID', 'this-is-deprecated'), ('ROS_LOCALHOST_ONLY', '0'), ('PATH', '/opt/ros/humble/bin:/home/imml/.local/bin:/usr/local/sbin:/usr/local/bin:/usr/sbin:/usr/bin:/sbin:/bin:/usr/games:/usr/local/games:/snap/bin:/snap/bin'), ('SESSION_MANAGER', 'local/imml-ROG-Zephyrus:@/tmp/.ICE-unix/1689,unix/imml-ROG-Zephyrus:/tmp/.ICE-unix/1689'), ('XDG_MENU_PREFIX', 'gnome-'), ('GNOME_TERMINAL_SCREEN', '/org/gnome/Terminal/screen/00ec7be0_5807_4f11_8254_b2b90de30782'), ('GNOME_SETUP_DISPLAY', ':1'), ('XDG_RUNTIME_DIR', '/run/user/1000'), ('DISPLAY', ':0'), ('LANG', 'en_US.UTF-8'), ('XDG_CURRENT_DESKTOP', 'ubuntu:GNOME'), ('XMODIFIERS', '@im=ibus'), ('XDG_SESSION_DESKTOP', 'ubuntu'), ('XAUTHORITY', '/run/user/1000/.mutter-Xwaylandauth.48T012'), ('LS_COLORS', 'rs=0:di=01;34:ln=01;36:mh=00:pi=40;33:so=01;35:do=01;35:bd=40;33;01:cd=40;33;01:or=40;31;01:mi=00:su=37;41:sg=30;43:ca=30;41:tw=30;42:ow=34;42:st=37;44:ex=01;32:*.tar=01;31:*.tgz=01;31:*.arc=01;31:*.arj=01;31:*.taz=01;31:*.lha=01;31:*.lz4=01;31:*.lzh=01;31:*.lzma=01;31:*.tlz=01;31:*.txz=01;31:*.tzo=01;31:*.t7z=01;31:*.zip=01;31:*.z=01;31:*.dz=01;31:*.gz=01;31:*.lrz=01;31:*.lz=01;31:*.lzo=01;31:*.xz=01;31:*.zst=01;31:*.tzst=01;31:*.bz2=01;31:*.bz=01;31:*.tbz=01;31:*.tbz2=01;31:*.tz=01;31:*.deb=01;31:*.rpm=01;31:*.jar=01;31:*.war=01;31:*.ear=01;31:*.sar=01;31:*.rar=01;31:*.alz=01;31:*.ace=01;31:*.zoo=01;31:*.cpio=01;31:*.7z=01;31:*.rz=01;31:*.cab=01;31:*.wim=01;31:*.swm=01;31:*.dwm=01;31:*.esd=01;31:*.jpg=01;35:*.jpeg=01;35:*.mjpg=01;35:*.mjpeg=01;35:*.gif=01;35:*.bmp=01;35:*.pbm=01;35:*.pgm=01;35:*.ppm=01;35:*.tga=01;35:*.xbm=01;35:*.xpm=01;35:*.tif=01;35:*.tiff=01;35:*.png=01;35:*.svg=01;35:*.svgz=01;35:*.mng=01;35:*.pcx=01;35:*.mov=01;35:*.mpg=01;35:*.mpeg=01;35:*.m2v=01;35:*.mkv=01;35:*.webm=01;35:*.webp=01;35:*.ogm=01;35:*.mp4=01;35:*.m4v=01;35:*.mp4v=01;35:*.vob=01;35:*.qt=01;35:*.nuv=01;35:*.wmv=01;35:*.asf=01;35:*.rm=01;35:*.rmvb=01;35:*.flc=01;35:*.avi=01;35:*.fli=01;35:*.flv=01;35:*.gl=01;35:*.dl=01;35:*.xcf=01;35:*.xwd=01;35:*.yuv=01;35:*.cgm=01;35:*.emf=01;35:*.ogv=01;35:*.ogx=01;35:*.aac=00;36:*.au=00;36:*.flac=00;36:*.m4a=00;36:*.mid=00;36:*.midi=00;36:*.mka=00;36:*.mp3=00;36:*.mpc=00;36:*.ogg=00;36:*.ra=00;36:*.wav=00;36:*.oga=00;36:*.opus=00;36:*.spx=00;36:*.xspf=00;36:'), ('GNOME_TERMINAL_SERVICE', ':1.315'), ('SSH_AGENT_LAUNCHER', 'gnome-keyring'), ('SSH_AUTH_SOCK', '/run/user/1000/keyring/ssh'), ('AMENT_PREFIX_PATH', '/home/imml/git/ROB_534_Project/install/ur_description:/opt/ros/humble'), ('SHELL', '/bin/bash'), ('QT_ACCESSIBILITY', '1'), ('GDMSESSION', 'ubuntu'), ('LESSCLOSE', '/usr/bin/lesspipe %s %s'), ('QT_IM_MODULE', 'ibus'), ('PWD', '/home/imml/git/ROB_534_Project/build/ur_moveit_config'), ('LC_ALL', 'en_US.UTF-8'), ('XDG_CONFIG_DIRS', '/etc/xdg/xdg-ubuntu:/etc/xdg'), ('XDG_DATA_DIRS', '/usr/share/ubuntu:/usr/local/share/:/usr/share/:/var/lib/snapd/desktop'), ('PYTHONPATH', '/opt/ros/humble/lib/python3.10/site-packages:/opt/ros/humble/local/lib/python3.10/dist-packages'), ('COLCON', '1'), ('VTE_VERSION', '6800'), ('CMAKE_PREFIX_PATH', '/home/imml/git/ROB_534_Project/install/ur_description:/opt/ros/humble')]), 'shell': False}
[8.663240] (realsense2_camera_msgs) StdoutLine: {'line': b'-- Symlinking: /home/imml/git/ROB_534_Project/install/realsense2_camera_msgs/include/realsense2_camera_msgs/realsense2_camera_msgs/msg/detail/metadata__rosidl_typesupport_introspection_c.h\n'}
[8.698039] (realsense2_camera_msgs) StdoutLine: {'line': b'-- Symlinking: /home/imml/git/ROB_534_Project/install/realsense2_camera_msgs/include/realsense2_camera_msgs/realsense2_camera_msgs/msg/detail/rgbd__rosidl_typesupport_introspection_c.h\n'}
[8.720686] (harvest_interfaces) StdoutLine: {'line': b'[ 40%] \x1b[32mBuilding CXX object CMakeFiles/harvest_interfaces__rosidl_typesupport_c.dir/rosidl_typesupport_c/harvest_interfaces/srv/send_trajectory__type_support.cpp.o\x1b[0m\n'}
[8.726458] (realsense2_camera_msgs) StdoutLine: {'line': b'-- Symlinking: /home/imml/git/ROB_534_Project/install/realsense2_camera_msgs/include/realsense2_camera_msgs/realsense2_camera_msgs/msg/rosidl_typesupport_introspection_c__visibility_control.h\n'}
[8.755430] (-) TimerEvent: {}
[8.759957] (realsense2_camera_msgs) StdoutLine: {'line': b'-- Symlinking: /home/imml/git/ROB_534_Project/install/realsense2_camera_msgs/include/realsense2_camera_msgs/realsense2_camera_msgs/srv/detail/device_info__rosidl_typesupport_introspection_c.h\n'}
[8.779540] (harvest_interfaces) StdoutLine: {'line': b'[ 40%] Built target harvest_interfaces__rosidl_typesupport_cpp\n'}
[8.795449] (realsense2_camera_msgs) StdoutLine: {'line': b'-- Symlinking: /home/imml/git/ROB_534_Project/install/realsense2_camera_msgs/include/realsense2_camera_msgs/realsense2_camera_msgs/msg/detail/extrinsics__builder.hpp\n'}
[8.816616] (harvest_interfaces) StdoutLine: {'line': b'[ 40%] \x1b[32mBuilding CXX object CMakeFiles/harvest_interfaces__rosidl_typesupport_c.dir/rosidl_typesupport_c/harvest_interfaces/srv/coordinate_to_trajectory__type_support.cpp.o\x1b[0m\n'}
[8.824234] (realsense2_camera_msgs) StdoutLine: {'line': b'-- Symlinking: /home/imml/git/ROB_534_Project/install/realsense2_camera_msgs/include/realsense2_camera_msgs/realsense2_camera_msgs/msg/detail/extrinsics__struct.hpp\n'}
[8.841527] (harvest_interfaces) StdoutLine: {'line': b'[ 41%] \x1b[32mBuilding CXX object CMakeFiles/harvest_interfaces__rosidl_typesupport_c.dir/rosidl_typesupport_c/harvest_interfaces/srv/voxel_mask__type_support.cpp.o\x1b[0m\n'}
[8.854366] (realsense2_camera_msgs) StdoutLine: {'line': b'-- Symlinking: /home/imml/git/ROB_534_Project/install/realsense2_camera_msgs/include/realsense2_camera_msgs/realsense2_camera_msgs/msg/detail/extrinsics__traits.hpp\n'}
[8.855530] (-) TimerEvent: {}
[8.884829] (realsense2_camera_msgs) StdoutLine: {'line': b'-- Symlinking: /home/imml/git/ROB_534_Project/install/realsense2_camera_msgs/include/realsense2_camera_msgs/realsense2_camera_msgs/msg/detail/extrinsics__type_support.hpp\n'}
[8.894943] (ur_moveit_config) StdoutLine: {'line': b'Built target ament_cmake_python_symlink_ur_moveit_config\n'}
[8.896363] (ur_dashboard_msgs) StdoutLine: {'line': b'[ 83%] \x1b[32m\x1b[1mLinking CXX shared library libur_dashboard_msgs__rosidl_typesupport_introspection_cpp.so\x1b[0m\n'}
[8.918835] (realsense2_camera_msgs) StdoutLine: {'line': b'-- Symlinking: /home/imml/git/ROB_534_Project/install/realsense2_camera_msgs/include/realsense2_camera_msgs/realsense2_camera_msgs/msg/detail/imu_info__builder.hpp\n'}
[8.925470] (harvest_interfaces) StdoutLine: {'line': b'[ 41%] \x1b[32mBuilding CXX object CMakeFiles/harvest_interfaces__rosidl_typesupport_introspection_cpp.dir/rosidl_typesupport_introspection_cpp/harvest_interfaces/srv/detail/update_trellis_position__type_support.cpp.o\x1b[0m\n'}
[8.944072] (harvest_interfaces) StdoutLine: {'line': b'[ 42%] \x1b[32mBuilding CXX object CMakeFiles/harvest_interfaces__rosidl_typesupport_c.dir/rosidl_typesupport_c/harvest_interfaces/srv/move_to_pose__type_support.cpp.o\x1b[0m\n'}
[8.947166] (realsense2_camera_msgs) StdoutLine: {'line': b'-- Symlinking: /home/imml/git/ROB_534_Project/install/realsense2_camera_msgs/include/realsense2_camera_msgs/realsense2_camera_msgs/msg/detail/imu_info__struct.hpp\n'}
[8.955657] (-) TimerEvent: {}
[8.982383] (realsense2_camera_msgs) StdoutLine: {'line': b'-- Symlinking: /home/imml/git/ROB_534_Project/install/realsense2_camera_msgs/include/realsense2_camera_msgs/realsense2_camera_msgs/msg/detail/imu_info__traits.hpp\n'}
[9.013093] (harvest_interfaces) StdoutLine: {'line': b'[ 43%] \x1b[32mBuilding CXX object CMakeFiles/harvest_interfaces__rosidl_typesupport_introspection_cpp.dir/rosidl_typesupport_introspection_cpp/harvest_interfaces/srv/detail/voxel_grid__type_support.cpp.o\x1b[0m\n'}
[9.020758] (realsense2_camera_msgs) StdoutLine: {'line': b'-- Symlinking: /home/imml/git/ROB_534_Project/install/realsense2_camera_msgs/include/realsense2_camera_msgs/realsense2_camera_msgs/msg/detail/imu_info__type_support.hpp\n'}
[9.056364] (realsense2_camera_msgs) StdoutLine: {'line': b'-- Symlinking: /home/imml/git/ROB_534_Project/install/realsense2_camera_msgs/include/realsense2_camera_msgs/realsense2_camera_msgs/msg/detail/metadata__builder.hpp\n'}
[9.056750] (-) TimerEvent: {}
[9.060836] (harvest_interfaces) StdoutLine: {'line': b'[ 44%] \x1b[32mBuilding CXX object CMakeFiles/harvest_interfaces__rosidl_typesupport_c.dir/rosidl_typesupport_c/harvest_interfaces/srv/trajectory_between_points__type_support.cpp.o\x1b[0m\n'}
[9.084382] (harvest_interfaces) StdoutLine: {'line': b'[ 45%] \x1b[32mBuilding C object CMakeFiles/harvest_interfaces__rosidl_typesupport_introspection_c.dir/rosidl_typesupport_introspection_c/harvest_interfaces/action/detail/event_detection__type_support.c.o\x1b[0m\n'}
[9.088142] (harvest_interfaces) StdoutLine: {'line': b'[ 46%] \x1b[32mBuilding C object CMakeFiles/harvest_interfaces__rosidl_typesupport_introspection_c.dir/rosidl_typesupport_introspection_c/harvest_interfaces/action/detail/send_trajectory__type_support.c.o\x1b[0m\n'}
[9.091399] (realsense2_camera_msgs) StdoutLine: {'line': b'-- Symlinking: /home/imml/git/ROB_534_Project/install/realsense2_camera_msgs/include/realsense2_camera_msgs/realsense2_camera_msgs/msg/detail/metadata__struct.hpp\n'}
[9.123437] (realsense2_camera_msgs) StdoutLine: {'line': b'-- Symlinking: /home/imml/git/ROB_534_Project/install/realsense2_camera_msgs/include/realsense2_camera_msgs/realsense2_camera_msgs/msg/detail/metadata__traits.hpp\n'}
[9.142693] (harvest_interfaces) StdoutLine: {'line': b'[ 46%] \x1b[32mBuilding C object CMakeFiles/harvest_interfaces__rosidl_typesupport_introspection_c.dir/rosidl_typesupport_introspection_c/harvest_interfaces/srv/detail/apple_prediction__type_support.c.o\x1b[0m\n'}
[9.155096] (realsense2_camera_msgs) StdoutLine: {'line': b'-- Symlinking: /home/imml/git/ROB_534_Project/install/realsense2_camera_msgs/include/realsense2_camera_msgs/realsense2_camera_msgs/msg/detail/metadata__type_support.hpp\n'}
[9.156860] (-) TimerEvent: {}
[9.166665] (harvest_interfaces) StdoutLine: {'line': b'[ 47%] \x1b[32mBuilding C object CMakeFiles/harvest_interfaces__rosidl_typesupport_introspection_c.dir/rosidl_typesupport_introspection_c/harvest_interfaces/srv/detail/send_trajectory__type_support.c.o\x1b[0m\n'}
[9.170252] (harvest_interfaces) StdoutLine: {'line': b'[ 47%] \x1b[32mBuilding CXX object CMakeFiles/harvest_interfaces__rosidl_typesupport_c.dir/rosidl_typesupport_c/harvest_interfaces/srv/set_value__type_support.cpp.o\x1b[0m\n'}
[9.190288] (realsense2_camera_msgs) StdoutLine: {'line': b'-- Symlinking: /home/imml/git/ROB_534_Project/install/realsense2_camera_msgs/include/realsense2_camera_msgs/realsense2_camera_msgs/msg/detail/rgbd__builder.hpp\n'}
[9.194380] (harvest_interfaces) StdoutLine: {'line': b'[ 48%] \x1b[32mBuilding CXX object CMakeFiles/harvest_interfaces__rosidl_typesupport_c.dir/rosidl_typesupport_c/harvest_interfaces/srv/record_topics__type_support.cpp.o\x1b[0m\n'}
[9.198107] (ur_dashboard_msgs) StdoutLine: {'line': b'[ 83%] Built target ur_dashboard_msgs__rosidl_typesupport_introspection_cpp\n'}
[9.205100] (harvest_interfaces) StdoutLine: {'line': b'[ 49%] \x1b[32mBuilding CXX object CMakeFiles/harvest_interfaces__rosidl_typesupport_c.dir/rosidl_typesupport_c/harvest_interfaces/srv/get_gripper_pose__type_support.cpp.o\x1b[0m\n'}
[9.221093] (realsense2_camera_msgs) StdoutLine: {'line': b'-- Symlinking: /home/imml/git/ROB_534_Project/install/realsense2_camera_msgs/include/realsense2_camera_msgs/realsense2_camera_msgs/msg/detail/rgbd__struct.hpp\n'}
[9.236145] (harvest_interfaces) StdoutLine: {'line': b'[ 50%] \x1b[32mBuilding C object CMakeFiles/harvest_interfaces__rosidl_typesupport_introspection_c.dir/rosidl_typesupport_introspection_c/harvest_interfaces/srv/detail/coordinate_to_trajectory__type_support.c.o\x1b[0m\n'}
[9.249390] (realsense2_camera_msgs) StdoutLine: {'line': b'-- Symlinking: /home/imml/git/ROB_534_Project/install/realsense2_camera_msgs/include/realsense2_camera_msgs/realsense2_camera_msgs/msg/detail/rgbd__traits.hpp\n'}
[9.256994] (-) TimerEvent: {}
[9.259717] (harvest_interfaces) StdoutLine: {'line': b'[ 51%] \x1b[32mBuilding CXX object CMakeFiles/harvest_interfaces__rosidl_typesupport_c.dir/rosidl_typesupport_c/harvest_interfaces/srv/update_trellis_position__type_support.cpp.o\x1b[0m\n'}
[9.260547] (harvest_interfaces) StdoutLine: {'line': b'[ 52%] \x1b[32mBuilding CXX object CMakeFiles/harvest_interfaces__rosidl_typesupport_introspection_cpp.dir/rosidl_typesupport_introspection_cpp/harvest_interfaces/srv/detail/final_approach_linear__type_support.cpp.o\x1b[0m\n'}
[9.268712] (harvest_interfaces) StdoutLine: {'line': b'[ 52%] \x1b[32mBuilding CXX object CMakeFiles/harvest_interfaces__rosidl_typesupport_c.dir/rosidl_typesupport_c/harvest_interfaces/srv/voxel_grid__type_support.cpp.o\x1b[0m\n'}
[9.273746] (realsense2_camera_msgs) StdoutLine: {'line': b'-- Symlinking: /home/imml/git/ROB_534_Project/install/realsense2_camera_msgs/include/realsense2_camera_msgs/realsense2_camera_msgs/msg/detail/rgbd__type_support.hpp\n'}
[9.284592] (harvest_interfaces) StdoutLine: {'line': b'[ 53%] \x1b[32mBuilding C object CMakeFiles/harvest_interfaces__rosidl_typesupport_introspection_c.dir/rosidl_typesupport_introspection_c/harvest_interfaces/srv/detail/voxel_mask__type_support.c.o\x1b[0m\n'}
[9.287626] (harvest_interfaces) StdoutLine: {'line': b'[ 53%] \x1b[32mBuilding C object CMakeFiles/harvest_interfaces__rosidl_typesupport_introspection_c.dir/rosidl_typesupport_introspection_c/harvest_interfaces/srv/detail/move_to_pose__type_support.c.o\x1b[0m\n'}
[9.296930] (harvest_interfaces) StdoutLine: {'line': b'[ 54%] \x1b[32mBuilding CXX object CMakeFiles/harvest_interfaces__rosidl_typesupport_c.dir/rosidl_typesupport_c/harvest_interfaces/srv/final_approach_linear__type_support.cpp.o\x1b[0m\n'}
[9.297414] (realsense2_camera_msgs) StdoutLine: {'line': b'-- Symlinking: /home/imml/git/ROB_534_Project/install/realsense2_camera_msgs/include/realsense2_camera_msgs/realsense2_camera_msgs/msg/extrinsics.hpp\n'}
[9.299414] (harvest_interfaces) StdoutLine: {'line': b'[ 55%] \x1b[32mBuilding C object CMakeFiles/harvest_interfaces__rosidl_typesupport_introspection_c.dir/rosidl_typesupport_introspection_c/harvest_interfaces/srv/detail/trajectory_between_points__type_support.c.o\x1b[0m\n'}
[9.327760] (realsense2_camera_msgs) StdoutLine: {'line': b'-- Symlinking: /home/imml/git/ROB_534_Project/install/realsense2_camera_msgs/include/realsense2_camera_msgs/realsense2_camera_msgs/msg/imu_info.hpp\n'}
[9.352222] (harvest_interfaces) StdoutLine: {'line': b'[ 55%] \x1b[32mBuilding C object CMakeFiles/harvest_interfaces__rosidl_typesupport_introspection_c.dir/rosidl_typesupport_introspection_c/harvest_interfaces/srv/detail/record_topics__type_support.c.o\x1b[0m\n'}
[9.353940] (harvest_interfaces) StdoutLine: {'line': b'[ 57%] \x1b[32mBuilding C object CMakeFiles/harvest_interfaces__rosidl_typesupport_introspection_c.dir/rosidl_typesupport_introspection_c/harvest_interfaces/srv/detail/set_value__type_support.c.o\x1b[0m\n'}
[9.355491] (harvest_interfaces) StdoutLine: {'line': b'[ 57%] \x1b[32mBuilding C object CMakeFiles/harvest_interfaces__rosidl_typesupport_introspection_c.dir/rosidl_typesupport_introspection_c/harvest_interfaces/srv/detail/get_gripper_pose__type_support.c.o\x1b[0m\n'}
[9.357071] (-) TimerEvent: {}
[9.360081] (realsense2_camera_msgs) StdoutLine: {'line': b'-- Symlinking: /home/imml/git/ROB_534_Project/install/realsense2_camera_msgs/include/realsense2_camera_msgs/realsense2_camera_msgs/msg/metadata.hpp\n'}
[9.367190] (harvest_interfaces) StdoutLine: {'line': b'[ 58%] \x1b[32m\x1b[1mLinking CXX shared library libharvest_interfaces__rosidl_typesupport_c.so\x1b[0m\n'}
[9.372946] (harvest_interfaces) StdoutLine: {'line': b'[ 59%] \x1b[32mBuilding CXX object CMakeFiles/harvest_interfaces__rosidl_typesupport_fastrtps_cpp.dir/rosidl_typesupport_fastrtps_cpp/harvest_interfaces/action/detail/dds_fastrtps/event_detection__type_support.cpp.o\x1b[0m\n'}
[9.374092] (realsense2_camera_msgs) StdoutLine: {'line': b'-- Symlinking: /home/imml/git/ROB_534_Project/install/realsense2_camera_msgs/include/realsense2_camera_msgs/realsense2_camera_msgs/msg/rgbd.hpp\n'}
[9.374326] (harvest_interfaces) StdoutLine: {'line': b'[ 60%] \x1b[32mBuilding CXX object CMakeFiles/harvest_interfaces__rosidl_typesupport_fastrtps_cpp.dir/rosidl_typesupport_fastrtps_cpp/harvest_interfaces/action/detail/dds_fastrtps/send_trajectory__type_support.cpp.o\x1b[0m\n'}
[9.374498] (harvest_interfaces) StdoutLine: {'line': b'[ 61%] \x1b[32mBuilding C object CMakeFiles/harvest_interfaces__rosidl_typesupport_introspection_c.dir/rosidl_typesupport_introspection_c/harvest_interfaces/srv/detail/update_trellis_position__type_support.c.o\x1b[0m\n'}
[9.392354] (realsense2_camera_msgs) StdoutLine: {'line': b'-- Symlinking: /home/imml/git/ROB_534_Project/install/realsense2_camera_msgs/include/realsense2_camera_msgs/realsense2_camera_msgs/msg/rosidl_generator_cpp__visibility_control.hpp\n'}
[9.395550] (harvest_interfaces) StdoutLine: {'line': b'[ 61%] \x1b[32mBuilding CXX object CMakeFiles/harvest_interfaces__rosidl_typesupport_fastrtps_cpp.dir/rosidl_typesupport_fastrtps_cpp/harvest_interfaces/srv/detail/dds_fastrtps/apple_prediction__type_support.cpp.o\x1b[0m\n'}
[9.405073] (realsense2_camera_msgs) StdoutLine: {'line': b'-- Symlinking: /home/imml/git/ROB_534_Project/install/realsense2_camera_msgs/include/realsense2_camera_msgs/realsense2_camera_msgs/srv/detail/device_info__builder.hpp\n'}
[9.420412] (realsense2_camera_msgs) StdoutLine: {'line': b'-- Symlinking: /home/imml/git/ROB_534_Project/install/realsense2_camera_msgs/include/realsense2_camera_msgs/realsense2_camera_msgs/srv/detail/device_info__struct.hpp\n'}
[9.428496] (harvest_interfaces) StdoutLine: {'line': b'[ 62%] \x1b[32mBuilding CXX object CMakeFiles/harvest_interfaces__rosidl_typesupport_fastrtps_cpp.dir/rosidl_typesupport_fastrtps_cpp/harvest_interfaces/srv/detail/dds_fastrtps/send_trajectory__type_support.cpp.o\x1b[0m\n'}
[9.436466] (realsense2_camera_msgs) StdoutLine: {'line': b'-- Symlinking: /home/imml/git/ROB_534_Project/install/realsense2_camera_msgs/include/realsense2_camera_msgs/realsense2_camera_msgs/srv/detail/device_info__traits.hpp\n'}
[9.443422] (harvest_interfaces) StdoutLine: {'line': b'[ 63%] \x1b[32mBuilding CXX object CMakeFiles/harvest_interfaces__rosidl_typesupport_fastrtps_cpp.dir/rosidl_typesupport_fastrtps_cpp/harvest_interfaces/srv/detail/dds_fastrtps/coordinate_to_trajectory__type_support.cpp.o\x1b[0m\n'}
[9.445228] (harvest_interfaces) StdoutLine: {'line': b'[ 64%] \x1b[32mBuilding CXX object CMakeFiles/harvest_interfaces__rosidl_typesupport_fastrtps_cpp.dir/rosidl_typesupport_fastrtps_cpp/harvest_interfaces/srv/detail/dds_fastrtps/voxel_mask__type_support.cpp.o\x1b[0m\n'}
[9.451717] (realsense2_camera_msgs) StdoutLine: {'line': b'-- Symlinking: /home/imml/git/ROB_534_Project/install/realsense2_camera_msgs/include/realsense2_camera_msgs/realsense2_camera_msgs/srv/detail/device_info__type_support.hpp\n'}
[9.459397] (-) TimerEvent: {}
[9.469361] (harvest_interfaces) StdoutLine: {'line': b'[ 65%] \x1b[32mBuilding C object CMakeFiles/harvest_interfaces__rosidl_typesupport_introspection_c.dir/rosidl_typesupport_introspection_c/harvest_interfaces/srv/detail/voxel_grid__type_support.c.o\x1b[0m\n'}
[9.476558] (realsense2_camera_msgs) StdoutLine: {'line': b'-- Symlinking: /home/imml/git/ROB_534_Project/install/realsense2_camera_msgs/include/realsense2_camera_msgs/realsense2_camera_msgs/srv/device_info.hpp\n'}
[9.480402] (ur_dashboard_msgs) StdoutLine: {'line': b'[ 83%] \x1b[32m\x1b[1mLinking CXX shared library libur_dashboard_msgs__rosidl_typesupport_fastrtps_cpp.so\x1b[0m\n'}
[9.498070] (harvest_interfaces) StdoutLine: {'line': b'[ 65%] \x1b[32mBuilding CXX object CMakeFiles/harvest_interfaces__rosidl_typesupport_fastrtps_cpp.dir/rosidl_typesupport_fastrtps_cpp/harvest_interfaces/srv/detail/dds_fastrtps/move_to_pose__type_support.cpp.o\x1b[0m\n'}
[9.498409] (harvest_interfaces) StdoutLine: {'line': b'[ 65%] Built target harvest_interfaces__rosidl_typesupport_c\n'}
[9.505214] (realsense2_camera_msgs) StdoutLine: {'line': b'-- Symlinking: /home/imml/git/ROB_534_Project/install/realsense2_camera_msgs/include/realsense2_camera_msgs/realsense2_camera_msgs/msg/detail/extrinsics__rosidl_typesupport_fastrtps_cpp.hpp\n'}
[9.509132] (ur_moveit_config) StdoutLine: {'line': b'running egg_info\n'}
[9.510808] (ur_moveit_config) StdoutLine: {'line': b'creating ur_moveit_config.egg-info\n'}
[9.511622] (ur_moveit_config) StdoutLine: {'line': b'writing ur_moveit_config.egg-info/PKG-INFO\n'}
[9.512301] (ur_moveit_config) StdoutLine: {'line': b'writing dependency_links to ur_moveit_config.egg-info/dependency_links.txt\n'}
[9.513372] (ur_moveit_config) StdoutLine: {'line': b'writing top-level names to ur_moveit_config.egg-info/top_level.txt\n'}
[9.513586] (ur_moveit_config) StdoutLine: {'line': b"writing manifest file 'ur_moveit_config.egg-info/SOURCES.txt'\n"}
[9.516377] (harvest_interfaces) StdoutLine: {'line': b'[ 66%] \x1b[32mBuilding CXX object CMakeFiles/harvest_interfaces__rosidl_typesupport_fastrtps_cpp.dir/rosidl_typesupport_fastrtps_cpp/harvest_interfaces/srv/detail/dds_fastrtps/set_value__type_support.cpp.o\x1b[0m\n'}
[9.518171] (ur_moveit_config) StdoutLine: {'line': b"reading manifest file 'ur_moveit_config.egg-info/SOURCES.txt'\n"}
[9.519478] (ur_moveit_config) StdoutLine: {'line': b"writing manifest file 'ur_moveit_config.egg-info/SOURCES.txt'\n"}
[9.521551] (harvest_interfaces) StdoutLine: {'line': b'[ 67%] \x1b[32mBuilding CXX object CMakeFiles/harvest_interfaces__rosidl_typesupport_fastrtps_cpp.dir/rosidl_typesupport_fastrtps_cpp/harvest_interfaces/srv/detail/dds_fastrtps/trajectory_between_points__type_support.cpp.o\x1b[0m\n'}
[9.533527] (realsense2_camera_msgs) StdoutLine: {'line': b'-- Symlinking: /home/imml/git/ROB_534_Project/install/realsense2_camera_msgs/include/realsense2_camera_msgs/realsense2_camera_msgs/msg/detail/imu_info__rosidl_typesupport_fastrtps_cpp.hpp\n'}
[9.533828] (harvest_interfaces) StdoutLine: {'line': b'[ 68%] \x1b[32mBuilding CXX object CMakeFiles/harvest_interfaces__rosidl_typesupport_fastrtps_cpp.dir/rosidl_typesupport_fastrtps_cpp/harvest_interfaces/srv/detail/dds_fastrtps/record_topics__type_support.cpp.o\x1b[0m\n'}
[9.552009] (ur_dashboard_msgs) StdoutLine: {'line': b'[ 84%] \x1b[32m\x1b[1mLinking CXX shared library libur_dashboard_msgs__rosidl_typesupport_fastrtps_c.so\x1b[0m\n'}
[9.562438] (realsense2_camera_msgs) StdoutLine: {'line': b'-- Symlinking: /home/imml/git/ROB_534_Project/install/realsense2_camera_msgs/include/realsense2_camera_msgs/realsense2_camera_msgs/msg/detail/metadata__rosidl_typesupport_fastrtps_cpp.hpp\n'}
[9.562744] (-) TimerEvent: {}
[9.563077] (harvest_interfaces) StdoutLine: {'line': b'[ 68%] \x1b[32mBuilding CXX object CMakeFiles/harvest_interfaces__rosidl_typesupport_fastrtps_cpp.dir/rosidl_typesupport_fastrtps_cpp/harvest_interfaces/srv/detail/dds_fastrtps/get_gripper_pose__type_support.cpp.o\x1b[0m\n'}
[9.576815] (harvest_interfaces) StdoutLine: {'line': b'[ 68%] \x1b[32mBuilding C object CMakeFiles/harvest_interfaces__rosidl_typesupport_introspection_c.dir/rosidl_typesupport_introspection_c/harvest_interfaces/srv/detail/final_approach_linear__type_support.c.o\x1b[0m\n'}
[9.587076] (realsense2_camera_msgs) StdoutLine: {'line': b'-- Symlinking: /home/imml/git/ROB_534_Project/install/realsense2_camera_msgs/include/realsense2_camera_msgs/realsense2_camera_msgs/msg/detail/rgbd__rosidl_typesupport_fastrtps_cpp.hpp\n'}
[9.612385] (ur_moveit_config) StdoutLine: {'line': b'Built target ament_cmake_python_build_ur_moveit_config_egg\n'}
[9.618511] (realsense2_camera_msgs) StdoutLine: {'line': b'-- Symlinking: /home/imml/git/ROB_534_Project/install/realsense2_camera_msgs/include/realsense2_camera_msgs/realsense2_camera_msgs/msg/rosidl_typesupport_fastrtps_cpp__visibility_control.h\n'}
[9.640253] (harvest_interfaces) StdoutLine: {'line': b'[ 69%] \x1b[32mBuilding CXX object CMakeFiles/harvest_interfaces__rosidl_typesupport_fastrtps_cpp.dir/rosidl_typesupport_fastrtps_cpp/harvest_interfaces/srv/detail/dds_fastrtps/update_trellis_position__type_support.cpp.o\x1b[0m\n'}
[9.645801] (ur_moveit_config) CommandEnded: {'returncode': 0}
[9.646529] (ur_moveit_config) JobProgress: {'identifier': 'ur_moveit_config', 'progress': 'install'}
[9.646604] (ur_moveit_config) Command: {'cmd': ['/usr/bin/cmake', '--install', '/home/imml/git/ROB_534_Project/build/ur_moveit_config'], 'cwd': '/home/imml/git/ROB_534_Project/build/ur_moveit_config', 'env': OrderedDict([('LESSOPEN', '| /usr/bin/lesspipe %s'), ('USER', 'imml'), ('XDG_SESSION_TYPE', 'wayland'), ('SHLVL', '1'), ('LD_LIBRARY_PATH', '/opt/ros/humble/opt/rviz_ogre_vendor/lib:/opt/ros/humble/lib/x86_64-linux-gnu:/opt/ros/humble/lib'), ('HOME', '/home/imml'), ('OLDPWD', '/home/imml'), ('DESKTOP_SESSION', 'ubuntu'), ('ROS_PYTHON_VERSION', '3'), ('GNOME_SHELL_SESSION_MODE', 'ubuntu'), ('GTK_MODULES', 'gail:atk-bridge'), ('SYSTEMD_EXEC_PID', '35967'), ('DBUS_SESSION_BUS_ADDRESS', 'unix:path=/run/user/1000/bus'), ('COLORTERM', 'truecolor'), ('IM_CONFIG_PHASE', '1'), ('WAYLAND_DISPLAY', 'wayland-0'), ('ROS_DISTRO', 'humble'), ('LOGNAME', 'imml'), ('_', '/usr/bin/colcon'), ('ROS_VERSION', '2'), ('XDG_SESSION_CLASS', 'user'), ('USERNAME', 'imml'), ('TERM', 'xterm-256color'), ('GNOME_DESKTOP_SESSION_ID', 'this-is-deprecated'), ('ROS_LOCALHOST_ONLY', '0'), ('PATH', '/opt/ros/humble/bin:/home/imml/.local/bin:/usr/local/sbin:/usr/local/bin:/usr/sbin:/usr/bin:/sbin:/bin:/usr/games:/usr/local/games:/snap/bin:/snap/bin'), ('SESSION_MANAGER', 'local/imml-ROG-Zephyrus:@/tmp/.ICE-unix/1689,unix/imml-ROG-Zephyrus:/tmp/.ICE-unix/1689'), ('XDG_MENU_PREFIX', 'gnome-'), ('GNOME_TERMINAL_SCREEN', '/org/gnome/Terminal/screen/00ec7be0_5807_4f11_8254_b2b90de30782'), ('GNOME_SETUP_DISPLAY', ':1'), ('XDG_RUNTIME_DIR', '/run/user/1000'), ('DISPLAY', ':0'), ('LANG', 'en_US.UTF-8'), ('XDG_CURRENT_DESKTOP', 'ubuntu:GNOME'), ('XMODIFIERS', '@im=ibus'), ('XDG_SESSION_DESKTOP', 'ubuntu'), ('XAUTHORITY', '/run/user/1000/.mutter-Xwaylandauth.48T012'), ('LS_COLORS', 'rs=0:di=01;34:ln=01;36:mh=00:pi=40;33:so=01;35:do=01;35:bd=40;33;01:cd=40;33;01:or=40;31;01:mi=00:su=37;41:sg=30;43:ca=30;41:tw=30;42:ow=34;42:st=37;44:ex=01;32:*.tar=01;31:*.tgz=01;31:*.arc=01;31:*.arj=01;31:*.taz=01;31:*.lha=01;31:*.lz4=01;31:*.lzh=01;31:*.lzma=01;31:*.tlz=01;31:*.txz=01;31:*.tzo=01;31:*.t7z=01;31:*.zip=01;31:*.z=01;31:*.dz=01;31:*.gz=01;31:*.lrz=01;31:*.lz=01;31:*.lzo=01;31:*.xz=01;31:*.zst=01;31:*.tzst=01;31:*.bz2=01;31:*.bz=01;31:*.tbz=01;31:*.tbz2=01;31:*.tz=01;31:*.deb=01;31:*.rpm=01;31:*.jar=01;31:*.war=01;31:*.ear=01;31:*.sar=01;31:*.rar=01;31:*.alz=01;31:*.ace=01;31:*.zoo=01;31:*.cpio=01;31:*.7z=01;31:*.rz=01;31:*.cab=01;31:*.wim=01;31:*.swm=01;31:*.dwm=01;31:*.esd=01;31:*.jpg=01;35:*.jpeg=01;35:*.mjpg=01;35:*.mjpeg=01;35:*.gif=01;35:*.bmp=01;35:*.pbm=01;35:*.pgm=01;35:*.ppm=01;35:*.tga=01;35:*.xbm=01;35:*.xpm=01;35:*.tif=01;35:*.tiff=01;35:*.png=01;35:*.svg=01;35:*.svgz=01;35:*.mng=01;35:*.pcx=01;35:*.mov=01;35:*.mpg=01;35:*.mpeg=01;35:*.m2v=01;35:*.mkv=01;35:*.webm=01;35:*.webp=01;35:*.ogm=01;35:*.mp4=01;35:*.m4v=01;35:*.mp4v=01;35:*.vob=01;35:*.qt=01;35:*.nuv=01;35:*.wmv=01;35:*.asf=01;35:*.rm=01;35:*.rmvb=01;35:*.flc=01;35:*.avi=01;35:*.fli=01;35:*.flv=01;35:*.gl=01;35:*.dl=01;35:*.xcf=01;35:*.xwd=01;35:*.yuv=01;35:*.cgm=01;35:*.emf=01;35:*.ogv=01;35:*.ogx=01;35:*.aac=00;36:*.au=00;36:*.flac=00;36:*.m4a=00;36:*.mid=00;36:*.midi=00;36:*.mka=00;36:*.mp3=00;36:*.mpc=00;36:*.ogg=00;36:*.ra=00;36:*.wav=00;36:*.oga=00;36:*.opus=00;36:*.spx=00;36:*.xspf=00;36:'), ('GNOME_TERMINAL_SERVICE', ':1.315'), ('SSH_AGENT_LAUNCHER', 'gnome-keyring'), ('SSH_AUTH_SOCK', '/run/user/1000/keyring/ssh'), ('AMENT_PREFIX_PATH', '/home/imml/git/ROB_534_Project/install/ur_description:/opt/ros/humble'), ('SHELL', '/bin/bash'), ('QT_ACCESSIBILITY', '1'), ('GDMSESSION', 'ubuntu'), ('LESSCLOSE', '/usr/bin/lesspipe %s %s'), ('QT_IM_MODULE', 'ibus'), ('PWD', '/home/imml/git/ROB_534_Project/build/ur_moveit_config'), ('LC_ALL', 'en_US.UTF-8'), ('XDG_CONFIG_DIRS', '/etc/xdg/xdg-ubuntu:/etc/xdg'), ('XDG_DATA_DIRS', '/usr/share/ubuntu:/usr/local/share/:/usr/share/:/var/lib/snapd/desktop'), ('PYTHONPATH', '/opt/ros/humble/lib/python3.10/site-packages:/opt/ros/humble/local/lib/python3.10/dist-packages'), ('COLCON', '1'), ('VTE_VERSION', '6800'), ('CMAKE_PREFIX_PATH', '/home/imml/git/ROB_534_Project/install/ur_description:/opt/ros/humble')]), 'shell': False}
[9.647170] (realsense2_camera_msgs) StdoutLine: {'line': b'-- Symlinking: /home/imml/git/ROB_534_Project/install/realsense2_camera_msgs/include/realsense2_camera_msgs/realsense2_camera_msgs/srv/detail/device_info__rosidl_typesupport_fastrtps_cpp.hpp\n'}
[9.666375] (harvest_interfaces) StdoutLine: {'line': b'[ 70%] \x1b[32m\x1b[1mLinking C shared library libharvest_interfaces__rosidl_typesupport_introspection_c.so\x1b[0m\n'}
[9.666706] (-) TimerEvent: {}
[9.667614] (ur_moveit_config) StdoutLine: {'line': b'-- Install configuration: ""\n'}
[9.668380] (ur_moveit_config) StdoutLine: {'line': b'-- Execute custom install script\n'}
[9.669136] (ur_moveit_config) StdoutLine: {'line': b'-- Symlinking: /home/imml/git/ROB_534_Project/install/ur_moveit_config/share/ur_moveit_config/config/controllers.yaml\n'}
[9.670599] (realsense2_camera_msgs) StdoutLine: {'line': b'-- Symlinking: /home/imml/git/ROB_534_Project/install/realsense2_camera_msgs/include/realsense2_camera_msgs/realsense2_camera_msgs/msg/detail/extrinsics__rosidl_typesupport_introspection_cpp.hpp\n'}
[9.676203] (ur_dashboard_msgs) StdoutLine: {'line': b'[ 84%] Built target ur_dashboard_msgs__rosidl_typesupport_fastrtps_cpp\n'}
[9.692402] (realsense2_camera_msgs) StdoutLine: {'line': b'-- Symlinking: /home/imml/git/ROB_534_Project/install/realsense2_camera_msgs/include/realsense2_camera_msgs/realsense2_camera_msgs/msg/detail/imu_info__rosidl_typesupport_introspection_cpp.hpp\n'}
[9.698853] (ur_moveit_config) StdoutLine: {'line': b'-- Symlinking: /home/imml/git/ROB_534_Project/install/ur_moveit_config/share/ur_moveit_config/config/joint_limits.yaml\n'}
[9.717172] (realsense2_camera_msgs) StdoutLine: {'line': b'-- Symlinking: /home/imml/git/ROB_534_Project/install/realsense2_camera_msgs/include/realsense2_camera_msgs/realsense2_camera_msgs/msg/detail/metadata__rosidl_typesupport_introspection_cpp.hpp\n'}
[9.724164] (ur_moveit_config) StdoutLine: {'line': b'-- Symlinking: /home/imml/git/ROB_534_Project/install/ur_moveit_config/share/ur_moveit_config/config/kinematics.yaml\n'}
[9.748185] (realsense2_camera_msgs) StdoutLine: {'line': b'-- Symlinking: /home/imml/git/ROB_534_Project/install/realsense2_camera_msgs/include/realsense2_camera_msgs/realsense2_camera_msgs/msg/detail/rgbd__rosidl_typesupport_introspection_cpp.hpp\n'}
[9.754132] (ur_moveit_config) StdoutLine: {'line': b'-- Symlinking: /home/imml/git/ROB_534_Project/install/ur_moveit_config/share/ur_moveit_config/config/ompl_planning.yaml\n'}
[9.760304] (ur_dashboard_msgs) StdoutLine: {'line': b'[ 84%] Built target ur_dashboard_msgs__rosidl_typesupport_fastrtps_c\n'}
[9.766870] (-) TimerEvent: {}
[9.772978] (realsense2_camera_msgs) StdoutLine: {'line': b'-- Symlinking: /home/imml/git/ROB_534_Project/install/realsense2_camera_msgs/include/realsense2_camera_msgs/realsense2_camera_msgs/srv/detail/device_info__rosidl_typesupport_introspection_cpp.hpp\n'}
[9.778812] (ur_moveit_config) StdoutLine: {'line': b'-- Symlinking: /home/imml/git/ROB_534_Project/install/ur_moveit_config/share/ur_moveit_config/config/ur_servo.yaml\n'}
[9.792652] (harvest_interfaces) StdoutLine: {'line': b'[ 70%] Built target harvest_interfaces__rosidl_typesupport_introspection_c\n'}
[9.806367] (ur_dashboard_msgs) StdoutLine: {'line': b'[ 84%] Built target ur_dashboard_msgs\n'}
[9.806812] (realsense2_camera_msgs) StdoutLine: {'line': b'-- Symlinking: /home/imml/git/ROB_534_Project/install/realsense2_camera_msgs/share/realsense2_camera_msgs/environment/pythonpath.sh\n'}
[9.807792] (harvest_interfaces) StdoutLine: {'line': b'[ 71%] \x1b[32mBuilding CXX object CMakeFiles/harvest_interfaces__rosidl_typesupport_fastrtps_cpp.dir/rosidl_typesupport_fastrtps_cpp/harvest_interfaces/srv/detail/dds_fastrtps/voxel_grid__type_support.cpp.o\x1b[0m\n'}
[9.812236] (ur_moveit_config) StdoutLine: {'line': b'-- Symlinking: /home/imml/git/ROB_534_Project/install/ur_moveit_config/share/ur_moveit_config/launch/ur_moveit.launch.py\n'}
[9.833191] (realsense2_camera_msgs) StdoutLine: {'line': b'-- Symlinking: /home/imml/git/ROB_534_Project/install/realsense2_camera_msgs/share/realsense2_camera_msgs/environment/pythonpath.dsv\n'}
[9.840936] (ur_moveit_config) StdoutLine: {'line': b'-- Symlinking: /home/imml/git/ROB_534_Project/install/ur_moveit_config/share/ur_moveit_config/launch/ur_moveit_custom_hw.launch.py\n'}
[9.867018] (-) TimerEvent: {}
[9.871974] (ur_dashboard_msgs) StdoutLine: {'line': b'[ 85%] \x1b[34m\x1b[1mGenerating Python code for ROS interfaces\x1b[0m\n'}
[9.874156] (ur_moveit_config) StdoutLine: {'line': b'-- Symlinking: /home/imml/git/ROB_534_Project/install/ur_moveit_config/share/ur_moveit_config/rviz/view_robot.rviz\n'}
[9.874488] (realsense2_camera_msgs) StdoutLine: {'line': b'-- Symlinking: /home/imml/git/ROB_534_Project/install/realsense2_camera_msgs/local/lib/python3.10/dist-packages/realsense2_camera_msgs-4.55.1-py3.10.egg-info/PKG-INFO\n'}
[9.876656] (harvest_interfaces) StdoutLine: {'line': b'[ 72%] \x1b[32mBuilding CXX object CMakeFiles/harvest_interfaces__rosidl_typesupport_fastrtps_cpp.dir/rosidl_typesupport_fastrtps_cpp/harvest_interfaces/srv/detail/dds_fastrtps/final_approach_linear__type_support.cpp.o\x1b[0m\n'}
[9.914075] (realsense2_camera_msgs) StdoutLine: {'line': b'-- Symlinking: /home/imml/git/ROB_534_Project/install/realsense2_camera_msgs/local/lib/python3.10/dist-packages/realsense2_camera_msgs-4.55.1-py3.10.egg-info/SOURCES.txt\n'}
[9.914681] (ur_moveit_config) StdoutLine: {'line': b'-- Symlinking: /home/imml/git/ROB_534_Project/install/ur_moveit_config/share/ur_moveit_config/srdf/ur.srdf.xacro\n'}
[9.931095] (realsense2_camera_msgs) StdoutLine: {'line': b'-- Symlinking: /home/imml/git/ROB_534_Project/install/realsense2_camera_msgs/local/lib/python3.10/dist-packages/realsense2_camera_msgs-4.55.1-py3.10.egg-info/dependency_links.txt\n'}
[9.950638] (harvest_interfaces) StdoutLine: {'line': b'[ 73%] \x1b[32m\x1b[1mLinking CXX shared library libharvest_interfaces__rosidl_typesupport_introspection_cpp.so\x1b[0m\n'}
[9.954349] (ur_moveit_config) StdoutLine: {'line': b'-- Symlinking: /home/imml/git/ROB_534_Project/install/ur_moveit_config/share/ur_moveit_config/srdf/ur_macro.srdf.xacro\n'}
[9.955907] (realsense2_camera_msgs) StdoutLine: {'line': b'-- Symlinking: /home/imml/git/ROB_534_Project/install/realsense2_camera_msgs/local/lib/python3.10/dist-packages/realsense2_camera_msgs-4.55.1-py3.10.egg-info/top_level.txt\n'}
[9.967137] (-) TimerEvent: {}
[9.976735] (realsense2_camera_msgs) StdoutLine: {'line': b'-- Symlinking: /home/imml/git/ROB_534_Project/install/realsense2_camera_msgs/local/lib/python3.10/dist-packages/realsense2_camera_msgs/__init__.py\n'}
[9.994086] (realsense2_camera_msgs) StdoutLine: {'line': b'-- Symlinking: /home/imml/git/ROB_534_Project/install/realsense2_camera_msgs/local/lib/python3.10/dist-packages/realsense2_camera_msgs/_realsense2_camera_msgs_s.ep.rosidl_typesupport_c.c\n'}
[9.998216] (ur_moveit_config) StdoutLine: {'line': b'-- Symlinking: /home/imml/git/ROB_534_Project/install/ur_moveit_config/share/ur_moveit_config/environment/pythonpath.sh\n'}
[10.017822] (realsense2_camera_msgs) StdoutLine: {'line': b'-- Symlinking: /home/imml/git/ROB_534_Project/install/realsense2_camera_msgs/local/lib/python3.10/dist-packages/realsense2_camera_msgs/_realsense2_camera_msgs_s.ep.rosidl_typesupport_fastrtps_c.c\n'}
[10.020371] (ur_moveit_config) StdoutLine: {'line': b'-- Symlinking: /home/imml/git/ROB_534_Project/install/ur_moveit_config/share/ur_moveit_config/environment/pythonpath.dsv\n'}
[10.033033] (realsense2_camera_msgs) StdoutLine: {'line': b'-- Symlinking: /home/imml/git/ROB_534_Project/install/realsense2_camera_msgs/local/lib/python3.10/dist-packages/realsense2_camera_msgs/_realsense2_camera_msgs_s.ep.rosidl_typesupport_introspection_c.c\n'}
[10.043360] (harvest_interfaces) StdoutLine: {'line': b'[ 74%] \x1b[32mBuilding CXX object CMakeFiles/harvest_interfaces__rosidl_typesupport_fastrtps_c.dir/rosidl_typesupport_fastrtps_c/harvest_interfaces/action/detail/event_detection__type_support_c.cpp.o\x1b[0m\n'}
[10.058602] (realsense2_camera_msgs) StdoutLine: {'line': b'-- Symlinking: /home/imml/git/ROB_534_Project/install/realsense2_camera_msgs/local/lib/python3.10/dist-packages/realsense2_camera_msgs/librealsense2_camera_msgs__rosidl_generator_py.so\n'}
[10.059018] (ur_moveit_config) StdoutLine: {'line': b'-- Symlinking: /home/imml/git/ROB_534_Project/install/ur_moveit_config/local/lib/python3.10/dist-packages/ur_moveit_config-2.2.15-py3.10.egg-info/PKG-INFO\n'}
[10.071307] (-) TimerEvent: {}
[10.077208] (harvest_interfaces) StdoutLine: {'line': b'[ 75%] \x1b[32mBuilding CXX object CMakeFiles/harvest_interfaces__rosidl_typesupport_fastrtps_c.dir/rosidl_typesupport_fastrtps_c/harvest_interfaces/srv/detail/apple_prediction__type_support_c.cpp.o\x1b[0m\n'}
[10.082028] (ur_moveit_config) StdoutLine: {'line': b'-- Symlinking: /home/imml/git/ROB_534_Project/install/ur_moveit_config/local/lib/python3.10/dist-packages/ur_moveit_config-2.2.15-py3.10.egg-info/SOURCES.txt\n'}
[10.087446] (realsense2_camera_msgs) StdoutLine: {'line': b'-- Symlinking: /home/imml/git/ROB_534_Project/install/realsense2_camera_msgs/local/lib/python3.10/dist-packages/realsense2_camera_msgs/msg/__init__.py\n'}
[10.089318] (harvest_interfaces) StdoutLine: {'line': b'[ 75%] \x1b[32mBuilding CXX object CMakeFiles/harvest_interfaces__rosidl_typesupport_fastrtps_c.dir/rosidl_typesupport_fastrtps_c/harvest_interfaces/action/detail/send_trajectory__type_support_c.cpp.o\x1b[0m\n'}
[10.117946] (ur_moveit_config) StdoutLine: {'line': b'-- Symlinking: /home/imml/git/ROB_534_Project/install/ur_moveit_config/local/lib/python3.10/dist-packages/ur_moveit_config-2.2.15-py3.10.egg-info/dependency_links.txt\n'}
[10.118999] (realsense2_camera_msgs) StdoutLine: {'line': b'-- Symlinking: /home/imml/git/ROB_534_Project/install/realsense2_camera_msgs/local/lib/python3.10/dist-packages/realsense2_camera_msgs/msg/_extrinsics.py\n'}
[10.144547] (ur_moveit_config) StdoutLine: {'line': b'-- Symlinking: /home/imml/git/ROB_534_Project/install/ur_moveit_config/local/lib/python3.10/dist-packages/ur_moveit_config-2.2.15-py3.10.egg-info/top_level.txt\n'}
[10.148851] (realsense2_camera_msgs) StdoutLine: {'line': b'-- Symlinking: /home/imml/git/ROB_534_Project/install/realsense2_camera_msgs/local/lib/python3.10/dist-packages/realsense2_camera_msgs/msg/_extrinsics_s.c\n'}
[10.156274] (harvest_interfaces) StdoutLine: {'line': b'[ 76%] \x1b[32mBuilding CXX object CMakeFiles/harvest_interfaces__rosidl_typesupport_fastrtps_c.dir/rosidl_typesupport_fastrtps_c/harvest_interfaces/srv/detail/send_trajectory__type_support_c.cpp.o\x1b[0m\n'}
[10.169082] (realsense2_camera_msgs) StdoutLine: {'line': b'-- Symlinking: /home/imml/git/ROB_534_Project/install/realsense2_camera_msgs/local/lib/python3.10/dist-packages/realsense2_camera_msgs/msg/_imu_info.py\n'}
[10.169408] (-) TimerEvent: {}
[10.172906] (ur_moveit_config) StdoutLine: {'line': b'-- Symlinking: /home/imml/git/ROB_534_Project/install/ur_moveit_config/local/lib/python3.10/dist-packages/ur_moveit_config/__init__.py\n'}
[10.198449] (harvest_interfaces) StdoutLine: {'line': b'[ 77%] \x1b[32mBuilding CXX object CMakeFiles/harvest_interfaces__rosidl_typesupport_fastrtps_c.dir/rosidl_typesupport_fastrtps_c/harvest_interfaces/srv/detail/coordinate_to_trajectory__type_support_c.cpp.o\x1b[0m\n'}
[10.209237] (realsense2_camera_msgs) StdoutLine: {'line': b'-- Symlinking: /home/imml/git/ROB_534_Project/install/realsense2_camera_msgs/local/lib/python3.10/dist-packages/realsense2_camera_msgs/msg/_imu_info_s.c\n'}
[10.212328] (ur_moveit_config) StdoutLine: {'line': b'-- Symlinking: /home/imml/git/ROB_534_Project/install/ur_moveit_config/local/lib/python3.10/dist-packages/ur_moveit_config/launch_common.py\n'}
[10.238340] (ur_moveit_config) StdoutLine: {'line': b'-- Symlinking: /home/imml/git/ROB_534_Project/install/ur_moveit_config/local/lib/python3.10/dist-packages/launch_common.py\n'}
[10.241955] (realsense2_camera_msgs) StdoutLine: {'line': b'-- Symlinking: /home/imml/git/ROB_534_Project/install/realsense2_camera_msgs/local/lib/python3.10/dist-packages/realsense2_camera_msgs/msg/_metadata.py\n'}
[10.249083] (harvest_interfaces) StdoutLine: {'line': b'[ 77%] \x1b[32mBuilding CXX object CMakeFiles/harvest_interfaces__rosidl_typesupport_fastrtps_c.dir/rosidl_typesupport_fastrtps_c/harvest_interfaces/srv/detail/voxel_mask__type_support_c.cpp.o\x1b[0m\n'}
[10.263582] (realsense2_camera_msgs) StdoutLine: {'line': b'-- Symlinking: /home/imml/git/ROB_534_Project/install/realsense2_camera_msgs/local/lib/python3.10/dist-packages/realsense2_camera_msgs/msg/_metadata_s.c\n'}
[10.266083] (ur_moveit_config) StdoutLine: {'line': b'-- Symlinking: /home/imml/git/ROB_534_Project/install/ur_moveit_config/share/ament_index/resource_index/package_run_dependencies/ur_moveit_config\n'}
[10.269972] (-) TimerEvent: {}
[10.278375] (harvest_interfaces) StdoutLine: {'line': b'[ 77%] Built target harvest_interfaces__rosidl_typesupport_introspection_cpp\n'}
[10.281619] (realsense2_camera_msgs) StdoutLine: {'line': b'-- Symlinking: /home/imml/git/ROB_534_Project/install/realsense2_camera_msgs/local/lib/python3.10/dist-packages/realsense2_camera_msgs/msg/_rgbd.py\n'}
[10.284608] (harvest_interfaces) StdoutLine: {'line': b'[ 78%] \x1b[32mBuilding CXX object CMakeFiles/harvest_interfaces__rosidl_typesupport_fastrtps_c.dir/rosidl_typesupport_fastrtps_c/harvest_interfaces/srv/detail/move_to_pose__type_support_c.cpp.o\x1b[0m\n'}
[10.291072] (ur_moveit_config) StdoutLine: {'line': b'-- Symlinking: /home/imml/git/ROB_534_Project/install/ur_moveit_config/share/ament_index/resource_index/parent_prefix_path/ur_moveit_config\n'}
[10.294320] (harvest_interfaces) StdoutLine: {'line': b'[ 79%] \x1b[32mBuilding CXX object CMakeFiles/harvest_interfaces__rosidl_typesupport_fastrtps_c.dir/rosidl_typesupport_fastrtps_c/harvest_interfaces/srv/detail/trajectory_between_points__type_support_c.cpp.o\x1b[0m\n'}
[10.297538] (realsense2_camera_msgs) StdoutLine: {'line': b'-- Symlinking: /home/imml/git/ROB_534_Project/install/realsense2_camera_msgs/local/lib/python3.10/dist-packages/realsense2_camera_msgs/msg/_rgbd_s.c\n'}
[10.305535] (harvest_interfaces) StdoutLine: {'line': b'[ 79%] \x1b[32mBuilding CXX object CMakeFiles/harvest_interfaces__rosidl_typesupport_fastrtps_c.dir/rosidl_typesupport_fastrtps_c/harvest_interfaces/srv/detail/record_topics__type_support_c.cpp.o\x1b[0m\n'}
[10.309329] (harvest_interfaces) StdoutLine: {'line': b'[ 80%] \x1b[32mBuilding CXX object CMakeFiles/harvest_interfaces__rosidl_typesupport_fastrtps_c.dir/rosidl_typesupport_fastrtps_c/harvest_interfaces/srv/detail/set_value__type_support_c.cpp.o\x1b[0m\n'}
[10.310573] (ur_moveit_config) StdoutLine: {'line': b'-- Symlinking: /home/imml/git/ROB_534_Project/install/ur_moveit_config/share/ur_moveit_config/environment/ament_prefix_path.sh\n'}
[10.313563] (realsense2_camera_msgs) StdoutLine: {'line': b'-- Symlinking: /home/imml/git/ROB_534_Project/install/realsense2_camera_msgs/local/lib/python3.10/dist-packages/realsense2_camera_msgs/realsense2_camera_msgs_s__rosidl_typesupport_c.cpython-310-x86_64-linux-gnu.so\n'}
[10.313930] (harvest_interfaces) StdoutLine: {'line': b'[ 81%] \x1b[32mBuilding CXX object CMakeFiles/harvest_interfaces__rosidl_typesupport_fastrtps_c.dir/rosidl_typesupport_fastrtps_c/harvest_interfaces/srv/detail/get_gripper_pose__type_support_c.cpp.o\x1b[0m\n'}
[10.326090] (ur_moveit_config) StdoutLine: {'line': b'-- Symlinking: /home/imml/git/ROB_534_Project/install/ur_moveit_config/share/ur_moveit_config/environment/ament_prefix_path.dsv\n'}
[10.329206] (realsense2_camera_msgs) StdoutLine: {'line': b'-- Symlinking: /home/imml/git/ROB_534_Project/install/realsense2_camera_msgs/local/lib/python3.10/dist-packages/realsense2_camera_msgs/realsense2_camera_msgs_s__rosidl_typesupport_fastrtps_c.cpython-310-x86_64-linux-gnu.so\n'}
[10.337452] (harvest_interfaces) StdoutLine: {'line': b'[ 82%] \x1b[32mBuilding CXX object CMakeFiles/harvest_interfaces__rosidl_typesupport_fastrtps_c.dir/rosidl_typesupport_fastrtps_c/harvest_interfaces/srv/detail/update_trellis_position__type_support_c.cpp.o\x1b[0m\n'}
[10.342877] (ur_moveit_config) StdoutLine: {'line': b'-- Symlinking: /home/imml/git/ROB_534_Project/install/ur_moveit_config/share/ur_moveit_config/environment/path.sh\n'}
[10.343561] (realsense2_camera_msgs) StdoutLine: {'line': b'-- Symlinking: /home/imml/git/ROB_534_Project/install/realsense2_camera_msgs/local/lib/python3.10/dist-packages/realsense2_camera_msgs/realsense2_camera_msgs_s__rosidl_typesupport_introspection_c.cpython-310-x86_64-linux-gnu.so\n'}
[10.359653] (ur_moveit_config) StdoutLine: {'line': b'-- Symlinking: /home/imml/git/ROB_534_Project/install/ur_moveit_config/share/ur_moveit_config/environment/path.dsv\n'}
[10.370099] (-) TimerEvent: {}
[10.372076] (realsense2_camera_msgs) StdoutLine: {'line': b'-- Symlinking: /home/imml/git/ROB_534_Project/install/realsense2_camera_msgs/local/lib/python3.10/dist-packages/realsense2_camera_msgs/srv/__init__.py\n'}
[10.375880] (ur_moveit_config) StdoutLine: {'line': b'-- Symlinking: /home/imml/git/ROB_534_Project/install/ur_moveit_config/share/ur_moveit_config/local_setup.bash\n'}
[10.380698] (harvest_interfaces) StdoutLine: {'line': b'[ 83%] \x1b[32mBuilding CXX object CMakeFiles/harvest_interfaces__rosidl_typesupport_fastrtps_c.dir/rosidl_typesupport_fastrtps_c/harvest_interfaces/srv/detail/voxel_grid__type_support_c.cpp.o\x1b[0m\n'}
[10.393567] (ur_moveit_config) StdoutLine: {'line': b'-- Symlinking: /home/imml/git/ROB_534_Project/install/ur_moveit_config/share/ur_moveit_config/local_setup.sh\n'}
[10.399849] (realsense2_camera_msgs) StdoutLine: {'line': b'-- Symlinking: /home/imml/git/ROB_534_Project/install/realsense2_camera_msgs/local/lib/python3.10/dist-packages/realsense2_camera_msgs/srv/_device_info.py\n'}
[10.410426] (ur_moveit_config) StdoutLine: {'line': b'-- Symlinking: /home/imml/git/ROB_534_Project/install/ur_moveit_config/share/ur_moveit_config/local_setup.zsh\n'}
[10.415882] (harvest_interfaces) StdoutLine: {'line': b'[ 83%] \x1b[32mBuilding CXX object CMakeFiles/harvest_interfaces__rosidl_typesupport_fastrtps_c.dir/rosidl_typesupport_fastrtps_c/harvest_interfaces/srv/detail/final_approach_linear__type_support_c.cpp.o\x1b[0m\n'}
[10.429452] (realsense2_camera_msgs) StdoutLine: {'line': b'-- Symlinking: /home/imml/git/ROB_534_Project/install/realsense2_camera_msgs/local/lib/python3.10/dist-packages/realsense2_camera_msgs/srv/_device_info_s.c\n'}
[10.434997] (ur_moveit_config) StdoutLine: {'line': b'-- Symlinking: /home/imml/git/ROB_534_Project/install/ur_moveit_config/share/ur_moveit_config/local_setup.dsv\n'}
[10.441048] (realsense2_camera_msgs) StdoutLine: {'line': b'-- Up-to-date symlink: /home/imml/git/ROB_534_Project/install/realsense2_camera_msgs/local/lib/python3.10/dist-packages/realsense2_camera_msgs/realsense2_camera_msgs_s__rosidl_typesupport_fastrtps_c.cpython-310-x86_64-linux-gnu.so\n'}
[10.441906] (realsense2_camera_msgs) StdoutLine: {'line': b'-- Up-to-date symlink: /home/imml/git/ROB_534_Project/install/realsense2_camera_msgs/local/lib/python3.10/dist-packages/realsense2_camera_msgs/realsense2_camera_msgs_s__rosidl_typesupport_introspection_c.cpython-310-x86_64-linux-gnu.so\n'}
[10.442642] (realsense2_camera_msgs) StdoutLine: {'line': b'-- Up-to-date symlink: /home/imml/git/ROB_534_Project/install/realsense2_camera_msgs/local/lib/python3.10/dist-packages/realsense2_camera_msgs/realsense2_camera_msgs_s__rosidl_typesupport_c.cpython-310-x86_64-linux-gnu.so\n'}
[10.443212] (realsense2_camera_msgs) StdoutLine: {'line': b'-- Symlinking: /home/imml/git/ROB_534_Project/install/realsense2_camera_msgs/share/realsense2_camera_msgs/msg/IMUInfo.idl\n'}
[10.457867] (realsense2_camera_msgs) StdoutLine: {'line': b'-- Symlinking: /home/imml/git/ROB_534_Project/install/realsense2_camera_msgs/share/realsense2_camera_msgs/msg/Extrinsics.idl\n'}
[10.463324] (ur_moveit_config) StdoutLine: {'line': b'-- Symlinking: /home/imml/git/ROB_534_Project/install/ur_moveit_config/share/ur_moveit_config/package.dsv\n'}
[10.470214] (-) TimerEvent: {}
[10.474397] (realsense2_camera_msgs) StdoutLine: {'line': b'-- Symlinking: /home/imml/git/ROB_534_Project/install/realsense2_camera_msgs/share/realsense2_camera_msgs/msg/Metadata.idl\n'}
[10.490414] (realsense2_camera_msgs) StdoutLine: {'line': b'-- Symlinking: /home/imml/git/ROB_534_Project/install/realsense2_camera_msgs/share/realsense2_camera_msgs/msg/RGBD.idl\n'}
[10.493378] (ur_moveit_config) StdoutLine: {'line': b'-- Symlinking: /home/imml/git/ROB_534_Project/install/ur_moveit_config/share/ament_index/resource_index/packages/ur_moveit_config\n'}
[10.504823] (realsense2_camera_msgs) StdoutLine: {'line': b'-- Symlinking: /home/imml/git/ROB_534_Project/install/realsense2_camera_msgs/share/realsense2_camera_msgs/srv/DeviceInfo.idl\n'}
[10.515344] (ur_moveit_config) StdoutLine: {'line': b'-- Symlinking: /home/imml/git/ROB_534_Project/install/ur_moveit_config/share/ur_moveit_config/cmake/ur_moveit_configConfig.cmake\n'}
[10.531806] (ur_moveit_config) StdoutLine: {'line': b'-- Symlinking: /home/imml/git/ROB_534_Project/install/ur_moveit_config/share/ur_moveit_config/cmake/ur_moveit_configConfig-version.cmake\n'}
[10.537580] (realsense2_camera_msgs) StdoutLine: {'line': b'-- Symlinking: /home/imml/git/ROB_534_Project/install/realsense2_camera_msgs/share/realsense2_camera_msgs/msg/IMUInfo.msg\n'}
[10.548319] (ur_moveit_config) StdoutLine: {'line': b'-- Symlinking: /home/imml/git/ROB_534_Project/install/ur_moveit_config/share/ur_moveit_config/package.xml\n'}
[10.569642] (realsense2_camera_msgs) StdoutLine: {'line': b'-- Symlinking: /home/imml/git/ROB_534_Project/install/realsense2_camera_msgs/share/realsense2_camera_msgs/msg/Extrinsics.msg\n'}
[10.570309] (-) TimerEvent: {}
[10.599918] (realsense2_camera_msgs) StdoutLine: {'line': b'-- Symlinking: /home/imml/git/ROB_534_Project/install/realsense2_camera_msgs/share/realsense2_camera_msgs/msg/Metadata.msg\n'}
[10.603038] (harvest_interfaces) StdoutLine: {'line': b'[ 83%] \x1b[32m\x1b[1mLinking CXX shared library libharvest_interfaces__rosidl_typesupport_fastrtps_cpp.so\x1b[0m\n'}
[10.616606] (ur_moveit_config) StdoutLine: {'line': b"Listing '/home/imml/git/ROB_534_Project/install/ur_moveit_config/local/lib/python3.10/dist-packages/ur_moveit_config'...\n"}
[10.616899] (ur_moveit_config) StdoutLine: {'line': b"Compiling '/home/imml/git/ROB_534_Project/install/ur_moveit_config/local/lib/python3.10/dist-packages/ur_moveit_config/__init__.py'...\n"}
[10.617044] (ur_moveit_config) StdoutLine: {'line': b"Compiling '/home/imml/git/ROB_534_Project/install/ur_moveit_config/local/lib/python3.10/dist-packages/ur_moveit_config/launch_common.py'...\n"}
[10.624463] (realsense2_camera_msgs) StdoutLine: {'line': b'-- Symlinking: /home/imml/git/ROB_534_Project/install/realsense2_camera_msgs/share/realsense2_camera_msgs/msg/RGBD.msg\n'}
[10.657622] (realsense2_camera_msgs) StdoutLine: {'line': b'-- Symlinking: /home/imml/git/ROB_534_Project/install/realsense2_camera_msgs/share/realsense2_camera_msgs/srv/DeviceInfo.srv\n'}
[10.670441] (-) TimerEvent: {}
[10.681918] (ur_moveit_config) StdoutLine: {'line': b"Compiling '/home/imml/git/ROB_534_Project/install/ur_moveit_config/local/lib/python3.10/dist-packages/launch_common.py'...\n"}
[10.693479] (realsense2_camera_msgs) StdoutLine: {'line': b'-- Symlinking: /home/imml/git/ROB_534_Project/install/realsense2_camera_msgs/share/realsense2_camera_msgs/srv/DeviceInfo_Request.msg\n'}
[10.704356] (ur_moveit_config) CommandEnded: {'returncode': 0}
[10.713896] (realsense2_camera_msgs) StdoutLine: {'line': b'-- Symlinking: /home/imml/git/ROB_534_Project/install/realsense2_camera_msgs/share/realsense2_camera_msgs/srv/DeviceInfo_Response.msg\n'}
[10.724062] (ur_moveit_config) JobEnded: {'identifier': 'ur_moveit_config', 'rc': 0}
[10.733775] (realsense2_camera_msgs) StdoutLine: {'line': b'-- Symlinking: /home/imml/git/ROB_534_Project/install/realsense2_camera_msgs/share/ament_index/resource_index/package_run_dependencies/realsense2_camera_msgs\n'}
[10.748742] (realsense2_camera_msgs) StdoutLine: {'line': b'-- Symlinking: /home/imml/git/ROB_534_Project/install/realsense2_camera_msgs/share/ament_index/resource_index/parent_prefix_path/realsense2_camera_msgs\n'}
[10.765703] (realsense2_camera_msgs) StdoutLine: {'line': b'-- Symlinking: /home/imml/git/ROB_534_Project/install/realsense2_camera_msgs/share/realsense2_camera_msgs/environment/ament_prefix_path.sh\n'}
[10.770559] (-) TimerEvent: {}
[10.782507] (realsense2_camera_msgs) StdoutLine: {'line': b'-- Symlinking: /home/imml/git/ROB_534_Project/install/realsense2_camera_msgs/share/realsense2_camera_msgs/environment/ament_prefix_path.dsv\n'}
[10.783762] (harvest_interfaces) StdoutLine: {'line': b'[ 83%] Built target harvest_interfaces__rosidl_typesupport_fastrtps_cpp\n'}
[10.797612] (realsense2_camera_msgs) StdoutLine: {'line': b'-- Symlinking: /home/imml/git/ROB_534_Project/install/realsense2_camera_msgs/share/realsense2_camera_msgs/environment/path.sh\n'}
[10.812727] (realsense2_camera_msgs) StdoutLine: {'line': b'-- Symlinking: /home/imml/git/ROB_534_Project/install/realsense2_camera_msgs/share/realsense2_camera_msgs/environment/path.dsv\n'}
[10.826847] (realsense2_camera_msgs) StdoutLine: {'line': b'-- Symlinking: /home/imml/git/ROB_534_Project/install/realsense2_camera_msgs/share/realsense2_camera_msgs/local_setup.bash\n'}
[10.837197] (realsense2_camera_msgs) StdoutLine: {'line': b'-- Symlinking: /home/imml/git/ROB_534_Project/install/realsense2_camera_msgs/share/realsense2_camera_msgs/local_setup.sh\n'}
[10.847485] (realsense2_camera_msgs) StdoutLine: {'line': b'-- Symlinking: /home/imml/git/ROB_534_Project/install/realsense2_camera_msgs/share/realsense2_camera_msgs/local_setup.zsh\n'}
[10.857602] (realsense2_camera_msgs) StdoutLine: {'line': b'-- Symlinking: /home/imml/git/ROB_534_Project/install/realsense2_camera_msgs/share/realsense2_camera_msgs/local_setup.dsv\n'}
[10.868002] (realsense2_camera_msgs) StdoutLine: {'line': b'-- Symlinking: /home/imml/git/ROB_534_Project/install/realsense2_camera_msgs/share/realsense2_camera_msgs/package.dsv\n'}
[10.870628] (-) TimerEvent: {}
[10.877810] (realsense2_camera_msgs) StdoutLine: {'line': b'-- Symlinking: /home/imml/git/ROB_534_Project/install/realsense2_camera_msgs/share/ament_index/resource_index/packages/realsense2_camera_msgs\n'}
[10.887387] (realsense2_camera_msgs) StdoutLine: {'line': b'-- Symlinking: /home/imml/git/ROB_534_Project/install/realsense2_camera_msgs/share/realsense2_camera_msgs/cmake/rosidl_cmake-extras.cmake\n'}
[10.896535] (realsense2_camera_msgs) StdoutLine: {'line': b'-- Symlinking: /home/imml/git/ROB_534_Project/install/realsense2_camera_msgs/share/realsense2_camera_msgs/cmake/ament_cmake_export_dependencies-extras.cmake\n'}
[10.905353] (realsense2_camera_msgs) StdoutLine: {'line': b'-- Symlinking: /home/imml/git/ROB_534_Project/install/realsense2_camera_msgs/share/realsense2_camera_msgs/cmake/ament_cmake_export_include_directories-extras.cmake\n'}
[10.913690] (realsense2_camera_msgs) StdoutLine: {'line': b'-- Symlinking: /home/imml/git/ROB_534_Project/install/realsense2_camera_msgs/share/realsense2_camera_msgs/cmake/ament_cmake_export_libraries-extras.cmake\n'}
[10.921862] (realsense2_camera_msgs) StdoutLine: {'line': b'-- Symlinking: /home/imml/git/ROB_534_Project/install/realsense2_camera_msgs/share/realsense2_camera_msgs/cmake/ament_cmake_export_targets-extras.cmake\n'}
[10.930033] (realsense2_camera_msgs) StdoutLine: {'line': b'-- Symlinking: /home/imml/git/ROB_534_Project/install/realsense2_camera_msgs/share/realsense2_camera_msgs/cmake/rosidl_cmake_export_typesupport_targets-extras.cmake\n'}
[10.938306] (realsense2_camera_msgs) StdoutLine: {'line': b'-- Symlinking: /home/imml/git/ROB_534_Project/install/realsense2_camera_msgs/share/realsense2_camera_msgs/cmake/rosidl_cmake_export_typesupport_libraries-extras.cmake\n'}
[10.940172] (harvest_interfaces) StdoutLine: {'line': b'[ 84%] \x1b[32m\x1b[1mLinking CXX shared library libharvest_interfaces__rosidl_typesupport_fastrtps_c.so\x1b[0m\n'}
[10.946162] (realsense2_camera_msgs) StdoutLine: {'line': b'-- Symlinking: /home/imml/git/ROB_534_Project/install/realsense2_camera_msgs/share/realsense2_camera_msgs/cmake/realsense2_camera_msgsConfig.cmake\n'}
[10.954179] (realsense2_camera_msgs) StdoutLine: {'line': b'-- Symlinking: /home/imml/git/ROB_534_Project/install/realsense2_camera_msgs/share/realsense2_camera_msgs/cmake/realsense2_camera_msgsConfig-version.cmake\n'}
[10.962658] (realsense2_camera_msgs) StdoutLine: {'line': b'-- Symlinking: /home/imml/git/ROB_534_Project/install/realsense2_camera_msgs/share/realsense2_camera_msgs/package.xml\n'}
[10.970706] (-) TimerEvent: {}
[10.971207] (realsense2_camera_msgs) StdoutLine: {'line': b'-- Installing: /home/imml/git/ROB_534_Project/install/realsense2_camera_msgs/lib/librealsense2_camera_msgs__rosidl_generator_c.so\n'}
[10.971662] (realsense2_camera_msgs) StdoutLine: {'line': b'-- Set runtime path of "/home/imml/git/ROB_534_Project/install/realsense2_camera_msgs/lib/librealsense2_camera_msgs__rosidl_generator_c.so" to ""\n'}
[10.971752] (realsense2_camera_msgs) StdoutLine: {'line': b'-- Installing: /home/imml/git/ROB_534_Project/install/realsense2_camera_msgs/lib/librealsense2_camera_msgs__rosidl_typesupport_fastrtps_c.so\n'}
[10.972159] (realsense2_camera_msgs) StdoutLine: {'line': b'-- Set runtime path of "/home/imml/git/ROB_534_Project/install/realsense2_camera_msgs/lib/librealsense2_camera_msgs__rosidl_typesupport_fastrtps_c.so" to ""\n'}
[10.972227] (realsense2_camera_msgs) StdoutLine: {'line': b'-- Installing: /home/imml/git/ROB_534_Project/install/realsense2_camera_msgs/lib/librealsense2_camera_msgs__rosidl_typesupport_introspection_c.so\n'}
[10.972558] (realsense2_camera_msgs) StdoutLine: {'line': b'-- Set runtime path of "/home/imml/git/ROB_534_Project/install/realsense2_camera_msgs/lib/librealsense2_camera_msgs__rosidl_typesupport_introspection_c.so" to ""\n'}
[10.972629] (realsense2_camera_msgs) StdoutLine: {'line': b'-- Installing: /home/imml/git/ROB_534_Project/install/realsense2_camera_msgs/lib/librealsense2_camera_msgs__rosidl_typesupport_c.so\n'}
[10.972908] (realsense2_camera_msgs) StdoutLine: {'line': b'-- Set runtime path of "/home/imml/git/ROB_534_Project/install/realsense2_camera_msgs/lib/librealsense2_camera_msgs__rosidl_typesupport_c.so" to ""\n'}
[10.972968] (realsense2_camera_msgs) StdoutLine: {'line': b'-- Installing: /home/imml/git/ROB_534_Project/install/realsense2_camera_msgs/lib/librealsense2_camera_msgs__rosidl_typesupport_fastrtps_cpp.so\n'}
[10.973354] (realsense2_camera_msgs) StdoutLine: {'line': b'-- Set runtime path of "/home/imml/git/ROB_534_Project/install/realsense2_camera_msgs/lib/librealsense2_camera_msgs__rosidl_typesupport_fastrtps_cpp.so" to ""\n'}
[10.973429] (realsense2_camera_msgs) StdoutLine: {'line': b'-- Installing: /home/imml/git/ROB_534_Project/install/realsense2_camera_msgs/lib/librealsense2_camera_msgs__rosidl_typesupport_introspection_cpp.so\n'}
[10.973803] (realsense2_camera_msgs) StdoutLine: {'line': b'-- Set runtime path of "/home/imml/git/ROB_534_Project/install/realsense2_camera_msgs/lib/librealsense2_camera_msgs__rosidl_typesupport_introspection_cpp.so" to ""\n'}
[10.973866] (realsense2_camera_msgs) StdoutLine: {'line': b'-- Installing: /home/imml/git/ROB_534_Project/install/realsense2_camera_msgs/lib/librealsense2_camera_msgs__rosidl_typesupport_cpp.so\n'}
[10.974165] (realsense2_camera_msgs) StdoutLine: {'line': b'-- Set runtime path of "/home/imml/git/ROB_534_Project/install/realsense2_camera_msgs/lib/librealsense2_camera_msgs__rosidl_typesupport_cpp.so" to ""\n'}
[11.007836] (realsense2_camera_msgs) StdoutLine: {'line': b"Listing '/home/imml/git/ROB_534_Project/install/realsense2_camera_msgs/local/lib/python3.10/dist-packages/realsense2_camera_msgs'...\n"}
[11.008011] (realsense2_camera_msgs) StdoutLine: {'line': b"Compiling '/home/imml/git/ROB_534_Project/install/realsense2_camera_msgs/local/lib/python3.10/dist-packages/realsense2_camera_msgs/__init__.py'...\n"}
[11.008074] (realsense2_camera_msgs) StdoutLine: {'line': b"Listing '/home/imml/git/ROB_534_Project/install/realsense2_camera_msgs/local/lib/python3.10/dist-packages/realsense2_camera_msgs/msg'...\n"}
[11.008126] (realsense2_camera_msgs) StdoutLine: {'line': b"Compiling '/home/imml/git/ROB_534_Project/install/realsense2_camera_msgs/local/lib/python3.10/dist-packages/realsense2_camera_msgs/msg/__init__.py'...\n"}
[11.008187] (realsense2_camera_msgs) StdoutLine: {'line': b"Compiling '/home/imml/git/ROB_534_Project/install/realsense2_camera_msgs/local/lib/python3.10/dist-packages/realsense2_camera_msgs/msg/_extrinsics.py'...\n"}
[11.008237] (realsense2_camera_msgs) StdoutLine: {'line': b"Compiling '/home/imml/git/ROB_534_Project/install/realsense2_camera_msgs/local/lib/python3.10/dist-packages/realsense2_camera_msgs/msg/_imu_info.py'...\n"}
[11.008297] (realsense2_camera_msgs) StdoutLine: {'line': b"Compiling '/home/imml/git/ROB_534_Project/install/realsense2_camera_msgs/local/lib/python3.10/dist-packages/realsense2_camera_msgs/msg/_metadata.py'...\n"}
[11.008348] (realsense2_camera_msgs) StdoutLine: {'line': b"Compiling '/home/imml/git/ROB_534_Project/install/realsense2_camera_msgs/local/lib/python3.10/dist-packages/realsense2_camera_msgs/msg/_rgbd.py'...\n"}
[11.008392] (realsense2_camera_msgs) StdoutLine: {'line': b"Listing '/home/imml/git/ROB_534_Project/install/realsense2_camera_msgs/local/lib/python3.10/dist-packages/realsense2_camera_msgs/srv'...\n"}
[11.008439] (realsense2_camera_msgs) StdoutLine: {'line': b"Compiling '/home/imml/git/ROB_534_Project/install/realsense2_camera_msgs/local/lib/python3.10/dist-packages/realsense2_camera_msgs/srv/__init__.py'...\n"}
[11.008485] (realsense2_camera_msgs) StdoutLine: {'line': b"Compiling '/home/imml/git/ROB_534_Project/install/realsense2_camera_msgs/local/lib/python3.10/dist-packages/realsense2_camera_msgs/srv/_device_info.py'...\n"}
[11.010068] (harvest_interfaces) StdoutLine: {'line': b'[ 84%] Built target harvest_interfaces__rosidl_typesupport_fastrtps_c\n'}
[11.012587] (realsense2_camera_msgs) StdoutLine: {'line': b'-- Installing: /home/imml/git/ROB_534_Project/install/realsense2_camera_msgs/lib/librealsense2_camera_msgs__rosidl_generator_py.so\n'}
[11.012948] (realsense2_camera_msgs) StdoutLine: {'line': b'-- Set runtime path of "/home/imml/git/ROB_534_Project/install/realsense2_camera_msgs/lib/librealsense2_camera_msgs__rosidl_generator_py.so" to ""\n'}
[11.013040] (realsense2_camera_msgs) StdoutLine: {'line': b'-- Installing: /home/imml/git/ROB_534_Project/install/realsense2_camera_msgs/share/realsense2_camera_msgs/cmake/export_realsense2_camera_msgs__rosidl_generator_cExport.cmake\n'}
[11.013156] (realsense2_camera_msgs) StdoutLine: {'line': b'-- Installing: /home/imml/git/ROB_534_Project/install/realsense2_camera_msgs/share/realsense2_camera_msgs/cmake/export_realsense2_camera_msgs__rosidl_generator_cExport-noconfig.cmake\n'}
[11.013324] (realsense2_camera_msgs) StdoutLine: {'line': b'-- Installing: /home/imml/git/ROB_534_Project/install/realsense2_camera_msgs/share/realsense2_camera_msgs/cmake/export_realsense2_camera_msgs__rosidl_typesupport_fastrtps_cExport.cmake\n'}
[11.013476] (realsense2_camera_msgs) StdoutLine: {'line': b'-- Installing: /home/imml/git/ROB_534_Project/install/realsense2_camera_msgs/share/realsense2_camera_msgs/cmake/export_realsense2_camera_msgs__rosidl_typesupport_fastrtps_cExport-noconfig.cmake\n'}
[11.013629] (realsense2_camera_msgs) StdoutLine: {'line': b'-- Installing: /home/imml/git/ROB_534_Project/install/realsense2_camera_msgs/share/realsense2_camera_msgs/cmake/realsense2_camera_msgs__rosidl_typesupport_introspection_cExport.cmake\n'}
[11.013774] (realsense2_camera_msgs) StdoutLine: {'line': b'-- Installing: /home/imml/git/ROB_534_Project/install/realsense2_camera_msgs/share/realsense2_camera_msgs/cmake/realsense2_camera_msgs__rosidl_typesupport_introspection_cExport-noconfig.cmake\n'}
[11.013926] (realsense2_camera_msgs) StdoutLine: {'line': b'-- Installing: /home/imml/git/ROB_534_Project/install/realsense2_camera_msgs/share/realsense2_camera_msgs/cmake/realsense2_camera_msgs__rosidl_typesupport_cExport.cmake\n'}
[11.014073] (realsense2_camera_msgs) StdoutLine: {'line': b'-- Installing: /home/imml/git/ROB_534_Project/install/realsense2_camera_msgs/share/realsense2_camera_msgs/cmake/realsense2_camera_msgs__rosidl_typesupport_cExport-noconfig.cmake\n'}
[11.014225] (realsense2_camera_msgs) StdoutLine: {'line': b'-- Installing: /home/imml/git/ROB_534_Project/install/realsense2_camera_msgs/share/realsense2_camera_msgs/cmake/export_realsense2_camera_msgs__rosidl_generator_cppExport.cmake\n'}
[11.014387] (realsense2_camera_msgs) StdoutLine: {'line': b'-- Installing: /home/imml/git/ROB_534_Project/install/realsense2_camera_msgs/share/realsense2_camera_msgs/cmake/export_realsense2_camera_msgs__rosidl_typesupport_fastrtps_cppExport.cmake\n'}
[11.014535] (realsense2_camera_msgs) StdoutLine: {'line': b'-- Installing: /home/imml/git/ROB_534_Project/install/realsense2_camera_msgs/share/realsense2_camera_msgs/cmake/export_realsense2_camera_msgs__rosidl_typesupport_fastrtps_cppExport-noconfig.cmake\n'}
[11.014687] (realsense2_camera_msgs) StdoutLine: {'line': b'-- Installing: /home/imml/git/ROB_534_Project/install/realsense2_camera_msgs/share/realsense2_camera_msgs/cmake/realsense2_camera_msgs__rosidl_typesupport_introspection_cppExport.cmake\n'}
[11.014835] (realsense2_camera_msgs) StdoutLine: {'line': b'-- Installing: /home/imml/git/ROB_534_Project/install/realsense2_camera_msgs/share/realsense2_camera_msgs/cmake/realsense2_camera_msgs__rosidl_typesupport_introspection_cppExport-noconfig.cmake\n'}
[11.014989] (realsense2_camera_msgs) StdoutLine: {'line': b'-- Installing: /home/imml/git/ROB_534_Project/install/realsense2_camera_msgs/share/realsense2_camera_msgs/cmake/realsense2_camera_msgs__rosidl_typesupport_cppExport.cmake\n'}
[11.015136] (realsense2_camera_msgs) StdoutLine: {'line': b'-- Installing: /home/imml/git/ROB_534_Project/install/realsense2_camera_msgs/share/realsense2_camera_msgs/cmake/realsense2_camera_msgs__rosidl_typesupport_cppExport-noconfig.cmake\n'}
[11.015304] (realsense2_camera_msgs) StdoutLine: {'line': b'-- Installing: /home/imml/git/ROB_534_Project/install/realsense2_camera_msgs/share/realsense2_camera_msgs/cmake/export_realsense2_camera_msgs__rosidl_generator_pyExport.cmake\n'}
[11.015455] (realsense2_camera_msgs) StdoutLine: {'line': b'-- Installing: /home/imml/git/ROB_534_Project/install/realsense2_camera_msgs/share/realsense2_camera_msgs/cmake/export_realsense2_camera_msgs__rosidl_generator_pyExport-noconfig.cmake\n'}
[11.017695] (realsense2_camera_msgs) CommandEnded: {'returncode': 0}
[11.029416] (harvest_interfaces) StdoutLine: {'line': b'[ 84%] Built target harvest_interfaces\n'}
[11.032475] (realsense2_camera_msgs) JobEnded: {'identifier': 'realsense2_camera_msgs', 'rc': 0}
[11.032871] (realsense2_camera) JobStarted: {'identifier': 'realsense2_camera'}
[11.035017] (realsense2_description) JobStarted: {'identifier': 'realsense2_description'}
[11.038780] (realsense2_camera) JobProgress: {'identifier': 'realsense2_camera', 'progress': 'cmake'}
[11.039125] (realsense2_camera) Command: {'cmd': ['/usr/bin/cmake', '/home/imml/git/ROB_534_Project/harvest_hardware/realsense-ros/realsense2_camera', '-DAMENT_CMAKE_SYMLINK_INSTALL=1', '-DCMAKE_INSTALL_PREFIX=/home/imml/git/ROB_534_Project/install/realsense2_camera'], 'cwd': '/home/imml/git/ROB_534_Project/build/realsense2_camera', 'env': OrderedDict([('LESSOPEN', '| /usr/bin/lesspipe %s'), ('USER', 'imml'), ('XDG_SESSION_TYPE', 'wayland'), ('SHLVL', '1'), ('LD_LIBRARY_PATH', '/home/imml/git/ROB_534_Project/install/realsense2_camera_msgs/lib:/opt/ros/humble/opt/rviz_ogre_vendor/lib:/opt/ros/humble/lib/x86_64-linux-gnu:/opt/ros/humble/lib'), ('HOME', '/home/imml'), ('OLDPWD', '/home/imml'), ('DESKTOP_SESSION', 'ubuntu'), ('ROS_PYTHON_VERSION', '3'), ('GNOME_SHELL_SESSION_MODE', 'ubuntu'), ('GTK_MODULES', 'gail:atk-bridge'), ('SYSTEMD_EXEC_PID', '35967'), ('DBUS_SESSION_BUS_ADDRESS', 'unix:path=/run/user/1000/bus'), ('COLORTERM', 'truecolor'), ('IM_CONFIG_PHASE', '1'), ('WAYLAND_DISPLAY', 'wayland-0'), ('ROS_DISTRO', 'humble'), ('LOGNAME', 'imml'), ('_', '/usr/bin/colcon'), ('ROS_VERSION', '2'), ('XDG_SESSION_CLASS', 'user'), ('USERNAME', 'imml'), ('TERM', 'xterm-256color'), ('GNOME_DESKTOP_SESSION_ID', 'this-is-deprecated'), ('ROS_LOCALHOST_ONLY', '0'), ('PATH', '/opt/ros/humble/bin:/home/imml/.local/bin:/usr/local/sbin:/usr/local/bin:/usr/sbin:/usr/bin:/sbin:/bin:/usr/games:/usr/local/games:/snap/bin:/snap/bin'), ('SESSION_MANAGER', 'local/imml-ROG-Zephyrus:@/tmp/.ICE-unix/1689,unix/imml-ROG-Zephyrus:/tmp/.ICE-unix/1689'), ('XDG_MENU_PREFIX', 'gnome-'), ('GNOME_TERMINAL_SCREEN', '/org/gnome/Terminal/screen/00ec7be0_5807_4f11_8254_b2b90de30782'), ('GNOME_SETUP_DISPLAY', ':1'), ('XDG_RUNTIME_DIR', '/run/user/1000'), ('DISPLAY', ':0'), ('LANG', 'en_US.UTF-8'), ('XDG_CURRENT_DESKTOP', 'ubuntu:GNOME'), ('XMODIFIERS', '@im=ibus'), ('XDG_SESSION_DESKTOP', 'ubuntu'), ('XAUTHORITY', '/run/user/1000/.mutter-Xwaylandauth.48T012'), ('LS_COLORS', 'rs=0:di=01;34:ln=01;36:mh=00:pi=40;33:so=01;35:do=01;35:bd=40;33;01:cd=40;33;01:or=40;31;01:mi=00:su=37;41:sg=30;43:ca=30;41:tw=30;42:ow=34;42:st=37;44:ex=01;32:*.tar=01;31:*.tgz=01;31:*.arc=01;31:*.arj=01;31:*.taz=01;31:*.lha=01;31:*.lz4=01;31:*.lzh=01;31:*.lzma=01;31:*.tlz=01;31:*.txz=01;31:*.tzo=01;31:*.t7z=01;31:*.zip=01;31:*.z=01;31:*.dz=01;31:*.gz=01;31:*.lrz=01;31:*.lz=01;31:*.lzo=01;31:*.xz=01;31:*.zst=01;31:*.tzst=01;31:*.bz2=01;31:*.bz=01;31:*.tbz=01;31:*.tbz2=01;31:*.tz=01;31:*.deb=01;31:*.rpm=01;31:*.jar=01;31:*.war=01;31:*.ear=01;31:*.sar=01;31:*.rar=01;31:*.alz=01;31:*.ace=01;31:*.zoo=01;31:*.cpio=01;31:*.7z=01;31:*.rz=01;31:*.cab=01;31:*.wim=01;31:*.swm=01;31:*.dwm=01;31:*.esd=01;31:*.jpg=01;35:*.jpeg=01;35:*.mjpg=01;35:*.mjpeg=01;35:*.gif=01;35:*.bmp=01;35:*.pbm=01;35:*.pgm=01;35:*.ppm=01;35:*.tga=01;35:*.xbm=01;35:*.xpm=01;35:*.tif=01;35:*.tiff=01;35:*.png=01;35:*.svg=01;35:*.svgz=01;35:*.mng=01;35:*.pcx=01;35:*.mov=01;35:*.mpg=01;35:*.mpeg=01;35:*.m2v=01;35:*.mkv=01;35:*.webm=01;35:*.webp=01;35:*.ogm=01;35:*.mp4=01;35:*.m4v=01;35:*.mp4v=01;35:*.vob=01;35:*.qt=01;35:*.nuv=01;35:*.wmv=01;35:*.asf=01;35:*.rm=01;35:*.rmvb=01;35:*.flc=01;35:*.avi=01;35:*.fli=01;35:*.flv=01;35:*.gl=01;35:*.dl=01;35:*.xcf=01;35:*.xwd=01;35:*.yuv=01;35:*.cgm=01;35:*.emf=01;35:*.ogv=01;35:*.ogx=01;35:*.aac=00;36:*.au=00;36:*.flac=00;36:*.m4a=00;36:*.mid=00;36:*.midi=00;36:*.mka=00;36:*.mp3=00;36:*.mpc=00;36:*.ogg=00;36:*.ra=00;36:*.wav=00;36:*.oga=00;36:*.opus=00;36:*.spx=00;36:*.xspf=00;36:'), ('GNOME_TERMINAL_SERVICE', ':1.315'), ('SSH_AGENT_LAUNCHER', 'gnome-keyring'), ('SSH_AUTH_SOCK', '/run/user/1000/keyring/ssh'), ('AMENT_PREFIX_PATH', '/home/imml/git/ROB_534_Project/install/realsense2_camera_msgs:/opt/ros/humble'), ('SHELL', '/bin/bash'), ('QT_ACCESSIBILITY', '1'), ('GDMSESSION', 'ubuntu'), ('LESSCLOSE', '/usr/bin/lesspipe %s %s'), ('QT_IM_MODULE', 'ibus'), ('PWD', '/home/imml/git/ROB_534_Project/build/realsense2_camera'), ('LC_ALL', 'en_US.UTF-8'), ('XDG_CONFIG_DIRS', '/etc/xdg/xdg-ubuntu:/etc/xdg'), ('XDG_DATA_DIRS', '/usr/share/ubuntu:/usr/local/share/:/usr/share/:/var/lib/snapd/desktop'), ('PYTHONPATH', '/home/imml/git/ROB_534_Project/install/realsense2_camera_msgs/local/lib/python3.10/dist-packages:/opt/ros/humble/lib/python3.10/site-packages:/opt/ros/humble/local/lib/python3.10/dist-packages'), ('COLCON', '1'), ('VTE_VERSION', '6800'), ('CMAKE_PREFIX_PATH', '/home/imml/git/ROB_534_Project/install/realsense2_camera_msgs:/opt/ros/humble')]), 'shell': False}
[11.041238] (realsense2_description) JobProgress: {'identifier': 'realsense2_description', 'progress': 'cmake'}
[11.041714] (realsense2_description) Command: {'cmd': ['/usr/bin/cmake', '/home/imml/git/ROB_534_Project/harvest_hardware/realsense-ros/realsense2_description', '-DAMENT_CMAKE_SYMLINK_INSTALL=1', '-DCMAKE_INSTALL_PREFIX=/home/imml/git/ROB_534_Project/install/realsense2_description'], 'cwd': '/home/imml/git/ROB_534_Project/build/realsense2_description', 'env': OrderedDict([('LESSOPEN', '| /usr/bin/lesspipe %s'), ('USER', 'imml'), ('XDG_SESSION_TYPE', 'wayland'), ('SHLVL', '1'), ('LD_LIBRARY_PATH', '/home/imml/git/ROB_534_Project/install/realsense2_camera_msgs/lib:/opt/ros/humble/opt/rviz_ogre_vendor/lib:/opt/ros/humble/lib/x86_64-linux-gnu:/opt/ros/humble/lib'), ('HOME', '/home/imml'), ('OLDPWD', '/home/imml'), ('DESKTOP_SESSION', 'ubuntu'), ('ROS_PYTHON_VERSION', '3'), ('GNOME_SHELL_SESSION_MODE', 'ubuntu'), ('GTK_MODULES', 'gail:atk-bridge'), ('SYSTEMD_EXEC_PID', '35967'), ('DBUS_SESSION_BUS_ADDRESS', 'unix:path=/run/user/1000/bus'), ('COLORTERM', 'truecolor'), ('IM_CONFIG_PHASE', '1'), ('WAYLAND_DISPLAY', 'wayland-0'), ('ROS_DISTRO', 'humble'), ('LOGNAME', 'imml'), ('_', '/usr/bin/colcon'), ('ROS_VERSION', '2'), ('XDG_SESSION_CLASS', 'user'), ('USERNAME', 'imml'), ('TERM', 'xterm-256color'), ('GNOME_DESKTOP_SESSION_ID', 'this-is-deprecated'), ('ROS_LOCALHOST_ONLY', '0'), ('PATH', '/opt/ros/humble/bin:/home/imml/.local/bin:/usr/local/sbin:/usr/local/bin:/usr/sbin:/usr/bin:/sbin:/bin:/usr/games:/usr/local/games:/snap/bin:/snap/bin'), ('SESSION_MANAGER', 'local/imml-ROG-Zephyrus:@/tmp/.ICE-unix/1689,unix/imml-ROG-Zephyrus:/tmp/.ICE-unix/1689'), ('XDG_MENU_PREFIX', 'gnome-'), ('GNOME_TERMINAL_SCREEN', '/org/gnome/Terminal/screen/00ec7be0_5807_4f11_8254_b2b90de30782'), ('GNOME_SETUP_DISPLAY', ':1'), ('XDG_RUNTIME_DIR', '/run/user/1000'), ('DISPLAY', ':0'), ('LANG', 'en_US.UTF-8'), ('XDG_CURRENT_DESKTOP', 'ubuntu:GNOME'), ('XMODIFIERS', '@im=ibus'), ('XDG_SESSION_DESKTOP', 'ubuntu'), ('XAUTHORITY', '/run/user/1000/.mutter-Xwaylandauth.48T012'), ('LS_COLORS', 'rs=0:di=01;34:ln=01;36:mh=00:pi=40;33:so=01;35:do=01;35:bd=40;33;01:cd=40;33;01:or=40;31;01:mi=00:su=37;41:sg=30;43:ca=30;41:tw=30;42:ow=34;42:st=37;44:ex=01;32:*.tar=01;31:*.tgz=01;31:*.arc=01;31:*.arj=01;31:*.taz=01;31:*.lha=01;31:*.lz4=01;31:*.lzh=01;31:*.lzma=01;31:*.tlz=01;31:*.txz=01;31:*.tzo=01;31:*.t7z=01;31:*.zip=01;31:*.z=01;31:*.dz=01;31:*.gz=01;31:*.lrz=01;31:*.lz=01;31:*.lzo=01;31:*.xz=01;31:*.zst=01;31:*.tzst=01;31:*.bz2=01;31:*.bz=01;31:*.tbz=01;31:*.tbz2=01;31:*.tz=01;31:*.deb=01;31:*.rpm=01;31:*.jar=01;31:*.war=01;31:*.ear=01;31:*.sar=01;31:*.rar=01;31:*.alz=01;31:*.ace=01;31:*.zoo=01;31:*.cpio=01;31:*.7z=01;31:*.rz=01;31:*.cab=01;31:*.wim=01;31:*.swm=01;31:*.dwm=01;31:*.esd=01;31:*.jpg=01;35:*.jpeg=01;35:*.mjpg=01;35:*.mjpeg=01;35:*.gif=01;35:*.bmp=01;35:*.pbm=01;35:*.pgm=01;35:*.ppm=01;35:*.tga=01;35:*.xbm=01;35:*.xpm=01;35:*.tif=01;35:*.tiff=01;35:*.png=01;35:*.svg=01;35:*.svgz=01;35:*.mng=01;35:*.pcx=01;35:*.mov=01;35:*.mpg=01;35:*.mpeg=01;35:*.m2v=01;35:*.mkv=01;35:*.webm=01;35:*.webp=01;35:*.ogm=01;35:*.mp4=01;35:*.m4v=01;35:*.mp4v=01;35:*.vob=01;35:*.qt=01;35:*.nuv=01;35:*.wmv=01;35:*.asf=01;35:*.rm=01;35:*.rmvb=01;35:*.flc=01;35:*.avi=01;35:*.fli=01;35:*.flv=01;35:*.gl=01;35:*.dl=01;35:*.xcf=01;35:*.xwd=01;35:*.yuv=01;35:*.cgm=01;35:*.emf=01;35:*.ogv=01;35:*.ogx=01;35:*.aac=00;36:*.au=00;36:*.flac=00;36:*.m4a=00;36:*.mid=00;36:*.midi=00;36:*.mka=00;36:*.mp3=00;36:*.mpc=00;36:*.ogg=00;36:*.ra=00;36:*.wav=00;36:*.oga=00;36:*.opus=00;36:*.spx=00;36:*.xspf=00;36:'), ('GNOME_TERMINAL_SERVICE', ':1.315'), ('SSH_AGENT_LAUNCHER', 'gnome-keyring'), ('SSH_AUTH_SOCK', '/run/user/1000/keyring/ssh'), ('AMENT_PREFIX_PATH', '/home/imml/git/ROB_534_Project/install/realsense2_camera_msgs:/opt/ros/humble'), ('SHELL', '/bin/bash'), ('QT_ACCESSIBILITY', '1'), ('GDMSESSION', 'ubuntu'), ('LESSCLOSE', '/usr/bin/lesspipe %s %s'), ('QT_IM_MODULE', 'ibus'), ('PWD', '/home/imml/git/ROB_534_Project/build/realsense2_description'), ('LC_ALL', 'en_US.UTF-8'), ('XDG_CONFIG_DIRS', '/etc/xdg/xdg-ubuntu:/etc/xdg'), ('XDG_DATA_DIRS', '/usr/share/ubuntu:/usr/local/share/:/usr/share/:/var/lib/snapd/desktop'), ('PYTHONPATH', '/home/imml/git/ROB_534_Project/install/realsense2_camera_msgs/local/lib/python3.10/dist-packages:/opt/ros/humble/lib/python3.10/site-packages:/opt/ros/humble/local/lib/python3.10/dist-packages'), ('COLCON', '1'), ('VTE_VERSION', '6800'), ('CMAKE_PREFIX_PATH', '/home/imml/git/ROB_534_Project/install/realsense2_camera_msgs:/opt/ros/humble')]), 'shell': False}
[11.047965] (harvest_interfaces) StdoutLine: {'line': b'[ 85%] \x1b[34m\x1b[1mGenerating Python code for ROS interfaces\x1b[0m\n'}
[11.070802] (-) TimerEvent: {}
[11.087604] (realsense2_camera) StdoutLine: {'line': b'-- The C compiler identification is GNU 11.4.0\n'}
[11.088116] (realsense2_description) StdoutLine: {'line': b'-- The C compiler identification is GNU 11.4.0\n'}
[11.136468] (realsense2_camera) StdoutLine: {'line': b'-- The CXX compiler identification is GNU 11.4.0\n'}
[11.136685] (realsense2_description) StdoutLine: {'line': b'-- The CXX compiler identification is GNU 11.4.0\n'}
[11.142563] (realsense2_camera) StdoutLine: {'line': b'-- Detecting C compiler ABI info\n'}
[11.142712] (realsense2_description) StdoutLine: {'line': b'-- Detecting C compiler ABI info\n'}
[11.170886] (-) TimerEvent: {}
[11.202904] (realsense2_description) StdoutLine: {'line': b'-- Detecting C compiler ABI info - done\n'}
[11.203226] (realsense2_camera) StdoutLine: {'line': b'-- Detecting C compiler ABI info - done\n'}
[11.208569] (realsense2_description) StdoutLine: {'line': b'-- Check for working C compiler: /usr/bin/cc - skipped\n'}
[11.208775] (realsense2_description) StdoutLine: {'line': b'-- Detecting C compile features\n'}
[11.208880] (realsense2_camera) StdoutLine: {'line': b'-- Check for working C compiler: /usr/bin/cc - skipped\n'}
[11.209081] (realsense2_camera) StdoutLine: {'line': b'-- Detecting C compile features\n'}
[11.209182] (realsense2_description) StdoutLine: {'line': b'-- Detecting C compile features - done\n'}
[11.209385] (realsense2_camera) StdoutLine: {'line': b'-- Detecting C compile features - done\n'}
[11.211536] (realsense2_description) StdoutLine: {'line': b'-- Detecting CXX compiler ABI info\n'}
[11.211761] (realsense2_camera) StdoutLine: {'line': b'-- Detecting CXX compiler ABI info\n'}
[11.270980] (-) TimerEvent: {}
[11.281954] (realsense2_camera) StdoutLine: {'line': b'-- Detecting CXX compiler ABI info - done\n'}
[11.282117] (realsense2_description) StdoutLine: {'line': b'-- Detecting CXX compiler ABI info - done\n'}
[11.287726] (realsense2_description) StdoutLine: {'line': b'-- Check for working CXX compiler: /usr/bin/c++ - skipped\n'}
[11.287821] (realsense2_camera) StdoutLine: {'line': b'-- Check for working CXX compiler: /usr/bin/c++ - skipped\n'}
[11.287955] (realsense2_description) StdoutLine: {'line': b'-- Detecting CXX compile features\n'}
[11.288037] (realsense2_camera) StdoutLine: {'line': b'-- Detecting CXX compile features\n'}
[11.288332] (realsense2_camera) StdoutLine: {'line': b'-- Detecting CXX compile features - done\n'}
[11.288442] (realsense2_description) StdoutLine: {'line': b'-- Detecting CXX compile features - done\n'}
[11.288890] (realsense2_camera) StdoutLine: {'line': b'-- Create Release Build.\n'}
[11.290636] (realsense2_description) StdoutLine: {'line': b'-- Found ament_cmake: 1.3.11 (/opt/ros/humble/share/ament_cmake/cmake)\n'}
[11.290735] (realsense2_camera) StdoutLine: {'line': b'-- Found ament_cmake: 1.3.11 (/opt/ros/humble/share/ament_cmake/cmake)\n'}
[11.371065] (-) TimerEvent: {}
[11.415027] (realsense2_description) StdoutLine: {'line': b'-- Found Python3: /usr/bin/python3 (found version "3.10.12") found components: Interpreter \n'}
[11.415186] (realsense2_camera) StdoutLine: {'line': b'-- Found Python3: /usr/bin/python3 (found version "3.10.12") found components: Interpreter \n'}
[11.465670] (realsense2_description) StdoutLine: {'line': b'-- Override CMake install command with custom implementation using symlinks instead of copying resources\n'}
[11.466023] (realsense2_camera) StdoutLine: {'line': b'-- Override CMake install command with custom implementation using symlinks instead of copying resources\n'}
[11.471125] (-) TimerEvent: {}
[11.493460] (realsense2_camera) StdoutLine: {'line': b'-- Found builtin_interfaces: 1.2.1 (/opt/ros/humble/share/builtin_interfaces/cmake)\n'}
[11.523136] (realsense2_camera) StdoutLine: {'line': b'-- Found rosidl_generator_c: 3.1.6 (/opt/ros/humble/share/rosidl_generator_c/cmake)\n'}
[11.528031] (realsense2_camera) StdoutLine: {'line': b'-- Found rosidl_adapter: 3.1.6 (/opt/ros/humble/share/rosidl_adapter/cmake)\n'}
[11.535553] (realsense2_camera) StdoutLine: {'line': b'-- Found rosidl_generator_cpp: 3.1.6 (/opt/ros/humble/share/rosidl_generator_cpp/cmake)\n'}
[11.545005] (realsense2_description) StdoutLine: {'line': b'-- Configuring done\n'}
[11.545888] (realsense2_camera) StdoutLine: {'line': b'-- Using all available rosidl_typesupport_c: rosidl_typesupport_fastrtps_c;rosidl_typesupport_introspection_c\n'}
[11.547518] (realsense2_description) StdoutLine: {'line': b'-- Generating done\n'}
[11.548849] (realsense2_description) StdoutLine: {'line': b'-- Build files have been written to: /home/imml/git/ROB_534_Project/build/realsense2_description\n'}
[11.553198] (realsense2_description) CommandEnded: {'returncode': 0}
[11.553640] (realsense2_description) JobProgress: {'identifier': 'realsense2_description', 'progress': 'build'}
[11.553944] (realsense2_description) Command: {'cmd': ['/usr/bin/cmake', '--build', '/home/imml/git/ROB_534_Project/build/realsense2_description', '--', '-j16', '-l16'], 'cwd': '/home/imml/git/ROB_534_Project/build/realsense2_description', 'env': OrderedDict([('LESSOPEN', '| /usr/bin/lesspipe %s'), ('USER', 'imml'), ('XDG_SESSION_TYPE', 'wayland'), ('SHLVL', '1'), ('LD_LIBRARY_PATH', '/home/imml/git/ROB_534_Project/install/realsense2_camera_msgs/lib:/opt/ros/humble/opt/rviz_ogre_vendor/lib:/opt/ros/humble/lib/x86_64-linux-gnu:/opt/ros/humble/lib'), ('HOME', '/home/imml'), ('OLDPWD', '/home/imml'), ('DESKTOP_SESSION', 'ubuntu'), ('ROS_PYTHON_VERSION', '3'), ('GNOME_SHELL_SESSION_MODE', 'ubuntu'), ('GTK_MODULES', 'gail:atk-bridge'), ('SYSTEMD_EXEC_PID', '35967'), ('DBUS_SESSION_BUS_ADDRESS', 'unix:path=/run/user/1000/bus'), ('COLORTERM', 'truecolor'), ('IM_CONFIG_PHASE', '1'), ('WAYLAND_DISPLAY', 'wayland-0'), ('ROS_DISTRO', 'humble'), ('LOGNAME', 'imml'), ('_', '/usr/bin/colcon'), ('ROS_VERSION', '2'), ('XDG_SESSION_CLASS', 'user'), ('USERNAME', 'imml'), ('TERM', 'xterm-256color'), ('GNOME_DESKTOP_SESSION_ID', 'this-is-deprecated'), ('ROS_LOCALHOST_ONLY', '0'), ('PATH', '/opt/ros/humble/bin:/home/imml/.local/bin:/usr/local/sbin:/usr/local/bin:/usr/sbin:/usr/bin:/sbin:/bin:/usr/games:/usr/local/games:/snap/bin:/snap/bin'), ('SESSION_MANAGER', 'local/imml-ROG-Zephyrus:@/tmp/.ICE-unix/1689,unix/imml-ROG-Zephyrus:/tmp/.ICE-unix/1689'), ('XDG_MENU_PREFIX', 'gnome-'), ('GNOME_TERMINAL_SCREEN', '/org/gnome/Terminal/screen/00ec7be0_5807_4f11_8254_b2b90de30782'), ('GNOME_SETUP_DISPLAY', ':1'), ('XDG_RUNTIME_DIR', '/run/user/1000'), ('DISPLAY', ':0'), ('LANG', 'en_US.UTF-8'), ('XDG_CURRENT_DESKTOP', 'ubuntu:GNOME'), ('XMODIFIERS', '@im=ibus'), ('XDG_SESSION_DESKTOP', 'ubuntu'), ('XAUTHORITY', '/run/user/1000/.mutter-Xwaylandauth.48T012'), ('LS_COLORS', 'rs=0:di=01;34:ln=01;36:mh=00:pi=40;33:so=01;35:do=01;35:bd=40;33;01:cd=40;33;01:or=40;31;01:mi=00:su=37;41:sg=30;43:ca=30;41:tw=30;42:ow=34;42:st=37;44:ex=01;32:*.tar=01;31:*.tgz=01;31:*.arc=01;31:*.arj=01;31:*.taz=01;31:*.lha=01;31:*.lz4=01;31:*.lzh=01;31:*.lzma=01;31:*.tlz=01;31:*.txz=01;31:*.tzo=01;31:*.t7z=01;31:*.zip=01;31:*.z=01;31:*.dz=01;31:*.gz=01;31:*.lrz=01;31:*.lz=01;31:*.lzo=01;31:*.xz=01;31:*.zst=01;31:*.tzst=01;31:*.bz2=01;31:*.bz=01;31:*.tbz=01;31:*.tbz2=01;31:*.tz=01;31:*.deb=01;31:*.rpm=01;31:*.jar=01;31:*.war=01;31:*.ear=01;31:*.sar=01;31:*.rar=01;31:*.alz=01;31:*.ace=01;31:*.zoo=01;31:*.cpio=01;31:*.7z=01;31:*.rz=01;31:*.cab=01;31:*.wim=01;31:*.swm=01;31:*.dwm=01;31:*.esd=01;31:*.jpg=01;35:*.jpeg=01;35:*.mjpg=01;35:*.mjpeg=01;35:*.gif=01;35:*.bmp=01;35:*.pbm=01;35:*.pgm=01;35:*.ppm=01;35:*.tga=01;35:*.xbm=01;35:*.xpm=01;35:*.tif=01;35:*.tiff=01;35:*.png=01;35:*.svg=01;35:*.svgz=01;35:*.mng=01;35:*.pcx=01;35:*.mov=01;35:*.mpg=01;35:*.mpeg=01;35:*.m2v=01;35:*.mkv=01;35:*.webm=01;35:*.webp=01;35:*.ogm=01;35:*.mp4=01;35:*.m4v=01;35:*.mp4v=01;35:*.vob=01;35:*.qt=01;35:*.nuv=01;35:*.wmv=01;35:*.asf=01;35:*.rm=01;35:*.rmvb=01;35:*.flc=01;35:*.avi=01;35:*.fli=01;35:*.flv=01;35:*.gl=01;35:*.dl=01;35:*.xcf=01;35:*.xwd=01;35:*.yuv=01;35:*.cgm=01;35:*.emf=01;35:*.ogv=01;35:*.ogx=01;35:*.aac=00;36:*.au=00;36:*.flac=00;36:*.m4a=00;36:*.mid=00;36:*.midi=00;36:*.mka=00;36:*.mp3=00;36:*.mpc=00;36:*.ogg=00;36:*.ra=00;36:*.wav=00;36:*.oga=00;36:*.opus=00;36:*.spx=00;36:*.xspf=00;36:'), ('GNOME_TERMINAL_SERVICE', ':1.315'), ('SSH_AGENT_LAUNCHER', 'gnome-keyring'), ('SSH_AUTH_SOCK', '/run/user/1000/keyring/ssh'), ('AMENT_PREFIX_PATH', '/home/imml/git/ROB_534_Project/install/realsense2_camera_msgs:/opt/ros/humble'), ('SHELL', '/bin/bash'), ('QT_ACCESSIBILITY', '1'), ('GDMSESSION', 'ubuntu'), ('LESSCLOSE', '/usr/bin/lesspipe %s %s'), ('QT_IM_MODULE', 'ibus'), ('PWD', '/home/imml/git/ROB_534_Project/build/realsense2_description'), ('LC_ALL', 'en_US.UTF-8'), ('XDG_CONFIG_DIRS', '/etc/xdg/xdg-ubuntu:/etc/xdg'), ('XDG_DATA_DIRS', '/usr/share/ubuntu:/usr/local/share/:/usr/share/:/var/lib/snapd/desktop'), ('PYTHONPATH', '/home/imml/git/ROB_534_Project/install/realsense2_camera_msgs/local/lib/python3.10/dist-packages:/opt/ros/humble/lib/python3.10/site-packages:/opt/ros/humble/local/lib/python3.10/dist-packages'), ('COLCON', '1'), ('VTE_VERSION', '6800'), ('CMAKE_PREFIX_PATH', '/home/imml/git/ROB_534_Project/install/realsense2_camera_msgs:/opt/ros/humble')]), 'shell': False}
[11.559787] (realsense2_camera) StdoutLine: {'line': b'-- Using all available rosidl_typesupport_cpp: rosidl_typesupport_fastrtps_cpp;rosidl_typesupport_introspection_cpp\n'}
[11.571213] (-) TimerEvent: {}
[11.572934] (realsense2_camera) StdoutLine: {'line': b'-- Found cv_bridge: 3.2.1 (/opt/ros/humble/share/cv_bridge/cmake)\n'}
[11.588081] (realsense2_description) CommandEnded: {'returncode': 0}
[11.588666] (realsense2_description) JobProgress: {'identifier': 'realsense2_description', 'progress': 'install'}
[11.588801] (realsense2_description) Command: {'cmd': ['/usr/bin/cmake', '--install', '/home/imml/git/ROB_534_Project/build/realsense2_description'], 'cwd': '/home/imml/git/ROB_534_Project/build/realsense2_description', 'env': OrderedDict([('LESSOPEN', '| /usr/bin/lesspipe %s'), ('USER', 'imml'), ('XDG_SESSION_TYPE', 'wayland'), ('SHLVL', '1'), ('LD_LIBRARY_PATH', '/home/imml/git/ROB_534_Project/install/realsense2_camera_msgs/lib:/opt/ros/humble/opt/rviz_ogre_vendor/lib:/opt/ros/humble/lib/x86_64-linux-gnu:/opt/ros/humble/lib'), ('HOME', '/home/imml'), ('OLDPWD', '/home/imml'), ('DESKTOP_SESSION', 'ubuntu'), ('ROS_PYTHON_VERSION', '3'), ('GNOME_SHELL_SESSION_MODE', 'ubuntu'), ('GTK_MODULES', 'gail:atk-bridge'), ('SYSTEMD_EXEC_PID', '35967'), ('DBUS_SESSION_BUS_ADDRESS', 'unix:path=/run/user/1000/bus'), ('COLORTERM', 'truecolor'), ('IM_CONFIG_PHASE', '1'), ('WAYLAND_DISPLAY', 'wayland-0'), ('ROS_DISTRO', 'humble'), ('LOGNAME', 'imml'), ('_', '/usr/bin/colcon'), ('ROS_VERSION', '2'), ('XDG_SESSION_CLASS', 'user'), ('USERNAME', 'imml'), ('TERM', 'xterm-256color'), ('GNOME_DESKTOP_SESSION_ID', 'this-is-deprecated'), ('ROS_LOCALHOST_ONLY', '0'), ('PATH', '/opt/ros/humble/bin:/home/imml/.local/bin:/usr/local/sbin:/usr/local/bin:/usr/sbin:/usr/bin:/sbin:/bin:/usr/games:/usr/local/games:/snap/bin:/snap/bin'), ('SESSION_MANAGER', 'local/imml-ROG-Zephyrus:@/tmp/.ICE-unix/1689,unix/imml-ROG-Zephyrus:/tmp/.ICE-unix/1689'), ('XDG_MENU_PREFIX', 'gnome-'), ('GNOME_TERMINAL_SCREEN', '/org/gnome/Terminal/screen/00ec7be0_5807_4f11_8254_b2b90de30782'), ('GNOME_SETUP_DISPLAY', ':1'), ('XDG_RUNTIME_DIR', '/run/user/1000'), ('DISPLAY', ':0'), ('LANG', 'en_US.UTF-8'), ('XDG_CURRENT_DESKTOP', 'ubuntu:GNOME'), ('XMODIFIERS', '@im=ibus'), ('XDG_SESSION_DESKTOP', 'ubuntu'), ('XAUTHORITY', '/run/user/1000/.mutter-Xwaylandauth.48T012'), ('LS_COLORS', 'rs=0:di=01;34:ln=01;36:mh=00:pi=40;33:so=01;35:do=01;35:bd=40;33;01:cd=40;33;01:or=40;31;01:mi=00:su=37;41:sg=30;43:ca=30;41:tw=30;42:ow=34;42:st=37;44:ex=01;32:*.tar=01;31:*.tgz=01;31:*.arc=01;31:*.arj=01;31:*.taz=01;31:*.lha=01;31:*.lz4=01;31:*.lzh=01;31:*.lzma=01;31:*.tlz=01;31:*.txz=01;31:*.tzo=01;31:*.t7z=01;31:*.zip=01;31:*.z=01;31:*.dz=01;31:*.gz=01;31:*.lrz=01;31:*.lz=01;31:*.lzo=01;31:*.xz=01;31:*.zst=01;31:*.tzst=01;31:*.bz2=01;31:*.bz=01;31:*.tbz=01;31:*.tbz2=01;31:*.tz=01;31:*.deb=01;31:*.rpm=01;31:*.jar=01;31:*.war=01;31:*.ear=01;31:*.sar=01;31:*.rar=01;31:*.alz=01;31:*.ace=01;31:*.zoo=01;31:*.cpio=01;31:*.7z=01;31:*.rz=01;31:*.cab=01;31:*.wim=01;31:*.swm=01;31:*.dwm=01;31:*.esd=01;31:*.jpg=01;35:*.jpeg=01;35:*.mjpg=01;35:*.mjpeg=01;35:*.gif=01;35:*.bmp=01;35:*.pbm=01;35:*.pgm=01;35:*.ppm=01;35:*.tga=01;35:*.xbm=01;35:*.xpm=01;35:*.tif=01;35:*.tiff=01;35:*.png=01;35:*.svg=01;35:*.svgz=01;35:*.mng=01;35:*.pcx=01;35:*.mov=01;35:*.mpg=01;35:*.mpeg=01;35:*.m2v=01;35:*.mkv=01;35:*.webm=01;35:*.webp=01;35:*.ogm=01;35:*.mp4=01;35:*.m4v=01;35:*.mp4v=01;35:*.vob=01;35:*.qt=01;35:*.nuv=01;35:*.wmv=01;35:*.asf=01;35:*.rm=01;35:*.rmvb=01;35:*.flc=01;35:*.avi=01;35:*.fli=01;35:*.flv=01;35:*.gl=01;35:*.dl=01;35:*.xcf=01;35:*.xwd=01;35:*.yuv=01;35:*.cgm=01;35:*.emf=01;35:*.ogv=01;35:*.ogx=01;35:*.aac=00;36:*.au=00;36:*.flac=00;36:*.m4a=00;36:*.mid=00;36:*.midi=00;36:*.mka=00;36:*.mp3=00;36:*.mpc=00;36:*.ogg=00;36:*.ra=00;36:*.wav=00;36:*.oga=00;36:*.opus=00;36:*.spx=00;36:*.xspf=00;36:'), ('GNOME_TERMINAL_SERVICE', ':1.315'), ('SSH_AGENT_LAUNCHER', 'gnome-keyring'), ('SSH_AUTH_SOCK', '/run/user/1000/keyring/ssh'), ('AMENT_PREFIX_PATH', '/home/imml/git/ROB_534_Project/install/realsense2_camera_msgs:/opt/ros/humble'), ('SHELL', '/bin/bash'), ('QT_ACCESSIBILITY', '1'), ('GDMSESSION', 'ubuntu'), ('LESSCLOSE', '/usr/bin/lesspipe %s %s'), ('QT_IM_MODULE', 'ibus'), ('PWD', '/home/imml/git/ROB_534_Project/build/realsense2_description'), ('LC_ALL', 'en_US.UTF-8'), ('XDG_CONFIG_DIRS', '/etc/xdg/xdg-ubuntu:/etc/xdg'), ('XDG_DATA_DIRS', '/usr/share/ubuntu:/usr/local/share/:/usr/share/:/var/lib/snapd/desktop'), ('PYTHONPATH', '/home/imml/git/ROB_534_Project/install/realsense2_camera_msgs/local/lib/python3.10/dist-packages:/opt/ros/humble/lib/python3.10/site-packages:/opt/ros/humble/local/lib/python3.10/dist-packages'), ('COLCON', '1'), ('VTE_VERSION', '6800'), ('CMAKE_PREFIX_PATH', '/home/imml/git/ROB_534_Project/install/realsense2_camera_msgs:/opt/ros/humble')]), 'shell': False}
[11.595621] (realsense2_description) StdoutLine: {'line': b'-- Install configuration: ""\n'}
[11.596033] (realsense2_description) StdoutLine: {'line': b'-- Execute custom install script\n'}
[11.596448] (realsense2_description) StdoutLine: {'line': b'-- Symlinking: /home/imml/git/ROB_534_Project/install/realsense2_description/share/realsense2_description/launch/launch_utils.py\n'}
[11.604783] (realsense2_description) StdoutLine: {'line': b'-- Symlinking: /home/imml/git/ROB_534_Project/install/realsense2_description/share/realsense2_description/launch/view_model.launch.py\n'}
[11.612501] (realsense2_description) StdoutLine: {'line': b'-- Symlinking: /home/imml/git/ROB_534_Project/install/realsense2_description/share/realsense2_description/meshes/d405.stl\n'}
[11.620197] (realsense2_description) StdoutLine: {'line': b'-- Symlinking: /home/imml/git/ROB_534_Project/install/realsense2_description/share/realsense2_description/meshes/d415.stl\n'}
[11.620815] (realsense2_camera) StdoutLine: {'line': b'-- Found image_transport: 3.1.10 (/opt/ros/humble/share/image_transport/cmake)\n'}
[11.627812] (realsense2_description) StdoutLine: {'line': b'-- Symlinking: /home/imml/git/ROB_534_Project/install/realsense2_description/share/realsense2_description/meshes/d435.dae\n'}
[11.635789] (realsense2_description) StdoutLine: {'line': b'-- Symlinking: /home/imml/git/ROB_534_Project/install/realsense2_description/share/realsense2_description/meshes/d455.stl\n'}
[11.643407] (realsense2_description) StdoutLine: {'line': b'-- Symlinking: /home/imml/git/ROB_534_Project/install/realsense2_description/share/realsense2_description/meshes/l515.dae\n'}
[11.650957] (realsense2_description) StdoutLine: {'line': b'-- Symlinking: /home/imml/git/ROB_534_Project/install/realsense2_description/share/realsense2_description/meshes/plug.stl\n'}
[11.658468] (realsense2_description) StdoutLine: {'line': b'-- Symlinking: /home/imml/git/ROB_534_Project/install/realsense2_description/share/realsense2_description/meshes/plug_collision.stl\n'}
[11.659758] (realsense2_camera) StdoutLine: {'line': b'-- Found rmw_implementation_cmake: 6.1.2 (/opt/ros/humble/share/rmw_implementation_cmake/cmake)\n'}
[11.662253] (realsense2_camera) StdoutLine: {'line': b'-- Found rmw_fastrtps_cpp: 6.2.7 (/opt/ros/humble/share/rmw_fastrtps_cpp/cmake)\n'}
[11.666314] (realsense2_description) StdoutLine: {'line': b'-- Symlinking: /home/imml/git/ROB_534_Project/install/realsense2_description/share/realsense2_description/rviz/urdf.rviz\n'}
[11.671285] (-) TimerEvent: {}
[11.674728] (realsense2_description) StdoutLine: {'line': b'-- Symlinking: /home/imml/git/ROB_534_Project/install/realsense2_description/share/realsense2_description/urdf/_d405.urdf.xacro\n'}
[11.682164] (realsense2_description) StdoutLine: {'line': b'-- Symlinking: /home/imml/git/ROB_534_Project/install/realsense2_description/share/realsense2_description/urdf/_d415.urdf.xacro\n'}
[11.689268] (realsense2_description) StdoutLine: {'line': b'-- Symlinking: /home/imml/git/ROB_534_Project/install/realsense2_description/share/realsense2_description/urdf/_d435.urdf.xacro\n'}
[11.696244] (realsense2_description) StdoutLine: {'line': b'-- Symlinking: /home/imml/git/ROB_534_Project/install/realsense2_description/share/realsense2_description/urdf/_d435i.urdf.xacro\n'}
[11.704361] (realsense2_description) StdoutLine: {'line': b'-- Symlinking: /home/imml/git/ROB_534_Project/install/realsense2_description/share/realsense2_description/urdf/_d435i_imu_modules.urdf.xacro\n'}
[11.711487] (realsense2_description) StdoutLine: {'line': b'-- Symlinking: /home/imml/git/ROB_534_Project/install/realsense2_description/share/realsense2_description/urdf/_d455.urdf.xacro\n'}
[11.718757] (realsense2_description) StdoutLine: {'line': b'-- Symlinking: /home/imml/git/ROB_534_Project/install/realsense2_description/share/realsense2_description/urdf/_materials.urdf.xacro\n'}
[11.725801] (realsense2_description) StdoutLine: {'line': b'-- Symlinking: /home/imml/git/ROB_534_Project/install/realsense2_description/share/realsense2_description/urdf/_r410.urdf.xacro\n'}
[11.733133] (realsense2_description) StdoutLine: {'line': b'-- Symlinking: /home/imml/git/ROB_534_Project/install/realsense2_description/share/realsense2_description/urdf/_r430.urdf.xacro\n'}
[11.737291] (realsense2_camera) StdoutLine: {'line': b'-- Found OpenSSL: /usr/lib/x86_64-linux-gnu/libcrypto.so (found version "3.0.2")  \n'}
[11.740882] (realsense2_description) StdoutLine: {'line': b'-- Symlinking: /home/imml/git/ROB_534_Project/install/realsense2_description/share/realsense2_description/urdf/_usb_plug.urdf.xacro\n'}
[11.748221] (realsense2_description) StdoutLine: {'line': b'-- Symlinking: /home/imml/git/ROB_534_Project/install/realsense2_description/share/realsense2_description/urdf/test_d405_camera.urdf.xacro\n'}
[11.755547] (realsense2_description) StdoutLine: {'line': b'-- Symlinking: /home/imml/git/ROB_534_Project/install/realsense2_description/share/realsense2_description/urdf/test_d415_camera.urdf.xacro\n'}
[11.760953] (realsense2_camera) StdoutLine: {'line': b'-- Found FastRTPS: /opt/ros/humble/include  \n'}
[11.762824] (realsense2_description) StdoutLine: {'line': b'-- Symlinking: /home/imml/git/ROB_534_Project/install/realsense2_description/share/realsense2_description/urdf/test_d435_camera.urdf.xacro\n'}
[11.770528] (realsense2_description) StdoutLine: {'line': b'-- Symlinking: /home/imml/git/ROB_534_Project/install/realsense2_description/share/realsense2_description/urdf/test_d435_multiple_cameras.urdf.xacro\n'}
[11.771352] (-) TimerEvent: {}
[11.777614] (realsense2_description) StdoutLine: {'line': b'-- Symlinking: /home/imml/git/ROB_534_Project/install/realsense2_description/share/realsense2_description/urdf/test_d435i_camera.urdf.xacro\n'}
[11.784840] (realsense2_description) StdoutLine: {'line': b'-- Symlinking: /home/imml/git/ROB_534_Project/install/realsense2_description/share/realsense2_description/urdf/test_d455_camera.urdf.xacro\n'}
[11.791712] (realsense2_description) StdoutLine: {'line': b'-- Symlinking: /home/imml/git/ROB_534_Project/install/realsense2_description/share/realsense2_description/urdf/test_r410_camera.urdf.xacro\n'}
[11.797637] (realsense2_camera) StdoutLine: {'line': b"-- Using RMW implementation 'rmw_fastrtps_cpp' as default\n"}
[11.798932] (realsense2_description) StdoutLine: {'line': b'-- Symlinking: /home/imml/git/ROB_534_Project/install/realsense2_description/share/realsense2_description/urdf/test_r430_camera.urdf.xacro\n'}
[11.805716] (realsense2_camera) StdoutLine: {'line': b'-- Looking for pthread.h\n'}
[11.806933] (realsense2_description) StdoutLine: {'line': b'-- Symlinking: /home/imml/git/ROB_534_Project/install/realsense2_description/share/ament_index/resource_index/package_run_dependencies/realsense2_description\n'}
[11.814977] (realsense2_description) StdoutLine: {'line': b'-- Symlinking: /home/imml/git/ROB_534_Project/install/realsense2_description/share/ament_index/resource_index/parent_prefix_path/realsense2_description\n'}
[11.822478] (realsense2_description) StdoutLine: {'line': b'-- Symlinking: /home/imml/git/ROB_534_Project/install/realsense2_description/share/realsense2_description/environment/ament_prefix_path.sh\n'}
[11.830101] (realsense2_description) StdoutLine: {'line': b'-- Symlinking: /home/imml/git/ROB_534_Project/install/realsense2_description/share/realsense2_description/environment/ament_prefix_path.dsv\n'}
[11.837786] (realsense2_description) StdoutLine: {'line': b'-- Symlinking: /home/imml/git/ROB_534_Project/install/realsense2_description/share/realsense2_description/environment/path.sh\n'}
[11.845097] (realsense2_description) StdoutLine: {'line': b'-- Symlinking: /home/imml/git/ROB_534_Project/install/realsense2_description/share/realsense2_description/environment/path.dsv\n'}
[11.852407] (realsense2_description) StdoutLine: {'line': b'-- Symlinking: /home/imml/git/ROB_534_Project/install/realsense2_description/share/realsense2_description/local_setup.bash\n'}
[11.859771] (realsense2_description) StdoutLine: {'line': b'-- Symlinking: /home/imml/git/ROB_534_Project/install/realsense2_description/share/realsense2_description/local_setup.sh\n'}
[11.865152] (realsense2_camera) StdoutLine: {'line': b'-- Looking for pthread.h - found\n'}
[11.865344] (realsense2_camera) StdoutLine: {'line': b'-- Performing Test CMAKE_HAVE_LIBC_PTHREAD\n'}
[11.867355] (realsense2_description) StdoutLine: {'line': b'-- Symlinking: /home/imml/git/ROB_534_Project/install/realsense2_description/share/realsense2_description/local_setup.zsh\n'}
[11.871418] (-) TimerEvent: {}
[11.874894] (realsense2_description) StdoutLine: {'line': b'-- Symlinking: /home/imml/git/ROB_534_Project/install/realsense2_description/share/realsense2_description/local_setup.dsv\n'}
[11.882130] (realsense2_description) StdoutLine: {'line': b'-- Symlinking: /home/imml/git/ROB_534_Project/install/realsense2_description/share/realsense2_description/package.dsv\n'}
[11.889737] (realsense2_description) StdoutLine: {'line': b'-- Symlinking: /home/imml/git/ROB_534_Project/install/realsense2_description/share/ament_index/resource_index/packages/realsense2_description\n'}
[11.897413] (realsense2_description) StdoutLine: {'line': b'-- Symlinking: /home/imml/git/ROB_534_Project/install/realsense2_description/share/realsense2_description/cmake/realsense2_descriptionConfig.cmake\n'}
[11.904903] (realsense2_description) StdoutLine: {'line': b'-- Symlinking: /home/imml/git/ROB_534_Project/install/realsense2_description/share/realsense2_description/cmake/realsense2_descriptionConfig-version.cmake\n'}
[11.912233] (realsense2_description) StdoutLine: {'line': b'-- Symlinking: /home/imml/git/ROB_534_Project/install/realsense2_description/share/realsense2_description/package.xml\n'}
[11.921284] (realsense2_description) CommandEnded: {'returncode': 0}
[11.925506] (realsense2_camera) StdoutLine: {'line': b'-- Performing Test CMAKE_HAVE_LIBC_PTHREAD - Success\n'}
[11.926336] (realsense2_camera) StdoutLine: {'line': b'-- Found Threads: TRUE  \n'}
[11.930913] (realsense2_description) JobEnded: {'identifier': 'realsense2_description', 'rc': 0}
[11.971517] (-) TimerEvent: {}
[11.982381] (realsense2_camera) StdoutLine: {'line': b'-- Found rclcpp_components: 16.0.11 (/opt/ros/humble/share/rclcpp_components/cmake)\n'}
[11.995753] (realsense2_camera) StdoutLine: {'line': b'-- Found realsense2_camera_msgs: 4.55.1 (/home/imml/git/ROB_534_Project/install/realsense2_camera_msgs/share/realsense2_camera_msgs/cmake)\n'}
[12.010561] (realsense2_camera) StdoutLine: {'line': b'-- Found nav_msgs: 4.2.4 (/opt/ros/humble/share/nav_msgs/cmake)\n'}
[12.024323] (realsense2_camera) StdoutLine: {'line': b'-- Found tf2_ros: 0.25.12 (/opt/ros/humble/share/tf2_ros/cmake)\n'}
[12.071603] (-) TimerEvent: {}
[12.078149] (realsense2_camera) StdoutLine: {'line': b'-- Found diagnostic_updater: 4.0.2 (/opt/ros/humble/share/diagnostic_updater/cmake)\n'}
[12.093815] (realsense2_camera) StdoutLine: {'line': b'-- Found OpenCV: /usr (found version "4.5.4") found components: core \n'}
[12.094656] (realsense2_camera) StdoutLine: {'line': b'-- Build for ROS2 Humble\n'}
[12.099947] (realsense2_camera) StdoutLine: {'line': b'-- Found ament_cmake_gtest: 1.3.11 (/opt/ros/humble/share/ament_cmake_gtest/cmake)\n'}
[12.101957] (realsense2_camera) StdoutLine: {'line': b"-- Found gtest sources under '/opt/ros/humble/src/gtest_vendor': C++ tests using 'Google Test' will be built\n"}
[12.106602] (realsense2_camera) StdoutLine: {'line': b'-- Found ament_cmake_pytest: 1.3.11 (/opt/ros/humble/share/ament_cmake_pytest/cmake)\n'}
[12.171700] (-) TimerEvent: {}
[12.271944] (-) TimerEvent: {}
[12.372188] (-) TimerEvent: {}
[12.460944] (ur_dashboard_msgs) StdoutLine: {'line': b'[ 85%] Built target ur_dashboard_msgs__py\n'}
[12.472282] (-) TimerEvent: {}
[12.482369] (ur_dashboard_msgs) StdoutLine: {'line': b'[ 87%] \x1b[32mBuilding C object CMakeFiles/ur_dashboard_msgs__rosidl_generator_py.dir/rosidl_generator_py/ur_dashboard_msgs/msg/_robot_mode_s.c.o\x1b[0m\n'}
[12.482700] (ur_dashboard_msgs) StdoutLine: {'line': b'[ 87%] \x1b[32mBuilding C object CMakeFiles/ur_dashboard_msgs__rosidl_generator_py.dir/rosidl_generator_py/ur_dashboard_msgs/srv/_get_program_state_s.c.o\x1b[0m\n'}
[12.482783] (ur_dashboard_msgs) StdoutLine: {'line': b'[ 91%] \x1b[32mBuilding C object CMakeFiles/ur_dashboard_msgs__rosidl_generator_py.dir/rosidl_generator_py/ur_dashboard_msgs/srv/_add_to_log_s.c.o\x1b[0m\n'}
[12.482852] (ur_dashboard_msgs) StdoutLine: {'line': b'[ 91%] \x1b[32mBuilding C object CMakeFiles/ur_dashboard_msgs__rosidl_generator_py.dir/rosidl_generator_py/ur_dashboard_msgs/msg/_program_state_s.c.o\x1b[0m\n'}
[12.482983] (ur_dashboard_msgs) StdoutLine: {'line': b'[ 91%] \x1b[32mBuilding C object CMakeFiles/ur_dashboard_msgs__rosidl_generator_py.dir/rosidl_generator_py/ur_dashboard_msgs/srv/_get_loaded_program_s.c.o\x1b[0m\n'}
[12.483050] (ur_dashboard_msgs) StdoutLine: {'line': b'[ 91%] \x1b[32mBuilding C object CMakeFiles/ur_dashboard_msgs__rosidl_generator_py.dir/rosidl_generator_py/ur_dashboard_msgs/srv/_get_robot_mode_s.c.o\x1b[0m\n'}
[12.483117] (ur_dashboard_msgs) StdoutLine: {'line': b'[ 91%] \x1b[32mBuilding C object CMakeFiles/ur_dashboard_msgs__rosidl_generator_py.dir/rosidl_generator_py/ur_dashboard_msgs/srv/_get_safety_mode_s.c.o\x1b[0m\n'}
[12.483183] (ur_dashboard_msgs) StdoutLine: {'line': b'[ 91%] \x1b[32mBuilding C object CMakeFiles/ur_dashboard_msgs__rosidl_generator_py.dir/rosidl_generator_py/ur_dashboard_msgs/msg/_safety_mode_s.c.o\x1b[0m\n'}
[12.483335] (ur_dashboard_msgs) StdoutLine: {'line': b'[ 91%] \x1b[32mBuilding C object CMakeFiles/ur_dashboard_msgs__rosidl_generator_py.dir/rosidl_generator_py/ur_dashboard_msgs/srv/_is_program_saved_s.c.o\x1b[0m\n'}
[12.483409] (ur_dashboard_msgs) StdoutLine: {'line': b'[ 92%] \x1b[32mBuilding C object CMakeFiles/ur_dashboard_msgs__rosidl_generator_py.dir/rosidl_generator_py/ur_dashboard_msgs/srv/_is_program_running_s.c.o\x1b[0m\n'}
[12.483471] (ur_dashboard_msgs) StdoutLine: {'line': b'[ 92%] \x1b[32mBuilding C object CMakeFiles/ur_dashboard_msgs__rosidl_generator_py.dir/rosidl_generator_py/ur_dashboard_msgs/srv/_raw_request_s.c.o\x1b[0m\n'}
[12.483868] (ur_dashboard_msgs) StdoutLine: {'line': b'[ 93%] \x1b[32mBuilding C object CMakeFiles/ur_dashboard_msgs__rosidl_generator_py.dir/rosidl_generator_py/ur_dashboard_msgs/srv/_load_s.c.o\x1b[0m\n'}
[12.484324] (ur_dashboard_msgs) StdoutLine: {'line': b'[ 94%] \x1b[32mBuilding C object CMakeFiles/ur_dashboard_msgs__rosidl_generator_py.dir/rosidl_generator_py/ur_dashboard_msgs/srv/_popup_s.c.o\x1b[0m\n'}
[12.484511] (ur_dashboard_msgs) StdoutLine: {'line': b'[ 95%] \x1b[32mBuilding C object CMakeFiles/ur_dashboard_msgs__rosidl_generator_py.dir/rosidl_generator_py/ur_dashboard_msgs/action/_set_mode_s.c.o\x1b[0m\n'}
[12.574350] (-) TimerEvent: {}
[12.659967] (ur_dashboard_msgs) StdoutLine: {'line': b'[ 96%] \x1b[32m\x1b[1mLinking C shared library rosidl_generator_py/ur_dashboard_msgs/libur_dashboard_msgs__rosidl_generator_py.so\x1b[0m\n'}
[12.674445] (-) TimerEvent: {}
[12.696815] (ur_dashboard_msgs) StdoutLine: {'line': b'[ 96%] Built target ur_dashboard_msgs__rosidl_generator_py\n'}
[12.713685] (ur_dashboard_msgs) StdoutLine: {'line': b'[ 99%] \x1b[32mBuilding C object CMakeFiles/ur_dashboard_msgs__rosidl_typesupport_fastrtps_c__pyext.dir/rosidl_generator_py/ur_dashboard_msgs/_ur_dashboard_msgs_s.ep.rosidl_typesupport_fastrtps_c.c.o\x1b[0m\n'}
[12.713853] (ur_dashboard_msgs) StdoutLine: {'line': b'[ 99%] \x1b[32mBuilding C object CMakeFiles/ur_dashboard_msgs__rosidl_typesupport_c__pyext.dir/rosidl_generator_py/ur_dashboard_msgs/_ur_dashboard_msgs_s.ep.rosidl_typesupport_c.c.o\x1b[0m\n'}
[12.713916] (ur_dashboard_msgs) StdoutLine: {'line': b'[ 99%] \x1b[32mBuilding C object CMakeFiles/ur_dashboard_msgs__rosidl_typesupport_introspection_c__pyext.dir/rosidl_generator_py/ur_dashboard_msgs/_ur_dashboard_msgs_s.ep.rosidl_typesupport_introspection_c.c.o\x1b[0m\n'}
[12.774528] (-) TimerEvent: {}
[12.861229] (ur_dashboard_msgs) StdoutLine: {'line': b'[100%] \x1b[32m\x1b[1mLinking C shared library rosidl_generator_py/ur_dashboard_msgs/ur_dashboard_msgs_s__rosidl_typesupport_c.cpython-310-x86_64-linux-gnu.so\x1b[0m\n'}
[12.861405] (ur_dashboard_msgs) StdoutLine: {'line': b'[100%] \x1b[32m\x1b[1mLinking C shared library rosidl_generator_py/ur_dashboard_msgs/ur_dashboard_msgs_s__rosidl_typesupport_introspection_c.cpython-310-x86_64-linux-gnu.so\x1b[0m\n'}
[12.861566] (ur_dashboard_msgs) StdoutLine: {'line': b'[100%] \x1b[32m\x1b[1mLinking C shared library rosidl_generator_py/ur_dashboard_msgs/ur_dashboard_msgs_s__rosidl_typesupport_fastrtps_c.cpython-310-x86_64-linux-gnu.so\x1b[0m\n'}
[12.874627] (-) TimerEvent: {}
[12.896157] (ur_dashboard_msgs) StdoutLine: {'line': b'[100%] Built target ur_dashboard_msgs__rosidl_typesupport_fastrtps_c__pyext\n'}
[12.896336] (ur_dashboard_msgs) StdoutLine: {'line': b'[100%] Built target ur_dashboard_msgs__rosidl_typesupport_c__pyext\n'}
[12.896398] (ur_dashboard_msgs) StdoutLine: {'line': b'[100%] Built target ur_dashboard_msgs__rosidl_typesupport_introspection_c__pyext\n'}
[12.907948] (ur_dashboard_msgs) CommandEnded: {'returncode': 0}
[12.908506] (ur_dashboard_msgs) JobProgress: {'identifier': 'ur_dashboard_msgs', 'progress': 'install'}
[12.908795] (ur_dashboard_msgs) Command: {'cmd': ['/usr/bin/cmake', '--install', '/home/imml/git/ROB_534_Project/build/ur_dashboard_msgs'], 'cwd': '/home/imml/git/ROB_534_Project/build/ur_dashboard_msgs', 'env': OrderedDict([('LESSOPEN', '| /usr/bin/lesspipe %s'), ('USER', 'imml'), ('XDG_SESSION_TYPE', 'wayland'), ('SHLVL', '1'), ('LD_LIBRARY_PATH', '/opt/ros/humble/opt/rviz_ogre_vendor/lib:/opt/ros/humble/lib/x86_64-linux-gnu:/opt/ros/humble/lib'), ('HOME', '/home/imml'), ('OLDPWD', '/home/imml'), ('DESKTOP_SESSION', 'ubuntu'), ('ROS_PYTHON_VERSION', '3'), ('GNOME_SHELL_SESSION_MODE', 'ubuntu'), ('GTK_MODULES', 'gail:atk-bridge'), ('SYSTEMD_EXEC_PID', '35967'), ('DBUS_SESSION_BUS_ADDRESS', 'unix:path=/run/user/1000/bus'), ('COLORTERM', 'truecolor'), ('IM_CONFIG_PHASE', '1'), ('WAYLAND_DISPLAY', 'wayland-0'), ('ROS_DISTRO', 'humble'), ('LOGNAME', 'imml'), ('_', '/usr/bin/colcon'), ('ROS_VERSION', '2'), ('XDG_SESSION_CLASS', 'user'), ('USERNAME', 'imml'), ('TERM', 'xterm-256color'), ('GNOME_DESKTOP_SESSION_ID', 'this-is-deprecated'), ('ROS_LOCALHOST_ONLY', '0'), ('PATH', '/opt/ros/humble/bin:/home/imml/.local/bin:/usr/local/sbin:/usr/local/bin:/usr/sbin:/usr/bin:/sbin:/bin:/usr/games:/usr/local/games:/snap/bin:/snap/bin'), ('SESSION_MANAGER', 'local/imml-ROG-Zephyrus:@/tmp/.ICE-unix/1689,unix/imml-ROG-Zephyrus:/tmp/.ICE-unix/1689'), ('XDG_MENU_PREFIX', 'gnome-'), ('GNOME_TERMINAL_SCREEN', '/org/gnome/Terminal/screen/00ec7be0_5807_4f11_8254_b2b90de30782'), ('GNOME_SETUP_DISPLAY', ':1'), ('XDG_RUNTIME_DIR', '/run/user/1000'), ('DISPLAY', ':0'), ('LANG', 'en_US.UTF-8'), ('XDG_CURRENT_DESKTOP', 'ubuntu:GNOME'), ('XMODIFIERS', '@im=ibus'), ('XDG_SESSION_DESKTOP', 'ubuntu'), ('XAUTHORITY', '/run/user/1000/.mutter-Xwaylandauth.48T012'), ('LS_COLORS', 'rs=0:di=01;34:ln=01;36:mh=00:pi=40;33:so=01;35:do=01;35:bd=40;33;01:cd=40;33;01:or=40;31;01:mi=00:su=37;41:sg=30;43:ca=30;41:tw=30;42:ow=34;42:st=37;44:ex=01;32:*.tar=01;31:*.tgz=01;31:*.arc=01;31:*.arj=01;31:*.taz=01;31:*.lha=01;31:*.lz4=01;31:*.lzh=01;31:*.lzma=01;31:*.tlz=01;31:*.txz=01;31:*.tzo=01;31:*.t7z=01;31:*.zip=01;31:*.z=01;31:*.dz=01;31:*.gz=01;31:*.lrz=01;31:*.lz=01;31:*.lzo=01;31:*.xz=01;31:*.zst=01;31:*.tzst=01;31:*.bz2=01;31:*.bz=01;31:*.tbz=01;31:*.tbz2=01;31:*.tz=01;31:*.deb=01;31:*.rpm=01;31:*.jar=01;31:*.war=01;31:*.ear=01;31:*.sar=01;31:*.rar=01;31:*.alz=01;31:*.ace=01;31:*.zoo=01;31:*.cpio=01;31:*.7z=01;31:*.rz=01;31:*.cab=01;31:*.wim=01;31:*.swm=01;31:*.dwm=01;31:*.esd=01;31:*.jpg=01;35:*.jpeg=01;35:*.mjpg=01;35:*.mjpeg=01;35:*.gif=01;35:*.bmp=01;35:*.pbm=01;35:*.pgm=01;35:*.ppm=01;35:*.tga=01;35:*.xbm=01;35:*.xpm=01;35:*.tif=01;35:*.tiff=01;35:*.png=01;35:*.svg=01;35:*.svgz=01;35:*.mng=01;35:*.pcx=01;35:*.mov=01;35:*.mpg=01;35:*.mpeg=01;35:*.m2v=01;35:*.mkv=01;35:*.webm=01;35:*.webp=01;35:*.ogm=01;35:*.mp4=01;35:*.m4v=01;35:*.mp4v=01;35:*.vob=01;35:*.qt=01;35:*.nuv=01;35:*.wmv=01;35:*.asf=01;35:*.rm=01;35:*.rmvb=01;35:*.flc=01;35:*.avi=01;35:*.fli=01;35:*.flv=01;35:*.gl=01;35:*.dl=01;35:*.xcf=01;35:*.xwd=01;35:*.yuv=01;35:*.cgm=01;35:*.emf=01;35:*.ogv=01;35:*.ogx=01;35:*.aac=00;36:*.au=00;36:*.flac=00;36:*.m4a=00;36:*.mid=00;36:*.midi=00;36:*.mka=00;36:*.mp3=00;36:*.mpc=00;36:*.ogg=00;36:*.ra=00;36:*.wav=00;36:*.oga=00;36:*.opus=00;36:*.spx=00;36:*.xspf=00;36:'), ('GNOME_TERMINAL_SERVICE', ':1.315'), ('SSH_AGENT_LAUNCHER', 'gnome-keyring'), ('SSH_AUTH_SOCK', '/run/user/1000/keyring/ssh'), ('AMENT_PREFIX_PATH', '/opt/ros/humble'), ('SHELL', '/bin/bash'), ('QT_ACCESSIBILITY', '1'), ('GDMSESSION', 'ubuntu'), ('LESSCLOSE', '/usr/bin/lesspipe %s %s'), ('QT_IM_MODULE', 'ibus'), ('PWD', '/home/imml/git/ROB_534_Project/build/ur_dashboard_msgs'), ('LC_ALL', 'en_US.UTF-8'), ('XDG_CONFIG_DIRS', '/etc/xdg/xdg-ubuntu:/etc/xdg'), ('XDG_DATA_DIRS', '/usr/share/ubuntu:/usr/local/share/:/usr/share/:/var/lib/snapd/desktop'), ('PYTHONPATH', '/opt/ros/humble/lib/python3.10/site-packages:/opt/ros/humble/local/lib/python3.10/dist-packages'), ('COLCON', '1'), ('VTE_VERSION', '6800'), ('CMAKE_PREFIX_PATH', '/opt/ros/humble')]), 'shell': False}
[12.915457] (ur_dashboard_msgs) StdoutLine: {'line': b'-- Install configuration: ""\n'}
[12.916243] (ur_dashboard_msgs) StdoutLine: {'line': b'-- Execute custom install script\n'}
[12.916522] (ur_dashboard_msgs) StdoutLine: {'line': b'-- Symlinking: /home/imml/git/ROB_534_Project/install/ur_dashboard_msgs/share/ament_index/resource_index/rosidl_interfaces/ur_dashboard_msgs\n'}
[12.925279] (ur_dashboard_msgs) StdoutLine: {'line': b'-- Symlinking: /home/imml/git/ROB_534_Project/install/ur_dashboard_msgs/include/ur_dashboard_msgs/ur_dashboard_msgs/action/detail/set_mode__functions.h\n'}
[12.933495] (ur_dashboard_msgs) StdoutLine: {'line': b'-- Symlinking: /home/imml/git/ROB_534_Project/install/ur_dashboard_msgs/include/ur_dashboard_msgs/ur_dashboard_msgs/action/detail/set_mode__struct.h\n'}
[12.941491] (ur_dashboard_msgs) StdoutLine: {'line': b'-- Symlinking: /home/imml/git/ROB_534_Project/install/ur_dashboard_msgs/include/ur_dashboard_msgs/ur_dashboard_msgs/action/detail/set_mode__type_support.h\n'}
[12.949089] (ur_dashboard_msgs) StdoutLine: {'line': b'-- Symlinking: /home/imml/git/ROB_534_Project/install/ur_dashboard_msgs/include/ur_dashboard_msgs/ur_dashboard_msgs/action/set_mode.h\n'}
[12.956906] (ur_dashboard_msgs) StdoutLine: {'line': b'-- Symlinking: /home/imml/git/ROB_534_Project/install/ur_dashboard_msgs/include/ur_dashboard_msgs/ur_dashboard_msgs/msg/detail/program_state__functions.h\n'}
[12.964556] (ur_dashboard_msgs) StdoutLine: {'line': b'-- Symlinking: /home/imml/git/ROB_534_Project/install/ur_dashboard_msgs/include/ur_dashboard_msgs/ur_dashboard_msgs/msg/detail/program_state__struct.h\n'}
[12.972402] (ur_dashboard_msgs) StdoutLine: {'line': b'-- Symlinking: /home/imml/git/ROB_534_Project/install/ur_dashboard_msgs/include/ur_dashboard_msgs/ur_dashboard_msgs/msg/detail/program_state__type_support.h\n'}
[12.974681] (-) TimerEvent: {}
[12.980234] (ur_dashboard_msgs) StdoutLine: {'line': b'-- Symlinking: /home/imml/git/ROB_534_Project/install/ur_dashboard_msgs/include/ur_dashboard_msgs/ur_dashboard_msgs/msg/detail/robot_mode__functions.h\n'}
[12.987853] (ur_dashboard_msgs) StdoutLine: {'line': b'-- Symlinking: /home/imml/git/ROB_534_Project/install/ur_dashboard_msgs/include/ur_dashboard_msgs/ur_dashboard_msgs/msg/detail/robot_mode__struct.h\n'}
[12.996027] (ur_dashboard_msgs) StdoutLine: {'line': b'-- Symlinking: /home/imml/git/ROB_534_Project/install/ur_dashboard_msgs/include/ur_dashboard_msgs/ur_dashboard_msgs/msg/detail/robot_mode__type_support.h\n'}
[13.004050] (ur_dashboard_msgs) StdoutLine: {'line': b'-- Symlinking: /home/imml/git/ROB_534_Project/install/ur_dashboard_msgs/include/ur_dashboard_msgs/ur_dashboard_msgs/msg/detail/safety_mode__functions.h\n'}
[13.011586] (ur_dashboard_msgs) StdoutLine: {'line': b'-- Symlinking: /home/imml/git/ROB_534_Project/install/ur_dashboard_msgs/include/ur_dashboard_msgs/ur_dashboard_msgs/msg/detail/safety_mode__struct.h\n'}
[13.019143] (ur_dashboard_msgs) StdoutLine: {'line': b'-- Symlinking: /home/imml/git/ROB_534_Project/install/ur_dashboard_msgs/include/ur_dashboard_msgs/ur_dashboard_msgs/msg/detail/safety_mode__type_support.h\n'}
[13.027048] (ur_dashboard_msgs) StdoutLine: {'line': b'-- Symlinking: /home/imml/git/ROB_534_Project/install/ur_dashboard_msgs/include/ur_dashboard_msgs/ur_dashboard_msgs/msg/program_state.h\n'}
[13.034559] (ur_dashboard_msgs) StdoutLine: {'line': b'-- Symlinking: /home/imml/git/ROB_534_Project/install/ur_dashboard_msgs/include/ur_dashboard_msgs/ur_dashboard_msgs/msg/robot_mode.h\n'}
[13.041980] (ur_dashboard_msgs) StdoutLine: {'line': b'-- Symlinking: /home/imml/git/ROB_534_Project/install/ur_dashboard_msgs/include/ur_dashboard_msgs/ur_dashboard_msgs/msg/rosidl_generator_c__visibility_control.h\n'}
[13.049435] (ur_dashboard_msgs) StdoutLine: {'line': b'-- Symlinking: /home/imml/git/ROB_534_Project/install/ur_dashboard_msgs/include/ur_dashboard_msgs/ur_dashboard_msgs/msg/safety_mode.h\n'}
[13.056847] (ur_dashboard_msgs) StdoutLine: {'line': b'-- Symlinking: /home/imml/git/ROB_534_Project/install/ur_dashboard_msgs/include/ur_dashboard_msgs/ur_dashboard_msgs/srv/add_to_log.h\n'}
[13.064641] (ur_dashboard_msgs) StdoutLine: {'line': b'-- Symlinking: /home/imml/git/ROB_534_Project/install/ur_dashboard_msgs/include/ur_dashboard_msgs/ur_dashboard_msgs/srv/detail/add_to_log__functions.h\n'}
[13.071845] (ur_dashboard_msgs) StdoutLine: {'line': b'-- Symlinking: /home/imml/git/ROB_534_Project/install/ur_dashboard_msgs/include/ur_dashboard_msgs/ur_dashboard_msgs/srv/detail/add_to_log__struct.h\n'}
[13.074767] (-) TimerEvent: {}
[13.078997] (ur_dashboard_msgs) StdoutLine: {'line': b'-- Symlinking: /home/imml/git/ROB_534_Project/install/ur_dashboard_msgs/include/ur_dashboard_msgs/ur_dashboard_msgs/srv/detail/add_to_log__type_support.h\n'}
[13.086055] (ur_dashboard_msgs) StdoutLine: {'line': b'-- Symlinking: /home/imml/git/ROB_534_Project/install/ur_dashboard_msgs/include/ur_dashboard_msgs/ur_dashboard_msgs/srv/detail/get_loaded_program__functions.h\n'}
[13.093089] (ur_dashboard_msgs) StdoutLine: {'line': b'-- Symlinking: /home/imml/git/ROB_534_Project/install/ur_dashboard_msgs/include/ur_dashboard_msgs/ur_dashboard_msgs/srv/detail/get_loaded_program__struct.h\n'}
[13.100076] (ur_dashboard_msgs) StdoutLine: {'line': b'-- Symlinking: /home/imml/git/ROB_534_Project/install/ur_dashboard_msgs/include/ur_dashboard_msgs/ur_dashboard_msgs/srv/detail/get_loaded_program__type_support.h\n'}
[13.107689] (ur_dashboard_msgs) StdoutLine: {'line': b'-- Symlinking: /home/imml/git/ROB_534_Project/install/ur_dashboard_msgs/include/ur_dashboard_msgs/ur_dashboard_msgs/srv/detail/get_program_state__functions.h\n'}
[13.115034] (ur_dashboard_msgs) StdoutLine: {'line': b'-- Symlinking: /home/imml/git/ROB_534_Project/install/ur_dashboard_msgs/include/ur_dashboard_msgs/ur_dashboard_msgs/srv/detail/get_program_state__struct.h\n'}
[13.121941] (ur_dashboard_msgs) StdoutLine: {'line': b'-- Symlinking: /home/imml/git/ROB_534_Project/install/ur_dashboard_msgs/include/ur_dashboard_msgs/ur_dashboard_msgs/srv/detail/get_program_state__type_support.h\n'}
[13.128786] (ur_dashboard_msgs) StdoutLine: {'line': b'-- Symlinking: /home/imml/git/ROB_534_Project/install/ur_dashboard_msgs/include/ur_dashboard_msgs/ur_dashboard_msgs/srv/detail/get_robot_mode__functions.h\n'}
[13.135798] (ur_dashboard_msgs) StdoutLine: {'line': b'-- Symlinking: /home/imml/git/ROB_534_Project/install/ur_dashboard_msgs/include/ur_dashboard_msgs/ur_dashboard_msgs/srv/detail/get_robot_mode__struct.h\n'}
[13.142853] (ur_dashboard_msgs) StdoutLine: {'line': b'-- Symlinking: /home/imml/git/ROB_534_Project/install/ur_dashboard_msgs/include/ur_dashboard_msgs/ur_dashboard_msgs/srv/detail/get_robot_mode__type_support.h\n'}
[13.149597] (ur_dashboard_msgs) StdoutLine: {'line': b'-- Symlinking: /home/imml/git/ROB_534_Project/install/ur_dashboard_msgs/include/ur_dashboard_msgs/ur_dashboard_msgs/srv/detail/get_safety_mode__functions.h\n'}
[13.156640] (ur_dashboard_msgs) StdoutLine: {'line': b'-- Symlinking: /home/imml/git/ROB_534_Project/install/ur_dashboard_msgs/include/ur_dashboard_msgs/ur_dashboard_msgs/srv/detail/get_safety_mode__struct.h\n'}
[13.163654] (ur_dashboard_msgs) StdoutLine: {'line': b'-- Symlinking: /home/imml/git/ROB_534_Project/install/ur_dashboard_msgs/include/ur_dashboard_msgs/ur_dashboard_msgs/srv/detail/get_safety_mode__type_support.h\n'}
[13.170443] (ur_dashboard_msgs) StdoutLine: {'line': b'-- Symlinking: /home/imml/git/ROB_534_Project/install/ur_dashboard_msgs/include/ur_dashboard_msgs/ur_dashboard_msgs/srv/detail/is_program_running__functions.h\n'}
[13.174862] (-) TimerEvent: {}
[13.177856] (ur_dashboard_msgs) StdoutLine: {'line': b'-- Symlinking: /home/imml/git/ROB_534_Project/install/ur_dashboard_msgs/include/ur_dashboard_msgs/ur_dashboard_msgs/srv/detail/is_program_running__struct.h\n'}
[13.185132] (ur_dashboard_msgs) StdoutLine: {'line': b'-- Symlinking: /home/imml/git/ROB_534_Project/install/ur_dashboard_msgs/include/ur_dashboard_msgs/ur_dashboard_msgs/srv/detail/is_program_running__type_support.h\n'}
[13.192296] (ur_dashboard_msgs) StdoutLine: {'line': b'-- Symlinking: /home/imml/git/ROB_534_Project/install/ur_dashboard_msgs/include/ur_dashboard_msgs/ur_dashboard_msgs/srv/detail/is_program_saved__functions.h\n'}
[13.199221] (ur_dashboard_msgs) StdoutLine: {'line': b'-- Symlinking: /home/imml/git/ROB_534_Project/install/ur_dashboard_msgs/include/ur_dashboard_msgs/ur_dashboard_msgs/srv/detail/is_program_saved__struct.h\n'}
[13.206343] (ur_dashboard_msgs) StdoutLine: {'line': b'-- Symlinking: /home/imml/git/ROB_534_Project/install/ur_dashboard_msgs/include/ur_dashboard_msgs/ur_dashboard_msgs/srv/detail/is_program_saved__type_support.h\n'}
[13.213543] (ur_dashboard_msgs) StdoutLine: {'line': b'-- Symlinking: /home/imml/git/ROB_534_Project/install/ur_dashboard_msgs/include/ur_dashboard_msgs/ur_dashboard_msgs/srv/detail/load__functions.h\n'}
[13.220755] (ur_dashboard_msgs) StdoutLine: {'line': b'-- Symlinking: /home/imml/git/ROB_534_Project/install/ur_dashboard_msgs/include/ur_dashboard_msgs/ur_dashboard_msgs/srv/detail/load__struct.h\n'}
[13.228394] (ur_dashboard_msgs) StdoutLine: {'line': b'-- Symlinking: /home/imml/git/ROB_534_Project/install/ur_dashboard_msgs/include/ur_dashboard_msgs/ur_dashboard_msgs/srv/detail/load__type_support.h\n'}
[13.235586] (ur_dashboard_msgs) StdoutLine: {'line': b'-- Symlinking: /home/imml/git/ROB_534_Project/install/ur_dashboard_msgs/include/ur_dashboard_msgs/ur_dashboard_msgs/srv/detail/popup__functions.h\n'}
[13.242676] (ur_dashboard_msgs) StdoutLine: {'line': b'-- Symlinking: /home/imml/git/ROB_534_Project/install/ur_dashboard_msgs/include/ur_dashboard_msgs/ur_dashboard_msgs/srv/detail/popup__struct.h\n'}
[13.250291] (ur_dashboard_msgs) StdoutLine: {'line': b'-- Symlinking: /home/imml/git/ROB_534_Project/install/ur_dashboard_msgs/include/ur_dashboard_msgs/ur_dashboard_msgs/srv/detail/popup__type_support.h\n'}
[13.258334] (ur_dashboard_msgs) StdoutLine: {'line': b'-- Symlinking: /home/imml/git/ROB_534_Project/install/ur_dashboard_msgs/include/ur_dashboard_msgs/ur_dashboard_msgs/srv/detail/raw_request__functions.h\n'}
[13.266015] (ur_dashboard_msgs) StdoutLine: {'line': b'-- Symlinking: /home/imml/git/ROB_534_Project/install/ur_dashboard_msgs/include/ur_dashboard_msgs/ur_dashboard_msgs/srv/detail/raw_request__struct.h\n'}
[13.273660] (ur_dashboard_msgs) StdoutLine: {'line': b'-- Symlinking: /home/imml/git/ROB_534_Project/install/ur_dashboard_msgs/include/ur_dashboard_msgs/ur_dashboard_msgs/srv/detail/raw_request__type_support.h\n'}
[13.274921] (-) TimerEvent: {}
[13.281458] (ur_dashboard_msgs) StdoutLine: {'line': b'-- Symlinking: /home/imml/git/ROB_534_Project/install/ur_dashboard_msgs/include/ur_dashboard_msgs/ur_dashboard_msgs/srv/get_loaded_program.h\n'}
[13.289134] (ur_dashboard_msgs) StdoutLine: {'line': b'-- Symlinking: /home/imml/git/ROB_534_Project/install/ur_dashboard_msgs/include/ur_dashboard_msgs/ur_dashboard_msgs/srv/get_program_state.h\n'}
[13.296787] (ur_dashboard_msgs) StdoutLine: {'line': b'-- Symlinking: /home/imml/git/ROB_534_Project/install/ur_dashboard_msgs/include/ur_dashboard_msgs/ur_dashboard_msgs/srv/get_robot_mode.h\n'}
[13.303975] (ur_dashboard_msgs) StdoutLine: {'line': b'-- Symlinking: /home/imml/git/ROB_534_Project/install/ur_dashboard_msgs/include/ur_dashboard_msgs/ur_dashboard_msgs/srv/get_safety_mode.h\n'}
[13.311321] (ur_dashboard_msgs) StdoutLine: {'line': b'-- Symlinking: /home/imml/git/ROB_534_Project/install/ur_dashboard_msgs/include/ur_dashboard_msgs/ur_dashboard_msgs/srv/is_program_running.h\n'}
[13.318162] (ur_dashboard_msgs) StdoutLine: {'line': b'-- Symlinking: /home/imml/git/ROB_534_Project/install/ur_dashboard_msgs/include/ur_dashboard_msgs/ur_dashboard_msgs/srv/is_program_saved.h\n'}
[13.325408] (ur_dashboard_msgs) StdoutLine: {'line': b'-- Symlinking: /home/imml/git/ROB_534_Project/install/ur_dashboard_msgs/include/ur_dashboard_msgs/ur_dashboard_msgs/srv/load.h\n'}
[13.332690] (ur_dashboard_msgs) StdoutLine: {'line': b'-- Symlinking: /home/imml/git/ROB_534_Project/install/ur_dashboard_msgs/include/ur_dashboard_msgs/ur_dashboard_msgs/srv/popup.h\n'}
[13.342200] (ur_dashboard_msgs) StdoutLine: {'line': b'-- Symlinking: /home/imml/git/ROB_534_Project/install/ur_dashboard_msgs/include/ur_dashboard_msgs/ur_dashboard_msgs/srv/raw_request.h\n'}
[13.354363] (ur_dashboard_msgs) StdoutLine: {'line': b'-- Symlinking: /home/imml/git/ROB_534_Project/install/ur_dashboard_msgs/share/ur_dashboard_msgs/environment/library_path.sh\n'}
[13.362213] (ur_dashboard_msgs) StdoutLine: {'line': b'-- Symlinking: /home/imml/git/ROB_534_Project/install/ur_dashboard_msgs/share/ur_dashboard_msgs/environment/library_path.dsv\n'}
[13.368950] (harvest_interfaces) StdoutLine: {'line': b'[ 85%] Built target harvest_interfaces__py\n'}
[13.370712] (ur_dashboard_msgs) StdoutLine: {'line': b'-- Symlinking: /home/imml/git/ROB_534_Project/install/ur_dashboard_msgs/include/ur_dashboard_msgs/ur_dashboard_msgs/action/detail/set_mode__rosidl_typesupport_fastrtps_c.h\n'}
[13.374999] (-) TimerEvent: {}
[13.378469] (ur_dashboard_msgs) StdoutLine: {'line': b'-- Symlinking: /home/imml/git/ROB_534_Project/install/ur_dashboard_msgs/include/ur_dashboard_msgs/ur_dashboard_msgs/msg/detail/program_state__rosidl_typesupport_fastrtps_c.h\n'}
[13.389732] (ur_dashboard_msgs) StdoutLine: {'line': b'-- Symlinking: /home/imml/git/ROB_534_Project/install/ur_dashboard_msgs/include/ur_dashboard_msgs/ur_dashboard_msgs/msg/detail/robot_mode__rosidl_typesupport_fastrtps_c.h\n'}
[13.390099] (harvest_interfaces) StdoutLine: {'line': b'[ 88%] \x1b[32mBuilding C object CMakeFiles/harvest_interfaces__rosidl_generator_py.dir/rosidl_generator_py/harvest_interfaces/action/_event_detection_s.c.o\x1b[0m\n'}
[13.390234] (harvest_interfaces) StdoutLine: {'line': b'[ 88%] \x1b[32mBuilding C object CMakeFiles/harvest_interfaces__rosidl_generator_py.dir/rosidl_generator_py/harvest_interfaces/action/_send_trajectory_s.c.o\x1b[0m\n'}
[13.390325] (harvest_interfaces) StdoutLine: {'line': b'[ 88%] \x1b[32mBuilding C object CMakeFiles/harvest_interfaces__rosidl_generator_py.dir/rosidl_generator_py/harvest_interfaces/srv/_send_trajectory_s.c.o\x1b[0m\n'}
[13.390421] (harvest_interfaces) StdoutLine: {'line': b'[ 88%] \x1b[32mBuilding C object CMakeFiles/harvest_interfaces__rosidl_generator_py.dir/rosidl_generator_py/harvest_interfaces/srv/_apple_prediction_s.c.o\x1b[0m\n'}
[13.390478] (harvest_interfaces) StdoutLine: {'line': b'[ 88%] \x1b[32mBuilding C object CMakeFiles/harvest_interfaces__rosidl_generator_py.dir/rosidl_generator_py/harvest_interfaces/srv/_voxel_mask_s.c.o\x1b[0m\n'}
[13.390536] (harvest_interfaces) StdoutLine: {'line': b'[ 89%] \x1b[32mBuilding C object CMakeFiles/harvest_interfaces__rosidl_generator_py.dir/rosidl_generator_py/harvest_interfaces/srv/_move_to_pose_s.c.o\x1b[0m\n'}
[13.390592] (harvest_interfaces) StdoutLine: {'line': b'[ 90%] \x1b[32mBuilding C object CMakeFiles/harvest_interfaces__rosidl_generator_py.dir/rosidl_generator_py/harvest_interfaces/srv/_trajectory_between_points_s.c.o\x1b[0m\n'}
[13.390649] (harvest_interfaces) StdoutLine: {'line': b'[ 91%] \x1b[32mBuilding C object CMakeFiles/harvest_interfaces__rosidl_generator_py.dir/rosidl_generator_py/harvest_interfaces/srv/_set_value_s.c.o\x1b[0m\n'}
[13.390713] (harvest_interfaces) StdoutLine: {'line': b'[ 91%] \x1b[32mBuilding C object CMakeFiles/harvest_interfaces__rosidl_generator_py.dir/rosidl_generator_py/harvest_interfaces/srv/_record_topics_s.c.o\x1b[0m\n'}
[13.390785] (harvest_interfaces) StdoutLine: {'line': b'[ 92%] \x1b[32mBuilding C object CMakeFiles/harvest_interfaces__rosidl_generator_py.dir/rosidl_generator_py/harvest_interfaces/srv/_get_gripper_pose_s.c.o\x1b[0m\n'}
[13.390855] (harvest_interfaces) StdoutLine: {'line': b'[ 93%] \x1b[32mBuilding C object CMakeFiles/harvest_interfaces__rosidl_generator_py.dir/rosidl_generator_py/harvest_interfaces/srv/_coordinate_to_trajectory_s.c.o\x1b[0m\n'}
[13.390930] (harvest_interfaces) StdoutLine: {'line': b'[ 93%] \x1b[32mBuilding C object CMakeFiles/harvest_interfaces__rosidl_generator_py.dir/rosidl_generator_py/harvest_interfaces/srv/_voxel_grid_s.c.o\x1b[0m\n'}
[13.391027] (harvest_interfaces) StdoutLine: {'line': b'[ 94%] \x1b[32mBuilding C object CMakeFiles/harvest_interfaces__rosidl_generator_py.dir/rosidl_generator_py/harvest_interfaces/srv/_update_trellis_position_s.c.o\x1b[0m\n'}
[13.396956] (harvest_interfaces) StdoutLine: {'line': b'[ 95%] \x1b[32mBuilding C object CMakeFiles/harvest_interfaces__rosidl_generator_py.dir/rosidl_generator_py/harvest_interfaces/srv/_final_approach_linear_s.c.o\x1b[0m\n'}
[13.407408] (ur_dashboard_msgs) StdoutLine: {'line': b'-- Symlinking: /home/imml/git/ROB_534_Project/install/ur_dashboard_msgs/include/ur_dashboard_msgs/ur_dashboard_msgs/msg/detail/safety_mode__rosidl_typesupport_fastrtps_c.h\n'}
[13.415752] (ur_dashboard_msgs) StdoutLine: {'line': b'-- Symlinking: /home/imml/git/ROB_534_Project/install/ur_dashboard_msgs/include/ur_dashboard_msgs/ur_dashboard_msgs/msg/rosidl_typesupport_fastrtps_c__visibility_control.h\n'}
[13.428704] (ur_dashboard_msgs) StdoutLine: {'line': b'-- Symlinking: /home/imml/git/ROB_534_Project/install/ur_dashboard_msgs/include/ur_dashboard_msgs/ur_dashboard_msgs/srv/detail/add_to_log__rosidl_typesupport_fastrtps_c.h\n'}
[13.442674] (ur_dashboard_msgs) StdoutLine: {'line': b'-- Symlinking: /home/imml/git/ROB_534_Project/install/ur_dashboard_msgs/include/ur_dashboard_msgs/ur_dashboard_msgs/srv/detail/get_loaded_program__rosidl_typesupport_fastrtps_c.h\n'}
[13.456779] (ur_dashboard_msgs) StdoutLine: {'line': b'-- Symlinking: /home/imml/git/ROB_534_Project/install/ur_dashboard_msgs/include/ur_dashboard_msgs/ur_dashboard_msgs/srv/detail/get_program_state__rosidl_typesupport_fastrtps_c.h\n'}
[13.472653] (ur_dashboard_msgs) StdoutLine: {'line': b'-- Symlinking: /home/imml/git/ROB_534_Project/install/ur_dashboard_msgs/include/ur_dashboard_msgs/ur_dashboard_msgs/srv/detail/get_robot_mode__rosidl_typesupport_fastrtps_c.h\n'}
[13.475098] (-) TimerEvent: {}
[13.488423] (ur_dashboard_msgs) StdoutLine: {'line': b'-- Symlinking: /home/imml/git/ROB_534_Project/install/ur_dashboard_msgs/include/ur_dashboard_msgs/ur_dashboard_msgs/srv/detail/get_safety_mode__rosidl_typesupport_fastrtps_c.h\n'}
[13.505374] (ur_dashboard_msgs) StdoutLine: {'line': b'-- Symlinking: /home/imml/git/ROB_534_Project/install/ur_dashboard_msgs/include/ur_dashboard_msgs/ur_dashboard_msgs/srv/detail/is_program_running__rosidl_typesupport_fastrtps_c.h\n'}
[13.520970] (ur_dashboard_msgs) StdoutLine: {'line': b'-- Symlinking: /home/imml/git/ROB_534_Project/install/ur_dashboard_msgs/include/ur_dashboard_msgs/ur_dashboard_msgs/srv/detail/is_program_saved__rosidl_typesupport_fastrtps_c.h\n'}
[13.533499] (ur_dashboard_msgs) StdoutLine: {'line': b'-- Symlinking: /home/imml/git/ROB_534_Project/install/ur_dashboard_msgs/include/ur_dashboard_msgs/ur_dashboard_msgs/srv/detail/load__rosidl_typesupport_fastrtps_c.h\n'}
[13.542679] (ur_dashboard_msgs) StdoutLine: {'line': b'-- Symlinking: /home/imml/git/ROB_534_Project/install/ur_dashboard_msgs/include/ur_dashboard_msgs/ur_dashboard_msgs/srv/detail/popup__rosidl_typesupport_fastrtps_c.h\n'}
[13.551343] (ur_dashboard_msgs) StdoutLine: {'line': b'-- Symlinking: /home/imml/git/ROB_534_Project/install/ur_dashboard_msgs/include/ur_dashboard_msgs/ur_dashboard_msgs/srv/detail/raw_request__rosidl_typesupport_fastrtps_c.h\n'}
[13.560196] (ur_dashboard_msgs) StdoutLine: {'line': b'-- Symlinking: /home/imml/git/ROB_534_Project/install/ur_dashboard_msgs/include/ur_dashboard_msgs/ur_dashboard_msgs/action/detail/set_mode__rosidl_typesupport_introspection_c.h\n'}
[13.567358] (ur_dashboard_msgs) StdoutLine: {'line': b'-- Symlinking: /home/imml/git/ROB_534_Project/install/ur_dashboard_msgs/include/ur_dashboard_msgs/ur_dashboard_msgs/msg/detail/program_state__rosidl_typesupport_introspection_c.h\n'}
[13.567876] (harvest_interfaces) StdoutLine: {'line': b'[ 96%] \x1b[32m\x1b[1mLinking C shared library rosidl_generator_py/harvest_interfaces/libharvest_interfaces__rosidl_generator_py.so\x1b[0m\n'}
[13.574393] (ur_dashboard_msgs) StdoutLine: {'line': b'-- Symlinking: /home/imml/git/ROB_534_Project/install/ur_dashboard_msgs/include/ur_dashboard_msgs/ur_dashboard_msgs/msg/detail/robot_mode__rosidl_typesupport_introspection_c.h\n'}
[13.575152] (-) TimerEvent: {}
[13.581416] (ur_dashboard_msgs) StdoutLine: {'line': b'-- Symlinking: /home/imml/git/ROB_534_Project/install/ur_dashboard_msgs/include/ur_dashboard_msgs/ur_dashboard_msgs/msg/detail/safety_mode__rosidl_typesupport_introspection_c.h\n'}
[13.588601] (ur_dashboard_msgs) StdoutLine: {'line': b'-- Symlinking: /home/imml/git/ROB_534_Project/install/ur_dashboard_msgs/include/ur_dashboard_msgs/ur_dashboard_msgs/msg/rosidl_typesupport_introspection_c__visibility_control.h\n'}
[13.595975] (ur_dashboard_msgs) StdoutLine: {'line': b'-- Symlinking: /home/imml/git/ROB_534_Project/install/ur_dashboard_msgs/include/ur_dashboard_msgs/ur_dashboard_msgs/srv/detail/add_to_log__rosidl_typesupport_introspection_c.h\n'}
[13.603670] (ur_dashboard_msgs) StdoutLine: {'line': b'-- Symlinking: /home/imml/git/ROB_534_Project/install/ur_dashboard_msgs/include/ur_dashboard_msgs/ur_dashboard_msgs/srv/detail/get_loaded_program__rosidl_typesupport_introspection_c.h\n'}
[13.606295] (harvest_interfaces) StdoutLine: {'line': b'[ 96%] Built target harvest_interfaces__rosidl_generator_py\n'}
[13.610587] (ur_dashboard_msgs) StdoutLine: {'line': b'-- Symlinking: /home/imml/git/ROB_534_Project/install/ur_dashboard_msgs/include/ur_dashboard_msgs/ur_dashboard_msgs/srv/detail/get_program_state__rosidl_typesupport_introspection_c.h\n'}
[13.617793] (ur_dashboard_msgs) StdoutLine: {'line': b'-- Symlinking: /home/imml/git/ROB_534_Project/install/ur_dashboard_msgs/include/ur_dashboard_msgs/ur_dashboard_msgs/srv/detail/get_robot_mode__rosidl_typesupport_introspection_c.h\n'}
[13.622945] (harvest_interfaces) StdoutLine: {'line': b'[ 99%] \x1b[32mBuilding C object CMakeFiles/harvest_interfaces__rosidl_typesupport_c__pyext.dir/rosidl_generator_py/harvest_interfaces/_harvest_interfaces_s.ep.rosidl_typesupport_c.c.o\x1b[0m\n'}
[13.623123] (harvest_interfaces) StdoutLine: {'line': b'[ 99%] \x1b[32mBuilding C object CMakeFiles/harvest_interfaces__rosidl_typesupport_fastrtps_c__pyext.dir/rosidl_generator_py/harvest_interfaces/_harvest_interfaces_s.ep.rosidl_typesupport_fastrtps_c.c.o\x1b[0m\n'}
[13.623200] (harvest_interfaces) StdoutLine: {'line': b'[ 99%] \x1b[32mBuilding C object CMakeFiles/harvest_interfaces__rosidl_typesupport_introspection_c__pyext.dir/rosidl_generator_py/harvest_interfaces/_harvest_interfaces_s.ep.rosidl_typesupport_introspection_c.c.o\x1b[0m\n'}
[13.624235] (ur_dashboard_msgs) StdoutLine: {'line': b'-- Symlinking: /home/imml/git/ROB_534_Project/install/ur_dashboard_msgs/include/ur_dashboard_msgs/ur_dashboard_msgs/srv/detail/get_safety_mode__rosidl_typesupport_introspection_c.h\n'}
[13.631828] (ur_dashboard_msgs) StdoutLine: {'line': b'-- Symlinking: /home/imml/git/ROB_534_Project/install/ur_dashboard_msgs/include/ur_dashboard_msgs/ur_dashboard_msgs/srv/detail/is_program_running__rosidl_typesupport_introspection_c.h\n'}
[13.638871] (ur_dashboard_msgs) StdoutLine: {'line': b'-- Symlinking: /home/imml/git/ROB_534_Project/install/ur_dashboard_msgs/include/ur_dashboard_msgs/ur_dashboard_msgs/srv/detail/is_program_saved__rosidl_typesupport_introspection_c.h\n'}
[13.646114] (ur_dashboard_msgs) StdoutLine: {'line': b'-- Symlinking: /home/imml/git/ROB_534_Project/install/ur_dashboard_msgs/include/ur_dashboard_msgs/ur_dashboard_msgs/srv/detail/load__rosidl_typesupport_introspection_c.h\n'}
[13.653729] (ur_dashboard_msgs) StdoutLine: {'line': b'-- Symlinking: /home/imml/git/ROB_534_Project/install/ur_dashboard_msgs/include/ur_dashboard_msgs/ur_dashboard_msgs/srv/detail/popup__rosidl_typesupport_introspection_c.h\n'}
[13.661435] (ur_dashboard_msgs) StdoutLine: {'line': b'-- Symlinking: /home/imml/git/ROB_534_Project/install/ur_dashboard_msgs/include/ur_dashboard_msgs/ur_dashboard_msgs/srv/detail/raw_request__rosidl_typesupport_introspection_c.h\n'}
[13.670439] (ur_dashboard_msgs) StdoutLine: {'line': b'-- Symlinking: /home/imml/git/ROB_534_Project/install/ur_dashboard_msgs/include/ur_dashboard_msgs/ur_dashboard_msgs/action/detail/set_mode__builder.hpp\n'}
[13.675233] (-) TimerEvent: {}
[13.678980] (ur_dashboard_msgs) StdoutLine: {'line': b'-- Symlinking: /home/imml/git/ROB_534_Project/install/ur_dashboard_msgs/include/ur_dashboard_msgs/ur_dashboard_msgs/action/detail/set_mode__struct.hpp\n'}
[13.687227] (ur_dashboard_msgs) StdoutLine: {'line': b'-- Symlinking: /home/imml/git/ROB_534_Project/install/ur_dashboard_msgs/include/ur_dashboard_msgs/ur_dashboard_msgs/action/detail/set_mode__traits.hpp\n'}
[13.695296] (ur_dashboard_msgs) StdoutLine: {'line': b'-- Symlinking: /home/imml/git/ROB_534_Project/install/ur_dashboard_msgs/include/ur_dashboard_msgs/ur_dashboard_msgs/action/detail/set_mode__type_support.hpp\n'}
[13.704138] (ur_dashboard_msgs) StdoutLine: {'line': b'-- Symlinking: /home/imml/git/ROB_534_Project/install/ur_dashboard_msgs/include/ur_dashboard_msgs/ur_dashboard_msgs/action/set_mode.hpp\n'}
[13.712753] (ur_dashboard_msgs) StdoutLine: {'line': b'-- Symlinking: /home/imml/git/ROB_534_Project/install/ur_dashboard_msgs/include/ur_dashboard_msgs/ur_dashboard_msgs/msg/detail/program_state__builder.hpp\n'}
[13.720966] (ur_dashboard_msgs) StdoutLine: {'line': b'-- Symlinking: /home/imml/git/ROB_534_Project/install/ur_dashboard_msgs/include/ur_dashboard_msgs/ur_dashboard_msgs/msg/detail/program_state__struct.hpp\n'}
[13.729002] (ur_dashboard_msgs) StdoutLine: {'line': b'-- Symlinking: /home/imml/git/ROB_534_Project/install/ur_dashboard_msgs/include/ur_dashboard_msgs/ur_dashboard_msgs/msg/detail/program_state__traits.hpp\n'}
[13.736789] (ur_dashboard_msgs) StdoutLine: {'line': b'-- Symlinking: /home/imml/git/ROB_534_Project/install/ur_dashboard_msgs/include/ur_dashboard_msgs/ur_dashboard_msgs/msg/detail/program_state__type_support.hpp\n'}
[13.744757] (ur_dashboard_msgs) StdoutLine: {'line': b'-- Symlinking: /home/imml/git/ROB_534_Project/install/ur_dashboard_msgs/include/ur_dashboard_msgs/ur_dashboard_msgs/msg/detail/robot_mode__builder.hpp\n'}
[13.752424] (ur_dashboard_msgs) StdoutLine: {'line': b'-- Symlinking: /home/imml/git/ROB_534_Project/install/ur_dashboard_msgs/include/ur_dashboard_msgs/ur_dashboard_msgs/msg/detail/robot_mode__struct.hpp\n'}
[13.760070] (ur_dashboard_msgs) StdoutLine: {'line': b'-- Symlinking: /home/imml/git/ROB_534_Project/install/ur_dashboard_msgs/include/ur_dashboard_msgs/ur_dashboard_msgs/msg/detail/robot_mode__traits.hpp\n'}
[13.767779] (ur_dashboard_msgs) StdoutLine: {'line': b'-- Symlinking: /home/imml/git/ROB_534_Project/install/ur_dashboard_msgs/include/ur_dashboard_msgs/ur_dashboard_msgs/msg/detail/robot_mode__type_support.hpp\n'}
[13.775299] (-) TimerEvent: {}
[13.775692] (ur_dashboard_msgs) StdoutLine: {'line': b'-- Symlinking: /home/imml/git/ROB_534_Project/install/ur_dashboard_msgs/include/ur_dashboard_msgs/ur_dashboard_msgs/msg/detail/safety_mode__builder.hpp\n'}
[13.784127] (ur_dashboard_msgs) StdoutLine: {'line': b'-- Symlinking: /home/imml/git/ROB_534_Project/install/ur_dashboard_msgs/include/ur_dashboard_msgs/ur_dashboard_msgs/msg/detail/safety_mode__struct.hpp\n'}
[13.792074] (ur_dashboard_msgs) StdoutLine: {'line': b'-- Symlinking: /home/imml/git/ROB_534_Project/install/ur_dashboard_msgs/include/ur_dashboard_msgs/ur_dashboard_msgs/msg/detail/safety_mode__traits.hpp\n'}
[13.794179] (harvest_interfaces) StdoutLine: {'line': b'[ 99%] \x1b[32m\x1b[1mLinking C shared library rosidl_generator_py/harvest_interfaces/harvest_interfaces_s__rosidl_typesupport_fastrtps_c.cpython-310-x86_64-linux-gnu.so\x1b[0m\n'}
[13.794311] (harvest_interfaces) StdoutLine: {'line': b'[ 99%] \x1b[32m\x1b[1mLinking C shared library rosidl_generator_py/harvest_interfaces/harvest_interfaces_s__rosidl_typesupport_c.cpython-310-x86_64-linux-gnu.so\x1b[0m\n'}
[13.794409] (harvest_interfaces) StdoutLine: {'line': b'[100%] \x1b[32m\x1b[1mLinking C shared library rosidl_generator_py/harvest_interfaces/harvest_interfaces_s__rosidl_typesupport_introspection_c.cpython-310-x86_64-linux-gnu.so\x1b[0m\n'}
[13.799039] (ur_dashboard_msgs) StdoutLine: {'line': b'-- Symlinking: /home/imml/git/ROB_534_Project/install/ur_dashboard_msgs/include/ur_dashboard_msgs/ur_dashboard_msgs/msg/detail/safety_mode__type_support.hpp\n'}
[13.806664] (ur_dashboard_msgs) StdoutLine: {'line': b'-- Symlinking: /home/imml/git/ROB_534_Project/install/ur_dashboard_msgs/include/ur_dashboard_msgs/ur_dashboard_msgs/msg/program_state.hpp\n'}
[13.815076] (ur_dashboard_msgs) StdoutLine: {'line': b'-- Symlinking: /home/imml/git/ROB_534_Project/install/ur_dashboard_msgs/include/ur_dashboard_msgs/ur_dashboard_msgs/msg/robot_mode.hpp\n'}
[13.823621] (ur_dashboard_msgs) StdoutLine: {'line': b'-- Symlinking: /home/imml/git/ROB_534_Project/install/ur_dashboard_msgs/include/ur_dashboard_msgs/ur_dashboard_msgs/msg/rosidl_generator_cpp__visibility_control.hpp\n'}
[13.831725] (ur_dashboard_msgs) StdoutLine: {'line': b'-- Symlinking: /home/imml/git/ROB_534_Project/install/ur_dashboard_msgs/include/ur_dashboard_msgs/ur_dashboard_msgs/msg/safety_mode.hpp\n'}
[13.832308] (harvest_interfaces) StdoutLine: {'line': b'[100%] Built target harvest_interfaces__rosidl_typesupport_fastrtps_c__pyext\n'}
[13.832415] (harvest_interfaces) StdoutLine: {'line': b'[100%] Built target harvest_interfaces__rosidl_typesupport_introspection_c__pyext\n'}
[13.833252] (harvest_interfaces) StdoutLine: {'line': b'[100%] Built target harvest_interfaces__rosidl_typesupport_c__pyext\n'}
[13.838767] (ur_dashboard_msgs) StdoutLine: {'line': b'-- Symlinking: /home/imml/git/ROB_534_Project/install/ur_dashboard_msgs/include/ur_dashboard_msgs/ur_dashboard_msgs/srv/add_to_log.hpp\n'}
[13.845072] (harvest_interfaces) CommandEnded: {'returncode': 0}
[13.845599] (ur_dashboard_msgs) StdoutLine: {'line': b'-- Symlinking: /home/imml/git/ROB_534_Project/install/ur_dashboard_msgs/include/ur_dashboard_msgs/ur_dashboard_msgs/srv/detail/add_to_log__builder.hpp\n'}
[13.845824] (harvest_interfaces) JobProgress: {'identifier': 'harvest_interfaces', 'progress': 'install'}
[13.846158] (harvest_interfaces) Command: {'cmd': ['/usr/bin/cmake', '--install', '/home/imml/git/ROB_534_Project/build/harvest_interfaces'], 'cwd': '/home/imml/git/ROB_534_Project/build/harvest_interfaces', 'env': OrderedDict([('LESSOPEN', '| /usr/bin/lesspipe %s'), ('USER', 'imml'), ('XDG_SESSION_TYPE', 'wayland'), ('SHLVL', '1'), ('LD_LIBRARY_PATH', '/opt/ros/humble/opt/rviz_ogre_vendor/lib:/opt/ros/humble/lib/x86_64-linux-gnu:/opt/ros/humble/lib'), ('HOME', '/home/imml'), ('OLDPWD', '/home/imml'), ('DESKTOP_SESSION', 'ubuntu'), ('ROS_PYTHON_VERSION', '3'), ('GNOME_SHELL_SESSION_MODE', 'ubuntu'), ('GTK_MODULES', 'gail:atk-bridge'), ('SYSTEMD_EXEC_PID', '35967'), ('DBUS_SESSION_BUS_ADDRESS', 'unix:path=/run/user/1000/bus'), ('COLORTERM', 'truecolor'), ('IM_CONFIG_PHASE', '1'), ('WAYLAND_DISPLAY', 'wayland-0'), ('ROS_DISTRO', 'humble'), ('LOGNAME', 'imml'), ('_', '/usr/bin/colcon'), ('ROS_VERSION', '2'), ('XDG_SESSION_CLASS', 'user'), ('USERNAME', 'imml'), ('TERM', 'xterm-256color'), ('GNOME_DESKTOP_SESSION_ID', 'this-is-deprecated'), ('ROS_LOCALHOST_ONLY', '0'), ('PATH', '/opt/ros/humble/bin:/home/imml/.local/bin:/usr/local/sbin:/usr/local/bin:/usr/sbin:/usr/bin:/sbin:/bin:/usr/games:/usr/local/games:/snap/bin:/snap/bin'), ('SESSION_MANAGER', 'local/imml-ROG-Zephyrus:@/tmp/.ICE-unix/1689,unix/imml-ROG-Zephyrus:/tmp/.ICE-unix/1689'), ('XDG_MENU_PREFIX', 'gnome-'), ('GNOME_TERMINAL_SCREEN', '/org/gnome/Terminal/screen/00ec7be0_5807_4f11_8254_b2b90de30782'), ('GNOME_SETUP_DISPLAY', ':1'), ('XDG_RUNTIME_DIR', '/run/user/1000'), ('DISPLAY', ':0'), ('LANG', 'en_US.UTF-8'), ('XDG_CURRENT_DESKTOP', 'ubuntu:GNOME'), ('XMODIFIERS', '@im=ibus'), ('XDG_SESSION_DESKTOP', 'ubuntu'), ('XAUTHORITY', '/run/user/1000/.mutter-Xwaylandauth.48T012'), ('LS_COLORS', 'rs=0:di=01;34:ln=01;36:mh=00:pi=40;33:so=01;35:do=01;35:bd=40;33;01:cd=40;33;01:or=40;31;01:mi=00:su=37;41:sg=30;43:ca=30;41:tw=30;42:ow=34;42:st=37;44:ex=01;32:*.tar=01;31:*.tgz=01;31:*.arc=01;31:*.arj=01;31:*.taz=01;31:*.lha=01;31:*.lz4=01;31:*.lzh=01;31:*.lzma=01;31:*.tlz=01;31:*.txz=01;31:*.tzo=01;31:*.t7z=01;31:*.zip=01;31:*.z=01;31:*.dz=01;31:*.gz=01;31:*.lrz=01;31:*.lz=01;31:*.lzo=01;31:*.xz=01;31:*.zst=01;31:*.tzst=01;31:*.bz2=01;31:*.bz=01;31:*.tbz=01;31:*.tbz2=01;31:*.tz=01;31:*.deb=01;31:*.rpm=01;31:*.jar=01;31:*.war=01;31:*.ear=01;31:*.sar=01;31:*.rar=01;31:*.alz=01;31:*.ace=01;31:*.zoo=01;31:*.cpio=01;31:*.7z=01;31:*.rz=01;31:*.cab=01;31:*.wim=01;31:*.swm=01;31:*.dwm=01;31:*.esd=01;31:*.jpg=01;35:*.jpeg=01;35:*.mjpg=01;35:*.mjpeg=01;35:*.gif=01;35:*.bmp=01;35:*.pbm=01;35:*.pgm=01;35:*.ppm=01;35:*.tga=01;35:*.xbm=01;35:*.xpm=01;35:*.tif=01;35:*.tiff=01;35:*.png=01;35:*.svg=01;35:*.svgz=01;35:*.mng=01;35:*.pcx=01;35:*.mov=01;35:*.mpg=01;35:*.mpeg=01;35:*.m2v=01;35:*.mkv=01;35:*.webm=01;35:*.webp=01;35:*.ogm=01;35:*.mp4=01;35:*.m4v=01;35:*.mp4v=01;35:*.vob=01;35:*.qt=01;35:*.nuv=01;35:*.wmv=01;35:*.asf=01;35:*.rm=01;35:*.rmvb=01;35:*.flc=01;35:*.avi=01;35:*.fli=01;35:*.flv=01;35:*.gl=01;35:*.dl=01;35:*.xcf=01;35:*.xwd=01;35:*.yuv=01;35:*.cgm=01;35:*.emf=01;35:*.ogv=01;35:*.ogx=01;35:*.aac=00;36:*.au=00;36:*.flac=00;36:*.m4a=00;36:*.mid=00;36:*.midi=00;36:*.mka=00;36:*.mp3=00;36:*.mpc=00;36:*.ogg=00;36:*.ra=00;36:*.wav=00;36:*.oga=00;36:*.opus=00;36:*.spx=00;36:*.xspf=00;36:'), ('GNOME_TERMINAL_SERVICE', ':1.315'), ('SSH_AGENT_LAUNCHER', 'gnome-keyring'), ('SSH_AUTH_SOCK', '/run/user/1000/keyring/ssh'), ('AMENT_PREFIX_PATH', '/opt/ros/humble'), ('SHELL', '/bin/bash'), ('QT_ACCESSIBILITY', '1'), ('GDMSESSION', 'ubuntu'), ('LESSCLOSE', '/usr/bin/lesspipe %s %s'), ('QT_IM_MODULE', 'ibus'), ('PWD', '/home/imml/git/ROB_534_Project/build/harvest_interfaces'), ('LC_ALL', 'en_US.UTF-8'), ('XDG_CONFIG_DIRS', '/etc/xdg/xdg-ubuntu:/etc/xdg'), ('XDG_DATA_DIRS', '/usr/share/ubuntu:/usr/local/share/:/usr/share/:/var/lib/snapd/desktop'), ('PYTHONPATH', '/opt/ros/humble/lib/python3.10/site-packages:/opt/ros/humble/local/lib/python3.10/dist-packages'), ('COLCON', '1'), ('VTE_VERSION', '6800'), ('CMAKE_PREFIX_PATH', '/opt/ros/humble')]), 'shell': False}
[13.852162] (harvest_interfaces) StdoutLine: {'line': b'-- Install configuration: ""\n'}
[13.852537] (ur_dashboard_msgs) StdoutLine: {'line': b'-- Symlinking: /home/imml/git/ROB_534_Project/install/ur_dashboard_msgs/include/ur_dashboard_msgs/ur_dashboard_msgs/srv/detail/add_to_log__struct.hpp\n'}
[13.852780] (harvest_interfaces) StdoutLine: {'line': b'-- Execute custom install script\n'}
[13.853034] (harvest_interfaces) StdoutLine: {'line': b'-- Symlinking: /home/imml/git/ROB_534_Project/install/harvest_interfaces/share/ament_index/resource_index/rosidl_interfaces/harvest_interfaces\n'}
[13.859553] (ur_dashboard_msgs) StdoutLine: {'line': b'-- Symlinking: /home/imml/git/ROB_534_Project/install/ur_dashboard_msgs/include/ur_dashboard_msgs/ur_dashboard_msgs/srv/detail/add_to_log__traits.hpp\n'}
[13.860450] (harvest_interfaces) StdoutLine: {'line': b'-- Symlinking: /home/imml/git/ROB_534_Project/install/harvest_interfaces/include/harvest_interfaces/harvest_interfaces/action/detail/event_detection__functions.h\n'}
[13.866654] (ur_dashboard_msgs) StdoutLine: {'line': b'-- Symlinking: /home/imml/git/ROB_534_Project/install/ur_dashboard_msgs/include/ur_dashboard_msgs/ur_dashboard_msgs/srv/detail/add_to_log__type_support.hpp\n'}
[13.866832] (harvest_interfaces) StdoutLine: {'line': b'-- Symlinking: /home/imml/git/ROB_534_Project/install/harvest_interfaces/include/harvest_interfaces/harvest_interfaces/action/detail/event_detection__struct.h\n'}
[13.873771] (ur_dashboard_msgs) StdoutLine: {'line': b'-- Symlinking: /home/imml/git/ROB_534_Project/install/ur_dashboard_msgs/include/ur_dashboard_msgs/ur_dashboard_msgs/srv/detail/get_loaded_program__builder.hpp\n'}
[13.873954] (harvest_interfaces) StdoutLine: {'line': b'-- Symlinking: /home/imml/git/ROB_534_Project/install/harvest_interfaces/include/harvest_interfaces/harvest_interfaces/action/detail/event_detection__type_support.h\n'}
[13.875355] (-) TimerEvent: {}
[13.880895] (harvest_interfaces) StdoutLine: {'line': b'-- Symlinking: /home/imml/git/ROB_534_Project/install/harvest_interfaces/include/harvest_interfaces/harvest_interfaces/action/detail/send_trajectory__functions.h\n'}
[13.881032] (ur_dashboard_msgs) StdoutLine: {'line': b'-- Symlinking: /home/imml/git/ROB_534_Project/install/ur_dashboard_msgs/include/ur_dashboard_msgs/ur_dashboard_msgs/srv/detail/get_loaded_program__struct.hpp\n'}
[13.888118] (harvest_interfaces) StdoutLine: {'line': b'-- Symlinking: /home/imml/git/ROB_534_Project/install/harvest_interfaces/include/harvest_interfaces/harvest_interfaces/action/detail/send_trajectory__struct.h\n'}
[13.888303] (ur_dashboard_msgs) StdoutLine: {'line': b'-- Symlinking: /home/imml/git/ROB_534_Project/install/ur_dashboard_msgs/include/ur_dashboard_msgs/ur_dashboard_msgs/srv/detail/get_loaded_program__traits.hpp\n'}
[13.895148] (harvest_interfaces) StdoutLine: {'line': b'-- Symlinking: /home/imml/git/ROB_534_Project/install/harvest_interfaces/include/harvest_interfaces/harvest_interfaces/action/detail/send_trajectory__type_support.h\n'}
[13.895322] (ur_dashboard_msgs) StdoutLine: {'line': b'-- Symlinking: /home/imml/git/ROB_534_Project/install/ur_dashboard_msgs/include/ur_dashboard_msgs/ur_dashboard_msgs/srv/detail/get_loaded_program__type_support.hpp\n'}
[13.902497] (ur_dashboard_msgs) StdoutLine: {'line': b'-- Symlinking: /home/imml/git/ROB_534_Project/install/ur_dashboard_msgs/include/ur_dashboard_msgs/ur_dashboard_msgs/srv/detail/get_program_state__builder.hpp\n'}
[13.902639] (harvest_interfaces) StdoutLine: {'line': b'-- Symlinking: /home/imml/git/ROB_534_Project/install/harvest_interfaces/include/harvest_interfaces/harvest_interfaces/action/event_detection.h\n'}
[13.909606] (ur_dashboard_msgs) StdoutLine: {'line': b'-- Symlinking: /home/imml/git/ROB_534_Project/install/ur_dashboard_msgs/include/ur_dashboard_msgs/ur_dashboard_msgs/srv/detail/get_program_state__struct.hpp\n'}
[13.909758] (harvest_interfaces) StdoutLine: {'line': b'-- Symlinking: /home/imml/git/ROB_534_Project/install/harvest_interfaces/include/harvest_interfaces/harvest_interfaces/action/send_trajectory.h\n'}
[13.916791] (ur_dashboard_msgs) StdoutLine: {'line': b'-- Symlinking: /home/imml/git/ROB_534_Project/install/ur_dashboard_msgs/include/ur_dashboard_msgs/ur_dashboard_msgs/srv/detail/get_program_state__traits.hpp\n'}
[13.916945] (harvest_interfaces) StdoutLine: {'line': b'-- Symlinking: /home/imml/git/ROB_534_Project/install/harvest_interfaces/include/harvest_interfaces/harvest_interfaces/msg/rosidl_generator_c__visibility_control.h\n'}
[13.924352] (ur_dashboard_msgs) StdoutLine: {'line': b'-- Symlinking: /home/imml/git/ROB_534_Project/install/ur_dashboard_msgs/include/ur_dashboard_msgs/ur_dashboard_msgs/srv/detail/get_program_state__type_support.hpp\n'}
[13.924532] (harvest_interfaces) StdoutLine: {'line': b'-- Symlinking: /home/imml/git/ROB_534_Project/install/harvest_interfaces/include/harvest_interfaces/harvest_interfaces/srv/apple_prediction.h\n'}
[13.931819] (ur_dashboard_msgs) StdoutLine: {'line': b'-- Symlinking: /home/imml/git/ROB_534_Project/install/ur_dashboard_msgs/include/ur_dashboard_msgs/ur_dashboard_msgs/srv/detail/get_robot_mode__builder.hpp\n'}
[13.931961] (harvest_interfaces) StdoutLine: {'line': b'-- Symlinking: /home/imml/git/ROB_534_Project/install/harvest_interfaces/include/harvest_interfaces/harvest_interfaces/srv/coordinate_to_trajectory.h\n'}
[13.939093] (ur_dashboard_msgs) StdoutLine: {'line': b'-- Symlinking: /home/imml/git/ROB_534_Project/install/ur_dashboard_msgs/include/ur_dashboard_msgs/ur_dashboard_msgs/srv/detail/get_robot_mode__struct.hpp\n'}
[13.939241] (harvest_interfaces) StdoutLine: {'line': b'-- Symlinking: /home/imml/git/ROB_534_Project/install/harvest_interfaces/include/harvest_interfaces/harvest_interfaces/srv/detail/apple_prediction__functions.h\n'}
[13.946388] (ur_dashboard_msgs) StdoutLine: {'line': b'-- Symlinking: /home/imml/git/ROB_534_Project/install/ur_dashboard_msgs/include/ur_dashboard_msgs/ur_dashboard_msgs/srv/detail/get_robot_mode__traits.hpp\n'}
[13.946533] (harvest_interfaces) StdoutLine: {'line': b'-- Symlinking: /home/imml/git/ROB_534_Project/install/harvest_interfaces/include/harvest_interfaces/harvest_interfaces/srv/detail/apple_prediction__struct.h\n'}
[13.953887] (harvest_interfaces) StdoutLine: {'line': b'-- Symlinking: /home/imml/git/ROB_534_Project/install/harvest_interfaces/include/harvest_interfaces/harvest_interfaces/srv/detail/apple_prediction__type_support.h\n'}
[13.954014] (ur_dashboard_msgs) StdoutLine: {'line': b'-- Symlinking: /home/imml/git/ROB_534_Project/install/ur_dashboard_msgs/include/ur_dashboard_msgs/ur_dashboard_msgs/srv/detail/get_robot_mode__type_support.hpp\n'}
[13.961130] (ur_dashboard_msgs) StdoutLine: {'line': b'-- Symlinking: /home/imml/git/ROB_534_Project/install/ur_dashboard_msgs/include/ur_dashboard_msgs/ur_dashboard_msgs/srv/detail/get_safety_mode__builder.hpp\n'}
[13.961281] (harvest_interfaces) StdoutLine: {'line': b'-- Symlinking: /home/imml/git/ROB_534_Project/install/harvest_interfaces/include/harvest_interfaces/harvest_interfaces/srv/detail/coordinate_to_trajectory__functions.h\n'}
[13.968560] (harvest_interfaces) StdoutLine: {'line': b'-- Symlinking: /home/imml/git/ROB_534_Project/install/harvest_interfaces/include/harvest_interfaces/harvest_interfaces/srv/detail/coordinate_to_trajectory__struct.h\n'}
[13.968694] (ur_dashboard_msgs) StdoutLine: {'line': b'-- Symlinking: /home/imml/git/ROB_534_Project/install/ur_dashboard_msgs/include/ur_dashboard_msgs/ur_dashboard_msgs/srv/detail/get_safety_mode__struct.hpp\n'}
[13.975435] (-) TimerEvent: {}
[13.975864] (ur_dashboard_msgs) StdoutLine: {'line': b'-- Symlinking: /home/imml/git/ROB_534_Project/install/ur_dashboard_msgs/include/ur_dashboard_msgs/ur_dashboard_msgs/srv/detail/get_safety_mode__traits.hpp\n'}
[13.975987] (harvest_interfaces) StdoutLine: {'line': b'-- Symlinking: /home/imml/git/ROB_534_Project/install/harvest_interfaces/include/harvest_interfaces/harvest_interfaces/srv/detail/coordinate_to_trajectory__type_support.h\n'}
[13.983096] (harvest_interfaces) StdoutLine: {'line': b'-- Symlinking: /home/imml/git/ROB_534_Project/install/harvest_interfaces/include/harvest_interfaces/harvest_interfaces/srv/detail/final_approach_linear__functions.h\n'}
[13.983241] (ur_dashboard_msgs) StdoutLine: {'line': b'-- Symlinking: /home/imml/git/ROB_534_Project/install/ur_dashboard_msgs/include/ur_dashboard_msgs/ur_dashboard_msgs/srv/detail/get_safety_mode__type_support.hpp\n'}
[13.990155] (harvest_interfaces) StdoutLine: {'line': b'-- Symlinking: /home/imml/git/ROB_534_Project/install/harvest_interfaces/include/harvest_interfaces/harvest_interfaces/srv/detail/final_approach_linear__struct.h\n'}
[13.990291] (ur_dashboard_msgs) StdoutLine: {'line': b'-- Symlinking: /home/imml/git/ROB_534_Project/install/ur_dashboard_msgs/include/ur_dashboard_msgs/ur_dashboard_msgs/srv/detail/is_program_running__builder.hpp\n'}
[13.997241] (ur_dashboard_msgs) StdoutLine: {'line': b'-- Symlinking: /home/imml/git/ROB_534_Project/install/ur_dashboard_msgs/include/ur_dashboard_msgs/ur_dashboard_msgs/srv/detail/is_program_running__struct.hpp\n'}
[13.997393] (harvest_interfaces) StdoutLine: {'line': b'-- Symlinking: /home/imml/git/ROB_534_Project/install/harvest_interfaces/include/harvest_interfaces/harvest_interfaces/srv/detail/final_approach_linear__type_support.h\n'}
[14.004763] (ur_dashboard_msgs) StdoutLine: {'line': b'-- Symlinking: /home/imml/git/ROB_534_Project/install/ur_dashboard_msgs/include/ur_dashboard_msgs/ur_dashboard_msgs/srv/detail/is_program_running__traits.hpp\n'}
[14.004908] (harvest_interfaces) StdoutLine: {'line': b'-- Symlinking: /home/imml/git/ROB_534_Project/install/harvest_interfaces/include/harvest_interfaces/harvest_interfaces/srv/detail/get_gripper_pose__functions.h\n'}
[14.011839] (harvest_interfaces) StdoutLine: {'line': b'-- Symlinking: /home/imml/git/ROB_534_Project/install/harvest_interfaces/include/harvest_interfaces/harvest_interfaces/srv/detail/get_gripper_pose__struct.h\n'}
[14.011974] (ur_dashboard_msgs) StdoutLine: {'line': b'-- Symlinking: /home/imml/git/ROB_534_Project/install/ur_dashboard_msgs/include/ur_dashboard_msgs/ur_dashboard_msgs/srv/detail/is_program_running__type_support.hpp\n'}
[14.019016] (harvest_interfaces) StdoutLine: {'line': b'-- Symlinking: /home/imml/git/ROB_534_Project/install/harvest_interfaces/include/harvest_interfaces/harvest_interfaces/srv/detail/get_gripper_pose__type_support.h\n'}
[14.019161] (ur_dashboard_msgs) StdoutLine: {'line': b'-- Symlinking: /home/imml/git/ROB_534_Project/install/ur_dashboard_msgs/include/ur_dashboard_msgs/ur_dashboard_msgs/srv/detail/is_program_saved__builder.hpp\n'}
[14.026083] (harvest_interfaces) StdoutLine: {'line': b'-- Symlinking: /home/imml/git/ROB_534_Project/install/harvest_interfaces/include/harvest_interfaces/harvest_interfaces/srv/detail/move_to_pose__functions.h\n'}
[14.026224] (ur_dashboard_msgs) StdoutLine: {'line': b'-- Symlinking: /home/imml/git/ROB_534_Project/install/ur_dashboard_msgs/include/ur_dashboard_msgs/ur_dashboard_msgs/srv/detail/is_program_saved__struct.hpp\n'}
[14.033099] (ur_dashboard_msgs) StdoutLine: {'line': b'-- Symlinking: /home/imml/git/ROB_534_Project/install/ur_dashboard_msgs/include/ur_dashboard_msgs/ur_dashboard_msgs/srv/detail/is_program_saved__traits.hpp\n'}
[14.033564] (harvest_interfaces) StdoutLine: {'line': b'-- Symlinking: /home/imml/git/ROB_534_Project/install/harvest_interfaces/include/harvest_interfaces/harvest_interfaces/srv/detail/move_to_pose__struct.h\n'}
[14.040211] (harvest_interfaces) StdoutLine: {'line': b'-- Symlinking: /home/imml/git/ROB_534_Project/install/harvest_interfaces/include/harvest_interfaces/harvest_interfaces/srv/detail/move_to_pose__type_support.h\n'}
[14.040366] (ur_dashboard_msgs) StdoutLine: {'line': b'-- Symlinking: /home/imml/git/ROB_534_Project/install/ur_dashboard_msgs/include/ur_dashboard_msgs/ur_dashboard_msgs/srv/detail/is_program_saved__type_support.hpp\n'}
[14.047065] (harvest_interfaces) StdoutLine: {'line': b'-- Symlinking: /home/imml/git/ROB_534_Project/install/harvest_interfaces/include/harvest_interfaces/harvest_interfaces/srv/detail/record_topics__functions.h\n'}
[14.047200] (ur_dashboard_msgs) StdoutLine: {'line': b'-- Symlinking: /home/imml/git/ROB_534_Project/install/ur_dashboard_msgs/include/ur_dashboard_msgs/ur_dashboard_msgs/srv/detail/load__builder.hpp\n'}
[14.053989] (ur_dashboard_msgs) StdoutLine: {'line': b'-- Symlinking: /home/imml/git/ROB_534_Project/install/ur_dashboard_msgs/include/ur_dashboard_msgs/ur_dashboard_msgs/srv/detail/load__struct.hpp\n'}
[14.054128] (harvest_interfaces) StdoutLine: {'line': b'-- Symlinking: /home/imml/git/ROB_534_Project/install/harvest_interfaces/include/harvest_interfaces/harvest_interfaces/srv/detail/record_topics__struct.h\n'}
[14.060634] (ur_dashboard_msgs) StdoutLine: {'line': b'-- Symlinking: /home/imml/git/ROB_534_Project/install/ur_dashboard_msgs/include/ur_dashboard_msgs/ur_dashboard_msgs/srv/detail/load__traits.hpp\n'}
[14.060730] (harvest_interfaces) StdoutLine: {'line': b'-- Symlinking: /home/imml/git/ROB_534_Project/install/harvest_interfaces/include/harvest_interfaces/harvest_interfaces/srv/detail/record_topics__type_support.h\n'}
[14.067731] (ur_dashboard_msgs) StdoutLine: {'line': b'-- Symlinking: /home/imml/git/ROB_534_Project/install/ur_dashboard_msgs/include/ur_dashboard_msgs/ur_dashboard_msgs/srv/detail/load__type_support.hpp\n'}
[14.067834] (harvest_interfaces) StdoutLine: {'line': b'-- Symlinking: /home/imml/git/ROB_534_Project/install/harvest_interfaces/include/harvest_interfaces/harvest_interfaces/srv/detail/send_trajectory__functions.h\n'}
[14.074923] (harvest_interfaces) StdoutLine: {'line': b'-- Symlinking: /home/imml/git/ROB_534_Project/install/harvest_interfaces/include/harvest_interfaces/harvest_interfaces/srv/detail/send_trajectory__struct.h\n'}
[14.075052] (ur_dashboard_msgs) StdoutLine: {'line': b'-- Symlinking: /home/imml/git/ROB_534_Project/install/ur_dashboard_msgs/include/ur_dashboard_msgs/ur_dashboard_msgs/srv/detail/popup__builder.hpp\n'}
[14.075493] (-) TimerEvent: {}
[14.082173] (harvest_interfaces) StdoutLine: {'line': b'-- Symlinking: /home/imml/git/ROB_534_Project/install/harvest_interfaces/include/harvest_interfaces/harvest_interfaces/srv/detail/send_trajectory__type_support.h\n'}
[14.082310] (ur_dashboard_msgs) StdoutLine: {'line': b'-- Symlinking: /home/imml/git/ROB_534_Project/install/ur_dashboard_msgs/include/ur_dashboard_msgs/ur_dashboard_msgs/srv/detail/popup__struct.hpp\n'}
[14.088924] (ur_dashboard_msgs) StdoutLine: {'line': b'-- Symlinking: /home/imml/git/ROB_534_Project/install/ur_dashboard_msgs/include/ur_dashboard_msgs/ur_dashboard_msgs/srv/detail/popup__traits.hpp\n'}
[14.089064] (harvest_interfaces) StdoutLine: {'line': b'-- Symlinking: /home/imml/git/ROB_534_Project/install/harvest_interfaces/include/harvest_interfaces/harvest_interfaces/srv/detail/set_value__functions.h\n'}
[14.095922] (harvest_interfaces) StdoutLine: {'line': b'-- Symlinking: /home/imml/git/ROB_534_Project/install/harvest_interfaces/include/harvest_interfaces/harvest_interfaces/srv/detail/set_value__struct.h\n'}
[14.096040] (ur_dashboard_msgs) StdoutLine: {'line': b'-- Symlinking: /home/imml/git/ROB_534_Project/install/ur_dashboard_msgs/include/ur_dashboard_msgs/ur_dashboard_msgs/srv/detail/popup__type_support.hpp\n'}
[14.102791] (harvest_interfaces) StdoutLine: {'line': b'-- Symlinking: /home/imml/git/ROB_534_Project/install/harvest_interfaces/include/harvest_interfaces/harvest_interfaces/srv/detail/set_value__type_support.h\n'}
[14.102933] (ur_dashboard_msgs) StdoutLine: {'line': b'-- Symlinking: /home/imml/git/ROB_534_Project/install/ur_dashboard_msgs/include/ur_dashboard_msgs/ur_dashboard_msgs/srv/detail/raw_request__builder.hpp\n'}
[14.109819] (harvest_interfaces) StdoutLine: {'line': b'-- Symlinking: /home/imml/git/ROB_534_Project/install/harvest_interfaces/include/harvest_interfaces/harvest_interfaces/srv/detail/trajectory_between_points__functions.h\n'}
[14.109941] (ur_dashboard_msgs) StdoutLine: {'line': b'-- Symlinking: /home/imml/git/ROB_534_Project/install/ur_dashboard_msgs/include/ur_dashboard_msgs/ur_dashboard_msgs/srv/detail/raw_request__struct.hpp\n'}
[14.116719] (ur_dashboard_msgs) StdoutLine: {'line': b'-- Symlinking: /home/imml/git/ROB_534_Project/install/ur_dashboard_msgs/include/ur_dashboard_msgs/ur_dashboard_msgs/srv/detail/raw_request__traits.hpp\n'}
[14.116859] (harvest_interfaces) StdoutLine: {'line': b'-- Symlinking: /home/imml/git/ROB_534_Project/install/harvest_interfaces/include/harvest_interfaces/harvest_interfaces/srv/detail/trajectory_between_points__struct.h\n'}
[14.123706] (ur_dashboard_msgs) StdoutLine: {'line': b'-- Symlinking: /home/imml/git/ROB_534_Project/install/ur_dashboard_msgs/include/ur_dashboard_msgs/ur_dashboard_msgs/srv/detail/raw_request__type_support.hpp\n'}
[14.123849] (harvest_interfaces) StdoutLine: {'line': b'-- Symlinking: /home/imml/git/ROB_534_Project/install/harvest_interfaces/include/harvest_interfaces/harvest_interfaces/srv/detail/trajectory_between_points__type_support.h\n'}
[14.130607] (ur_dashboard_msgs) StdoutLine: {'line': b'-- Symlinking: /home/imml/git/ROB_534_Project/install/ur_dashboard_msgs/include/ur_dashboard_msgs/ur_dashboard_msgs/srv/get_loaded_program.hpp\n'}
[14.130727] (harvest_interfaces) StdoutLine: {'line': b'-- Symlinking: /home/imml/git/ROB_534_Project/install/harvest_interfaces/include/harvest_interfaces/harvest_interfaces/srv/detail/update_trellis_position__functions.h\n'}
[14.137423] (harvest_interfaces) StdoutLine: {'line': b'-- Symlinking: /home/imml/git/ROB_534_Project/install/harvest_interfaces/include/harvest_interfaces/harvest_interfaces/srv/detail/update_trellis_position__struct.h\n'}
[14.137569] (ur_dashboard_msgs) StdoutLine: {'line': b'-- Symlinking: /home/imml/git/ROB_534_Project/install/ur_dashboard_msgs/include/ur_dashboard_msgs/ur_dashboard_msgs/srv/get_program_state.hpp\n'}
[14.144486] (ur_dashboard_msgs) StdoutLine: {'line': b'-- Symlinking: /home/imml/git/ROB_534_Project/install/ur_dashboard_msgs/include/ur_dashboard_msgs/ur_dashboard_msgs/srv/get_robot_mode.hpp\n'}
[14.144606] (harvest_interfaces) StdoutLine: {'line': b'-- Symlinking: /home/imml/git/ROB_534_Project/install/harvest_interfaces/include/harvest_interfaces/harvest_interfaces/srv/detail/update_trellis_position__type_support.h\n'}
[14.151507] (ur_dashboard_msgs) StdoutLine: {'line': b'-- Symlinking: /home/imml/git/ROB_534_Project/install/ur_dashboard_msgs/include/ur_dashboard_msgs/ur_dashboard_msgs/srv/get_safety_mode.hpp\n'}
[14.151631] (harvest_interfaces) StdoutLine: {'line': b'-- Symlinking: /home/imml/git/ROB_534_Project/install/harvest_interfaces/include/harvest_interfaces/harvest_interfaces/srv/detail/voxel_grid__functions.h\n'}
[14.158465] (harvest_interfaces) StdoutLine: {'line': b'-- Symlinking: /home/imml/git/ROB_534_Project/install/harvest_interfaces/include/harvest_interfaces/harvest_interfaces/srv/detail/voxel_grid__struct.h\n'}
[14.158586] (ur_dashboard_msgs) StdoutLine: {'line': b'-- Symlinking: /home/imml/git/ROB_534_Project/install/ur_dashboard_msgs/include/ur_dashboard_msgs/ur_dashboard_msgs/srv/is_program_running.hpp\n'}
[14.165572] (ur_dashboard_msgs) StdoutLine: {'line': b'-- Symlinking: /home/imml/git/ROB_534_Project/install/ur_dashboard_msgs/include/ur_dashboard_msgs/ur_dashboard_msgs/srv/is_program_saved.hpp\n'}
[14.165725] (harvest_interfaces) StdoutLine: {'line': b'-- Symlinking: /home/imml/git/ROB_534_Project/install/harvest_interfaces/include/harvest_interfaces/harvest_interfaces/srv/detail/voxel_grid__type_support.h\n'}
[14.172795] (harvest_interfaces) StdoutLine: {'line': b'-- Symlinking: /home/imml/git/ROB_534_Project/install/harvest_interfaces/include/harvest_interfaces/harvest_interfaces/srv/detail/voxel_mask__functions.h\n'}
[14.172913] (ur_dashboard_msgs) StdoutLine: {'line': b'-- Symlinking: /home/imml/git/ROB_534_Project/install/ur_dashboard_msgs/include/ur_dashboard_msgs/ur_dashboard_msgs/srv/load.hpp\n'}
[14.175578] (-) TimerEvent: {}
[14.179679] (harvest_interfaces) StdoutLine: {'line': b'-- Symlinking: /home/imml/git/ROB_534_Project/install/harvest_interfaces/include/harvest_interfaces/harvest_interfaces/srv/detail/voxel_mask__struct.h\n'}
[14.179792] (ur_dashboard_msgs) StdoutLine: {'line': b'-- Symlinking: /home/imml/git/ROB_534_Project/install/ur_dashboard_msgs/include/ur_dashboard_msgs/ur_dashboard_msgs/srv/popup.hpp\n'}
[14.186623] (harvest_interfaces) StdoutLine: {'line': b'-- Symlinking: /home/imml/git/ROB_534_Project/install/harvest_interfaces/include/harvest_interfaces/harvest_interfaces/srv/detail/voxel_mask__type_support.h\n'}
[14.186749] (ur_dashboard_msgs) StdoutLine: {'line': b'-- Symlinking: /home/imml/git/ROB_534_Project/install/ur_dashboard_msgs/include/ur_dashboard_msgs/ur_dashboard_msgs/srv/raw_request.hpp\n'}
[14.193615] (harvest_interfaces) StdoutLine: {'line': b'-- Symlinking: /home/imml/git/ROB_534_Project/install/harvest_interfaces/include/harvest_interfaces/harvest_interfaces/srv/final_approach_linear.h\n'}
[14.194542] (ur_dashboard_msgs) StdoutLine: {'line': b'-- Symlinking: /home/imml/git/ROB_534_Project/install/ur_dashboard_msgs/include/ur_dashboard_msgs/ur_dashboard_msgs/action/detail/set_mode__rosidl_typesupport_fastrtps_cpp.hpp\n'}
[14.200802] (harvest_interfaces) StdoutLine: {'line': b'-- Symlinking: /home/imml/git/ROB_534_Project/install/harvest_interfaces/include/harvest_interfaces/harvest_interfaces/srv/get_gripper_pose.h\n'}
[14.201481] (ur_dashboard_msgs) StdoutLine: {'line': b'-- Symlinking: /home/imml/git/ROB_534_Project/install/ur_dashboard_msgs/include/ur_dashboard_msgs/ur_dashboard_msgs/msg/detail/program_state__rosidl_typesupport_fastrtps_cpp.hpp\n'}
[14.208423] (harvest_interfaces) StdoutLine: {'line': b'-- Symlinking: /home/imml/git/ROB_534_Project/install/harvest_interfaces/include/harvest_interfaces/harvest_interfaces/srv/move_to_pose.h\n'}
[14.208589] (ur_dashboard_msgs) StdoutLine: {'line': b'-- Symlinking: /home/imml/git/ROB_534_Project/install/ur_dashboard_msgs/include/ur_dashboard_msgs/ur_dashboard_msgs/msg/detail/robot_mode__rosidl_typesupport_fastrtps_cpp.hpp\n'}
[14.215986] (ur_dashboard_msgs) StdoutLine: {'line': b'-- Symlinking: /home/imml/git/ROB_534_Project/install/ur_dashboard_msgs/include/ur_dashboard_msgs/ur_dashboard_msgs/msg/detail/safety_mode__rosidl_typesupport_fastrtps_cpp.hpp\n'}
[14.216195] (harvest_interfaces) StdoutLine: {'line': b'-- Symlinking: /home/imml/git/ROB_534_Project/install/harvest_interfaces/include/harvest_interfaces/harvest_interfaces/srv/record_topics.h\n'}
[14.223522] (harvest_interfaces) StdoutLine: {'line': b'-- Symlinking: /home/imml/git/ROB_534_Project/install/harvest_interfaces/include/harvest_interfaces/harvest_interfaces/srv/send_trajectory.h\n'}
[14.223662] (ur_dashboard_msgs) StdoutLine: {'line': b'-- Symlinking: /home/imml/git/ROB_534_Project/install/ur_dashboard_msgs/include/ur_dashboard_msgs/ur_dashboard_msgs/msg/rosidl_typesupport_fastrtps_cpp__visibility_control.h\n'}
[14.230769] (ur_dashboard_msgs) StdoutLine: {'line': b'-- Symlinking: /home/imml/git/ROB_534_Project/install/ur_dashboard_msgs/include/ur_dashboard_msgs/ur_dashboard_msgs/srv/detail/add_to_log__rosidl_typesupport_fastrtps_cpp.hpp\n'}
[14.230897] (harvest_interfaces) StdoutLine: {'line': b'-- Symlinking: /home/imml/git/ROB_534_Project/install/harvest_interfaces/include/harvest_interfaces/harvest_interfaces/srv/set_value.h\n'}
[14.237760] (harvest_interfaces) StdoutLine: {'line': b'-- Symlinking: /home/imml/git/ROB_534_Project/install/harvest_interfaces/include/harvest_interfaces/harvest_interfaces/srv/trajectory_between_points.h\n'}
[14.237916] (ur_dashboard_msgs) StdoutLine: {'line': b'-- Symlinking: /home/imml/git/ROB_534_Project/install/ur_dashboard_msgs/include/ur_dashboard_msgs/ur_dashboard_msgs/srv/detail/get_loaded_program__rosidl_typesupport_fastrtps_cpp.hpp\n'}
[14.244773] (harvest_interfaces) StdoutLine: {'line': b'-- Symlinking: /home/imml/git/ROB_534_Project/install/harvest_interfaces/include/harvest_interfaces/harvest_interfaces/srv/update_trellis_position.h\n'}
[14.244916] (ur_dashboard_msgs) StdoutLine: {'line': b'-- Symlinking: /home/imml/git/ROB_534_Project/install/ur_dashboard_msgs/include/ur_dashboard_msgs/ur_dashboard_msgs/srv/detail/get_program_state__rosidl_typesupport_fastrtps_cpp.hpp\n'}
[14.251598] (ur_dashboard_msgs) StdoutLine: {'line': b'-- Symlinking: /home/imml/git/ROB_534_Project/install/ur_dashboard_msgs/include/ur_dashboard_msgs/ur_dashboard_msgs/srv/detail/get_robot_mode__rosidl_typesupport_fastrtps_cpp.hpp\n'}
[14.251726] (harvest_interfaces) StdoutLine: {'line': b'-- Symlinking: /home/imml/git/ROB_534_Project/install/harvest_interfaces/include/harvest_interfaces/harvest_interfaces/srv/voxel_grid.h\n'}
[14.258639] (harvest_interfaces) StdoutLine: {'line': b'-- Symlinking: /home/imml/git/ROB_534_Project/install/harvest_interfaces/include/harvest_interfaces/harvest_interfaces/srv/voxel_mask.h\n'}
[14.258762] (ur_dashboard_msgs) StdoutLine: {'line': b'-- Symlinking: /home/imml/git/ROB_534_Project/install/ur_dashboard_msgs/include/ur_dashboard_msgs/ur_dashboard_msgs/srv/detail/get_safety_mode__rosidl_typesupport_fastrtps_cpp.hpp\n'}
[14.265881] (ur_dashboard_msgs) StdoutLine: {'line': b'-- Symlinking: /home/imml/git/ROB_534_Project/install/ur_dashboard_msgs/include/ur_dashboard_msgs/ur_dashboard_msgs/srv/detail/is_program_running__rosidl_typesupport_fastrtps_cpp.hpp\n'}
[14.266199] (harvest_interfaces) StdoutLine: {'line': b'-- Symlinking: /home/imml/git/ROB_534_Project/install/harvest_interfaces/share/harvest_interfaces/environment/library_path.sh\n'}
[14.273160] (harvest_interfaces) StdoutLine: {'line': b'-- Symlinking: /home/imml/git/ROB_534_Project/install/harvest_interfaces/share/harvest_interfaces/environment/library_path.dsv\n'}
[14.273321] (ur_dashboard_msgs) StdoutLine: {'line': b'-- Symlinking: /home/imml/git/ROB_534_Project/install/ur_dashboard_msgs/include/ur_dashboard_msgs/ur_dashboard_msgs/srv/detail/is_program_saved__rosidl_typesupport_fastrtps_cpp.hpp\n'}
[14.275644] (-) TimerEvent: {}
[14.280476] (ur_dashboard_msgs) StdoutLine: {'line': b'-- Symlinking: /home/imml/git/ROB_534_Project/install/ur_dashboard_msgs/include/ur_dashboard_msgs/ur_dashboard_msgs/srv/detail/load__rosidl_typesupport_fastrtps_cpp.hpp\n'}
[14.281070] (harvest_interfaces) StdoutLine: {'line': b'-- Symlinking: /home/imml/git/ROB_534_Project/install/harvest_interfaces/include/harvest_interfaces/harvest_interfaces/action/detail/event_detection__rosidl_typesupport_fastrtps_c.h\n'}
[14.287694] (ur_dashboard_msgs) StdoutLine: {'line': b'-- Symlinking: /home/imml/git/ROB_534_Project/install/ur_dashboard_msgs/include/ur_dashboard_msgs/ur_dashboard_msgs/srv/detail/popup__rosidl_typesupport_fastrtps_cpp.hpp\n'}
[14.287943] (harvest_interfaces) StdoutLine: {'line': b'-- Symlinking: /home/imml/git/ROB_534_Project/install/harvest_interfaces/include/harvest_interfaces/harvest_interfaces/action/detail/send_trajectory__rosidl_typesupport_fastrtps_c.h\n'}
[14.294741] (harvest_interfaces) StdoutLine: {'line': b'-- Symlinking: /home/imml/git/ROB_534_Project/install/harvest_interfaces/include/harvest_interfaces/harvest_interfaces/msg/rosidl_typesupport_fastrtps_c__visibility_control.h\n'}
[14.294885] (ur_dashboard_msgs) StdoutLine: {'line': b'-- Symlinking: /home/imml/git/ROB_534_Project/install/ur_dashboard_msgs/include/ur_dashboard_msgs/ur_dashboard_msgs/srv/detail/raw_request__rosidl_typesupport_fastrtps_cpp.hpp\n'}
[14.302154] (harvest_interfaces) StdoutLine: {'line': b'-- Symlinking: /home/imml/git/ROB_534_Project/install/harvest_interfaces/include/harvest_interfaces/harvest_interfaces/srv/detail/apple_prediction__rosidl_typesupport_fastrtps_c.h\n'}
[14.302522] (ur_dashboard_msgs) StdoutLine: {'line': b'-- Symlinking: /home/imml/git/ROB_534_Project/install/ur_dashboard_msgs/include/ur_dashboard_msgs/ur_dashboard_msgs/action/detail/set_mode__rosidl_typesupport_introspection_cpp.hpp\n'}
[14.309883] (harvest_interfaces) StdoutLine: {'line': b'-- Symlinking: /home/imml/git/ROB_534_Project/install/harvest_interfaces/include/harvest_interfaces/harvest_interfaces/srv/detail/coordinate_to_trajectory__rosidl_typesupport_fastrtps_c.h\n'}
[14.310113] (ur_dashboard_msgs) StdoutLine: {'line': b'-- Symlinking: /home/imml/git/ROB_534_Project/install/ur_dashboard_msgs/include/ur_dashboard_msgs/ur_dashboard_msgs/msg/detail/program_state__rosidl_typesupport_introspection_cpp.hpp\n'}
[14.317775] (ur_dashboard_msgs) StdoutLine: {'line': b'-- Symlinking: /home/imml/git/ROB_534_Project/install/ur_dashboard_msgs/include/ur_dashboard_msgs/ur_dashboard_msgs/msg/detail/robot_mode__rosidl_typesupport_introspection_cpp.hpp\n'}
[14.317963] (harvest_interfaces) StdoutLine: {'line': b'-- Symlinking: /home/imml/git/ROB_534_Project/install/harvest_interfaces/include/harvest_interfaces/harvest_interfaces/srv/detail/final_approach_linear__rosidl_typesupport_fastrtps_c.h\n'}
[14.325446] (harvest_interfaces) StdoutLine: {'line': b'-- Symlinking: /home/imml/git/ROB_534_Project/install/harvest_interfaces/include/harvest_interfaces/harvest_interfaces/srv/detail/get_gripper_pose__rosidl_typesupport_fastrtps_c.h\n'}
[14.325589] (ur_dashboard_msgs) StdoutLine: {'line': b'-- Symlinking: /home/imml/git/ROB_534_Project/install/ur_dashboard_msgs/include/ur_dashboard_msgs/ur_dashboard_msgs/msg/detail/safety_mode__rosidl_typesupport_introspection_cpp.hpp\n'}
[14.332935] (harvest_interfaces) StdoutLine: {'line': b'-- Symlinking: /home/imml/git/ROB_534_Project/install/harvest_interfaces/include/harvest_interfaces/harvest_interfaces/srv/detail/move_to_pose__rosidl_typesupport_fastrtps_c.h\n'}
[14.333086] (ur_dashboard_msgs) StdoutLine: {'line': b'-- Symlinking: /home/imml/git/ROB_534_Project/install/ur_dashboard_msgs/include/ur_dashboard_msgs/ur_dashboard_msgs/srv/detail/add_to_log__rosidl_typesupport_introspection_cpp.hpp\n'}
[14.340277] (harvest_interfaces) StdoutLine: {'line': b'-- Symlinking: /home/imml/git/ROB_534_Project/install/harvest_interfaces/include/harvest_interfaces/harvest_interfaces/srv/detail/record_topics__rosidl_typesupport_fastrtps_c.h\n'}
[14.340404] (ur_dashboard_msgs) StdoutLine: {'line': b'-- Symlinking: /home/imml/git/ROB_534_Project/install/ur_dashboard_msgs/include/ur_dashboard_msgs/ur_dashboard_msgs/srv/detail/get_loaded_program__rosidl_typesupport_introspection_cpp.hpp\n'}
[14.347623] (ur_dashboard_msgs) StdoutLine: {'line': b'-- Symlinking: /home/imml/git/ROB_534_Project/install/ur_dashboard_msgs/include/ur_dashboard_msgs/ur_dashboard_msgs/srv/detail/get_program_state__rosidl_typesupport_introspection_cpp.hpp\n'}
[14.347844] (harvest_interfaces) StdoutLine: {'line': b'-- Symlinking: /home/imml/git/ROB_534_Project/install/harvest_interfaces/include/harvest_interfaces/harvest_interfaces/srv/detail/send_trajectory__rosidl_typesupport_fastrtps_c.h\n'}
[14.355104] (ur_dashboard_msgs) StdoutLine: {'line': b'-- Symlinking: /home/imml/git/ROB_534_Project/install/ur_dashboard_msgs/include/ur_dashboard_msgs/ur_dashboard_msgs/srv/detail/get_robot_mode__rosidl_typesupport_introspection_cpp.hpp\n'}
[14.355256] (harvest_interfaces) StdoutLine: {'line': b'-- Symlinking: /home/imml/git/ROB_534_Project/install/harvest_interfaces/include/harvest_interfaces/harvest_interfaces/srv/detail/set_value__rosidl_typesupport_fastrtps_c.h\n'}
[14.362547] (ur_dashboard_msgs) StdoutLine: {'line': b'-- Symlinking: /home/imml/git/ROB_534_Project/install/ur_dashboard_msgs/include/ur_dashboard_msgs/ur_dashboard_msgs/srv/detail/get_safety_mode__rosidl_typesupport_introspection_cpp.hpp\n'}
[14.362683] (harvest_interfaces) StdoutLine: {'line': b'-- Symlinking: /home/imml/git/ROB_534_Project/install/harvest_interfaces/include/harvest_interfaces/harvest_interfaces/srv/detail/trajectory_between_points__rosidl_typesupport_fastrtps_c.h\n'}
[14.370018] (harvest_interfaces) StdoutLine: {'line': b'-- Symlinking: /home/imml/git/ROB_534_Project/install/harvest_interfaces/include/harvest_interfaces/harvest_interfaces/srv/detail/update_trellis_position__rosidl_typesupport_fastrtps_c.h\n'}
[14.370167] (ur_dashboard_msgs) StdoutLine: {'line': b'-- Symlinking: /home/imml/git/ROB_534_Project/install/ur_dashboard_msgs/include/ur_dashboard_msgs/ur_dashboard_msgs/srv/detail/is_program_running__rosidl_typesupport_introspection_cpp.hpp\n'}
[14.375712] (-) TimerEvent: {}
[14.377519] (ur_dashboard_msgs) StdoutLine: {'line': b'-- Symlinking: /home/imml/git/ROB_534_Project/install/ur_dashboard_msgs/include/ur_dashboard_msgs/ur_dashboard_msgs/srv/detail/is_program_saved__rosidl_typesupport_introspection_cpp.hpp\n'}
[14.377843] (harvest_interfaces) StdoutLine: {'line': b'-- Symlinking: /home/imml/git/ROB_534_Project/install/harvest_interfaces/include/harvest_interfaces/harvest_interfaces/srv/detail/voxel_grid__rosidl_typesupport_fastrtps_c.h\n'}
[14.384959] (ur_dashboard_msgs) StdoutLine: {'line': b'-- Symlinking: /home/imml/git/ROB_534_Project/install/ur_dashboard_msgs/include/ur_dashboard_msgs/ur_dashboard_msgs/srv/detail/load__rosidl_typesupport_introspection_cpp.hpp\n'}
[14.385143] (harvest_interfaces) StdoutLine: {'line': b'-- Symlinking: /home/imml/git/ROB_534_Project/install/harvest_interfaces/include/harvest_interfaces/harvest_interfaces/srv/detail/voxel_mask__rosidl_typesupport_fastrtps_c.h\n'}
[14.392526] (ur_dashboard_msgs) StdoutLine: {'line': b'-- Symlinking: /home/imml/git/ROB_534_Project/install/ur_dashboard_msgs/include/ur_dashboard_msgs/ur_dashboard_msgs/srv/detail/popup__rosidl_typesupport_introspection_cpp.hpp\n'}
[14.393062] (harvest_interfaces) StdoutLine: {'line': b'-- Symlinking: /home/imml/git/ROB_534_Project/install/harvest_interfaces/include/harvest_interfaces/harvest_interfaces/action/detail/event_detection__rosidl_typesupport_introspection_c.h\n'}
[14.399796] (ur_dashboard_msgs) StdoutLine: {'line': b'-- Symlinking: /home/imml/git/ROB_534_Project/install/ur_dashboard_msgs/include/ur_dashboard_msgs/ur_dashboard_msgs/srv/detail/raw_request__rosidl_typesupport_introspection_cpp.hpp\n'}
[14.400537] (harvest_interfaces) StdoutLine: {'line': b'-- Symlinking: /home/imml/git/ROB_534_Project/install/harvest_interfaces/include/harvest_interfaces/harvest_interfaces/action/detail/send_trajectory__rosidl_typesupport_introspection_c.h\n'}
[14.407348] (ur_dashboard_msgs) StdoutLine: {'line': b'-- Symlinking: /home/imml/git/ROB_534_Project/install/ur_dashboard_msgs/share/ur_dashboard_msgs/environment/pythonpath.sh\n'}
[14.407933] (harvest_interfaces) StdoutLine: {'line': b'-- Symlinking: /home/imml/git/ROB_534_Project/install/harvest_interfaces/include/harvest_interfaces/harvest_interfaces/msg/rosidl_typesupport_introspection_c__visibility_control.h\n'}
[14.415220] (harvest_interfaces) StdoutLine: {'line': b'-- Symlinking: /home/imml/git/ROB_534_Project/install/harvest_interfaces/include/harvest_interfaces/harvest_interfaces/srv/detail/apple_prediction__rosidl_typesupport_introspection_c.h\n'}
[14.415402] (ur_dashboard_msgs) StdoutLine: {'line': b'-- Symlinking: /home/imml/git/ROB_534_Project/install/ur_dashboard_msgs/share/ur_dashboard_msgs/environment/pythonpath.dsv\n'}
[14.422977] (harvest_interfaces) StdoutLine: {'line': b'-- Symlinking: /home/imml/git/ROB_534_Project/install/harvest_interfaces/include/harvest_interfaces/harvest_interfaces/srv/detail/coordinate_to_trajectory__rosidl_typesupport_introspection_c.h\n'}
[14.423317] (ur_dashboard_msgs) StdoutLine: {'line': b'-- Symlinking: /home/imml/git/ROB_534_Project/install/ur_dashboard_msgs/local/lib/python3.10/dist-packages/ur_dashboard_msgs-2.2.15-py3.10.egg-info/PKG-INFO\n'}
[14.430530] (harvest_interfaces) StdoutLine: {'line': b'-- Symlinking: /home/imml/git/ROB_534_Project/install/harvest_interfaces/include/harvest_interfaces/harvest_interfaces/srv/detail/final_approach_linear__rosidl_typesupport_introspection_c.h\n'}
[14.430675] (ur_dashboard_msgs) StdoutLine: {'line': b'-- Symlinking: /home/imml/git/ROB_534_Project/install/ur_dashboard_msgs/local/lib/python3.10/dist-packages/ur_dashboard_msgs-2.2.15-py3.10.egg-info/SOURCES.txt\n'}
[14.437763] (ur_dashboard_msgs) StdoutLine: {'line': b'-- Symlinking: /home/imml/git/ROB_534_Project/install/ur_dashboard_msgs/local/lib/python3.10/dist-packages/ur_dashboard_msgs-2.2.15-py3.10.egg-info/dependency_links.txt\n'}
[14.437955] (harvest_interfaces) StdoutLine: {'line': b'-- Symlinking: /home/imml/git/ROB_534_Project/install/harvest_interfaces/include/harvest_interfaces/harvest_interfaces/srv/detail/get_gripper_pose__rosidl_typesupport_introspection_c.h\n'}
[14.445336] (harvest_interfaces) StdoutLine: {'line': b'-- Symlinking: /home/imml/git/ROB_534_Project/install/harvest_interfaces/include/harvest_interfaces/harvest_interfaces/srv/detail/move_to_pose__rosidl_typesupport_introspection_c.h\n'}
[14.445477] (ur_dashboard_msgs) StdoutLine: {'line': b'-- Symlinking: /home/imml/git/ROB_534_Project/install/ur_dashboard_msgs/local/lib/python3.10/dist-packages/ur_dashboard_msgs-2.2.15-py3.10.egg-info/top_level.txt\n'}
[14.452584] (harvest_interfaces) StdoutLine: {'line': b'-- Symlinking: /home/imml/git/ROB_534_Project/install/harvest_interfaces/include/harvest_interfaces/harvest_interfaces/srv/detail/record_topics__rosidl_typesupport_introspection_c.h\n'}
[14.453523] (ur_dashboard_msgs) StdoutLine: {'line': b'-- Symlinking: /home/imml/git/ROB_534_Project/install/ur_dashboard_msgs/local/lib/python3.10/dist-packages/ur_dashboard_msgs/__init__.py\n'}
[14.460404] (ur_dashboard_msgs) StdoutLine: {'line': b'-- Symlinking: /home/imml/git/ROB_534_Project/install/ur_dashboard_msgs/local/lib/python3.10/dist-packages/ur_dashboard_msgs/_ur_dashboard_msgs_s.ep.rosidl_typesupport_c.c\n'}
[14.460555] (harvest_interfaces) StdoutLine: {'line': b'-- Symlinking: /home/imml/git/ROB_534_Project/install/harvest_interfaces/include/harvest_interfaces/harvest_interfaces/srv/detail/send_trajectory__rosidl_typesupport_introspection_c.h\n'}
[14.468125] (ur_dashboard_msgs) StdoutLine: {'line': b'-- Symlinking: /home/imml/git/ROB_534_Project/install/ur_dashboard_msgs/local/lib/python3.10/dist-packages/ur_dashboard_msgs/_ur_dashboard_msgs_s.ep.rosidl_typesupport_fastrtps_c.c\n'}
[14.468326] (harvest_interfaces) StdoutLine: {'line': b'-- Symlinking: /home/imml/git/ROB_534_Project/install/harvest_interfaces/include/harvest_interfaces/harvest_interfaces/srv/detail/set_value__rosidl_typesupport_introspection_c.h\n'}
[14.475758] (ur_dashboard_msgs) StdoutLine: {'line': b'-- Symlinking: /home/imml/git/ROB_534_Project/install/ur_dashboard_msgs/local/lib/python3.10/dist-packages/ur_dashboard_msgs/_ur_dashboard_msgs_s.ep.rosidl_typesupport_introspection_c.c\n'}
[14.475916] (-) TimerEvent: {}
[14.476027] (harvest_interfaces) StdoutLine: {'line': b'-- Symlinking: /home/imml/git/ROB_534_Project/install/harvest_interfaces/include/harvest_interfaces/harvest_interfaces/srv/detail/trajectory_between_points__rosidl_typesupport_introspection_c.h\n'}
[14.483399] (harvest_interfaces) StdoutLine: {'line': b'-- Symlinking: /home/imml/git/ROB_534_Project/install/harvest_interfaces/include/harvest_interfaces/harvest_interfaces/srv/detail/update_trellis_position__rosidl_typesupport_introspection_c.h\n'}
[14.483589] (ur_dashboard_msgs) StdoutLine: {'line': b'-- Symlinking: /home/imml/git/ROB_534_Project/install/ur_dashboard_msgs/local/lib/python3.10/dist-packages/ur_dashboard_msgs/action/__init__.py\n'}
[14.490641] (harvest_interfaces) StdoutLine: {'line': b'-- Symlinking: /home/imml/git/ROB_534_Project/install/harvest_interfaces/include/harvest_interfaces/harvest_interfaces/srv/detail/voxel_grid__rosidl_typesupport_introspection_c.h\n'}
[14.490796] (ur_dashboard_msgs) StdoutLine: {'line': b'-- Symlinking: /home/imml/git/ROB_534_Project/install/ur_dashboard_msgs/local/lib/python3.10/dist-packages/ur_dashboard_msgs/action/_set_mode.py\n'}
[14.497665] (harvest_interfaces) StdoutLine: {'line': b'-- Symlinking: /home/imml/git/ROB_534_Project/install/harvest_interfaces/include/harvest_interfaces/harvest_interfaces/srv/detail/voxel_mask__rosidl_typesupport_introspection_c.h\n'}
[14.497805] (ur_dashboard_msgs) StdoutLine: {'line': b'-- Symlinking: /home/imml/git/ROB_534_Project/install/ur_dashboard_msgs/local/lib/python3.10/dist-packages/ur_dashboard_msgs/action/_set_mode_s.c\n'}
[14.505005] (ur_dashboard_msgs) StdoutLine: {'line': b'-- Symlinking: /home/imml/git/ROB_534_Project/install/ur_dashboard_msgs/local/lib/python3.10/dist-packages/ur_dashboard_msgs/libur_dashboard_msgs__rosidl_generator_py.so\n'}
[14.505882] (harvest_interfaces) StdoutLine: {'line': b'-- Symlinking: /home/imml/git/ROB_534_Project/install/harvest_interfaces/include/harvest_interfaces/harvest_interfaces/action/detail/event_detection__builder.hpp\n'}
[14.512418] (ur_dashboard_msgs) StdoutLine: {'line': b'-- Symlinking: /home/imml/git/ROB_534_Project/install/ur_dashboard_msgs/local/lib/python3.10/dist-packages/ur_dashboard_msgs/msg/__init__.py\n'}
[14.512574] (harvest_interfaces) StdoutLine: {'line': b'-- Symlinking: /home/imml/git/ROB_534_Project/install/harvest_interfaces/include/harvest_interfaces/harvest_interfaces/action/detail/event_detection__struct.hpp\n'}
[14.519764] (ur_dashboard_msgs) StdoutLine: {'line': b'-- Symlinking: /home/imml/git/ROB_534_Project/install/ur_dashboard_msgs/local/lib/python3.10/dist-packages/ur_dashboard_msgs/msg/_program_state.py\n'}
[14.519901] (harvest_interfaces) StdoutLine: {'line': b'-- Symlinking: /home/imml/git/ROB_534_Project/install/harvest_interfaces/include/harvest_interfaces/harvest_interfaces/action/detail/event_detection__traits.hpp\n'}
[14.526983] (ur_dashboard_msgs) StdoutLine: {'line': b'-- Symlinking: /home/imml/git/ROB_534_Project/install/ur_dashboard_msgs/local/lib/python3.10/dist-packages/ur_dashboard_msgs/msg/_program_state_s.c\n'}
[14.527111] (harvest_interfaces) StdoutLine: {'line': b'-- Symlinking: /home/imml/git/ROB_534_Project/install/harvest_interfaces/include/harvest_interfaces/harvest_interfaces/action/detail/event_detection__type_support.hpp\n'}
[14.533849] (ur_dashboard_msgs) StdoutLine: {'line': b'-- Symlinking: /home/imml/git/ROB_534_Project/install/ur_dashboard_msgs/local/lib/python3.10/dist-packages/ur_dashboard_msgs/msg/_robot_mode.py\n'}
[14.533948] (harvest_interfaces) StdoutLine: {'line': b'-- Symlinking: /home/imml/git/ROB_534_Project/install/harvest_interfaces/include/harvest_interfaces/harvest_interfaces/action/detail/send_trajectory__builder.hpp\n'}
[14.540923] (harvest_interfaces) StdoutLine: {'line': b'-- Symlinking: /home/imml/git/ROB_534_Project/install/harvest_interfaces/include/harvest_interfaces/harvest_interfaces/action/detail/send_trajectory__struct.hpp\n'}
[14.541074] (ur_dashboard_msgs) StdoutLine: {'line': b'-- Symlinking: /home/imml/git/ROB_534_Project/install/ur_dashboard_msgs/local/lib/python3.10/dist-packages/ur_dashboard_msgs/msg/_robot_mode_s.c\n'}
[14.547815] (harvest_interfaces) StdoutLine: {'line': b'-- Symlinking: /home/imml/git/ROB_534_Project/install/harvest_interfaces/include/harvest_interfaces/harvest_interfaces/action/detail/send_trajectory__traits.hpp\n'}
[14.547945] (ur_dashboard_msgs) StdoutLine: {'line': b'-- Symlinking: /home/imml/git/ROB_534_Project/install/ur_dashboard_msgs/local/lib/python3.10/dist-packages/ur_dashboard_msgs/msg/_safety_mode.py\n'}
[14.554633] (ur_dashboard_msgs) StdoutLine: {'line': b'-- Symlinking: /home/imml/git/ROB_534_Project/install/ur_dashboard_msgs/local/lib/python3.10/dist-packages/ur_dashboard_msgs/msg/_safety_mode_s.c\n'}
[14.554751] (harvest_interfaces) StdoutLine: {'line': b'-- Symlinking: /home/imml/git/ROB_534_Project/install/harvest_interfaces/include/harvest_interfaces/harvest_interfaces/action/detail/send_trajectory__type_support.hpp\n'}
[14.561393] (harvest_interfaces) StdoutLine: {'line': b'-- Symlinking: /home/imml/git/ROB_534_Project/install/harvest_interfaces/include/harvest_interfaces/harvest_interfaces/action/event_detection.hpp\n'}
[14.561529] (ur_dashboard_msgs) StdoutLine: {'line': b'-- Symlinking: /home/imml/git/ROB_534_Project/install/ur_dashboard_msgs/local/lib/python3.10/dist-packages/ur_dashboard_msgs/srv/__init__.py\n'}
[14.568259] (ur_dashboard_msgs) StdoutLine: {'line': b'-- Symlinking: /home/imml/git/ROB_534_Project/install/ur_dashboard_msgs/local/lib/python3.10/dist-packages/ur_dashboard_msgs/srv/_add_to_log.py\n'}
[14.568394] (harvest_interfaces) StdoutLine: {'line': b'-- Symlinking: /home/imml/git/ROB_534_Project/install/harvest_interfaces/include/harvest_interfaces/harvest_interfaces/action/send_trajectory.hpp\n'}
[14.574852] (ur_dashboard_msgs) StdoutLine: {'line': b'-- Symlinking: /home/imml/git/ROB_534_Project/install/ur_dashboard_msgs/local/lib/python3.10/dist-packages/ur_dashboard_msgs/srv/_add_to_log_s.c\n'}
[14.574972] (harvest_interfaces) StdoutLine: {'line': b'-- Symlinking: /home/imml/git/ROB_534_Project/install/harvest_interfaces/include/harvest_interfaces/harvest_interfaces/msg/rosidl_generator_cpp__visibility_control.hpp\n'}
[14.575977] (-) TimerEvent: {}
[14.581644] (ur_dashboard_msgs) StdoutLine: {'line': b'-- Symlinking: /home/imml/git/ROB_534_Project/install/ur_dashboard_msgs/local/lib/python3.10/dist-packages/ur_dashboard_msgs/srv/_get_loaded_program.py\n'}
[14.581772] (harvest_interfaces) StdoutLine: {'line': b'-- Symlinking: /home/imml/git/ROB_534_Project/install/harvest_interfaces/include/harvest_interfaces/harvest_interfaces/srv/apple_prediction.hpp\n'}
[14.588455] (harvest_interfaces) StdoutLine: {'line': b'-- Symlinking: /home/imml/git/ROB_534_Project/install/harvest_interfaces/include/harvest_interfaces/harvest_interfaces/srv/coordinate_to_trajectory.hpp\n'}
[14.588585] (ur_dashboard_msgs) StdoutLine: {'line': b'-- Symlinking: /home/imml/git/ROB_534_Project/install/ur_dashboard_msgs/local/lib/python3.10/dist-packages/ur_dashboard_msgs/srv/_get_loaded_program_s.c\n'}
[14.595520] (harvest_interfaces) StdoutLine: {'line': b'-- Symlinking: /home/imml/git/ROB_534_Project/install/harvest_interfaces/include/harvest_interfaces/harvest_interfaces/srv/detail/apple_prediction__builder.hpp\n'}
[14.595654] (ur_dashboard_msgs) StdoutLine: {'line': b'-- Symlinking: /home/imml/git/ROB_534_Project/install/ur_dashboard_msgs/local/lib/python3.10/dist-packages/ur_dashboard_msgs/srv/_get_program_state.py\n'}
[14.602386] (harvest_interfaces) StdoutLine: {'line': b'-- Symlinking: /home/imml/git/ROB_534_Project/install/harvest_interfaces/include/harvest_interfaces/harvest_interfaces/srv/detail/apple_prediction__struct.hpp\n'}
[14.602561] (ur_dashboard_msgs) StdoutLine: {'line': b'-- Symlinking: /home/imml/git/ROB_534_Project/install/ur_dashboard_msgs/local/lib/python3.10/dist-packages/ur_dashboard_msgs/srv/_get_program_state_s.c\n'}
[14.609640] (ur_dashboard_msgs) StdoutLine: {'line': b'-- Symlinking: /home/imml/git/ROB_534_Project/install/ur_dashboard_msgs/local/lib/python3.10/dist-packages/ur_dashboard_msgs/srv/_get_robot_mode.py\n'}
[14.609771] (harvest_interfaces) StdoutLine: {'line': b'-- Symlinking: /home/imml/git/ROB_534_Project/install/harvest_interfaces/include/harvest_interfaces/harvest_interfaces/srv/detail/apple_prediction__traits.hpp\n'}
[14.616594] (ur_dashboard_msgs) StdoutLine: {'line': b'-- Symlinking: /home/imml/git/ROB_534_Project/install/ur_dashboard_msgs/local/lib/python3.10/dist-packages/ur_dashboard_msgs/srv/_get_robot_mode_s.c\n'}
[14.616716] (harvest_interfaces) StdoutLine: {'line': b'-- Symlinking: /home/imml/git/ROB_534_Project/install/harvest_interfaces/include/harvest_interfaces/harvest_interfaces/srv/detail/apple_prediction__type_support.hpp\n'}
[14.624012] (harvest_interfaces) StdoutLine: {'line': b'-- Symlinking: /home/imml/git/ROB_534_Project/install/harvest_interfaces/include/harvest_interfaces/harvest_interfaces/srv/detail/coordinate_to_trajectory__builder.hpp\n'}
[14.624186] (ur_dashboard_msgs) StdoutLine: {'line': b'-- Symlinking: /home/imml/git/ROB_534_Project/install/ur_dashboard_msgs/local/lib/python3.10/dist-packages/ur_dashboard_msgs/srv/_get_safety_mode.py\n'}
[14.631021] (ur_dashboard_msgs) StdoutLine: {'line': b'-- Symlinking: /home/imml/git/ROB_534_Project/install/ur_dashboard_msgs/local/lib/python3.10/dist-packages/ur_dashboard_msgs/srv/_get_safety_mode_s.c\n'}
[14.631163] (harvest_interfaces) StdoutLine: {'line': b'-- Symlinking: /home/imml/git/ROB_534_Project/install/harvest_interfaces/include/harvest_interfaces/harvest_interfaces/srv/detail/coordinate_to_trajectory__struct.hpp\n'}
[14.638040] (harvest_interfaces) StdoutLine: {'line': b'-- Symlinking: /home/imml/git/ROB_534_Project/install/harvest_interfaces/include/harvest_interfaces/harvest_interfaces/srv/detail/coordinate_to_trajectory__traits.hpp\n'}
[14.638174] (ur_dashboard_msgs) StdoutLine: {'line': b'-- Symlinking: /home/imml/git/ROB_534_Project/install/ur_dashboard_msgs/local/lib/python3.10/dist-packages/ur_dashboard_msgs/srv/_is_program_running.py\n'}
[14.644760] (harvest_interfaces) StdoutLine: {'line': b'-- Symlinking: /home/imml/git/ROB_534_Project/install/harvest_interfaces/include/harvest_interfaces/harvest_interfaces/srv/detail/coordinate_to_trajectory__type_support.hpp\n'}
[14.645333] (ur_dashboard_msgs) StdoutLine: {'line': b'-- Symlinking: /home/imml/git/ROB_534_Project/install/ur_dashboard_msgs/local/lib/python3.10/dist-packages/ur_dashboard_msgs/srv/_is_program_running_s.c\n'}
[14.652801] (harvest_interfaces) StdoutLine: {'line': b'-- Symlinking: /home/imml/git/ROB_534_Project/install/harvest_interfaces/include/harvest_interfaces/harvest_interfaces/srv/detail/final_approach_linear__builder.hpp\n'}
[14.652960] (ur_dashboard_msgs) StdoutLine: {'line': b'-- Symlinking: /home/imml/git/ROB_534_Project/install/ur_dashboard_msgs/local/lib/python3.10/dist-packages/ur_dashboard_msgs/srv/_is_program_saved.py\n'}
[14.659595] (ur_dashboard_msgs) StdoutLine: {'line': b'-- Symlinking: /home/imml/git/ROB_534_Project/install/ur_dashboard_msgs/local/lib/python3.10/dist-packages/ur_dashboard_msgs/srv/_is_program_saved_s.c\n'}
[14.659710] (harvest_interfaces) StdoutLine: {'line': b'-- Symlinking: /home/imml/git/ROB_534_Project/install/harvest_interfaces/include/harvest_interfaces/harvest_interfaces/srv/detail/final_approach_linear__struct.hpp\n'}
[14.666422] (harvest_interfaces) StdoutLine: {'line': b'-- Symlinking: /home/imml/git/ROB_534_Project/install/harvest_interfaces/include/harvest_interfaces/harvest_interfaces/srv/detail/final_approach_linear__traits.hpp\n'}
[14.666629] (ur_dashboard_msgs) StdoutLine: {'line': b'-- Symlinking: /home/imml/git/ROB_534_Project/install/ur_dashboard_msgs/local/lib/python3.10/dist-packages/ur_dashboard_msgs/srv/_load.py\n'}
[14.673766] (ur_dashboard_msgs) StdoutLine: {'line': b'-- Symlinking: /home/imml/git/ROB_534_Project/install/ur_dashboard_msgs/local/lib/python3.10/dist-packages/ur_dashboard_msgs/srv/_load_s.c\n'}
[14.673935] (harvest_interfaces) StdoutLine: {'line': b'-- Symlinking: /home/imml/git/ROB_534_Project/install/harvest_interfaces/include/harvest_interfaces/harvest_interfaces/srv/detail/final_approach_linear__type_support.hpp\n'}
[14.676048] (-) TimerEvent: {}
[14.681066] (ur_dashboard_msgs) StdoutLine: {'line': b'-- Symlinking: /home/imml/git/ROB_534_Project/install/ur_dashboard_msgs/local/lib/python3.10/dist-packages/ur_dashboard_msgs/srv/_popup.py\n'}
[14.681303] (harvest_interfaces) StdoutLine: {'line': b'-- Symlinking: /home/imml/git/ROB_534_Project/install/harvest_interfaces/include/harvest_interfaces/harvest_interfaces/srv/detail/get_gripper_pose__builder.hpp\n'}
[14.688501] (harvest_interfaces) StdoutLine: {'line': b'-- Symlinking: /home/imml/git/ROB_534_Project/install/harvest_interfaces/include/harvest_interfaces/harvest_interfaces/srv/detail/get_gripper_pose__struct.hpp\n'}
[14.688639] (ur_dashboard_msgs) StdoutLine: {'line': b'-- Symlinking: /home/imml/git/ROB_534_Project/install/ur_dashboard_msgs/local/lib/python3.10/dist-packages/ur_dashboard_msgs/srv/_popup_s.c\n'}
[14.695416] (ur_dashboard_msgs) StdoutLine: {'line': b'-- Symlinking: /home/imml/git/ROB_534_Project/install/ur_dashboard_msgs/local/lib/python3.10/dist-packages/ur_dashboard_msgs/srv/_raw_request.py\n'}
[14.695552] (harvest_interfaces) StdoutLine: {'line': b'-- Symlinking: /home/imml/git/ROB_534_Project/install/harvest_interfaces/include/harvest_interfaces/harvest_interfaces/srv/detail/get_gripper_pose__traits.hpp\n'}
[14.702578] (ur_dashboard_msgs) StdoutLine: {'line': b'-- Symlinking: /home/imml/git/ROB_534_Project/install/ur_dashboard_msgs/local/lib/python3.10/dist-packages/ur_dashboard_msgs/srv/_raw_request_s.c\n'}
[14.702718] (harvest_interfaces) StdoutLine: {'line': b'-- Symlinking: /home/imml/git/ROB_534_Project/install/harvest_interfaces/include/harvest_interfaces/harvest_interfaces/srv/detail/get_gripper_pose__type_support.hpp\n'}
[14.709942] (ur_dashboard_msgs) StdoutLine: {'line': b'-- Symlinking: /home/imml/git/ROB_534_Project/install/ur_dashboard_msgs/local/lib/python3.10/dist-packages/ur_dashboard_msgs/ur_dashboard_msgs_s__rosidl_typesupport_c.cpython-310-x86_64-linux-gnu.so\n'}
[14.710117] (harvest_interfaces) StdoutLine: {'line': b'-- Symlinking: /home/imml/git/ROB_534_Project/install/harvest_interfaces/include/harvest_interfaces/harvest_interfaces/srv/detail/move_to_pose__builder.hpp\n'}
[14.717327] (ur_dashboard_msgs) StdoutLine: {'line': b'-- Symlinking: /home/imml/git/ROB_534_Project/install/ur_dashboard_msgs/local/lib/python3.10/dist-packages/ur_dashboard_msgs/ur_dashboard_msgs_s__rosidl_typesupport_fastrtps_c.cpython-310-x86_64-linux-gnu.so\n'}
[14.717481] (harvest_interfaces) StdoutLine: {'line': b'-- Symlinking: /home/imml/git/ROB_534_Project/install/harvest_interfaces/include/harvest_interfaces/harvest_interfaces/srv/detail/move_to_pose__struct.hpp\n'}
[14.724943] (harvest_interfaces) StdoutLine: {'line': b'-- Symlinking: /home/imml/git/ROB_534_Project/install/harvest_interfaces/include/harvest_interfaces/harvest_interfaces/srv/detail/move_to_pose__traits.hpp\n'}
[14.725097] (ur_dashboard_msgs) StdoutLine: {'line': b'-- Symlinking: /home/imml/git/ROB_534_Project/install/ur_dashboard_msgs/local/lib/python3.10/dist-packages/ur_dashboard_msgs/ur_dashboard_msgs_s__rosidl_typesupport_introspection_c.cpython-310-x86_64-linux-gnu.so\n'}
[14.732143] (harvest_interfaces) StdoutLine: {'line': b'-- Symlinking: /home/imml/git/ROB_534_Project/install/harvest_interfaces/include/harvest_interfaces/harvest_interfaces/srv/detail/move_to_pose__type_support.hpp\n'}
[14.732346] (ur_dashboard_msgs) StdoutLine: {'line': b'-- Up-to-date symlink: /home/imml/git/ROB_534_Project/install/ur_dashboard_msgs/local/lib/python3.10/dist-packages/ur_dashboard_msgs/ur_dashboard_msgs_s__rosidl_typesupport_fastrtps_c.cpython-310-x86_64-linux-gnu.so\n'}
[14.732543] (ur_dashboard_msgs) StdoutLine: {'line': b'-- Up-to-date symlink: /home/imml/git/ROB_534_Project/install/ur_dashboard_msgs/local/lib/python3.10/dist-packages/ur_dashboard_msgs/ur_dashboard_msgs_s__rosidl_typesupport_introspection_c.cpython-310-x86_64-linux-gnu.so\n'}
[14.732735] (ur_dashboard_msgs) StdoutLine: {'line': b'-- Up-to-date symlink: /home/imml/git/ROB_534_Project/install/ur_dashboard_msgs/local/lib/python3.10/dist-packages/ur_dashboard_msgs/ur_dashboard_msgs_s__rosidl_typesupport_c.cpython-310-x86_64-linux-gnu.so\n'}
[14.732883] (ur_dashboard_msgs) StdoutLine: {'line': b'-- Symlinking: /home/imml/git/ROB_534_Project/install/ur_dashboard_msgs/share/ur_dashboard_msgs/msg/ProgramState.idl\n'}
[14.739957] (harvest_interfaces) StdoutLine: {'line': b'-- Symlinking: /home/imml/git/ROB_534_Project/install/harvest_interfaces/include/harvest_interfaces/harvest_interfaces/srv/detail/record_topics__builder.hpp\n'}
[14.740055] (ur_dashboard_msgs) StdoutLine: {'line': b'-- Symlinking: /home/imml/git/ROB_534_Project/install/ur_dashboard_msgs/share/ur_dashboard_msgs/msg/RobotMode.idl\n'}
[14.747030] (harvest_interfaces) StdoutLine: {'line': b'-- Symlinking: /home/imml/git/ROB_534_Project/install/harvest_interfaces/include/harvest_interfaces/harvest_interfaces/srv/detail/record_topics__struct.hpp\n'}
[14.747208] (ur_dashboard_msgs) StdoutLine: {'line': b'-- Symlinking: /home/imml/git/ROB_534_Project/install/ur_dashboard_msgs/share/ur_dashboard_msgs/msg/SafetyMode.idl\n'}
[14.754453] (harvest_interfaces) StdoutLine: {'line': b'-- Symlinking: /home/imml/git/ROB_534_Project/install/harvest_interfaces/include/harvest_interfaces/harvest_interfaces/srv/detail/record_topics__traits.hpp\n'}
[14.754610] (ur_dashboard_msgs) StdoutLine: {'line': b'-- Symlinking: /home/imml/git/ROB_534_Project/install/ur_dashboard_msgs/share/ur_dashboard_msgs/srv/AddToLog.idl\n'}
[14.761972] (harvest_interfaces) StdoutLine: {'line': b'-- Symlinking: /home/imml/git/ROB_534_Project/install/harvest_interfaces/include/harvest_interfaces/harvest_interfaces/srv/detail/record_topics__type_support.hpp\n'}
[14.762117] (ur_dashboard_msgs) StdoutLine: {'line': b'-- Symlinking: /home/imml/git/ROB_534_Project/install/ur_dashboard_msgs/share/ur_dashboard_msgs/srv/GetLoadedProgram.idl\n'}
[14.769985] (harvest_interfaces) StdoutLine: {'line': b'-- Symlinking: /home/imml/git/ROB_534_Project/install/harvest_interfaces/include/harvest_interfaces/harvest_interfaces/srv/detail/send_trajectory__builder.hpp\n'}
[14.770154] (ur_dashboard_msgs) StdoutLine: {'line': b'-- Symlinking: /home/imml/git/ROB_534_Project/install/ur_dashboard_msgs/share/ur_dashboard_msgs/srv/GetProgramState.idl\n'}
[14.776146] (-) TimerEvent: {}
[14.777646] (harvest_interfaces) StdoutLine: {'line': b'-- Symlinking: /home/imml/git/ROB_534_Project/install/harvest_interfaces/include/harvest_interfaces/harvest_interfaces/srv/detail/send_trajectory__struct.hpp\n'}
[14.777816] (ur_dashboard_msgs) StdoutLine: {'line': b'-- Symlinking: /home/imml/git/ROB_534_Project/install/ur_dashboard_msgs/share/ur_dashboard_msgs/srv/GetRobotMode.idl\n'}
[14.785534] (harvest_interfaces) StdoutLine: {'line': b'-- Symlinking: /home/imml/git/ROB_534_Project/install/harvest_interfaces/include/harvest_interfaces/harvest_interfaces/srv/detail/send_trajectory__traits.hpp\n'}
[14.785680] (ur_dashboard_msgs) StdoutLine: {'line': b'-- Symlinking: /home/imml/git/ROB_534_Project/install/ur_dashboard_msgs/share/ur_dashboard_msgs/srv/GetSafetyMode.idl\n'}
[14.793224] (harvest_interfaces) StdoutLine: {'line': b'-- Symlinking: /home/imml/git/ROB_534_Project/install/harvest_interfaces/include/harvest_interfaces/harvest_interfaces/srv/detail/send_trajectory__type_support.hpp\n'}
[14.793388] (ur_dashboard_msgs) StdoutLine: {'line': b'-- Symlinking: /home/imml/git/ROB_534_Project/install/ur_dashboard_msgs/share/ur_dashboard_msgs/srv/IsProgramRunning.idl\n'}
[14.800795] (harvest_interfaces) StdoutLine: {'line': b'-- Symlinking: /home/imml/git/ROB_534_Project/install/harvest_interfaces/include/harvest_interfaces/harvest_interfaces/srv/detail/set_value__builder.hpp\n'}
[14.800976] (ur_dashboard_msgs) StdoutLine: {'line': b'-- Symlinking: /home/imml/git/ROB_534_Project/install/ur_dashboard_msgs/share/ur_dashboard_msgs/srv/IsProgramSaved.idl\n'}
[14.808770] (harvest_interfaces) StdoutLine: {'line': b'-- Symlinking: /home/imml/git/ROB_534_Project/install/harvest_interfaces/include/harvest_interfaces/harvest_interfaces/srv/detail/set_value__struct.hpp\n'}
[14.808943] (ur_dashboard_msgs) StdoutLine: {'line': b'-- Symlinking: /home/imml/git/ROB_534_Project/install/ur_dashboard_msgs/share/ur_dashboard_msgs/srv/Load.idl\n'}
[14.816839] (harvest_interfaces) StdoutLine: {'line': b'-- Symlinking: /home/imml/git/ROB_534_Project/install/harvest_interfaces/include/harvest_interfaces/harvest_interfaces/srv/detail/set_value__traits.hpp\n'}
[14.816970] (ur_dashboard_msgs) StdoutLine: {'line': b'-- Symlinking: /home/imml/git/ROB_534_Project/install/ur_dashboard_msgs/share/ur_dashboard_msgs/srv/Popup.idl\n'}
[14.824543] (harvest_interfaces) StdoutLine: {'line': b'-- Symlinking: /home/imml/git/ROB_534_Project/install/harvest_interfaces/include/harvest_interfaces/harvest_interfaces/srv/detail/set_value__type_support.hpp\n'}
[14.824693] (ur_dashboard_msgs) StdoutLine: {'line': b'-- Symlinking: /home/imml/git/ROB_534_Project/install/ur_dashboard_msgs/share/ur_dashboard_msgs/srv/RawRequest.idl\n'}
[14.831972] (harvest_interfaces) StdoutLine: {'line': b'-- Symlinking: /home/imml/git/ROB_534_Project/install/harvest_interfaces/include/harvest_interfaces/harvest_interfaces/srv/detail/trajectory_between_points__builder.hpp\n'}
[14.832138] (ur_dashboard_msgs) StdoutLine: {'line': b'-- Symlinking: /home/imml/git/ROB_534_Project/install/ur_dashboard_msgs/share/ur_dashboard_msgs/action/SetMode.idl\n'}
[14.839496] (harvest_interfaces) StdoutLine: {'line': b'-- Symlinking: /home/imml/git/ROB_534_Project/install/harvest_interfaces/include/harvest_interfaces/harvest_interfaces/srv/detail/trajectory_between_points__struct.hpp\n'}
[14.839662] (ur_dashboard_msgs) StdoutLine: {'line': b'-- Symlinking: /home/imml/git/ROB_534_Project/install/ur_dashboard_msgs/share/ur_dashboard_msgs/msg/ProgramState.msg\n'}
[14.846611] (harvest_interfaces) StdoutLine: {'line': b'-- Symlinking: /home/imml/git/ROB_534_Project/install/harvest_interfaces/include/harvest_interfaces/harvest_interfaces/srv/detail/trajectory_between_points__traits.hpp\n'}
[14.846779] (ur_dashboard_msgs) StdoutLine: {'line': b'-- Symlinking: /home/imml/git/ROB_534_Project/install/ur_dashboard_msgs/share/ur_dashboard_msgs/msg/RobotMode.msg\n'}
[14.854312] (harvest_interfaces) StdoutLine: {'line': b'-- Symlinking: /home/imml/git/ROB_534_Project/install/harvest_interfaces/include/harvest_interfaces/harvest_interfaces/srv/detail/trajectory_between_points__type_support.hpp\n'}
[14.854444] (ur_dashboard_msgs) StdoutLine: {'line': b'-- Symlinking: /home/imml/git/ROB_534_Project/install/ur_dashboard_msgs/share/ur_dashboard_msgs/msg/SafetyMode.msg\n'}
[14.861747] (harvest_interfaces) StdoutLine: {'line': b'-- Symlinking: /home/imml/git/ROB_534_Project/install/harvest_interfaces/include/harvest_interfaces/harvest_interfaces/srv/detail/update_trellis_position__builder.hpp\n'}
[14.861916] (ur_dashboard_msgs) StdoutLine: {'line': b'-- Symlinking: /home/imml/git/ROB_534_Project/install/ur_dashboard_msgs/share/ur_dashboard_msgs/srv/AddToLog.srv\n'}
[14.869450] (harvest_interfaces) StdoutLine: {'line': b'-- Symlinking: /home/imml/git/ROB_534_Project/install/harvest_interfaces/include/harvest_interfaces/harvest_interfaces/srv/detail/update_trellis_position__struct.hpp\n'}
[14.869602] (ur_dashboard_msgs) StdoutLine: {'line': b'-- Symlinking: /home/imml/git/ROB_534_Project/install/ur_dashboard_msgs/share/ur_dashboard_msgs/srv/AddToLog_Request.msg\n'}
[14.876223] (-) TimerEvent: {}
[14.877154] (harvest_interfaces) StdoutLine: {'line': b'-- Symlinking: /home/imml/git/ROB_534_Project/install/harvest_interfaces/include/harvest_interfaces/harvest_interfaces/srv/detail/update_trellis_position__traits.hpp\n'}
[14.877356] (ur_dashboard_msgs) StdoutLine: {'line': b'-- Symlinking: /home/imml/git/ROB_534_Project/install/ur_dashboard_msgs/share/ur_dashboard_msgs/srv/AddToLog_Response.msg\n'}
[14.884696] (harvest_interfaces) StdoutLine: {'line': b'-- Symlinking: /home/imml/git/ROB_534_Project/install/harvest_interfaces/include/harvest_interfaces/harvest_interfaces/srv/detail/update_trellis_position__type_support.hpp\n'}
[14.884844] (ur_dashboard_msgs) StdoutLine: {'line': b'-- Symlinking: /home/imml/git/ROB_534_Project/install/ur_dashboard_msgs/share/ur_dashboard_msgs/srv/GetLoadedProgram.srv\n'}
[14.892281] (harvest_interfaces) StdoutLine: {'line': b'-- Symlinking: /home/imml/git/ROB_534_Project/install/harvest_interfaces/include/harvest_interfaces/harvest_interfaces/srv/detail/voxel_grid__builder.hpp\n'}
[14.892450] (ur_dashboard_msgs) StdoutLine: {'line': b'-- Symlinking: /home/imml/git/ROB_534_Project/install/ur_dashboard_msgs/share/ur_dashboard_msgs/srv/GetLoadedProgram_Request.msg\n'}
[14.899795] (harvest_interfaces) StdoutLine: {'line': b'-- Symlinking: /home/imml/git/ROB_534_Project/install/harvest_interfaces/include/harvest_interfaces/harvest_interfaces/srv/detail/voxel_grid__struct.hpp\n'}
[14.899952] (ur_dashboard_msgs) StdoutLine: {'line': b'-- Symlinking: /home/imml/git/ROB_534_Project/install/ur_dashboard_msgs/share/ur_dashboard_msgs/srv/GetLoadedProgram_Response.msg\n'}
[14.907839] (harvest_interfaces) StdoutLine: {'line': b'-- Symlinking: /home/imml/git/ROB_534_Project/install/harvest_interfaces/include/harvest_interfaces/harvest_interfaces/srv/detail/voxel_grid__traits.hpp\n'}
[14.907966] (ur_dashboard_msgs) StdoutLine: {'line': b'-- Symlinking: /home/imml/git/ROB_534_Project/install/ur_dashboard_msgs/share/ur_dashboard_msgs/srv/GetProgramState.srv\n'}
[14.915460] (harvest_interfaces) StdoutLine: {'line': b'-- Symlinking: /home/imml/git/ROB_534_Project/install/harvest_interfaces/include/harvest_interfaces/harvest_interfaces/srv/detail/voxel_grid__type_support.hpp\n'}
[14.915619] (ur_dashboard_msgs) StdoutLine: {'line': b'-- Symlinking: /home/imml/git/ROB_534_Project/install/ur_dashboard_msgs/share/ur_dashboard_msgs/srv/GetProgramState_Request.msg\n'}
[14.922857] (harvest_interfaces) StdoutLine: {'line': b'-- Symlinking: /home/imml/git/ROB_534_Project/install/harvest_interfaces/include/harvest_interfaces/harvest_interfaces/srv/detail/voxel_mask__builder.hpp\n'}
[14.923021] (ur_dashboard_msgs) StdoutLine: {'line': b'-- Symlinking: /home/imml/git/ROB_534_Project/install/ur_dashboard_msgs/share/ur_dashboard_msgs/srv/GetProgramState_Response.msg\n'}
[14.930445] (harvest_interfaces) StdoutLine: {'line': b'-- Symlinking: /home/imml/git/ROB_534_Project/install/harvest_interfaces/include/harvest_interfaces/harvest_interfaces/srv/detail/voxel_mask__struct.hpp\n'}
[14.930606] (ur_dashboard_msgs) StdoutLine: {'line': b'-- Symlinking: /home/imml/git/ROB_534_Project/install/ur_dashboard_msgs/share/ur_dashboard_msgs/srv/GetRobotMode.srv\n'}
[14.938038] (harvest_interfaces) StdoutLine: {'line': b'-- Symlinking: /home/imml/git/ROB_534_Project/install/harvest_interfaces/include/harvest_interfaces/harvest_interfaces/srv/detail/voxel_mask__traits.hpp\n'}
[14.938181] (ur_dashboard_msgs) StdoutLine: {'line': b'-- Symlinking: /home/imml/git/ROB_534_Project/install/ur_dashboard_msgs/share/ur_dashboard_msgs/srv/GetRobotMode_Request.msg\n'}
[14.945384] (harvest_interfaces) StdoutLine: {'line': b'-- Symlinking: /home/imml/git/ROB_534_Project/install/harvest_interfaces/include/harvest_interfaces/harvest_interfaces/srv/detail/voxel_mask__type_support.hpp\n'}
[14.945568] (ur_dashboard_msgs) StdoutLine: {'line': b'-- Symlinking: /home/imml/git/ROB_534_Project/install/ur_dashboard_msgs/share/ur_dashboard_msgs/srv/GetRobotMode_Response.msg\n'}
[14.952916] (harvest_interfaces) StdoutLine: {'line': b'-- Symlinking: /home/imml/git/ROB_534_Project/install/harvest_interfaces/include/harvest_interfaces/harvest_interfaces/srv/final_approach_linear.hpp\n'}
[14.953097] (ur_dashboard_msgs) StdoutLine: {'line': b'-- Symlinking: /home/imml/git/ROB_534_Project/install/ur_dashboard_msgs/share/ur_dashboard_msgs/srv/GetSafetyMode.srv\n'}
[14.960322] (ur_dashboard_msgs) StdoutLine: {'line': b'-- Symlinking: /home/imml/git/ROB_534_Project/install/ur_dashboard_msgs/share/ur_dashboard_msgs/srv/GetSafetyMode_Request.msg\n'}
[14.960490] (harvest_interfaces) StdoutLine: {'line': b'-- Symlinking: /home/imml/git/ROB_534_Project/install/harvest_interfaces/include/harvest_interfaces/harvest_interfaces/srv/get_gripper_pose.hpp\n'}
[14.967806] (ur_dashboard_msgs) StdoutLine: {'line': b'-- Symlinking: /home/imml/git/ROB_534_Project/install/ur_dashboard_msgs/share/ur_dashboard_msgs/srv/GetSafetyMode_Response.msg\n'}
[14.967960] (harvest_interfaces) StdoutLine: {'line': b'-- Symlinking: /home/imml/git/ROB_534_Project/install/harvest_interfaces/include/harvest_interfaces/harvest_interfaces/srv/move_to_pose.hpp\n'}
[14.975014] (harvest_interfaces) StdoutLine: {'line': b'-- Symlinking: /home/imml/git/ROB_534_Project/install/harvest_interfaces/include/harvest_interfaces/harvest_interfaces/srv/record_topics.hpp\n'}
[14.975143] (ur_dashboard_msgs) StdoutLine: {'line': b'-- Symlinking: /home/imml/git/ROB_534_Project/install/ur_dashboard_msgs/share/ur_dashboard_msgs/srv/IsProgramRunning.srv\n'}
[14.976283] (-) TimerEvent: {}
[14.982080] (ur_dashboard_msgs) StdoutLine: {'line': b'-- Symlinking: /home/imml/git/ROB_534_Project/install/ur_dashboard_msgs/share/ur_dashboard_msgs/srv/IsProgramRunning_Request.msg\n'}
[14.982237] (harvest_interfaces) StdoutLine: {'line': b'-- Symlinking: /home/imml/git/ROB_534_Project/install/harvest_interfaces/include/harvest_interfaces/harvest_interfaces/srv/send_trajectory.hpp\n'}
[14.989602] (harvest_interfaces) StdoutLine: {'line': b'-- Symlinking: /home/imml/git/ROB_534_Project/install/harvest_interfaces/include/harvest_interfaces/harvest_interfaces/srv/set_value.hpp\n'}
[14.989750] (ur_dashboard_msgs) StdoutLine: {'line': b'-- Symlinking: /home/imml/git/ROB_534_Project/install/ur_dashboard_msgs/share/ur_dashboard_msgs/srv/IsProgramRunning_Response.msg\n'}
[15.000535] (harvest_interfaces) StdoutLine: {'line': b'-- Symlinking: /home/imml/git/ROB_534_Project/install/harvest_interfaces/include/harvest_interfaces/harvest_interfaces/srv/trajectory_between_points.hpp\n'}
[15.000727] (ur_dashboard_msgs) StdoutLine: {'line': b'-- Symlinking: /home/imml/git/ROB_534_Project/install/ur_dashboard_msgs/share/ur_dashboard_msgs/srv/IsProgramSaved.srv\n'}
[15.008438] (harvest_interfaces) StdoutLine: {'line': b'-- Symlinking: /home/imml/git/ROB_534_Project/install/harvest_interfaces/include/harvest_interfaces/harvest_interfaces/srv/update_trellis_position.hpp\n'}
[15.008603] (ur_dashboard_msgs) StdoutLine: {'line': b'-- Symlinking: /home/imml/git/ROB_534_Project/install/ur_dashboard_msgs/share/ur_dashboard_msgs/srv/IsProgramSaved_Request.msg\n'}
[15.015727] (harvest_interfaces) StdoutLine: {'line': b'-- Symlinking: /home/imml/git/ROB_534_Project/install/harvest_interfaces/include/harvest_interfaces/harvest_interfaces/srv/voxel_grid.hpp\n'}
[15.015875] (ur_dashboard_msgs) StdoutLine: {'line': b'-- Symlinking: /home/imml/git/ROB_534_Project/install/ur_dashboard_msgs/share/ur_dashboard_msgs/srv/IsProgramSaved_Response.msg\n'}
[15.023181] (harvest_interfaces) StdoutLine: {'line': b'-- Symlinking: /home/imml/git/ROB_534_Project/install/harvest_interfaces/include/harvest_interfaces/harvest_interfaces/srv/voxel_mask.hpp\n'}
[15.023348] (ur_dashboard_msgs) StdoutLine: {'line': b'-- Symlinking: /home/imml/git/ROB_534_Project/install/ur_dashboard_msgs/share/ur_dashboard_msgs/srv/Load.srv\n'}
[15.030604] (ur_dashboard_msgs) StdoutLine: {'line': b'-- Symlinking: /home/imml/git/ROB_534_Project/install/ur_dashboard_msgs/share/ur_dashboard_msgs/srv/Load_Request.msg\n'}
[15.031361] (harvest_interfaces) StdoutLine: {'line': b'-- Symlinking: /home/imml/git/ROB_534_Project/install/harvest_interfaces/include/harvest_interfaces/harvest_interfaces/action/detail/event_detection__rosidl_typesupport_fastrtps_cpp.hpp\n'}
[15.038462] (harvest_interfaces) StdoutLine: {'line': b'-- Symlinking: /home/imml/git/ROB_534_Project/install/harvest_interfaces/include/harvest_interfaces/harvest_interfaces/action/detail/send_trajectory__rosidl_typesupport_fastrtps_cpp.hpp\n'}
[15.038625] (ur_dashboard_msgs) StdoutLine: {'line': b'-- Symlinking: /home/imml/git/ROB_534_Project/install/ur_dashboard_msgs/share/ur_dashboard_msgs/srv/Load_Response.msg\n'}
[15.046123] (harvest_interfaces) StdoutLine: {'line': b'-- Symlinking: /home/imml/git/ROB_534_Project/install/harvest_interfaces/include/harvest_interfaces/harvest_interfaces/msg/rosidl_typesupport_fastrtps_cpp__visibility_control.h\n'}
[15.046298] (ur_dashboard_msgs) StdoutLine: {'line': b'-- Symlinking: /home/imml/git/ROB_534_Project/install/ur_dashboard_msgs/share/ur_dashboard_msgs/srv/Popup.srv\n'}
[15.053580] (ur_dashboard_msgs) StdoutLine: {'line': b'-- Symlinking: /home/imml/git/ROB_534_Project/install/ur_dashboard_msgs/share/ur_dashboard_msgs/srv/Popup_Request.msg\n'}
[15.053703] (harvest_interfaces) StdoutLine: {'line': b'-- Symlinking: /home/imml/git/ROB_534_Project/install/harvest_interfaces/include/harvest_interfaces/harvest_interfaces/srv/detail/apple_prediction__rosidl_typesupport_fastrtps_cpp.hpp\n'}
[15.061114] (harvest_interfaces) StdoutLine: {'line': b'-- Symlinking: /home/imml/git/ROB_534_Project/install/harvest_interfaces/include/harvest_interfaces/harvest_interfaces/srv/detail/coordinate_to_trajectory__rosidl_typesupport_fastrtps_cpp.hpp\n'}
[15.061292] (ur_dashboard_msgs) StdoutLine: {'line': b'-- Symlinking: /home/imml/git/ROB_534_Project/install/ur_dashboard_msgs/share/ur_dashboard_msgs/srv/Popup_Response.msg\n'}
[15.068724] (harvest_interfaces) StdoutLine: {'line': b'-- Symlinking: /home/imml/git/ROB_534_Project/install/harvest_interfaces/include/harvest_interfaces/harvest_interfaces/srv/detail/final_approach_linear__rosidl_typesupport_fastrtps_cpp.hpp\n'}
[15.068864] (ur_dashboard_msgs) StdoutLine: {'line': b'-- Symlinking: /home/imml/git/ROB_534_Project/install/ur_dashboard_msgs/share/ur_dashboard_msgs/srv/RawRequest.srv\n'}
[15.076157] (ur_dashboard_msgs) StdoutLine: {'line': b'-- Symlinking: /home/imml/git/ROB_534_Project/install/ur_dashboard_msgs/share/ur_dashboard_msgs/srv/RawRequest_Request.msg\n'}
[15.076324] (-) TimerEvent: {}
[15.076429] (harvest_interfaces) StdoutLine: {'line': b'-- Symlinking: /home/imml/git/ROB_534_Project/install/harvest_interfaces/include/harvest_interfaces/harvest_interfaces/srv/detail/get_gripper_pose__rosidl_typesupport_fastrtps_cpp.hpp\n'}
[15.083848] (harvest_interfaces) StdoutLine: {'line': b'-- Symlinking: /home/imml/git/ROB_534_Project/install/harvest_interfaces/include/harvest_interfaces/harvest_interfaces/srv/detail/move_to_pose__rosidl_typesupport_fastrtps_cpp.hpp\n'}
[15.084002] (ur_dashboard_msgs) StdoutLine: {'line': b'-- Symlinking: /home/imml/git/ROB_534_Project/install/ur_dashboard_msgs/share/ur_dashboard_msgs/srv/RawRequest_Response.msg\n'}
[15.091280] (harvest_interfaces) StdoutLine: {'line': b'-- Symlinking: /home/imml/git/ROB_534_Project/install/harvest_interfaces/include/harvest_interfaces/harvest_interfaces/srv/detail/record_topics__rosidl_typesupport_fastrtps_cpp.hpp\n'}
[15.091423] (ur_dashboard_msgs) StdoutLine: {'line': b'-- Symlinking: /home/imml/git/ROB_534_Project/install/ur_dashboard_msgs/share/ur_dashboard_msgs/action/SetMode.action\n'}
[15.098552] (harvest_interfaces) StdoutLine: {'line': b'-- Symlinking: /home/imml/git/ROB_534_Project/install/harvest_interfaces/include/harvest_interfaces/harvest_interfaces/srv/detail/send_trajectory__rosidl_typesupport_fastrtps_cpp.hpp\n'}
[15.098681] (ur_dashboard_msgs) StdoutLine: {'line': b'-- Symlinking: /home/imml/git/ROB_534_Project/install/ur_dashboard_msgs/share/ament_index/resource_index/package_run_dependencies/ur_dashboard_msgs\n'}
[15.105843] (harvest_interfaces) StdoutLine: {'line': b'-- Symlinking: /home/imml/git/ROB_534_Project/install/harvest_interfaces/include/harvest_interfaces/harvest_interfaces/srv/detail/set_value__rosidl_typesupport_fastrtps_cpp.hpp\n'}
[15.105999] (ur_dashboard_msgs) StdoutLine: {'line': b'-- Symlinking: /home/imml/git/ROB_534_Project/install/ur_dashboard_msgs/share/ament_index/resource_index/parent_prefix_path/ur_dashboard_msgs\n'}
[15.113081] (ur_dashboard_msgs) StdoutLine: {'line': b'-- Symlinking: /home/imml/git/ROB_534_Project/install/ur_dashboard_msgs/share/ur_dashboard_msgs/environment/ament_prefix_path.sh\n'}
[15.113211] (harvest_interfaces) StdoutLine: {'line': b'-- Symlinking: /home/imml/git/ROB_534_Project/install/harvest_interfaces/include/harvest_interfaces/harvest_interfaces/srv/detail/trajectory_between_points__rosidl_typesupport_fastrtps_cpp.hpp\n'}
[15.120034] (ur_dashboard_msgs) StdoutLine: {'line': b'-- Symlinking: /home/imml/git/ROB_534_Project/install/ur_dashboard_msgs/share/ur_dashboard_msgs/environment/ament_prefix_path.dsv\n'}
[15.120168] (harvest_interfaces) StdoutLine: {'line': b'-- Symlinking: /home/imml/git/ROB_534_Project/install/harvest_interfaces/include/harvest_interfaces/harvest_interfaces/srv/detail/update_trellis_position__rosidl_typesupport_fastrtps_cpp.hpp\n'}
[15.127137] (harvest_interfaces) StdoutLine: {'line': b'-- Symlinking: /home/imml/git/ROB_534_Project/install/harvest_interfaces/include/harvest_interfaces/harvest_interfaces/srv/detail/voxel_grid__rosidl_typesupport_fastrtps_cpp.hpp\n'}
[15.127259] (ur_dashboard_msgs) StdoutLine: {'line': b'-- Symlinking: /home/imml/git/ROB_534_Project/install/ur_dashboard_msgs/share/ur_dashboard_msgs/environment/path.sh\n'}
[15.134053] (harvest_interfaces) StdoutLine: {'line': b'-- Symlinking: /home/imml/git/ROB_534_Project/install/harvest_interfaces/include/harvest_interfaces/harvest_interfaces/srv/detail/voxel_mask__rosidl_typesupport_fastrtps_cpp.hpp\n'}
[15.134184] (ur_dashboard_msgs) StdoutLine: {'line': b'-- Symlinking: /home/imml/git/ROB_534_Project/install/ur_dashboard_msgs/share/ur_dashboard_msgs/environment/path.dsv\n'}
[15.141154] (ur_dashboard_msgs) StdoutLine: {'line': b'-- Symlinking: /home/imml/git/ROB_534_Project/install/ur_dashboard_msgs/share/ur_dashboard_msgs/local_setup.bash\n'}
[15.141834] (harvest_interfaces) StdoutLine: {'line': b'-- Symlinking: /home/imml/git/ROB_534_Project/install/harvest_interfaces/include/harvest_interfaces/harvest_interfaces/action/detail/event_detection__rosidl_typesupport_introspection_cpp.hpp\n'}
[15.148404] (ur_dashboard_msgs) StdoutLine: {'line': b'-- Symlinking: /home/imml/git/ROB_534_Project/install/ur_dashboard_msgs/share/ur_dashboard_msgs/local_setup.sh\n'}
[15.149142] (harvest_interfaces) StdoutLine: {'line': b'-- Symlinking: /home/imml/git/ROB_534_Project/install/harvest_interfaces/include/harvest_interfaces/harvest_interfaces/action/detail/send_trajectory__rosidl_typesupport_introspection_cpp.hpp\n'}
[15.155879] (ur_dashboard_msgs) StdoutLine: {'line': b'-- Symlinking: /home/imml/git/ROB_534_Project/install/ur_dashboard_msgs/share/ur_dashboard_msgs/local_setup.zsh\n'}
[15.156096] (harvest_interfaces) StdoutLine: {'line': b'-- Symlinking: /home/imml/git/ROB_534_Project/install/harvest_interfaces/include/harvest_interfaces/harvest_interfaces/srv/detail/apple_prediction__rosidl_typesupport_introspection_cpp.hpp\n'}
[15.163207] (harvest_interfaces) StdoutLine: {'line': b'-- Symlinking: /home/imml/git/ROB_534_Project/install/harvest_interfaces/include/harvest_interfaces/harvest_interfaces/srv/detail/coordinate_to_trajectory__rosidl_typesupport_introspection_cpp.hpp\n'}
[15.163369] (ur_dashboard_msgs) StdoutLine: {'line': b'-- Symlinking: /home/imml/git/ROB_534_Project/install/ur_dashboard_msgs/share/ur_dashboard_msgs/local_setup.dsv\n'}
[15.170727] (harvest_interfaces) StdoutLine: {'line': b'-- Symlinking: /home/imml/git/ROB_534_Project/install/harvest_interfaces/include/harvest_interfaces/harvest_interfaces/srv/detail/final_approach_linear__rosidl_typesupport_introspection_cpp.hpp\n'}
[15.170895] (ur_dashboard_msgs) StdoutLine: {'line': b'-- Symlinking: /home/imml/git/ROB_534_Project/install/ur_dashboard_msgs/share/ur_dashboard_msgs/package.dsv\n'}
[15.176402] (-) TimerEvent: {}
[15.178106] (ur_dashboard_msgs) StdoutLine: {'line': b'-- Symlinking: /home/imml/git/ROB_534_Project/install/ur_dashboard_msgs/share/ament_index/resource_index/packages/ur_dashboard_msgs\n'}
[15.178240] (harvest_interfaces) StdoutLine: {'line': b'-- Symlinking: /home/imml/git/ROB_534_Project/install/harvest_interfaces/include/harvest_interfaces/harvest_interfaces/srv/detail/get_gripper_pose__rosidl_typesupport_introspection_cpp.hpp\n'}
[15.185347] (harvest_interfaces) StdoutLine: {'line': b'-- Symlinking: /home/imml/git/ROB_534_Project/install/harvest_interfaces/include/harvest_interfaces/harvest_interfaces/srv/detail/move_to_pose__rosidl_typesupport_introspection_cpp.hpp\n'}
[15.185499] (ur_dashboard_msgs) StdoutLine: {'line': b'-- Symlinking: /home/imml/git/ROB_534_Project/install/ur_dashboard_msgs/share/ur_dashboard_msgs/cmake/rosidl_cmake-extras.cmake\n'}
[15.192722] (harvest_interfaces) StdoutLine: {'line': b'-- Symlinking: /home/imml/git/ROB_534_Project/install/harvest_interfaces/include/harvest_interfaces/harvest_interfaces/srv/detail/record_topics__rosidl_typesupport_introspection_cpp.hpp\n'}
[15.192842] (ur_dashboard_msgs) StdoutLine: {'line': b'-- Symlinking: /home/imml/git/ROB_534_Project/install/ur_dashboard_msgs/share/ur_dashboard_msgs/cmake/ament_cmake_export_dependencies-extras.cmake\n'}
[15.200129] (ur_dashboard_msgs) StdoutLine: {'line': b'-- Symlinking: /home/imml/git/ROB_534_Project/install/ur_dashboard_msgs/share/ur_dashboard_msgs/cmake/ament_cmake_export_include_directories-extras.cmake\n'}
[15.200286] (harvest_interfaces) StdoutLine: {'line': b'-- Symlinking: /home/imml/git/ROB_534_Project/install/harvest_interfaces/include/harvest_interfaces/harvest_interfaces/srv/detail/send_trajectory__rosidl_typesupport_introspection_cpp.hpp\n'}
[15.207821] (ur_dashboard_msgs) StdoutLine: {'line': b'-- Symlinking: /home/imml/git/ROB_534_Project/install/ur_dashboard_msgs/share/ur_dashboard_msgs/cmake/ament_cmake_export_libraries-extras.cmake\n'}
[15.207989] (harvest_interfaces) StdoutLine: {'line': b'-- Symlinking: /home/imml/git/ROB_534_Project/install/harvest_interfaces/include/harvest_interfaces/harvest_interfaces/srv/detail/set_value__rosidl_typesupport_introspection_cpp.hpp\n'}
[15.215246] (ur_dashboard_msgs) StdoutLine: {'line': b'-- Symlinking: /home/imml/git/ROB_534_Project/install/ur_dashboard_msgs/share/ur_dashboard_msgs/cmake/ament_cmake_export_targets-extras.cmake\n'}
[15.215455] (harvest_interfaces) StdoutLine: {'line': b'-- Symlinking: /home/imml/git/ROB_534_Project/install/harvest_interfaces/include/harvest_interfaces/harvest_interfaces/srv/detail/trajectory_between_points__rosidl_typesupport_introspection_cpp.hpp\n'}
[15.222310] (ur_dashboard_msgs) StdoutLine: {'line': b'-- Symlinking: /home/imml/git/ROB_534_Project/install/ur_dashboard_msgs/share/ur_dashboard_msgs/cmake/rosidl_cmake_export_typesupport_targets-extras.cmake\n'}
[15.222451] (harvest_interfaces) StdoutLine: {'line': b'-- Symlinking: /home/imml/git/ROB_534_Project/install/harvest_interfaces/include/harvest_interfaces/harvest_interfaces/srv/detail/update_trellis_position__rosidl_typesupport_introspection_cpp.hpp\n'}
[15.229633] (ur_dashboard_msgs) StdoutLine: {'line': b'-- Symlinking: /home/imml/git/ROB_534_Project/install/ur_dashboard_msgs/share/ur_dashboard_msgs/cmake/rosidl_cmake_export_typesupport_libraries-extras.cmake\n'}
[15.230074] (harvest_interfaces) StdoutLine: {'line': b'-- Symlinking: /home/imml/git/ROB_534_Project/install/harvest_interfaces/include/harvest_interfaces/harvest_interfaces/srv/detail/voxel_grid__rosidl_typesupport_introspection_cpp.hpp\n'}
[15.237087] (harvest_interfaces) StdoutLine: {'line': b'-- Symlinking: /home/imml/git/ROB_534_Project/install/harvest_interfaces/include/harvest_interfaces/harvest_interfaces/srv/detail/voxel_mask__rosidl_typesupport_introspection_cpp.hpp\n'}
[15.237234] (ur_dashboard_msgs) StdoutLine: {'line': b'-- Symlinking: /home/imml/git/ROB_534_Project/install/ur_dashboard_msgs/share/ur_dashboard_msgs/cmake/ur_dashboard_msgsConfig.cmake\n'}
[15.244513] (ur_dashboard_msgs) StdoutLine: {'line': b'-- Symlinking: /home/imml/git/ROB_534_Project/install/ur_dashboard_msgs/share/ur_dashboard_msgs/cmake/ur_dashboard_msgsConfig-version.cmake\n'}
[15.244653] (harvest_interfaces) StdoutLine: {'line': b'-- Symlinking: /home/imml/git/ROB_534_Project/install/harvest_interfaces/share/harvest_interfaces/environment/pythonpath.sh\n'}
[15.252186] (ur_dashboard_msgs) StdoutLine: {'line': b'-- Symlinking: /home/imml/git/ROB_534_Project/install/ur_dashboard_msgs/share/ur_dashboard_msgs/package.xml\n'}
[15.252331] (harvest_interfaces) StdoutLine: {'line': b'-- Symlinking: /home/imml/git/ROB_534_Project/install/harvest_interfaces/share/harvest_interfaces/environment/pythonpath.dsv\n'}
[15.259524] (ur_dashboard_msgs) StdoutLine: {'line': b'-- Installing: /home/imml/git/ROB_534_Project/install/ur_dashboard_msgs/lib/libur_dashboard_msgs__rosidl_generator_c.so\n'}
[15.259786] (harvest_interfaces) StdoutLine: {'line': b'-- Symlinking: /home/imml/git/ROB_534_Project/install/harvest_interfaces/local/lib/python3.10/dist-packages/harvest_interfaces-0.0.0-py3.10.egg-info/PKG-INFO\n'}
[15.259967] (ur_dashboard_msgs) StdoutLine: {'line': b'-- Set runtime path of "/home/imml/git/ROB_534_Project/install/ur_dashboard_msgs/lib/libur_dashboard_msgs__rosidl_generator_c.so" to ""\n'}
[15.260047] (ur_dashboard_msgs) StdoutLine: {'line': b'-- Installing: /home/imml/git/ROB_534_Project/install/ur_dashboard_msgs/lib/libur_dashboard_msgs__rosidl_typesupport_fastrtps_c.so\n'}
[15.260461] (ur_dashboard_msgs) StdoutLine: {'line': b'-- Set runtime path of "/home/imml/git/ROB_534_Project/install/ur_dashboard_msgs/lib/libur_dashboard_msgs__rosidl_typesupport_fastrtps_c.so" to ""\n'}
[15.260556] (ur_dashboard_msgs) StdoutLine: {'line': b'-- Installing: /home/imml/git/ROB_534_Project/install/ur_dashboard_msgs/lib/libur_dashboard_msgs__rosidl_typesupport_introspection_c.so\n'}
[15.260869] (ur_dashboard_msgs) StdoutLine: {'line': b'-- Set runtime path of "/home/imml/git/ROB_534_Project/install/ur_dashboard_msgs/lib/libur_dashboard_msgs__rosidl_typesupport_introspection_c.so" to ""\n'}
[15.260937] (ur_dashboard_msgs) StdoutLine: {'line': b'-- Installing: /home/imml/git/ROB_534_Project/install/ur_dashboard_msgs/lib/libur_dashboard_msgs__rosidl_typesupport_c.so\n'}
[15.261227] (ur_dashboard_msgs) StdoutLine: {'line': b'-- Set runtime path of "/home/imml/git/ROB_534_Project/install/ur_dashboard_msgs/lib/libur_dashboard_msgs__rosidl_typesupport_c.so" to ""\n'}
[15.261283] (ur_dashboard_msgs) StdoutLine: {'line': b'-- Installing: /home/imml/git/ROB_534_Project/install/ur_dashboard_msgs/lib/libur_dashboard_msgs__rosidl_typesupport_fastrtps_cpp.so\n'}
[15.261718] (ur_dashboard_msgs) StdoutLine: {'line': b'-- Set runtime path of "/home/imml/git/ROB_534_Project/install/ur_dashboard_msgs/lib/libur_dashboard_msgs__rosidl_typesupport_fastrtps_cpp.so" to ""\n'}
[15.261778] (ur_dashboard_msgs) StdoutLine: {'line': b'-- Installing: /home/imml/git/ROB_534_Project/install/ur_dashboard_msgs/lib/libur_dashboard_msgs__rosidl_typesupport_introspection_cpp.so\n'}
[15.262204] (ur_dashboard_msgs) StdoutLine: {'line': b'-- Set runtime path of "/home/imml/git/ROB_534_Project/install/ur_dashboard_msgs/lib/libur_dashboard_msgs__rosidl_typesupport_introspection_cpp.so" to ""\n'}
[15.262255] (ur_dashboard_msgs) StdoutLine: {'line': b'-- Installing: /home/imml/git/ROB_534_Project/install/ur_dashboard_msgs/lib/libur_dashboard_msgs__rosidl_typesupport_cpp.so\n'}
[15.262606] (ur_dashboard_msgs) StdoutLine: {'line': b'-- Set runtime path of "/home/imml/git/ROB_534_Project/install/ur_dashboard_msgs/lib/libur_dashboard_msgs__rosidl_typesupport_cpp.so" to ""\n'}
[15.267409] (harvest_interfaces) StdoutLine: {'line': b'-- Symlinking: /home/imml/git/ROB_534_Project/install/harvest_interfaces/local/lib/python3.10/dist-packages/harvest_interfaces-0.0.0-py3.10.egg-info/SOURCES.txt\n'}
[15.274598] (harvest_interfaces) StdoutLine: {'line': b'-- Symlinking: /home/imml/git/ROB_534_Project/install/harvest_interfaces/local/lib/python3.10/dist-packages/harvest_interfaces-0.0.0-py3.10.egg-info/dependency_links.txt\n'}
[15.276461] (-) TimerEvent: {}
[15.282269] (harvest_interfaces) StdoutLine: {'line': b'-- Symlinking: /home/imml/git/ROB_534_Project/install/harvest_interfaces/local/lib/python3.10/dist-packages/harvest_interfaces-0.0.0-py3.10.egg-info/top_level.txt\n'}
[15.291005] (harvest_interfaces) StdoutLine: {'line': b'-- Symlinking: /home/imml/git/ROB_534_Project/install/harvest_interfaces/local/lib/python3.10/dist-packages/harvest_interfaces/__init__.py\n'}
[15.298834] (harvest_interfaces) StdoutLine: {'line': b'-- Symlinking: /home/imml/git/ROB_534_Project/install/harvest_interfaces/local/lib/python3.10/dist-packages/harvest_interfaces/_harvest_interfaces_s.ep.rosidl_typesupport_c.c\n'}
[15.305822] (ur_dashboard_msgs) StdoutLine: {'line': b"Listing '/home/imml/git/ROB_534_Project/install/ur_dashboard_msgs/local/lib/python3.10/dist-packages/ur_dashboard_msgs'...\n"}
[15.305973] (ur_dashboard_msgs) StdoutLine: {'line': b"Compiling '/home/imml/git/ROB_534_Project/install/ur_dashboard_msgs/local/lib/python3.10/dist-packages/ur_dashboard_msgs/__init__.py'...\n"}
[15.306050] (ur_dashboard_msgs) StdoutLine: {'line': b"Listing '/home/imml/git/ROB_534_Project/install/ur_dashboard_msgs/local/lib/python3.10/dist-packages/ur_dashboard_msgs/action'...\n"}
[15.306106] (ur_dashboard_msgs) StdoutLine: {'line': b"Compiling '/home/imml/git/ROB_534_Project/install/ur_dashboard_msgs/local/lib/python3.10/dist-packages/ur_dashboard_msgs/action/__init__.py'...\n"}
[15.306163] (ur_dashboard_msgs) StdoutLine: {'line': b"Compiling '/home/imml/git/ROB_534_Project/install/ur_dashboard_msgs/local/lib/python3.10/dist-packages/ur_dashboard_msgs/action/_set_mode.py'...\n"}
[15.306212] (ur_dashboard_msgs) StdoutLine: {'line': b"Listing '/home/imml/git/ROB_534_Project/install/ur_dashboard_msgs/local/lib/python3.10/dist-packages/ur_dashboard_msgs/msg'...\n"}
[15.306302] (ur_dashboard_msgs) StdoutLine: {'line': b"Compiling '/home/imml/git/ROB_534_Project/install/ur_dashboard_msgs/local/lib/python3.10/dist-packages/ur_dashboard_msgs/msg/__init__.py'...\n"}
[15.306366] (ur_dashboard_msgs) StdoutLine: {'line': b"Compiling '/home/imml/git/ROB_534_Project/install/ur_dashboard_msgs/local/lib/python3.10/dist-packages/ur_dashboard_msgs/msg/_program_state.py'...\n"}
[15.306414] (ur_dashboard_msgs) StdoutLine: {'line': b"Compiling '/home/imml/git/ROB_534_Project/install/ur_dashboard_msgs/local/lib/python3.10/dist-packages/ur_dashboard_msgs/msg/_robot_mode.py'...\n"}
[15.306458] (ur_dashboard_msgs) StdoutLine: {'line': b"Compiling '/home/imml/git/ROB_534_Project/install/ur_dashboard_msgs/local/lib/python3.10/dist-packages/ur_dashboard_msgs/msg/_safety_mode.py'...\n"}
[15.306498] (ur_dashboard_msgs) StdoutLine: {'line': b"Listing '/home/imml/git/ROB_534_Project/install/ur_dashboard_msgs/local/lib/python3.10/dist-packages/ur_dashboard_msgs/srv'...\n"}
[15.306541] (ur_dashboard_msgs) StdoutLine: {'line': b"Compiling '/home/imml/git/ROB_534_Project/install/ur_dashboard_msgs/local/lib/python3.10/dist-packages/ur_dashboard_msgs/srv/__init__.py'...\n"}
[15.306579] (ur_dashboard_msgs) StdoutLine: {'line': b"Compiling '/home/imml/git/ROB_534_Project/install/ur_dashboard_msgs/local/lib/python3.10/dist-packages/ur_dashboard_msgs/srv/_add_to_log.py'...\n"}
[15.306617] (ur_dashboard_msgs) StdoutLine: {'line': b"Compiling '/home/imml/git/ROB_534_Project/install/ur_dashboard_msgs/local/lib/python3.10/dist-packages/ur_dashboard_msgs/srv/_get_loaded_program.py'...\n"}
[15.306654] (ur_dashboard_msgs) StdoutLine: {'line': b"Compiling '/home/imml/git/ROB_534_Project/install/ur_dashboard_msgs/local/lib/python3.10/dist-packages/ur_dashboard_msgs/srv/_get_program_state.py'...\n"}
[15.306690] (ur_dashboard_msgs) StdoutLine: {'line': b"Compiling '/home/imml/git/ROB_534_Project/install/ur_dashboard_msgs/local/lib/python3.10/dist-packages/ur_dashboard_msgs/srv/_get_robot_mode.py'...\n"}
[15.306732] (ur_dashboard_msgs) StdoutLine: {'line': b"Compiling '/home/imml/git/ROB_534_Project/install/ur_dashboard_msgs/local/lib/python3.10/dist-packages/ur_dashboard_msgs/srv/_get_safety_mode.py'...\n"}
[15.306768] (ur_dashboard_msgs) StdoutLine: {'line': b"Compiling '/home/imml/git/ROB_534_Project/install/ur_dashboard_msgs/local/lib/python3.10/dist-packages/ur_dashboard_msgs/srv/_is_program_running.py'...\n"}
[15.306803] (ur_dashboard_msgs) StdoutLine: {'line': b"Compiling '/home/imml/git/ROB_534_Project/install/ur_dashboard_msgs/local/lib/python3.10/dist-packages/ur_dashboard_msgs/srv/_is_program_saved.py'...\n"}
[15.306838] (ur_dashboard_msgs) StdoutLine: {'line': b"Compiling '/home/imml/git/ROB_534_Project/install/ur_dashboard_msgs/local/lib/python3.10/dist-packages/ur_dashboard_msgs/srv/_load.py'...\n"}
[15.306879] (ur_dashboard_msgs) StdoutLine: {'line': b"Compiling '/home/imml/git/ROB_534_Project/install/ur_dashboard_msgs/local/lib/python3.10/dist-packages/ur_dashboard_msgs/srv/_popup.py'...\n"}
[15.306929] (ur_dashboard_msgs) StdoutLine: {'line': b"Compiling '/home/imml/git/ROB_534_Project/install/ur_dashboard_msgs/local/lib/python3.10/dist-packages/ur_dashboard_msgs/srv/_raw_request.py'...\n"}
[15.307069] (harvest_interfaces) StdoutLine: {'line': b'-- Symlinking: /home/imml/git/ROB_534_Project/install/harvest_interfaces/local/lib/python3.10/dist-packages/harvest_interfaces/_harvest_interfaces_s.ep.rosidl_typesupport_fastrtps_c.c\n'}
[15.310165] (ur_dashboard_msgs) StdoutLine: {'line': b'-- Installing: /home/imml/git/ROB_534_Project/install/ur_dashboard_msgs/lib/libur_dashboard_msgs__rosidl_generator_py.so\n'}
[15.310637] (ur_dashboard_msgs) StdoutLine: {'line': b'-- Set runtime path of "/home/imml/git/ROB_534_Project/install/ur_dashboard_msgs/lib/libur_dashboard_msgs__rosidl_generator_py.so" to ""\n'}
[15.310810] (ur_dashboard_msgs) StdoutLine: {'line': b'-- Installing: /home/imml/git/ROB_534_Project/install/ur_dashboard_msgs/share/ur_dashboard_msgs/cmake/export_ur_dashboard_msgs__rosidl_generator_cExport.cmake\n'}
[15.310924] (ur_dashboard_msgs) StdoutLine: {'line': b'-- Installing: /home/imml/git/ROB_534_Project/install/ur_dashboard_msgs/share/ur_dashboard_msgs/cmake/export_ur_dashboard_msgs__rosidl_generator_cExport-noconfig.cmake\n'}
[15.311002] (ur_dashboard_msgs) StdoutLine: {'line': b'-- Installing: /home/imml/git/ROB_534_Project/install/ur_dashboard_msgs/share/ur_dashboard_msgs/cmake/export_ur_dashboard_msgs__rosidl_typesupport_fastrtps_cExport.cmake\n'}
[15.311136] (ur_dashboard_msgs) StdoutLine: {'line': b'-- Installing: /home/imml/git/ROB_534_Project/install/ur_dashboard_msgs/share/ur_dashboard_msgs/cmake/export_ur_dashboard_msgs__rosidl_typesupport_fastrtps_cExport-noconfig.cmake\n'}
[15.311290] (ur_dashboard_msgs) StdoutLine: {'line': b'-- Installing: /home/imml/git/ROB_534_Project/install/ur_dashboard_msgs/share/ur_dashboard_msgs/cmake/ur_dashboard_msgs__rosidl_typesupport_introspection_cExport.cmake\n'}
[15.311433] (ur_dashboard_msgs) StdoutLine: {'line': b'-- Installing: /home/imml/git/ROB_534_Project/install/ur_dashboard_msgs/share/ur_dashboard_msgs/cmake/ur_dashboard_msgs__rosidl_typesupport_introspection_cExport-noconfig.cmake\n'}
[15.311602] (ur_dashboard_msgs) StdoutLine: {'line': b'-- Installing: /home/imml/git/ROB_534_Project/install/ur_dashboard_msgs/share/ur_dashboard_msgs/cmake/ur_dashboard_msgs__rosidl_typesupport_cExport.cmake\n'}
[15.311748] (ur_dashboard_msgs) StdoutLine: {'line': b'-- Installing: /home/imml/git/ROB_534_Project/install/ur_dashboard_msgs/share/ur_dashboard_msgs/cmake/ur_dashboard_msgs__rosidl_typesupport_cExport-noconfig.cmake\n'}
[15.311872] (ur_dashboard_msgs) StdoutLine: {'line': b'-- Installing: /home/imml/git/ROB_534_Project/install/ur_dashboard_msgs/share/ur_dashboard_msgs/cmake/export_ur_dashboard_msgs__rosidl_generator_cppExport.cmake\n'}
[15.312013] (ur_dashboard_msgs) StdoutLine: {'line': b'-- Installing: /home/imml/git/ROB_534_Project/install/ur_dashboard_msgs/share/ur_dashboard_msgs/cmake/export_ur_dashboard_msgs__rosidl_typesupport_fastrtps_cppExport.cmake\n'}
[15.312147] (ur_dashboard_msgs) StdoutLine: {'line': b'-- Installing: /home/imml/git/ROB_534_Project/install/ur_dashboard_msgs/share/ur_dashboard_msgs/cmake/export_ur_dashboard_msgs__rosidl_typesupport_fastrtps_cppExport-noconfig.cmake\n'}
[15.312297] (ur_dashboard_msgs) StdoutLine: {'line': b'-- Installing: /home/imml/git/ROB_534_Project/install/ur_dashboard_msgs/share/ur_dashboard_msgs/cmake/ur_dashboard_msgs__rosidl_typesupport_introspection_cppExport.cmake\n'}
[15.312438] (ur_dashboard_msgs) StdoutLine: {'line': b'-- Installing: /home/imml/git/ROB_534_Project/install/ur_dashboard_msgs/share/ur_dashboard_msgs/cmake/ur_dashboard_msgs__rosidl_typesupport_introspection_cppExport-noconfig.cmake\n'}
[15.312583] (ur_dashboard_msgs) StdoutLine: {'line': b'-- Installing: /home/imml/git/ROB_534_Project/install/ur_dashboard_msgs/share/ur_dashboard_msgs/cmake/ur_dashboard_msgs__rosidl_typesupport_cppExport.cmake\n'}
[15.312716] (ur_dashboard_msgs) StdoutLine: {'line': b'-- Installing: /home/imml/git/ROB_534_Project/install/ur_dashboard_msgs/share/ur_dashboard_msgs/cmake/ur_dashboard_msgs__rosidl_typesupport_cppExport-noconfig.cmake\n'}
[15.312856] (ur_dashboard_msgs) StdoutLine: {'line': b'-- Installing: /home/imml/git/ROB_534_Project/install/ur_dashboard_msgs/share/ur_dashboard_msgs/cmake/export_ur_dashboard_msgs__rosidl_generator_pyExport.cmake\n'}
[15.312990] (ur_dashboard_msgs) StdoutLine: {'line': b'-- Installing: /home/imml/git/ROB_534_Project/install/ur_dashboard_msgs/share/ur_dashboard_msgs/cmake/export_ur_dashboard_msgs__rosidl_generator_pyExport-noconfig.cmake\n'}
[15.314957] (ur_dashboard_msgs) CommandEnded: {'returncode': 0}
[15.315630] (harvest_interfaces) StdoutLine: {'line': b'-- Symlinking: /home/imml/git/ROB_534_Project/install/harvest_interfaces/local/lib/python3.10/dist-packages/harvest_interfaces/_harvest_interfaces_s.ep.rosidl_typesupport_introspection_c.c\n'}
[15.323221] (harvest_interfaces) StdoutLine: {'line': b'-- Symlinking: /home/imml/git/ROB_534_Project/install/harvest_interfaces/local/lib/python3.10/dist-packages/harvest_interfaces/action/__init__.py\n'}
[15.330347] (ur_dashboard_msgs) JobEnded: {'identifier': 'ur_dashboard_msgs', 'rc': 0}
[15.331140] (ur_controllers) JobStarted: {'identifier': 'ur_controllers'}
[15.331187] (harvest_interfaces) StdoutLine: {'line': b'-- Symlinking: /home/imml/git/ROB_534_Project/install/harvest_interfaces/local/lib/python3.10/dist-packages/harvest_interfaces/action/_event_detection.py\n'}
[15.336641] (ur_controllers) JobProgress: {'identifier': 'ur_controllers', 'progress': 'cmake'}
[15.337132] (ur_controllers) Command: {'cmd': ['/usr/bin/cmake', '/home/imml/git/ROB_534_Project/harvest_hardware/Universal_Robots_ROS2_Driver/ur_controllers', '-DAMENT_CMAKE_SYMLINK_INSTALL=1', '-DCMAKE_INSTALL_PREFIX=/home/imml/git/ROB_534_Project/install/ur_controllers'], 'cwd': '/home/imml/git/ROB_534_Project/build/ur_controllers', 'env': OrderedDict([('LESSOPEN', '| /usr/bin/lesspipe %s'), ('USER', 'imml'), ('XDG_SESSION_TYPE', 'wayland'), ('SHLVL', '1'), ('LD_LIBRARY_PATH', '/home/imml/git/ROB_534_Project/install/ur_dashboard_msgs/lib:/opt/ros/humble/opt/rviz_ogre_vendor/lib:/opt/ros/humble/lib/x86_64-linux-gnu:/opt/ros/humble/lib'), ('HOME', '/home/imml'), ('OLDPWD', '/home/imml'), ('DESKTOP_SESSION', 'ubuntu'), ('ROS_PYTHON_VERSION', '3'), ('GNOME_SHELL_SESSION_MODE', 'ubuntu'), ('GTK_MODULES', 'gail:atk-bridge'), ('SYSTEMD_EXEC_PID', '35967'), ('DBUS_SESSION_BUS_ADDRESS', 'unix:path=/run/user/1000/bus'), ('COLORTERM', 'truecolor'), ('IM_CONFIG_PHASE', '1'), ('WAYLAND_DISPLAY', 'wayland-0'), ('ROS_DISTRO', 'humble'), ('LOGNAME', 'imml'), ('_', '/usr/bin/colcon'), ('ROS_VERSION', '2'), ('XDG_SESSION_CLASS', 'user'), ('USERNAME', 'imml'), ('TERM', 'xterm-256color'), ('GNOME_DESKTOP_SESSION_ID', 'this-is-deprecated'), ('ROS_LOCALHOST_ONLY', '0'), ('PATH', '/opt/ros/humble/bin:/home/imml/.local/bin:/usr/local/sbin:/usr/local/bin:/usr/sbin:/usr/bin:/sbin:/bin:/usr/games:/usr/local/games:/snap/bin:/snap/bin'), ('SESSION_MANAGER', 'local/imml-ROG-Zephyrus:@/tmp/.ICE-unix/1689,unix/imml-ROG-Zephyrus:/tmp/.ICE-unix/1689'), ('XDG_MENU_PREFIX', 'gnome-'), ('GNOME_TERMINAL_SCREEN', '/org/gnome/Terminal/screen/00ec7be0_5807_4f11_8254_b2b90de30782'), ('GNOME_SETUP_DISPLAY', ':1'), ('XDG_RUNTIME_DIR', '/run/user/1000'), ('DISPLAY', ':0'), ('LANG', 'en_US.UTF-8'), ('XDG_CURRENT_DESKTOP', 'ubuntu:GNOME'), ('XMODIFIERS', '@im=ibus'), ('XDG_SESSION_DESKTOP', 'ubuntu'), ('XAUTHORITY', '/run/user/1000/.mutter-Xwaylandauth.48T012'), ('LS_COLORS', 'rs=0:di=01;34:ln=01;36:mh=00:pi=40;33:so=01;35:do=01;35:bd=40;33;01:cd=40;33;01:or=40;31;01:mi=00:su=37;41:sg=30;43:ca=30;41:tw=30;42:ow=34;42:st=37;44:ex=01;32:*.tar=01;31:*.tgz=01;31:*.arc=01;31:*.arj=01;31:*.taz=01;31:*.lha=01;31:*.lz4=01;31:*.lzh=01;31:*.lzma=01;31:*.tlz=01;31:*.txz=01;31:*.tzo=01;31:*.t7z=01;31:*.zip=01;31:*.z=01;31:*.dz=01;31:*.gz=01;31:*.lrz=01;31:*.lz=01;31:*.lzo=01;31:*.xz=01;31:*.zst=01;31:*.tzst=01;31:*.bz2=01;31:*.bz=01;31:*.tbz=01;31:*.tbz2=01;31:*.tz=01;31:*.deb=01;31:*.rpm=01;31:*.jar=01;31:*.war=01;31:*.ear=01;31:*.sar=01;31:*.rar=01;31:*.alz=01;31:*.ace=01;31:*.zoo=01;31:*.cpio=01;31:*.7z=01;31:*.rz=01;31:*.cab=01;31:*.wim=01;31:*.swm=01;31:*.dwm=01;31:*.esd=01;31:*.jpg=01;35:*.jpeg=01;35:*.mjpg=01;35:*.mjpeg=01;35:*.gif=01;35:*.bmp=01;35:*.pbm=01;35:*.pgm=01;35:*.ppm=01;35:*.tga=01;35:*.xbm=01;35:*.xpm=01;35:*.tif=01;35:*.tiff=01;35:*.png=01;35:*.svg=01;35:*.svgz=01;35:*.mng=01;35:*.pcx=01;35:*.mov=01;35:*.mpg=01;35:*.mpeg=01;35:*.m2v=01;35:*.mkv=01;35:*.webm=01;35:*.webp=01;35:*.ogm=01;35:*.mp4=01;35:*.m4v=01;35:*.mp4v=01;35:*.vob=01;35:*.qt=01;35:*.nuv=01;35:*.wmv=01;35:*.asf=01;35:*.rm=01;35:*.rmvb=01;35:*.flc=01;35:*.avi=01;35:*.fli=01;35:*.flv=01;35:*.gl=01;35:*.dl=01;35:*.xcf=01;35:*.xwd=01;35:*.yuv=01;35:*.cgm=01;35:*.emf=01;35:*.ogv=01;35:*.ogx=01;35:*.aac=00;36:*.au=00;36:*.flac=00;36:*.m4a=00;36:*.mid=00;36:*.midi=00;36:*.mka=00;36:*.mp3=00;36:*.mpc=00;36:*.ogg=00;36:*.ra=00;36:*.wav=00;36:*.oga=00;36:*.opus=00;36:*.spx=00;36:*.xspf=00;36:'), ('GNOME_TERMINAL_SERVICE', ':1.315'), ('SSH_AGENT_LAUNCHER', 'gnome-keyring'), ('SSH_AUTH_SOCK', '/run/user/1000/keyring/ssh'), ('AMENT_PREFIX_PATH', '/home/imml/git/ROB_534_Project/install/ur_dashboard_msgs:/opt/ros/humble'), ('SHELL', '/bin/bash'), ('QT_ACCESSIBILITY', '1'), ('GDMSESSION', 'ubuntu'), ('LESSCLOSE', '/usr/bin/lesspipe %s %s'), ('QT_IM_MODULE', 'ibus'), ('PWD', '/home/imml/git/ROB_534_Project/build/ur_controllers'), ('LC_ALL', 'en_US.UTF-8'), ('XDG_CONFIG_DIRS', '/etc/xdg/xdg-ubuntu:/etc/xdg'), ('XDG_DATA_DIRS', '/usr/share/ubuntu:/usr/local/share/:/usr/share/:/var/lib/snapd/desktop'), ('PYTHONPATH', '/home/imml/git/ROB_534_Project/install/ur_dashboard_msgs/local/lib/python3.10/dist-packages:/opt/ros/humble/lib/python3.10/site-packages:/opt/ros/humble/local/lib/python3.10/dist-packages'), ('COLCON', '1'), ('VTE_VERSION', '6800'), ('CMAKE_PREFIX_PATH', '/home/imml/git/ROB_534_Project/install/ur_dashboard_msgs:/opt/ros/humble')]), 'shell': False}
[15.338727] (harvest_interfaces) StdoutLine: {'line': b'-- Symlinking: /home/imml/git/ROB_534_Project/install/harvest_interfaces/local/lib/python3.10/dist-packages/harvest_interfaces/action/_event_detection_s.c\n'}
[15.345785] (harvest_interfaces) StdoutLine: {'line': b'-- Symlinking: /home/imml/git/ROB_534_Project/install/harvest_interfaces/local/lib/python3.10/dist-packages/harvest_interfaces/action/_send_trajectory.py\n'}
[15.352968] (harvest_interfaces) StdoutLine: {'line': b'-- Symlinking: /home/imml/git/ROB_534_Project/install/harvest_interfaces/local/lib/python3.10/dist-packages/harvest_interfaces/action/_send_trajectory_s.c\n'}
[15.360024] (harvest_interfaces) StdoutLine: {'line': b'-- Symlinking: /home/imml/git/ROB_534_Project/install/harvest_interfaces/local/lib/python3.10/dist-packages/harvest_interfaces/harvest_interfaces_s__rosidl_typesupport_c.cpython-310-x86_64-linux-gnu.so\n'}
[15.367505] (harvest_interfaces) StdoutLine: {'line': b'-- Symlinking: /home/imml/git/ROB_534_Project/install/harvest_interfaces/local/lib/python3.10/dist-packages/harvest_interfaces/harvest_interfaces_s__rosidl_typesupport_fastrtps_c.cpython-310-x86_64-linux-gnu.so\n'}
[15.375280] (harvest_interfaces) StdoutLine: {'line': b'-- Symlinking: /home/imml/git/ROB_534_Project/install/harvest_interfaces/local/lib/python3.10/dist-packages/harvest_interfaces/harvest_interfaces_s__rosidl_typesupport_introspection_c.cpython-310-x86_64-linux-gnu.so\n'}
[15.376528] (-) TimerEvent: {}
[15.380462] (ur_controllers) StdoutLine: {'line': b'-- The C compiler identification is GNU 11.4.0\n'}
[15.382299] (harvest_interfaces) StdoutLine: {'line': b'-- Symlinking: /home/imml/git/ROB_534_Project/install/harvest_interfaces/local/lib/python3.10/dist-packages/harvest_interfaces/libharvest_interfaces__rosidl_generator_py.so\n'}
[15.389573] (harvest_interfaces) StdoutLine: {'line': b'-- Symlinking: /home/imml/git/ROB_534_Project/install/harvest_interfaces/local/lib/python3.10/dist-packages/harvest_interfaces/srv/__init__.py\n'}
[15.396907] (harvest_interfaces) StdoutLine: {'line': b'-- Symlinking: /home/imml/git/ROB_534_Project/install/harvest_interfaces/local/lib/python3.10/dist-packages/harvest_interfaces/srv/_apple_prediction.py\n'}
[15.404779] (harvest_interfaces) StdoutLine: {'line': b'-- Symlinking: /home/imml/git/ROB_534_Project/install/harvest_interfaces/local/lib/python3.10/dist-packages/harvest_interfaces/srv/_apple_prediction_s.c\n'}
[15.411672] (harvest_interfaces) StdoutLine: {'line': b'-- Symlinking: /home/imml/git/ROB_534_Project/install/harvest_interfaces/local/lib/python3.10/dist-packages/harvest_interfaces/srv/_coordinate_to_trajectory.py\n'}
[15.418411] (harvest_interfaces) StdoutLine: {'line': b'-- Symlinking: /home/imml/git/ROB_534_Project/install/harvest_interfaces/local/lib/python3.10/dist-packages/harvest_interfaces/srv/_coordinate_to_trajectory_s.c\n'}
[15.425517] (harvest_interfaces) StdoutLine: {'line': b'-- Symlinking: /home/imml/git/ROB_534_Project/install/harvest_interfaces/local/lib/python3.10/dist-packages/harvest_interfaces/srv/_final_approach_linear.py\n'}
[15.425671] (ur_controllers) StdoutLine: {'line': b'-- The CXX compiler identification is GNU 11.4.0\n'}
[15.431499] (ur_controllers) StdoutLine: {'line': b'-- Detecting C compiler ABI info\n'}
[15.432476] (harvest_interfaces) StdoutLine: {'line': b'-- Symlinking: /home/imml/git/ROB_534_Project/install/harvest_interfaces/local/lib/python3.10/dist-packages/harvest_interfaces/srv/_final_approach_linear_s.c\n'}
[15.439179] (harvest_interfaces) StdoutLine: {'line': b'-- Symlinking: /home/imml/git/ROB_534_Project/install/harvest_interfaces/local/lib/python3.10/dist-packages/harvest_interfaces/srv/_get_gripper_pose.py\n'}
[15.445668] (harvest_interfaces) StdoutLine: {'line': b'-- Symlinking: /home/imml/git/ROB_534_Project/install/harvest_interfaces/local/lib/python3.10/dist-packages/harvest_interfaces/srv/_get_gripper_pose_s.c\n'}
[15.452996] (harvest_interfaces) StdoutLine: {'line': b'-- Symlinking: /home/imml/git/ROB_534_Project/install/harvest_interfaces/local/lib/python3.10/dist-packages/harvest_interfaces/srv/_move_to_pose.py\n'}
[15.460435] (harvest_interfaces) StdoutLine: {'line': b'-- Symlinking: /home/imml/git/ROB_534_Project/install/harvest_interfaces/local/lib/python3.10/dist-packages/harvest_interfaces/srv/_move_to_pose_s.c\n'}
[15.467205] (harvest_interfaces) StdoutLine: {'line': b'-- Symlinking: /home/imml/git/ROB_534_Project/install/harvest_interfaces/local/lib/python3.10/dist-packages/harvest_interfaces/srv/_record_topics.py\n'}
[15.473692] (harvest_interfaces) StdoutLine: {'line': b'-- Symlinking: /home/imml/git/ROB_534_Project/install/harvest_interfaces/local/lib/python3.10/dist-packages/harvest_interfaces/srv/_record_topics_s.c\n'}
[15.476600] (-) TimerEvent: {}
[15.481003] (harvest_interfaces) StdoutLine: {'line': b'-- Symlinking: /home/imml/git/ROB_534_Project/install/harvest_interfaces/local/lib/python3.10/dist-packages/harvest_interfaces/srv/_send_trajectory.py\n'}
[15.484711] (ur_controllers) StdoutLine: {'line': b'-- Detecting C compiler ABI info - done\n'}
[15.488303] (harvest_interfaces) StdoutLine: {'line': b'-- Symlinking: /home/imml/git/ROB_534_Project/install/harvest_interfaces/local/lib/python3.10/dist-packages/harvest_interfaces/srv/_send_trajectory_s.c\n'}
[15.489937] (ur_controllers) StdoutLine: {'line': b'-- Check for working C compiler: /usr/bin/cc - skipped\n'}
[15.490116] (ur_controllers) StdoutLine: {'line': b'-- Detecting C compile features\n'}
[15.490411] (ur_controllers) StdoutLine: {'line': b'-- Detecting C compile features - done\n'}
[15.492516] (ur_controllers) StdoutLine: {'line': b'-- Detecting CXX compiler ABI info\n'}
[15.495237] (harvest_interfaces) StdoutLine: {'line': b'-- Symlinking: /home/imml/git/ROB_534_Project/install/harvest_interfaces/local/lib/python3.10/dist-packages/harvest_interfaces/srv/_set_value.py\n'}
[15.502730] (harvest_interfaces) StdoutLine: {'line': b'-- Symlinking: /home/imml/git/ROB_534_Project/install/harvest_interfaces/local/lib/python3.10/dist-packages/harvest_interfaces/srv/_set_value_s.c\n'}
[15.509605] (harvest_interfaces) StdoutLine: {'line': b'-- Symlinking: /home/imml/git/ROB_534_Project/install/harvest_interfaces/local/lib/python3.10/dist-packages/harvest_interfaces/srv/_trajectory_between_points.py\n'}
[15.517199] (harvest_interfaces) StdoutLine: {'line': b'-- Symlinking: /home/imml/git/ROB_534_Project/install/harvest_interfaces/local/lib/python3.10/dist-packages/harvest_interfaces/srv/_trajectory_between_points_s.c\n'}
[15.525434] (harvest_interfaces) StdoutLine: {'line': b'-- Symlinking: /home/imml/git/ROB_534_Project/install/harvest_interfaces/local/lib/python3.10/dist-packages/harvest_interfaces/srv/_update_trellis_position.py\n'}
[15.533194] (harvest_interfaces) StdoutLine: {'line': b'-- Symlinking: /home/imml/git/ROB_534_Project/install/harvest_interfaces/local/lib/python3.10/dist-packages/harvest_interfaces/srv/_update_trellis_position_s.c\n'}
[15.541600] (harvest_interfaces) StdoutLine: {'line': b'-- Symlinking: /home/imml/git/ROB_534_Project/install/harvest_interfaces/local/lib/python3.10/dist-packages/harvest_interfaces/srv/_voxel_grid.py\n'}
[15.549360] (harvest_interfaces) StdoutLine: {'line': b'-- Symlinking: /home/imml/git/ROB_534_Project/install/harvest_interfaces/local/lib/python3.10/dist-packages/harvest_interfaces/srv/_voxel_grid_s.c\n'}
[15.557141] (harvest_interfaces) StdoutLine: {'line': b'-- Symlinking: /home/imml/git/ROB_534_Project/install/harvest_interfaces/local/lib/python3.10/dist-packages/harvest_interfaces/srv/_voxel_mask.py\n'}
[15.557938] (ur_controllers) StdoutLine: {'line': b'-- Detecting CXX compiler ABI info - done\n'}
[15.563489] (ur_controllers) StdoutLine: {'line': b'-- Check for working CXX compiler: /usr/bin/c++ - skipped\n'}
[15.563696] (ur_controllers) StdoutLine: {'line': b'-- Detecting CXX compile features\n'}
[15.563981] (ur_controllers) StdoutLine: {'line': b'-- Detecting CXX compile features - done\n'}
[15.565243] (harvest_interfaces) StdoutLine: {'line': b'-- Symlinking: /home/imml/git/ROB_534_Project/install/harvest_interfaces/local/lib/python3.10/dist-packages/harvest_interfaces/srv/_voxel_mask_s.c\n'}
[15.566165] (ur_controllers) StdoutLine: {'line': b'-- Found ament_cmake: 1.3.11 (/opt/ros/humble/share/ament_cmake/cmake)\n'}
[15.573461] (harvest_interfaces) StdoutLine: {'line': b'-- Up-to-date symlink: /home/imml/git/ROB_534_Project/install/harvest_interfaces/local/lib/python3.10/dist-packages/harvest_interfaces/harvest_interfaces_s__rosidl_typesupport_fastrtps_c.cpython-310-x86_64-linux-gnu.so\n'}
[15.573669] (harvest_interfaces) StdoutLine: {'line': b'-- Up-to-date symlink: /home/imml/git/ROB_534_Project/install/harvest_interfaces/local/lib/python3.10/dist-packages/harvest_interfaces/harvest_interfaces_s__rosidl_typesupport_introspection_c.cpython-310-x86_64-linux-gnu.so\n'}
[15.573893] (harvest_interfaces) StdoutLine: {'line': b'-- Up-to-date symlink: /home/imml/git/ROB_534_Project/install/harvest_interfaces/local/lib/python3.10/dist-packages/harvest_interfaces/harvest_interfaces_s__rosidl_typesupport_c.cpython-310-x86_64-linux-gnu.so\n'}
[15.574074] (harvest_interfaces) StdoutLine: {'line': b'-- Symlinking: /home/imml/git/ROB_534_Project/install/harvest_interfaces/share/harvest_interfaces/action/EventDetection.idl\n'}
[15.576674] (-) TimerEvent: {}
[15.582423] (harvest_interfaces) StdoutLine: {'line': b'-- Symlinking: /home/imml/git/ROB_534_Project/install/harvest_interfaces/share/harvest_interfaces/action/SendTrajectory.idl\n'}
[15.590461] (harvest_interfaces) StdoutLine: {'line': b'-- Symlinking: /home/imml/git/ROB_534_Project/install/harvest_interfaces/share/harvest_interfaces/srv/ApplePrediction.idl\n'}
[15.599165] (harvest_interfaces) StdoutLine: {'line': b'-- Symlinking: /home/imml/git/ROB_534_Project/install/harvest_interfaces/share/harvest_interfaces/srv/SendTrajectory.idl\n'}
[15.607785] (harvest_interfaces) StdoutLine: {'line': b'-- Symlinking: /home/imml/git/ROB_534_Project/install/harvest_interfaces/share/harvest_interfaces/srv/CoordinateToTrajectory.idl\n'}
[15.616195] (harvest_interfaces) StdoutLine: {'line': b'-- Symlinking: /home/imml/git/ROB_534_Project/install/harvest_interfaces/share/harvest_interfaces/srv/VoxelMask.idl\n'}
[15.624744] (harvest_interfaces) StdoutLine: {'line': b'-- Symlinking: /home/imml/git/ROB_534_Project/install/harvest_interfaces/share/harvest_interfaces/srv/MoveToPose.idl\n'}
[15.633081] (harvest_interfaces) StdoutLine: {'line': b'-- Symlinking: /home/imml/git/ROB_534_Project/install/harvest_interfaces/share/harvest_interfaces/srv/TrajectoryBetweenPoints.idl\n'}
[15.641174] (harvest_interfaces) StdoutLine: {'line': b'-- Symlinking: /home/imml/git/ROB_534_Project/install/harvest_interfaces/share/harvest_interfaces/srv/SetValue.idl\n'}
[15.649239] (harvest_interfaces) StdoutLine: {'line': b'-- Symlinking: /home/imml/git/ROB_534_Project/install/harvest_interfaces/share/harvest_interfaces/srv/RecordTopics.idl\n'}
[15.657234] (harvest_interfaces) StdoutLine: {'line': b'-- Symlinking: /home/imml/git/ROB_534_Project/install/harvest_interfaces/share/harvest_interfaces/srv/GetGripperPose.idl\n'}
[15.665424] (harvest_interfaces) StdoutLine: {'line': b'-- Symlinking: /home/imml/git/ROB_534_Project/install/harvest_interfaces/share/harvest_interfaces/srv/UpdateTrellisPosition.idl\n'}
[15.672907] (harvest_interfaces) StdoutLine: {'line': b'-- Symlinking: /home/imml/git/ROB_534_Project/install/harvest_interfaces/share/harvest_interfaces/srv/VoxelGrid.idl\n'}
[15.676751] (-) TimerEvent: {}
[15.680461] (harvest_interfaces) StdoutLine: {'line': b'-- Symlinking: /home/imml/git/ROB_534_Project/install/harvest_interfaces/share/harvest_interfaces/srv/FinalApproachLinear.idl\n'}
[15.686592] (ur_controllers) StdoutLine: {'line': b'-- Found Python3: /usr/bin/python3 (found version "3.10.12") found components: Interpreter \n'}
[15.687977] (harvest_interfaces) StdoutLine: {'line': b'-- Symlinking: /home/imml/git/ROB_534_Project/install/harvest_interfaces/share/harvest_interfaces/action/EventDetection.action\n'}
[15.695663] (harvest_interfaces) StdoutLine: {'line': b'-- Symlinking: /home/imml/git/ROB_534_Project/install/harvest_interfaces/share/harvest_interfaces/action/SendTrajectory.action\n'}
[15.703335] (harvest_interfaces) StdoutLine: {'line': b'-- Symlinking: /home/imml/git/ROB_534_Project/install/harvest_interfaces/share/harvest_interfaces/srv/ApplePrediction.srv\n'}
[15.710725] (harvest_interfaces) StdoutLine: {'line': b'-- Symlinking: /home/imml/git/ROB_534_Project/install/harvest_interfaces/share/harvest_interfaces/srv/ApplePrediction_Request.msg\n'}
[15.718217] (harvest_interfaces) StdoutLine: {'line': b'-- Symlinking: /home/imml/git/ROB_534_Project/install/harvest_interfaces/share/harvest_interfaces/srv/ApplePrediction_Response.msg\n'}
[15.725862] (harvest_interfaces) StdoutLine: {'line': b'-- Symlinking: /home/imml/git/ROB_534_Project/install/harvest_interfaces/share/harvest_interfaces/srv/SendTrajectory.srv\n'}
[15.733866] (harvest_interfaces) StdoutLine: {'line': b'-- Symlinking: /home/imml/git/ROB_534_Project/install/harvest_interfaces/share/harvest_interfaces/srv/SendTrajectory_Request.msg\n'}
[15.735361] (ur_controllers) StdoutLine: {'line': b'-- Override CMake install command with custom implementation using symlinks instead of copying resources\n'}
[15.741127] (harvest_interfaces) StdoutLine: {'line': b'-- Symlinking: /home/imml/git/ROB_534_Project/install/harvest_interfaces/share/harvest_interfaces/srv/SendTrajectory_Response.msg\n'}
[15.748189] (harvest_interfaces) StdoutLine: {'line': b'-- Symlinking: /home/imml/git/ROB_534_Project/install/harvest_interfaces/share/harvest_interfaces/srv/CoordinateToTrajectory.srv\n'}
[15.755103] (harvest_interfaces) StdoutLine: {'line': b'-- Symlinking: /home/imml/git/ROB_534_Project/install/harvest_interfaces/share/harvest_interfaces/srv/CoordinateToTrajectory_Request.msg\n'}
[15.760534] (ur_controllers) StdoutLine: {'line': b'-- Found angles: 1.15.0 (/opt/ros/humble/share/angles/cmake)\n'}
[15.762497] (harvest_interfaces) StdoutLine: {'line': b'-- Symlinking: /home/imml/git/ROB_534_Project/install/harvest_interfaces/share/harvest_interfaces/srv/CoordinateToTrajectory_Response.msg\n'}
[15.762766] (ur_controllers) StdoutLine: {'line': b'-- Found controller_interface: 2.48.0 (/opt/ros/humble/share/controller_interface/cmake)\n'}
[15.770297] (harvest_interfaces) StdoutLine: {'line': b'-- Symlinking: /home/imml/git/ROB_534_Project/install/harvest_interfaces/share/harvest_interfaces/srv/VoxelMask.srv\n'}
[15.776817] (-) TimerEvent: {}
[15.778169] (harvest_interfaces) StdoutLine: {'line': b'-- Symlinking: /home/imml/git/ROB_534_Project/install/harvest_interfaces/share/harvest_interfaces/srv/VoxelMask_Request.msg\n'}
[15.785739] (harvest_interfaces) StdoutLine: {'line': b'-- Symlinking: /home/imml/git/ROB_534_Project/install/harvest_interfaces/share/harvest_interfaces/srv/VoxelMask_Response.msg\n'}
[15.793244] (harvest_interfaces) StdoutLine: {'line': b'-- Symlinking: /home/imml/git/ROB_534_Project/install/harvest_interfaces/share/harvest_interfaces/srv/MoveToPose.srv\n'}
[15.800066] (ur_controllers) StdoutLine: {'line': b'-- Found rosidl_generator_c: 3.1.6 (/opt/ros/humble/share/rosidl_generator_c/cmake)\n'}
[15.800732] (harvest_interfaces) StdoutLine: {'line': b'-- Symlinking: /home/imml/git/ROB_534_Project/install/harvest_interfaces/share/harvest_interfaces/srv/MoveToPose_Request.msg\n'}
[15.804614] (ur_controllers) StdoutLine: {'line': b'-- Found rosidl_adapter: 3.1.6 (/opt/ros/humble/share/rosidl_adapter/cmake)\n'}
[15.808634] (harvest_interfaces) StdoutLine: {'line': b'-- Symlinking: /home/imml/git/ROB_534_Project/install/harvest_interfaces/share/harvest_interfaces/srv/MoveToPose_Response.msg\n'}
[15.811885] (ur_controllers) StdoutLine: {'line': b'-- Found rosidl_generator_cpp: 3.1.6 (/opt/ros/humble/share/rosidl_generator_cpp/cmake)\n'}
[15.816412] (harvest_interfaces) StdoutLine: {'line': b'-- Symlinking: /home/imml/git/ROB_534_Project/install/harvest_interfaces/share/harvest_interfaces/srv/TrajectoryBetweenPoints.srv\n'}
[15.822396] (ur_controllers) StdoutLine: {'line': b'-- Using all available rosidl_typesupport_c: rosidl_typesupport_fastrtps_c;rosidl_typesupport_introspection_c\n'}
[15.824320] (harvest_interfaces) StdoutLine: {'line': b'-- Symlinking: /home/imml/git/ROB_534_Project/install/harvest_interfaces/share/harvest_interfaces/srv/TrajectoryBetweenPoints_Request.msg\n'}
[15.832012] (harvest_interfaces) StdoutLine: {'line': b'-- Symlinking: /home/imml/git/ROB_534_Project/install/harvest_interfaces/share/harvest_interfaces/srv/TrajectoryBetweenPoints_Response.msg\n'}
[15.835909] (ur_controllers) StdoutLine: {'line': b'-- Using all available rosidl_typesupport_cpp: rosidl_typesupport_fastrtps_cpp;rosidl_typesupport_introspection_cpp\n'}
[15.839436] (harvest_interfaces) StdoutLine: {'line': b'-- Symlinking: /home/imml/git/ROB_534_Project/install/harvest_interfaces/share/harvest_interfaces/srv/SetValue.srv\n'}
[15.846649] (harvest_interfaces) StdoutLine: {'line': b'-- Symlinking: /home/imml/git/ROB_534_Project/install/harvest_interfaces/share/harvest_interfaces/srv/SetValue_Request.msg\n'}
[15.854061] (harvest_interfaces) StdoutLine: {'line': b'-- Symlinking: /home/imml/git/ROB_534_Project/install/harvest_interfaces/share/harvest_interfaces/srv/SetValue_Response.msg\n'}
[15.861628] (harvest_interfaces) StdoutLine: {'line': b'-- Symlinking: /home/imml/git/ROB_534_Project/install/harvest_interfaces/share/harvest_interfaces/srv/RecordTopics.srv\n'}
[15.869090] (harvest_interfaces) StdoutLine: {'line': b'-- Symlinking: /home/imml/git/ROB_534_Project/install/harvest_interfaces/share/harvest_interfaces/srv/RecordTopics_Request.msg\n'}
[15.876548] (harvest_interfaces) StdoutLine: {'line': b'-- Symlinking: /home/imml/git/ROB_534_Project/install/harvest_interfaces/share/harvest_interfaces/srv/RecordTopics_Response.msg\n'}
[15.876900] (-) TimerEvent: {}
[15.883758] (harvest_interfaces) StdoutLine: {'line': b'-- Symlinking: /home/imml/git/ROB_534_Project/install/harvest_interfaces/share/harvest_interfaces/srv/GetGripperPose.srv\n'}
[15.891337] (harvest_interfaces) StdoutLine: {'line': b'-- Symlinking: /home/imml/git/ROB_534_Project/install/harvest_interfaces/share/harvest_interfaces/srv/GetGripperPose_Request.msg\n'}
[15.899163] (harvest_interfaces) StdoutLine: {'line': b'-- Symlinking: /home/imml/git/ROB_534_Project/install/harvest_interfaces/share/harvest_interfaces/srv/GetGripperPose_Response.msg\n'}
[15.906701] (harvest_interfaces) StdoutLine: {'line': b'-- Symlinking: /home/imml/git/ROB_534_Project/install/harvest_interfaces/share/harvest_interfaces/srv/UpdateTrellisPosition.srv\n'}
[15.914251] (harvest_interfaces) StdoutLine: {'line': b'-- Symlinking: /home/imml/git/ROB_534_Project/install/harvest_interfaces/share/harvest_interfaces/srv/UpdateTrellisPosition_Request.msg\n'}
[15.921784] (harvest_interfaces) StdoutLine: {'line': b'-- Symlinking: /home/imml/git/ROB_534_Project/install/harvest_interfaces/share/harvest_interfaces/srv/UpdateTrellisPosition_Response.msg\n'}
[15.929456] (harvest_interfaces) StdoutLine: {'line': b'-- Symlinking: /home/imml/git/ROB_534_Project/install/harvest_interfaces/share/harvest_interfaces/srv/VoxelGrid.srv\n'}
[15.937248] (harvest_interfaces) StdoutLine: {'line': b'-- Symlinking: /home/imml/git/ROB_534_Project/install/harvest_interfaces/share/harvest_interfaces/srv/VoxelGrid_Request.msg\n'}
[15.944987] (harvest_interfaces) StdoutLine: {'line': b'-- Symlinking: /home/imml/git/ROB_534_Project/install/harvest_interfaces/share/harvest_interfaces/srv/VoxelGrid_Response.msg\n'}
[15.952725] (harvest_interfaces) StdoutLine: {'line': b'-- Symlinking: /home/imml/git/ROB_534_Project/install/harvest_interfaces/share/harvest_interfaces/srv/FinalApproachLinear.srv\n'}
[15.960317] (harvest_interfaces) StdoutLine: {'line': b'-- Symlinking: /home/imml/git/ROB_534_Project/install/harvest_interfaces/share/harvest_interfaces/srv/FinalApproachLinear_Request.msg\n'}
[15.968057] (harvest_interfaces) StdoutLine: {'line': b'-- Symlinking: /home/imml/git/ROB_534_Project/install/harvest_interfaces/share/harvest_interfaces/srv/FinalApproachLinear_Response.msg\n'}
[15.975554] (harvest_interfaces) StdoutLine: {'line': b'-- Symlinking: /home/imml/git/ROB_534_Project/install/harvest_interfaces/share/ament_index/resource_index/package_run_dependencies/harvest_interfaces\n'}
[15.976979] (-) TimerEvent: {}
[15.983014] (harvest_interfaces) StdoutLine: {'line': b'-- Symlinking: /home/imml/git/ROB_534_Project/install/harvest_interfaces/share/ament_index/resource_index/parent_prefix_path/harvest_interfaces\n'}
[15.990743] (harvest_interfaces) StdoutLine: {'line': b'-- Symlinking: /home/imml/git/ROB_534_Project/install/harvest_interfaces/share/harvest_interfaces/environment/ament_prefix_path.sh\n'}
[15.998178] (harvest_interfaces) StdoutLine: {'line': b'-- Symlinking: /home/imml/git/ROB_534_Project/install/harvest_interfaces/share/harvest_interfaces/environment/ament_prefix_path.dsv\n'}
[16.000566] (ur_controllers) StdoutLine: {'line': b'-- Found rmw_implementation_cmake: 6.1.2 (/opt/ros/humble/share/rmw_implementation_cmake/cmake)\n'}
[16.002979] (ur_controllers) StdoutLine: {'line': b'-- Found rmw_fastrtps_cpp: 6.2.7 (/opt/ros/humble/share/rmw_fastrtps_cpp/cmake)\n'}
[16.005704] (harvest_interfaces) StdoutLine: {'line': b'-- Symlinking: /home/imml/git/ROB_534_Project/install/harvest_interfaces/share/harvest_interfaces/environment/path.sh\n'}
[16.012884] (harvest_interfaces) StdoutLine: {'line': b'-- Symlinking: /home/imml/git/ROB_534_Project/install/harvest_interfaces/share/harvest_interfaces/environment/path.dsv\n'}
[16.020440] (harvest_interfaces) StdoutLine: {'line': b'-- Symlinking: /home/imml/git/ROB_534_Project/install/harvest_interfaces/share/harvest_interfaces/local_setup.bash\n'}
[16.023775] (ur_controllers) StdoutLine: {'line': b'-- Found TinyXML2 via Config file: TinyXML2_DIR-NOTFOUND\n'}
[16.027760] (harvest_interfaces) StdoutLine: {'line': b'-- Symlinking: /home/imml/git/ROB_534_Project/install/harvest_interfaces/share/harvest_interfaces/local_setup.sh\n'}
[16.035314] (harvest_interfaces) StdoutLine: {'line': b'-- Symlinking: /home/imml/git/ROB_534_Project/install/harvest_interfaces/share/harvest_interfaces/local_setup.zsh\n'}
[16.042820] (harvest_interfaces) StdoutLine: {'line': b'-- Symlinking: /home/imml/git/ROB_534_Project/install/harvest_interfaces/share/harvest_interfaces/local_setup.dsv\n'}
[16.050662] (harvest_interfaces) StdoutLine: {'line': b'-- Symlinking: /home/imml/git/ROB_534_Project/install/harvest_interfaces/share/harvest_interfaces/package.dsv\n'}
[16.058221] (harvest_interfaces) StdoutLine: {'line': b'-- Symlinking: /home/imml/git/ROB_534_Project/install/harvest_interfaces/share/ament_index/resource_index/packages/harvest_interfaces\n'}
[16.066025] (harvest_interfaces) StdoutLine: {'line': b'-- Symlinking: /home/imml/git/ROB_534_Project/install/harvest_interfaces/share/harvest_interfaces/cmake/rosidl_cmake-extras.cmake\n'}
[16.072704] (ur_controllers) StdoutLine: {'line': b'-- Found OpenSSL: /usr/lib/x86_64-linux-gnu/libcrypto.so (found version "3.0.2")  \n'}
[16.073660] (harvest_interfaces) StdoutLine: {'line': b'-- Symlinking: /home/imml/git/ROB_534_Project/install/harvest_interfaces/share/harvest_interfaces/cmake/ament_cmake_export_dependencies-extras.cmake\n'}
[16.074887] (ur_controllers) StdoutLine: {'line': b'-- Found TinyXML2 via Config file: TinyXML2_DIR-NOTFOUND\n'}
[16.077044] (-) TimerEvent: {}
[16.081634] (harvest_interfaces) StdoutLine: {'line': b'-- Symlinking: /home/imml/git/ROB_534_Project/install/harvest_interfaces/share/harvest_interfaces/cmake/ament_cmake_export_include_directories-extras.cmake\n'}
[16.087862] (ur_controllers) StdoutLine: {'line': b'-- Found FastRTPS: /opt/ros/humble/include  \n'}
[16.089447] (harvest_interfaces) StdoutLine: {'line': b'-- Symlinking: /home/imml/git/ROB_534_Project/install/harvest_interfaces/share/harvest_interfaces/cmake/ament_cmake_export_libraries-extras.cmake\n'}
[16.090311] (ur_controllers) StdoutLine: {'line': b'-- Found TinyXML2 via Config file: TinyXML2_DIR-NOTFOUND\n'}
[16.097031] (ur_controllers) StdoutLine: {'line': b'-- Found TinyXML2 via Config file: TinyXML2_DIR-NOTFOUND\n'}
[16.097418] (harvest_interfaces) StdoutLine: {'line': b'-- Symlinking: /home/imml/git/ROB_534_Project/install/harvest_interfaces/share/harvest_interfaces/cmake/ament_cmake_export_targets-extras.cmake\n'}
[16.105595] (harvest_interfaces) StdoutLine: {'line': b'-- Symlinking: /home/imml/git/ROB_534_Project/install/harvest_interfaces/share/harvest_interfaces/cmake/rosidl_cmake_export_typesupport_targets-extras.cmake\n'}
[16.106332] (ur_controllers) StdoutLine: {'line': b"-- Using RMW implementation 'rmw_fastrtps_cpp' as default\n"}
[16.113409] (harvest_interfaces) StdoutLine: {'line': b'-- Symlinking: /home/imml/git/ROB_534_Project/install/harvest_interfaces/share/harvest_interfaces/cmake/rosidl_cmake_export_typesupport_libraries-extras.cmake\n'}
[16.113936] (ur_controllers) StdoutLine: {'line': b'-- Looking for pthread.h\n'}
[16.121621] (harvest_interfaces) StdoutLine: {'line': b'-- Symlinking: /home/imml/git/ROB_534_Project/install/harvest_interfaces/share/harvest_interfaces/cmake/harvest_interfacesConfig.cmake\n'}
[16.128790] (harvest_interfaces) StdoutLine: {'line': b'-- Symlinking: /home/imml/git/ROB_534_Project/install/harvest_interfaces/share/harvest_interfaces/cmake/harvest_interfacesConfig-version.cmake\n'}
[16.136317] (harvest_interfaces) StdoutLine: {'line': b'-- Symlinking: /home/imml/git/ROB_534_Project/install/harvest_interfaces/share/harvest_interfaces/package.xml\n'}
[16.144475] (harvest_interfaces) StdoutLine: {'line': b'-- Installing: /home/imml/git/ROB_534_Project/install/harvest_interfaces/lib/libharvest_interfaces__rosidl_generator_c.so\n'}
[16.145097] (harvest_interfaces) StdoutLine: {'line': b'-- Set runtime path of "/home/imml/git/ROB_534_Project/install/harvest_interfaces/lib/libharvest_interfaces__rosidl_generator_c.so" to ""\n'}
[16.145173] (harvest_interfaces) StdoutLine: {'line': b'-- Installing: /home/imml/git/ROB_534_Project/install/harvest_interfaces/lib/libharvest_interfaces__rosidl_typesupport_fastrtps_c.so\n'}
[16.145635] (harvest_interfaces) StdoutLine: {'line': b'-- Set runtime path of "/home/imml/git/ROB_534_Project/install/harvest_interfaces/lib/libharvest_interfaces__rosidl_typesupport_fastrtps_c.so" to ""\n'}
[16.145752] (harvest_interfaces) StdoutLine: {'line': b'-- Installing: /home/imml/git/ROB_534_Project/install/harvest_interfaces/lib/libharvest_interfaces__rosidl_typesupport_introspection_c.so\n'}
[16.146087] (harvest_interfaces) StdoutLine: {'line': b'-- Set runtime path of "/home/imml/git/ROB_534_Project/install/harvest_interfaces/lib/libharvest_interfaces__rosidl_typesupport_introspection_c.so" to ""\n'}
[16.146152] (harvest_interfaces) StdoutLine: {'line': b'-- Installing: /home/imml/git/ROB_534_Project/install/harvest_interfaces/lib/libharvest_interfaces__rosidl_typesupport_c.so\n'}
[16.146499] (harvest_interfaces) StdoutLine: {'line': b'-- Set runtime path of "/home/imml/git/ROB_534_Project/install/harvest_interfaces/lib/libharvest_interfaces__rosidl_typesupport_c.so" to ""\n'}
[16.146568] (harvest_interfaces) StdoutLine: {'line': b'-- Installing: /home/imml/git/ROB_534_Project/install/harvest_interfaces/lib/libharvest_interfaces__rosidl_typesupport_fastrtps_cpp.so\n'}
[16.147166] (harvest_interfaces) StdoutLine: {'line': b'-- Set runtime path of "/home/imml/git/ROB_534_Project/install/harvest_interfaces/lib/libharvest_interfaces__rosidl_typesupport_fastrtps_cpp.so" to ""\n'}
[16.147226] (harvest_interfaces) StdoutLine: {'line': b'-- Installing: /home/imml/git/ROB_534_Project/install/harvest_interfaces/lib/libharvest_interfaces__rosidl_typesupport_introspection_cpp.so\n'}
[16.147823] (harvest_interfaces) StdoutLine: {'line': b'-- Set runtime path of "/home/imml/git/ROB_534_Project/install/harvest_interfaces/lib/libharvest_interfaces__rosidl_typesupport_introspection_cpp.so" to ""\n'}
[16.147892] (harvest_interfaces) StdoutLine: {'line': b'-- Installing: /home/imml/git/ROB_534_Project/install/harvest_interfaces/lib/libharvest_interfaces__rosidl_typesupport_cpp.so\n'}
[16.148269] (harvest_interfaces) StdoutLine: {'line': b'-- Set runtime path of "/home/imml/git/ROB_534_Project/install/harvest_interfaces/lib/libharvest_interfaces__rosidl_typesupport_cpp.so" to ""\n'}
[16.175653] (ur_controllers) StdoutLine: {'line': b'-- Looking for pthread.h - found\n'}
[16.175860] (ur_controllers) StdoutLine: {'line': b'-- Performing Test CMAKE_HAVE_LIBC_PTHREAD\n'}
[16.177110] (-) TimerEvent: {}
[16.194543] (harvest_interfaces) StdoutLine: {'line': b"Listing '/home/imml/git/ROB_534_Project/install/harvest_interfaces/local/lib/python3.10/dist-packages/harvest_interfaces'...\n"}
[16.194741] (harvest_interfaces) StdoutLine: {'line': b"Compiling '/home/imml/git/ROB_534_Project/install/harvest_interfaces/local/lib/python3.10/dist-packages/harvest_interfaces/__init__.py'...\n"}
[16.194799] (harvest_interfaces) StdoutLine: {'line': b"Listing '/home/imml/git/ROB_534_Project/install/harvest_interfaces/local/lib/python3.10/dist-packages/harvest_interfaces/action'...\n"}
[16.194846] (harvest_interfaces) StdoutLine: {'line': b"Compiling '/home/imml/git/ROB_534_Project/install/harvest_interfaces/local/lib/python3.10/dist-packages/harvest_interfaces/action/__init__.py'...\n"}
[16.194892] (harvest_interfaces) StdoutLine: {'line': b"Compiling '/home/imml/git/ROB_534_Project/install/harvest_interfaces/local/lib/python3.10/dist-packages/harvest_interfaces/action/_event_detection.py'...\n"}
[16.194936] (harvest_interfaces) StdoutLine: {'line': b"Compiling '/home/imml/git/ROB_534_Project/install/harvest_interfaces/local/lib/python3.10/dist-packages/harvest_interfaces/action/_send_trajectory.py'...\n"}
[16.194980] (harvest_interfaces) StdoutLine: {'line': b"Listing '/home/imml/git/ROB_534_Project/install/harvest_interfaces/local/lib/python3.10/dist-packages/harvest_interfaces/srv'...\n"}
[16.195030] (harvest_interfaces) StdoutLine: {'line': b"Compiling '/home/imml/git/ROB_534_Project/install/harvest_interfaces/local/lib/python3.10/dist-packages/harvest_interfaces/srv/__init__.py'...\n"}
[16.195073] (harvest_interfaces) StdoutLine: {'line': b"Compiling '/home/imml/git/ROB_534_Project/install/harvest_interfaces/local/lib/python3.10/dist-packages/harvest_interfaces/srv/_apple_prediction.py'...\n"}
[16.195115] (harvest_interfaces) StdoutLine: {'line': b"Compiling '/home/imml/git/ROB_534_Project/install/harvest_interfaces/local/lib/python3.10/dist-packages/harvest_interfaces/srv/_coordinate_to_trajectory.py'...\n"}
[16.195157] (harvest_interfaces) StdoutLine: {'line': b"Compiling '/home/imml/git/ROB_534_Project/install/harvest_interfaces/local/lib/python3.10/dist-packages/harvest_interfaces/srv/_final_approach_linear.py'...\n"}
[16.195197] (harvest_interfaces) StdoutLine: {'line': b"Compiling '/home/imml/git/ROB_534_Project/install/harvest_interfaces/local/lib/python3.10/dist-packages/harvest_interfaces/srv/_get_gripper_pose.py'...\n"}
[16.195238] (harvest_interfaces) StdoutLine: {'line': b"Compiling '/home/imml/git/ROB_534_Project/install/harvest_interfaces/local/lib/python3.10/dist-packages/harvest_interfaces/srv/_move_to_pose.py'...\n"}
[16.195283] (harvest_interfaces) StdoutLine: {'line': b"Compiling '/home/imml/git/ROB_534_Project/install/harvest_interfaces/local/lib/python3.10/dist-packages/harvest_interfaces/srv/_record_topics.py'...\n"}
[16.195324] (harvest_interfaces) StdoutLine: {'line': b"Compiling '/home/imml/git/ROB_534_Project/install/harvest_interfaces/local/lib/python3.10/dist-packages/harvest_interfaces/srv/_send_trajectory.py'...\n"}
[16.195357] (harvest_interfaces) StdoutLine: {'line': b"Compiling '/home/imml/git/ROB_534_Project/install/harvest_interfaces/local/lib/python3.10/dist-packages/harvest_interfaces/srv/_set_value.py'...\n"}
[16.195391] (harvest_interfaces) StdoutLine: {'line': b"Compiling '/home/imml/git/ROB_534_Project/install/harvest_interfaces/local/lib/python3.10/dist-packages/harvest_interfaces/srv/_trajectory_between_points.py'...\n"}
[16.195423] (harvest_interfaces) StdoutLine: {'line': b"Compiling '/home/imml/git/ROB_534_Project/install/harvest_interfaces/local/lib/python3.10/dist-packages/harvest_interfaces/srv/_update_trellis_position.py'...\n"}
[16.195456] (harvest_interfaces) StdoutLine: {'line': b"Compiling '/home/imml/git/ROB_534_Project/install/harvest_interfaces/local/lib/python3.10/dist-packages/harvest_interfaces/srv/_voxel_grid.py'...\n"}
[16.195495] (harvest_interfaces) StdoutLine: {'line': b"Compiling '/home/imml/git/ROB_534_Project/install/harvest_interfaces/local/lib/python3.10/dist-packages/harvest_interfaces/srv/_voxel_mask.py'...\n"}
[16.199790] (harvest_interfaces) StdoutLine: {'line': b'-- Installing: /home/imml/git/ROB_534_Project/install/harvest_interfaces/lib/libharvest_interfaces__rosidl_generator_py.so\n'}
[16.200443] (harvest_interfaces) StdoutLine: {'line': b'-- Set runtime path of "/home/imml/git/ROB_534_Project/install/harvest_interfaces/lib/libharvest_interfaces__rosidl_generator_py.so" to ""\n'}
[16.200574] (harvest_interfaces) StdoutLine: {'line': b'-- Installing: /home/imml/git/ROB_534_Project/install/harvest_interfaces/share/harvest_interfaces/cmake/export_harvest_interfaces__rosidl_generator_cExport.cmake\n'}
[16.200709] (harvest_interfaces) StdoutLine: {'line': b'-- Installing: /home/imml/git/ROB_534_Project/install/harvest_interfaces/share/harvest_interfaces/cmake/export_harvest_interfaces__rosidl_generator_cExport-noconfig.cmake\n'}
[16.200891] (harvest_interfaces) StdoutLine: {'line': b'-- Installing: /home/imml/git/ROB_534_Project/install/harvest_interfaces/share/harvest_interfaces/cmake/export_harvest_interfaces__rosidl_typesupport_fastrtps_cExport.cmake\n'}
[16.201059] (harvest_interfaces) StdoutLine: {'line': b'-- Installing: /home/imml/git/ROB_534_Project/install/harvest_interfaces/share/harvest_interfaces/cmake/export_harvest_interfaces__rosidl_typesupport_fastrtps_cExport-noconfig.cmake\n'}
[16.201234] (harvest_interfaces) StdoutLine: {'line': b'-- Installing: /home/imml/git/ROB_534_Project/install/harvest_interfaces/share/harvest_interfaces/cmake/harvest_interfaces__rosidl_typesupport_introspection_cExport.cmake\n'}
[16.201398] (harvest_interfaces) StdoutLine: {'line': b'-- Installing: /home/imml/git/ROB_534_Project/install/harvest_interfaces/share/harvest_interfaces/cmake/harvest_interfaces__rosidl_typesupport_introspection_cExport-noconfig.cmake\n'}
[16.201547] (harvest_interfaces) StdoutLine: {'line': b'-- Installing: /home/imml/git/ROB_534_Project/install/harvest_interfaces/share/harvest_interfaces/cmake/harvest_interfaces__rosidl_typesupport_cExport.cmake\n'}
[16.201690] (harvest_interfaces) StdoutLine: {'line': b'-- Installing: /home/imml/git/ROB_534_Project/install/harvest_interfaces/share/harvest_interfaces/cmake/harvest_interfaces__rosidl_typesupport_cExport-noconfig.cmake\n'}
[16.201832] (harvest_interfaces) StdoutLine: {'line': b'-- Installing: /home/imml/git/ROB_534_Project/install/harvest_interfaces/share/harvest_interfaces/cmake/export_harvest_interfaces__rosidl_generator_cppExport.cmake\n'}
[16.201980] (harvest_interfaces) StdoutLine: {'line': b'-- Installing: /home/imml/git/ROB_534_Project/install/harvest_interfaces/share/harvest_interfaces/cmake/export_harvest_interfaces__rosidl_typesupport_fastrtps_cppExport.cmake\n'}
[16.202118] (harvest_interfaces) StdoutLine: {'line': b'-- Installing: /home/imml/git/ROB_534_Project/install/harvest_interfaces/share/harvest_interfaces/cmake/export_harvest_interfaces__rosidl_typesupport_fastrtps_cppExport-noconfig.cmake\n'}
[16.202284] (harvest_interfaces) StdoutLine: {'line': b'-- Installing: /home/imml/git/ROB_534_Project/install/harvest_interfaces/share/harvest_interfaces/cmake/harvest_interfaces__rosidl_typesupport_introspection_cppExport.cmake\n'}
[16.202433] (harvest_interfaces) StdoutLine: {'line': b'-- Installing: /home/imml/git/ROB_534_Project/install/harvest_interfaces/share/harvest_interfaces/cmake/harvest_interfaces__rosidl_typesupport_introspection_cppExport-noconfig.cmake\n'}
[16.202574] (harvest_interfaces) StdoutLine: {'line': b'-- Installing: /home/imml/git/ROB_534_Project/install/harvest_interfaces/share/harvest_interfaces/cmake/harvest_interfaces__rosidl_typesupport_cppExport.cmake\n'}
[16.202708] (harvest_interfaces) StdoutLine: {'line': b'-- Installing: /home/imml/git/ROB_534_Project/install/harvest_interfaces/share/harvest_interfaces/cmake/harvest_interfaces__rosidl_typesupport_cppExport-noconfig.cmake\n'}
[16.202866] (harvest_interfaces) StdoutLine: {'line': b'-- Installing: /home/imml/git/ROB_534_Project/install/harvest_interfaces/share/harvest_interfaces/cmake/export_harvest_interfaces__rosidl_generator_pyExport.cmake\n'}
[16.203008] (harvest_interfaces) StdoutLine: {'line': b'-- Installing: /home/imml/git/ROB_534_Project/install/harvest_interfaces/share/harvest_interfaces/cmake/export_harvest_interfaces__rosidl_generator_pyExport-noconfig.cmake\n'}
[16.205592] (harvest_interfaces) CommandEnded: {'returncode': 0}
[16.221029] (harvest_interfaces) JobEnded: {'identifier': 'harvest_interfaces', 'rc': 0}
[16.221440] (harvest) JobStarted: {'identifier': 'harvest'}
[16.223407] (harvest_control) JobStarted: {'identifier': 'harvest_control'}
[16.225988] (harvest_vision) JobStarted: {'identifier': 'harvest_vision'}
[16.230695] (harvest) JobProgress: {'identifier': 'harvest', 'progress': 'cmake'}
[16.231180] (harvest) Command: {'cmd': ['/usr/bin/cmake', '/home/imml/git/ROB_534_Project/harvest', '-DAMENT_CMAKE_SYMLINK_INSTALL=1', '-DCMAKE_INSTALL_PREFIX=/home/imml/git/ROB_534_Project/install/harvest'], 'cwd': '/home/imml/git/ROB_534_Project/build/harvest', 'env': OrderedDict([('LESSOPEN', '| /usr/bin/lesspipe %s'), ('USER', 'imml'), ('XDG_SESSION_TYPE', 'wayland'), ('SHLVL', '1'), ('LD_LIBRARY_PATH', '/home/imml/git/ROB_534_Project/install/harvest_interfaces/lib:/opt/ros/humble/opt/rviz_ogre_vendor/lib:/opt/ros/humble/lib/x86_64-linux-gnu:/opt/ros/humble/lib'), ('HOME', '/home/imml'), ('OLDPWD', '/home/imml'), ('DESKTOP_SESSION', 'ubuntu'), ('ROS_PYTHON_VERSION', '3'), ('GNOME_SHELL_SESSION_MODE', 'ubuntu'), ('GTK_MODULES', 'gail:atk-bridge'), ('SYSTEMD_EXEC_PID', '35967'), ('DBUS_SESSION_BUS_ADDRESS', 'unix:path=/run/user/1000/bus'), ('COLORTERM', 'truecolor'), ('IM_CONFIG_PHASE', '1'), ('WAYLAND_DISPLAY', 'wayland-0'), ('ROS_DISTRO', 'humble'), ('LOGNAME', 'imml'), ('_', '/usr/bin/colcon'), ('ROS_VERSION', '2'), ('XDG_SESSION_CLASS', 'user'), ('USERNAME', 'imml'), ('TERM', 'xterm-256color'), ('GNOME_DESKTOP_SESSION_ID', 'this-is-deprecated'), ('ROS_LOCALHOST_ONLY', '0'), ('PATH', '/opt/ros/humble/bin:/home/imml/.local/bin:/usr/local/sbin:/usr/local/bin:/usr/sbin:/usr/bin:/sbin:/bin:/usr/games:/usr/local/games:/snap/bin:/snap/bin'), ('SESSION_MANAGER', 'local/imml-ROG-Zephyrus:@/tmp/.ICE-unix/1689,unix/imml-ROG-Zephyrus:/tmp/.ICE-unix/1689'), ('XDG_MENU_PREFIX', 'gnome-'), ('GNOME_TERMINAL_SCREEN', '/org/gnome/Terminal/screen/00ec7be0_5807_4f11_8254_b2b90de30782'), ('GNOME_SETUP_DISPLAY', ':1'), ('XDG_RUNTIME_DIR', '/run/user/1000'), ('DISPLAY', ':0'), ('LANG', 'en_US.UTF-8'), ('XDG_CURRENT_DESKTOP', 'ubuntu:GNOME'), ('XMODIFIERS', '@im=ibus'), ('XDG_SESSION_DESKTOP', 'ubuntu'), ('XAUTHORITY', '/run/user/1000/.mutter-Xwaylandauth.48T012'), ('LS_COLORS', 'rs=0:di=01;34:ln=01;36:mh=00:pi=40;33:so=01;35:do=01;35:bd=40;33;01:cd=40;33;01:or=40;31;01:mi=00:su=37;41:sg=30;43:ca=30;41:tw=30;42:ow=34;42:st=37;44:ex=01;32:*.tar=01;31:*.tgz=01;31:*.arc=01;31:*.arj=01;31:*.taz=01;31:*.lha=01;31:*.lz4=01;31:*.lzh=01;31:*.lzma=01;31:*.tlz=01;31:*.txz=01;31:*.tzo=01;31:*.t7z=01;31:*.zip=01;31:*.z=01;31:*.dz=01;31:*.gz=01;31:*.lrz=01;31:*.lz=01;31:*.lzo=01;31:*.xz=01;31:*.zst=01;31:*.tzst=01;31:*.bz2=01;31:*.bz=01;31:*.tbz=01;31:*.tbz2=01;31:*.tz=01;31:*.deb=01;31:*.rpm=01;31:*.jar=01;31:*.war=01;31:*.ear=01;31:*.sar=01;31:*.rar=01;31:*.alz=01;31:*.ace=01;31:*.zoo=01;31:*.cpio=01;31:*.7z=01;31:*.rz=01;31:*.cab=01;31:*.wim=01;31:*.swm=01;31:*.dwm=01;31:*.esd=01;31:*.jpg=01;35:*.jpeg=01;35:*.mjpg=01;35:*.mjpeg=01;35:*.gif=01;35:*.bmp=01;35:*.pbm=01;35:*.pgm=01;35:*.ppm=01;35:*.tga=01;35:*.xbm=01;35:*.xpm=01;35:*.tif=01;35:*.tiff=01;35:*.png=01;35:*.svg=01;35:*.svgz=01;35:*.mng=01;35:*.pcx=01;35:*.mov=01;35:*.mpg=01;35:*.mpeg=01;35:*.m2v=01;35:*.mkv=01;35:*.webm=01;35:*.webp=01;35:*.ogm=01;35:*.mp4=01;35:*.m4v=01;35:*.mp4v=01;35:*.vob=01;35:*.qt=01;35:*.nuv=01;35:*.wmv=01;35:*.asf=01;35:*.rm=01;35:*.rmvb=01;35:*.flc=01;35:*.avi=01;35:*.fli=01;35:*.flv=01;35:*.gl=01;35:*.dl=01;35:*.xcf=01;35:*.xwd=01;35:*.yuv=01;35:*.cgm=01;35:*.emf=01;35:*.ogv=01;35:*.ogx=01;35:*.aac=00;36:*.au=00;36:*.flac=00;36:*.m4a=00;36:*.mid=00;36:*.midi=00;36:*.mka=00;36:*.mp3=00;36:*.mpc=00;36:*.ogg=00;36:*.ra=00;36:*.wav=00;36:*.oga=00;36:*.opus=00;36:*.spx=00;36:*.xspf=00;36:'), ('GNOME_TERMINAL_SERVICE', ':1.315'), ('SSH_AGENT_LAUNCHER', 'gnome-keyring'), ('SSH_AUTH_SOCK', '/run/user/1000/keyring/ssh'), ('AMENT_PREFIX_PATH', '/home/imml/git/ROB_534_Project/install/harvest_interfaces:/opt/ros/humble'), ('SHELL', '/bin/bash'), ('QT_ACCESSIBILITY', '1'), ('GDMSESSION', 'ubuntu'), ('LESSCLOSE', '/usr/bin/lesspipe %s %s'), ('QT_IM_MODULE', 'ibus'), ('PWD', '/home/imml/git/ROB_534_Project/build/harvest'), ('LC_ALL', 'en_US.UTF-8'), ('XDG_CONFIG_DIRS', '/etc/xdg/xdg-ubuntu:/etc/xdg'), ('XDG_DATA_DIRS', '/usr/share/ubuntu:/usr/local/share/:/usr/share/:/var/lib/snapd/desktop'), ('PYTHONPATH', '/home/imml/git/ROB_534_Project/install/harvest_interfaces/local/lib/python3.10/dist-packages:/opt/ros/humble/lib/python3.10/site-packages:/opt/ros/humble/local/lib/python3.10/dist-packages'), ('COLCON', '1'), ('VTE_VERSION', '6800'), ('CMAKE_PREFIX_PATH', '/home/imml/git/ROB_534_Project/install/harvest_interfaces:/opt/ros/humble')]), 'shell': False}
[16.232438] (harvest_control) JobProgress: {'identifier': 'harvest_control', 'progress': 'cmake'}
[16.232712] (harvest_control) Command: {'cmd': ['/usr/bin/cmake', '/home/imml/git/ROB_534_Project/harvest_control', '-DAMENT_CMAKE_SYMLINK_INSTALL=1', '-DCMAKE_INSTALL_PREFIX=/home/imml/git/ROB_534_Project/install/harvest_control'], 'cwd': '/home/imml/git/ROB_534_Project/build/harvest_control', 'env': OrderedDict([('LESSOPEN', '| /usr/bin/lesspipe %s'), ('USER', 'imml'), ('XDG_SESSION_TYPE', 'wayland'), ('SHLVL', '1'), ('LD_LIBRARY_PATH', '/home/imml/git/ROB_534_Project/install/harvest_interfaces/lib:/opt/ros/humble/opt/rviz_ogre_vendor/lib:/opt/ros/humble/lib/x86_64-linux-gnu:/opt/ros/humble/lib'), ('HOME', '/home/imml'), ('OLDPWD', '/home/imml'), ('DESKTOP_SESSION', 'ubuntu'), ('ROS_PYTHON_VERSION', '3'), ('GNOME_SHELL_SESSION_MODE', 'ubuntu'), ('GTK_MODULES', 'gail:atk-bridge'), ('SYSTEMD_EXEC_PID', '35967'), ('DBUS_SESSION_BUS_ADDRESS', 'unix:path=/run/user/1000/bus'), ('COLORTERM', 'truecolor'), ('IM_CONFIG_PHASE', '1'), ('WAYLAND_DISPLAY', 'wayland-0'), ('ROS_DISTRO', 'humble'), ('LOGNAME', 'imml'), ('_', '/usr/bin/colcon'), ('ROS_VERSION', '2'), ('XDG_SESSION_CLASS', 'user'), ('USERNAME', 'imml'), ('TERM', 'xterm-256color'), ('GNOME_DESKTOP_SESSION_ID', 'this-is-deprecated'), ('ROS_LOCALHOST_ONLY', '0'), ('PATH', '/opt/ros/humble/bin:/home/imml/.local/bin:/usr/local/sbin:/usr/local/bin:/usr/sbin:/usr/bin:/sbin:/bin:/usr/games:/usr/local/games:/snap/bin:/snap/bin'), ('SESSION_MANAGER', 'local/imml-ROG-Zephyrus:@/tmp/.ICE-unix/1689,unix/imml-ROG-Zephyrus:/tmp/.ICE-unix/1689'), ('XDG_MENU_PREFIX', 'gnome-'), ('GNOME_TERMINAL_SCREEN', '/org/gnome/Terminal/screen/00ec7be0_5807_4f11_8254_b2b90de30782'), ('GNOME_SETUP_DISPLAY', ':1'), ('XDG_RUNTIME_DIR', '/run/user/1000'), ('DISPLAY', ':0'), ('LANG', 'en_US.UTF-8'), ('XDG_CURRENT_DESKTOP', 'ubuntu:GNOME'), ('XMODIFIERS', '@im=ibus'), ('XDG_SESSION_DESKTOP', 'ubuntu'), ('XAUTHORITY', '/run/user/1000/.mutter-Xwaylandauth.48T012'), ('LS_COLORS', 'rs=0:di=01;34:ln=01;36:mh=00:pi=40;33:so=01;35:do=01;35:bd=40;33;01:cd=40;33;01:or=40;31;01:mi=00:su=37;41:sg=30;43:ca=30;41:tw=30;42:ow=34;42:st=37;44:ex=01;32:*.tar=01;31:*.tgz=01;31:*.arc=01;31:*.arj=01;31:*.taz=01;31:*.lha=01;31:*.lz4=01;31:*.lzh=01;31:*.lzma=01;31:*.tlz=01;31:*.txz=01;31:*.tzo=01;31:*.t7z=01;31:*.zip=01;31:*.z=01;31:*.dz=01;31:*.gz=01;31:*.lrz=01;31:*.lz=01;31:*.lzo=01;31:*.xz=01;31:*.zst=01;31:*.tzst=01;31:*.bz2=01;31:*.bz=01;31:*.tbz=01;31:*.tbz2=01;31:*.tz=01;31:*.deb=01;31:*.rpm=01;31:*.jar=01;31:*.war=01;31:*.ear=01;31:*.sar=01;31:*.rar=01;31:*.alz=01;31:*.ace=01;31:*.zoo=01;31:*.cpio=01;31:*.7z=01;31:*.rz=01;31:*.cab=01;31:*.wim=01;31:*.swm=01;31:*.dwm=01;31:*.esd=01;31:*.jpg=01;35:*.jpeg=01;35:*.mjpg=01;35:*.mjpeg=01;35:*.gif=01;35:*.bmp=01;35:*.pbm=01;35:*.pgm=01;35:*.ppm=01;35:*.tga=01;35:*.xbm=01;35:*.xpm=01;35:*.tif=01;35:*.tiff=01;35:*.png=01;35:*.svg=01;35:*.svgz=01;35:*.mng=01;35:*.pcx=01;35:*.mov=01;35:*.mpg=01;35:*.mpeg=01;35:*.m2v=01;35:*.mkv=01;35:*.webm=01;35:*.webp=01;35:*.ogm=01;35:*.mp4=01;35:*.m4v=01;35:*.mp4v=01;35:*.vob=01;35:*.qt=01;35:*.nuv=01;35:*.wmv=01;35:*.asf=01;35:*.rm=01;35:*.rmvb=01;35:*.flc=01;35:*.avi=01;35:*.fli=01;35:*.flv=01;35:*.gl=01;35:*.dl=01;35:*.xcf=01;35:*.xwd=01;35:*.yuv=01;35:*.cgm=01;35:*.emf=01;35:*.ogv=01;35:*.ogx=01;35:*.aac=00;36:*.au=00;36:*.flac=00;36:*.m4a=00;36:*.mid=00;36:*.midi=00;36:*.mka=00;36:*.mp3=00;36:*.mpc=00;36:*.ogg=00;36:*.ra=00;36:*.wav=00;36:*.oga=00;36:*.opus=00;36:*.spx=00;36:*.xspf=00;36:'), ('GNOME_TERMINAL_SERVICE', ':1.315'), ('SSH_AGENT_LAUNCHER', 'gnome-keyring'), ('SSH_AUTH_SOCK', '/run/user/1000/keyring/ssh'), ('AMENT_PREFIX_PATH', '/home/imml/git/ROB_534_Project/install/harvest_interfaces:/opt/ros/humble'), ('SHELL', '/bin/bash'), ('QT_ACCESSIBILITY', '1'), ('GDMSESSION', 'ubuntu'), ('LESSCLOSE', '/usr/bin/lesspipe %s %s'), ('QT_IM_MODULE', 'ibus'), ('PWD', '/home/imml/git/ROB_534_Project/build/harvest_control'), ('LC_ALL', 'en_US.UTF-8'), ('XDG_CONFIG_DIRS', '/etc/xdg/xdg-ubuntu:/etc/xdg'), ('XDG_DATA_DIRS', '/usr/share/ubuntu:/usr/local/share/:/usr/share/:/var/lib/snapd/desktop'), ('PYTHONPATH', '/home/imml/git/ROB_534_Project/install/harvest_interfaces/local/lib/python3.10/dist-packages:/opt/ros/humble/lib/python3.10/site-packages:/opt/ros/humble/local/lib/python3.10/dist-packages'), ('COLCON', '1'), ('VTE_VERSION', '6800'), ('CMAKE_PREFIX_PATH', '/home/imml/git/ROB_534_Project/install/harvest_interfaces:/opt/ros/humble')]), 'shell': False}
[16.239890] (ur_controllers) StdoutLine: {'line': b'-- Performing Test CMAKE_HAVE_LIBC_PTHREAD - Success\n'}
[16.240883] (ur_controllers) StdoutLine: {'line': b'-- Found Threads: TRUE  \n'}
[16.277215] (-) TimerEvent: {}
[16.278283] (harvest) StdoutLine: {'line': b'-- The C compiler identification is GNU 11.4.0\n'}
[16.278577] (harvest_control) StdoutLine: {'line': b'-- The C compiler identification is GNU 11.4.0\n'}
[16.282109] (ur_controllers) StdoutLine: {'line': b'-- Found joint_trajectory_controller: 2.41.0 (/opt/ros/humble/share/joint_trajectory_controller/cmake)\n'}
[16.324512] (harvest) StdoutLine: {'line': b'-- The CXX compiler identification is GNU 11.4.0\n'}
[16.325875] (harvest_control) StdoutLine: {'line': b'-- The CXX compiler identification is GNU 11.4.0\n'}
[16.330622] (harvest) StdoutLine: {'line': b'-- Detecting C compiler ABI info\n'}
[16.331695] (harvest_control) StdoutLine: {'line': b'-- Detecting C compiler ABI info\n'}
[16.340876] (ur_controllers) StdoutLine: {'line': b'-- Found std_srvs: 4.2.4 (/opt/ros/humble/share/std_srvs/cmake)\n'}
[16.348001] (ur_controllers) StdoutLine: {'line': b'-- Found ur_dashboard_msgs: 2.2.15 (/home/imml/git/ROB_534_Project/install/ur_dashboard_msgs/share/ur_dashboard_msgs/cmake)\n'}
[16.361356] (ur_controllers) StdoutLine: {'line': b'-- Found ur_msgs: 2.1.0 (/opt/ros/humble/share/ur_msgs/cmake)\n'}
[16.377325] (-) TimerEvent: {}
[16.389270] (harvest_control) StdoutLine: {'line': b'-- Detecting C compiler ABI info - done\n'}
[16.390830] (harvest) StdoutLine: {'line': b'-- Detecting C compiler ABI info - done\n'}
[16.395258] (harvest_control) StdoutLine: {'line': b'-- Check for working C compiler: /usr/bin/cc - skipped\n'}
[16.395523] (harvest_control) StdoutLine: {'line': b'-- Detecting C compile features\n'}
[16.395809] (harvest_control) StdoutLine: {'line': b'-- Detecting C compile features - done\n'}
[16.396660] (harvest) StdoutLine: {'line': b'-- Check for working C compiler: /usr/bin/cc - skipped\n'}
[16.396876] (harvest) StdoutLine: {'line': b'-- Detecting C compile features\n'}
[16.397196] (harvest) StdoutLine: {'line': b'-- Detecting C compile features - done\n'}
[16.398399] (harvest_control) StdoutLine: {'line': b'-- Detecting CXX compiler ABI info\n'}
[16.399785] (harvest) StdoutLine: {'line': b'-- Detecting CXX compiler ABI info\n'}
[16.443797] (ur_controllers) StdoutLine: {'line': b'-- Configuring done\n'}
[16.467628] (harvest_control) StdoutLine: {'line': b'-- Detecting CXX compiler ABI info - done\n'}
[16.469816] (harvest) StdoutLine: {'line': b'-- Detecting CXX compiler ABI info - done\n'}
[16.472981] (harvest_control) StdoutLine: {'line': b'-- Check for working CXX compiler: /usr/bin/c++ - skipped\n'}
[16.473195] (harvest_control) StdoutLine: {'line': b'-- Detecting CXX compile features\n'}
[16.473528] (harvest_control) StdoutLine: {'line': b'-- Detecting CXX compile features - done\n'}
[16.473852] (ur_controllers) StdoutLine: {'line': b'-- Generating done\n'}
[16.475139] (harvest) StdoutLine: {'line': b'-- Check for working CXX compiler: /usr/bin/c++ - skipped\n'}
[16.475366] (harvest) StdoutLine: {'line': b'-- Detecting CXX compile features\n'}
[16.475698] (harvest) StdoutLine: {'line': b'-- Detecting CXX compile features - done\n'}
[16.475959] (harvest_control) StdoutLine: {'line': b'-- Found ament_cmake: 1.3.11 (/opt/ros/humble/share/ament_cmake/cmake)\n'}
[16.477376] (-) TimerEvent: {}
[16.477799] (harvest) StdoutLine: {'line': b'-- Found ament_cmake: 1.3.11 (/opt/ros/humble/share/ament_cmake/cmake)\n'}
[16.478965] (ur_controllers) StdoutLine: {'line': b'-- Build files have been written to: /home/imml/git/ROB_534_Project/build/ur_controllers\n'}
[16.496139] (ur_controllers) CommandEnded: {'returncode': 0}
[16.496730] (ur_controllers) JobProgress: {'identifier': 'ur_controllers', 'progress': 'build'}
[16.497134] (ur_controllers) Command: {'cmd': ['/usr/bin/cmake', '--build', '/home/imml/git/ROB_534_Project/build/ur_controllers', '--', '-j16', '-l16'], 'cwd': '/home/imml/git/ROB_534_Project/build/ur_controllers', 'env': OrderedDict([('LESSOPEN', '| /usr/bin/lesspipe %s'), ('USER', 'imml'), ('XDG_SESSION_TYPE', 'wayland'), ('SHLVL', '1'), ('LD_LIBRARY_PATH', '/home/imml/git/ROB_534_Project/install/ur_dashboard_msgs/lib:/opt/ros/humble/opt/rviz_ogre_vendor/lib:/opt/ros/humble/lib/x86_64-linux-gnu:/opt/ros/humble/lib'), ('HOME', '/home/imml'), ('OLDPWD', '/home/imml'), ('DESKTOP_SESSION', 'ubuntu'), ('ROS_PYTHON_VERSION', '3'), ('GNOME_SHELL_SESSION_MODE', 'ubuntu'), ('GTK_MODULES', 'gail:atk-bridge'), ('SYSTEMD_EXEC_PID', '35967'), ('DBUS_SESSION_BUS_ADDRESS', 'unix:path=/run/user/1000/bus'), ('COLORTERM', 'truecolor'), ('IM_CONFIG_PHASE', '1'), ('WAYLAND_DISPLAY', 'wayland-0'), ('ROS_DISTRO', 'humble'), ('LOGNAME', 'imml'), ('_', '/usr/bin/colcon'), ('ROS_VERSION', '2'), ('XDG_SESSION_CLASS', 'user'), ('USERNAME', 'imml'), ('TERM', 'xterm-256color'), ('GNOME_DESKTOP_SESSION_ID', 'this-is-deprecated'), ('ROS_LOCALHOST_ONLY', '0'), ('PATH', '/opt/ros/humble/bin:/home/imml/.local/bin:/usr/local/sbin:/usr/local/bin:/usr/sbin:/usr/bin:/sbin:/bin:/usr/games:/usr/local/games:/snap/bin:/snap/bin'), ('SESSION_MANAGER', 'local/imml-ROG-Zephyrus:@/tmp/.ICE-unix/1689,unix/imml-ROG-Zephyrus:/tmp/.ICE-unix/1689'), ('XDG_MENU_PREFIX', 'gnome-'), ('GNOME_TERMINAL_SCREEN', '/org/gnome/Terminal/screen/00ec7be0_5807_4f11_8254_b2b90de30782'), ('GNOME_SETUP_DISPLAY', ':1'), ('XDG_RUNTIME_DIR', '/run/user/1000'), ('DISPLAY', ':0'), ('LANG', 'en_US.UTF-8'), ('XDG_CURRENT_DESKTOP', 'ubuntu:GNOME'), ('XMODIFIERS', '@im=ibus'), ('XDG_SESSION_DESKTOP', 'ubuntu'), ('XAUTHORITY', '/run/user/1000/.mutter-Xwaylandauth.48T012'), ('LS_COLORS', 'rs=0:di=01;34:ln=01;36:mh=00:pi=40;33:so=01;35:do=01;35:bd=40;33;01:cd=40;33;01:or=40;31;01:mi=00:su=37;41:sg=30;43:ca=30;41:tw=30;42:ow=34;42:st=37;44:ex=01;32:*.tar=01;31:*.tgz=01;31:*.arc=01;31:*.arj=01;31:*.taz=01;31:*.lha=01;31:*.lz4=01;31:*.lzh=01;31:*.lzma=01;31:*.tlz=01;31:*.txz=01;31:*.tzo=01;31:*.t7z=01;31:*.zip=01;31:*.z=01;31:*.dz=01;31:*.gz=01;31:*.lrz=01;31:*.lz=01;31:*.lzo=01;31:*.xz=01;31:*.zst=01;31:*.tzst=01;31:*.bz2=01;31:*.bz=01;31:*.tbz=01;31:*.tbz2=01;31:*.tz=01;31:*.deb=01;31:*.rpm=01;31:*.jar=01;31:*.war=01;31:*.ear=01;31:*.sar=01;31:*.rar=01;31:*.alz=01;31:*.ace=01;31:*.zoo=01;31:*.cpio=01;31:*.7z=01;31:*.rz=01;31:*.cab=01;31:*.wim=01;31:*.swm=01;31:*.dwm=01;31:*.esd=01;31:*.jpg=01;35:*.jpeg=01;35:*.mjpg=01;35:*.mjpeg=01;35:*.gif=01;35:*.bmp=01;35:*.pbm=01;35:*.pgm=01;35:*.ppm=01;35:*.tga=01;35:*.xbm=01;35:*.xpm=01;35:*.tif=01;35:*.tiff=01;35:*.png=01;35:*.svg=01;35:*.svgz=01;35:*.mng=01;35:*.pcx=01;35:*.mov=01;35:*.mpg=01;35:*.mpeg=01;35:*.m2v=01;35:*.mkv=01;35:*.webm=01;35:*.webp=01;35:*.ogm=01;35:*.mp4=01;35:*.m4v=01;35:*.mp4v=01;35:*.vob=01;35:*.qt=01;35:*.nuv=01;35:*.wmv=01;35:*.asf=01;35:*.rm=01;35:*.rmvb=01;35:*.flc=01;35:*.avi=01;35:*.fli=01;35:*.flv=01;35:*.gl=01;35:*.dl=01;35:*.xcf=01;35:*.xwd=01;35:*.yuv=01;35:*.cgm=01;35:*.emf=01;35:*.ogv=01;35:*.ogx=01;35:*.aac=00;36:*.au=00;36:*.flac=00;36:*.m4a=00;36:*.mid=00;36:*.midi=00;36:*.mka=00;36:*.mp3=00;36:*.mpc=00;36:*.ogg=00;36:*.ra=00;36:*.wav=00;36:*.oga=00;36:*.opus=00;36:*.spx=00;36:*.xspf=00;36:'), ('GNOME_TERMINAL_SERVICE', ':1.315'), ('SSH_AGENT_LAUNCHER', 'gnome-keyring'), ('SSH_AUTH_SOCK', '/run/user/1000/keyring/ssh'), ('AMENT_PREFIX_PATH', '/home/imml/git/ROB_534_Project/install/ur_dashboard_msgs:/opt/ros/humble'), ('SHELL', '/bin/bash'), ('QT_ACCESSIBILITY', '1'), ('GDMSESSION', 'ubuntu'), ('LESSCLOSE', '/usr/bin/lesspipe %s %s'), ('QT_IM_MODULE', 'ibus'), ('PWD', '/home/imml/git/ROB_534_Project/build/ur_controllers'), ('LC_ALL', 'en_US.UTF-8'), ('XDG_CONFIG_DIRS', '/etc/xdg/xdg-ubuntu:/etc/xdg'), ('XDG_DATA_DIRS', '/usr/share/ubuntu:/usr/local/share/:/usr/share/:/var/lib/snapd/desktop'), ('PYTHONPATH', '/home/imml/git/ROB_534_Project/install/ur_dashboard_msgs/local/lib/python3.10/dist-packages:/opt/ros/humble/lib/python3.10/site-packages:/opt/ros/humble/local/lib/python3.10/dist-packages'), ('COLCON', '1'), ('VTE_VERSION', '6800'), ('CMAKE_PREFIX_PATH', '/home/imml/git/ROB_534_Project/install/ur_dashboard_msgs:/opt/ros/humble')]), 'shell': False}
[16.549077] (ur_controllers) StdoutLine: {'line': b'[ 20%] \x1b[34m\x1b[1mRunning `/opt/ros/humble/bin/generate_parameter_library_cpp /home/imml/git/ROB_534_Project/build/ur_controllers/include/ur_controllers/speed_scaling_state_broadcaster_parameters.hpp /home/imml/git/ROB_534_Project/harvest_hardware/Universal_Robots_ROS2_Driver/ur_controllers/src/speed_scaling_state_broadcaster_parameters.yaml `\x1b[0m\n'}
[16.549282] (ur_controllers) StdoutLine: {'line': b'[ 20%] \x1b[34m\x1b[1mRunning `/opt/ros/humble/bin/generate_parameter_library_cpp /home/imml/git/ROB_534_Project/build/ur_controllers/include/ur_controllers/scaled_joint_trajectory_controller_parameters.hpp /home/imml/git/ROB_534_Project/harvest_hardware/Universal_Robots_ROS2_Driver/ur_controllers/src/scaled_joint_trajectory_controller_parameters.yaml `\x1b[0m\n'}
[16.550551] (ur_controllers) StdoutLine: {'line': b'[ 30%] \x1b[34m\x1b[1mRunning `/opt/ros/humble/bin/generate_parameter_library_cpp /home/imml/git/ROB_534_Project/build/ur_controllers/include/ur_controllers/gpio_controller_parameters.hpp /home/imml/git/ROB_534_Project/harvest_hardware/Universal_Robots_ROS2_Driver/ur_controllers/src/gpio_controller_parameters.yaml `\x1b[0m\n'}
[16.577502] (-) TimerEvent: {}
[16.613982] (harvest_control) StdoutLine: {'line': b'-- Found Python3: /usr/bin/python3 (found version "3.10.12") found components: Interpreter \n'}
[16.614188] (harvest) StdoutLine: {'line': b'-- Found Python3: /usr/bin/python3 (found version "3.10.12") found components: Interpreter \n'}
[16.672943] (harvest_control) StdoutLine: {'line': b'-- Override CMake install command with custom implementation using symlinks instead of copying resources\n'}
[16.673386] (harvest) StdoutLine: {'line': b'-- Override CMake install command with custom implementation using symlinks instead of copying resources\n'}
[16.677594] (-) TimerEvent: {}
[16.686491] (ur_controllers) StdoutLine: {'line': b'[ 40%] \x1b[34m\x1b[1mCreating deprecated header file /home/imml/git/ROB_534_Project/build/ur_controllers/include/scaled_joint_trajectory_controller_parameters.hpp\x1b[0m\n'}
[16.693784] (ur_controllers) StdoutLine: {'line': b'[ 50%] \x1b[34m\x1b[1mCreating deprecated header file /home/imml/git/ROB_534_Project/build/ur_controllers/include/speed_scaling_state_broadcaster_parameters.hpp\x1b[0m\n'}
[16.693964] (ur_controllers) StdoutLine: {'line': b'[ 60%] \x1b[34m\x1b[1mCreating deprecated header file /home/imml/git/ROB_534_Project/build/ur_controllers/include/gpio_controller_parameters.hpp\x1b[0m\n'}
[16.702144] (harvest) StdoutLine: {'line': b'-- Found rclpy: 3.3.15 (/opt/ros/humble/share/rclpy/cmake)\n'}
[16.702530] (harvest_control) StdoutLine: {'line': b'-- Found rclcpp: 16.0.11 (/opt/ros/humble/share/rclcpp/cmake)\n'}
[16.703772] (harvest) StdoutLine: {'line': b'-- Found moveit_servo: 2.5.8 (/opt/ros/humble/share/moveit_servo/cmake)\n'}
[16.726058] (ur_controllers) StdoutLine: {'line': b'[ 60%] Built target scaled_joint_trajectory_controller_parameters\n'}
[16.733232] (ur_controllers) StdoutLine: {'line': b'[ 60%] Built target gpio_controller_parameters\n'}
[16.736808] (ur_controllers) StdoutLine: {'line': b'[ 60%] Built target speed_scaling_state_broadcaster_parameters\n'}
[16.742452] (harvest) StdoutLine: {'line': b'-- Found rosidl_generator_c: 3.1.6 (/opt/ros/humble/share/rosidl_generator_c/cmake)\n'}
[16.742887] (harvest_control) StdoutLine: {'line': b'-- Found rosidl_generator_c: 3.1.6 (/opt/ros/humble/share/rosidl_generator_c/cmake)\n'}
[16.747331] (harvest) StdoutLine: {'line': b'-- Found rosidl_adapter: 3.1.6 (/opt/ros/humble/share/rosidl_adapter/cmake)\n'}
[16.747730] (harvest_control) StdoutLine: {'line': b'-- Found rosidl_adapter: 3.1.6 (/opt/ros/humble/share/rosidl_adapter/cmake)\n'}
[16.755042] (harvest) StdoutLine: {'line': b'-- Found rosidl_generator_cpp: 3.1.6 (/opt/ros/humble/share/rosidl_generator_cpp/cmake)\n'}
[16.755383] (harvest_control) StdoutLine: {'line': b'-- Found rosidl_generator_cpp: 3.1.6 (/opt/ros/humble/share/rosidl_generator_cpp/cmake)\n'}
[16.757753] (ur_controllers) StdoutLine: {'line': b'[ 90%] \x1b[32mBuilding CXX object CMakeFiles/ur_controllers.dir/src/scaled_joint_trajectory_controller.cpp.o\x1b[0m\n'}
[16.757867] (ur_controllers) StdoutLine: {'line': b'[ 90%] \x1b[32mBuilding CXX object CMakeFiles/ur_controllers.dir/src/speed_scaling_state_broadcaster.cpp.o\x1b[0m\n'}
[16.757936] (ur_controllers) StdoutLine: {'line': b'[ 90%] \x1b[32mBuilding CXX object CMakeFiles/ur_controllers.dir/src/gpio_controller.cpp.o\x1b[0m\n'}
[16.766113] (harvest) StdoutLine: {'line': b'-- Using all available rosidl_typesupport_c: rosidl_typesupport_fastrtps_c;rosidl_typesupport_introspection_c\n'}
[16.766370] (harvest_control) StdoutLine: {'line': b'-- Using all available rosidl_typesupport_c: rosidl_typesupport_fastrtps_c;rosidl_typesupport_introspection_c\n'}
[16.777693] (-) TimerEvent: {}
[16.779895] (harvest) StdoutLine: {'line': b'-- Using all available rosidl_typesupport_cpp: rosidl_typesupport_fastrtps_cpp;rosidl_typesupport_introspection_cpp\n'}
[16.780085] (harvest_control) StdoutLine: {'line': b'-- Using all available rosidl_typesupport_cpp: rosidl_typesupport_fastrtps_cpp;rosidl_typesupport_introspection_cpp\n'}
[16.799004] (harvest_vision) Command: {'cmd': ['/usr/bin/python3', '-W', 'ignore:setup.py install is deprecated', '-W', 'ignore:easy_install command is deprecated', 'setup.py', 'develop', '--editable', '--build-directory', '/home/imml/git/ROB_534_Project/build/harvest_vision/build', '--no-deps', 'symlink_data'], 'cwd': '/home/imml/git/ROB_534_Project/build/harvest_vision', 'env': {'LESSOPEN': '| /usr/bin/lesspipe %s', 'USER': 'imml', 'XDG_SESSION_TYPE': 'wayland', 'SHLVL': '1', 'LD_LIBRARY_PATH': '/home/imml/git/ROB_534_Project/install/harvest_interfaces/lib:/opt/ros/humble/opt/rviz_ogre_vendor/lib:/opt/ros/humble/lib/x86_64-linux-gnu:/opt/ros/humble/lib', 'HOME': '/home/imml', 'OLDPWD': '/home/imml', 'DESKTOP_SESSION': 'ubuntu', 'ROS_PYTHON_VERSION': '3', 'GNOME_SHELL_SESSION_MODE': 'ubuntu', 'GTK_MODULES': 'gail:atk-bridge', 'SYSTEMD_EXEC_PID': '35967', 'DBUS_SESSION_BUS_ADDRESS': 'unix:path=/run/user/1000/bus', 'COLORTERM': 'truecolor', 'IM_CONFIG_PHASE': '1', 'WAYLAND_DISPLAY': 'wayland-0', 'ROS_DISTRO': 'humble', 'LOGNAME': 'imml', '_': '/usr/bin/colcon', 'ROS_VERSION': '2', 'XDG_SESSION_CLASS': 'user', 'USERNAME': 'imml', 'TERM': 'xterm-256color', 'GNOME_DESKTOP_SESSION_ID': 'this-is-deprecated', 'ROS_LOCALHOST_ONLY': '0', 'PATH': '/opt/ros/humble/bin:/home/imml/.local/bin:/usr/local/sbin:/usr/local/bin:/usr/sbin:/usr/bin:/sbin:/bin:/usr/games:/usr/local/games:/snap/bin:/snap/bin', 'SESSION_MANAGER': 'local/imml-ROG-Zephyrus:@/tmp/.ICE-unix/1689,unix/imml-ROG-Zephyrus:/tmp/.ICE-unix/1689', 'XDG_MENU_PREFIX': 'gnome-', 'GNOME_TERMINAL_SCREEN': '/org/gnome/Terminal/screen/00ec7be0_5807_4f11_8254_b2b90de30782', 'GNOME_SETUP_DISPLAY': ':1', 'XDG_RUNTIME_DIR': '/run/user/1000', 'DISPLAY': ':0', 'LANG': 'en_US.UTF-8', 'XDG_CURRENT_DESKTOP': 'ubuntu:GNOME', 'XMODIFIERS': '@im=ibus', 'XDG_SESSION_DESKTOP': 'ubuntu', 'XAUTHORITY': '/run/user/1000/.mutter-Xwaylandauth.48T012', 'LS_COLORS': 'rs=0:di=01;34:ln=01;36:mh=00:pi=40;33:so=01;35:do=01;35:bd=40;33;01:cd=40;33;01:or=40;31;01:mi=00:su=37;41:sg=30;43:ca=30;41:tw=30;42:ow=34;42:st=37;44:ex=01;32:*.tar=01;31:*.tgz=01;31:*.arc=01;31:*.arj=01;31:*.taz=01;31:*.lha=01;31:*.lz4=01;31:*.lzh=01;31:*.lzma=01;31:*.tlz=01;31:*.txz=01;31:*.tzo=01;31:*.t7z=01;31:*.zip=01;31:*.z=01;31:*.dz=01;31:*.gz=01;31:*.lrz=01;31:*.lz=01;31:*.lzo=01;31:*.xz=01;31:*.zst=01;31:*.tzst=01;31:*.bz2=01;31:*.bz=01;31:*.tbz=01;31:*.tbz2=01;31:*.tz=01;31:*.deb=01;31:*.rpm=01;31:*.jar=01;31:*.war=01;31:*.ear=01;31:*.sar=01;31:*.rar=01;31:*.alz=01;31:*.ace=01;31:*.zoo=01;31:*.cpio=01;31:*.7z=01;31:*.rz=01;31:*.cab=01;31:*.wim=01;31:*.swm=01;31:*.dwm=01;31:*.esd=01;31:*.jpg=01;35:*.jpeg=01;35:*.mjpg=01;35:*.mjpeg=01;35:*.gif=01;35:*.bmp=01;35:*.pbm=01;35:*.pgm=01;35:*.ppm=01;35:*.tga=01;35:*.xbm=01;35:*.xpm=01;35:*.tif=01;35:*.tiff=01;35:*.png=01;35:*.svg=01;35:*.svgz=01;35:*.mng=01;35:*.pcx=01;35:*.mov=01;35:*.mpg=01;35:*.mpeg=01;35:*.m2v=01;35:*.mkv=01;35:*.webm=01;35:*.webp=01;35:*.ogm=01;35:*.mp4=01;35:*.m4v=01;35:*.mp4v=01;35:*.vob=01;35:*.qt=01;35:*.nuv=01;35:*.wmv=01;35:*.asf=01;35:*.rm=01;35:*.rmvb=01;35:*.flc=01;35:*.avi=01;35:*.fli=01;35:*.flv=01;35:*.gl=01;35:*.dl=01;35:*.xcf=01;35:*.xwd=01;35:*.yuv=01;35:*.cgm=01;35:*.emf=01;35:*.ogv=01;35:*.ogx=01;35:*.aac=00;36:*.au=00;36:*.flac=00;36:*.m4a=00;36:*.mid=00;36:*.midi=00;36:*.mka=00;36:*.mp3=00;36:*.mpc=00;36:*.ogg=00;36:*.ra=00;36:*.wav=00;36:*.oga=00;36:*.opus=00;36:*.spx=00;36:*.xspf=00;36:', 'GNOME_TERMINAL_SERVICE': ':1.315', 'SSH_AGENT_LAUNCHER': 'gnome-keyring', 'SSH_AUTH_SOCK': '/run/user/1000/keyring/ssh', 'AMENT_PREFIX_PATH': '/home/imml/git/ROB_534_Project/install/harvest_interfaces:/opt/ros/humble', 'SHELL': '/bin/bash', 'QT_ACCESSIBILITY': '1', 'GDMSESSION': 'ubuntu', 'LESSCLOSE': '/usr/bin/lesspipe %s %s', 'QT_IM_MODULE': 'ibus', 'PWD': '/home/imml/git/ROB_534_Project/build/harvest_vision', 'LC_ALL': 'en_US.UTF-8', 'XDG_CONFIG_DIRS': '/etc/xdg/xdg-ubuntu:/etc/xdg', 'XDG_DATA_DIRS': '/usr/share/ubuntu:/usr/local/share/:/usr/share/:/var/lib/snapd/desktop', 'PYTHONPATH': '/home/imml/git/ROB_534_Project/build/harvest_vision/prefix_override:/usr/lib/python3/dist-packages/colcon_core/task/python/colcon_distutils_commands:/home/imml/git/ROB_534_Project/install/harvest_vision/lib/python3.10/site-packages:/home/imml/git/ROB_534_Project/install/harvest_interfaces/local/lib/python3.10/dist-packages:/opt/ros/humble/lib/python3.10/site-packages:/opt/ros/humble/local/lib/python3.10/dist-packages', 'COLCON': '1', 'VTE_VERSION': '6800', 'CMAKE_PREFIX_PATH': '/home/imml/git/ROB_534_Project/install/harvest_interfaces'}, 'shell': False}
[16.821247] (harvest_control) StdoutLine: {'line': b'-- Found rmw_implementation_cmake: 6.1.2 (/opt/ros/humble/share/rmw_implementation_cmake/cmake)\n'}
[16.824148] (harvest_control) StdoutLine: {'line': b'-- Found rmw_fastrtps_cpp: 6.2.7 (/opt/ros/humble/share/rmw_fastrtps_cpp/cmake)\n'}
[16.877816] (-) TimerEvent: {}
[16.913669] (harvest_control) StdoutLine: {'line': b'-- Found OpenSSL: /usr/lib/x86_64-linux-gnu/libcrypto.so (found version "3.0.2")  \n'}
[16.934008] (harvest) StdoutLine: {'line': b'-- Found rmw_implementation_cmake: 6.1.2 (/opt/ros/humble/share/rmw_implementation_cmake/cmake)\n'}
[16.936666] (harvest) StdoutLine: {'line': b'-- Found rmw_fastrtps_cpp: 6.2.7 (/opt/ros/humble/share/rmw_fastrtps_cpp/cmake)\n'}
[16.941163] (harvest_control) StdoutLine: {'line': b'-- Found FastRTPS: /opt/ros/humble/include  \n'}
[16.977921] (-) TimerEvent: {}
[16.982232] (harvest_control) StdoutLine: {'line': b"-- Using RMW implementation 'rmw_fastrtps_cpp' as default\n"}
[16.991336] (harvest_control) StdoutLine: {'line': b'-- Looking for pthread.h\n'}
[17.021587] (harvest) StdoutLine: {'line': b'-- Found OpenSSL: /usr/lib/x86_64-linux-gnu/libcrypto.so (found version "3.0.2")  \n'}
[17.048357] (harvest) StdoutLine: {'line': b'-- Found FastRTPS: /opt/ros/humble/include  \n'}
[17.060294] (harvest_vision) StdoutLine: {'line': b'running develop\n'}
[17.061816] (harvest_control) StdoutLine: {'line': b'-- Looking for pthread.h - found\n'}
[17.062137] (harvest_control) StdoutLine: {'line': b'-- Performing Test CMAKE_HAVE_LIBC_PTHREAD\n'}
[17.078022] (-) TimerEvent: {}
[17.088262] (harvest) StdoutLine: {'line': b"-- Using RMW implementation 'rmw_fastrtps_cpp' as default\n"}
[17.098260] (harvest) StdoutLine: {'line': b'-- Looking for pthread.h\n'}
[17.133923] (harvest_control) StdoutLine: {'line': b'-- Performing Test CMAKE_HAVE_LIBC_PTHREAD - Success\n'}
[17.134903] (harvest_control) StdoutLine: {'line': b'-- Found Threads: TRUE  \n'}
[17.167325] (harvest) StdoutLine: {'line': b'-- Looking for pthread.h - found\n'}
[17.167569] (harvest) StdoutLine: {'line': b'-- Performing Test CMAKE_HAVE_LIBC_PTHREAD\n'}
[17.178124] (-) TimerEvent: {}
[17.181454] (harvest_control) StdoutLine: {'line': b'-- Found rclpy: 3.3.15 (/opt/ros/humble/share/rclpy/cmake)\n'}
[17.183171] (harvest_control) StdoutLine: {'line': b'-- Found moveit_servo: 2.5.8 (/opt/ros/humble/share/moveit_servo/cmake)\n'}
[17.239198] (harvest) StdoutLine: {'line': b'-- Performing Test CMAKE_HAVE_LIBC_PTHREAD - Success\n'}
[17.240185] (harvest) StdoutLine: {'line': b'-- Found Threads: TRUE  \n'}
[17.255777] (harvest_vision) StdoutLine: {'line': b'running egg_info\n'}
[17.256004] (harvest_vision) StdoutLine: {'line': b'creating harvest_vision.egg-info\n'}
[17.256191] (harvest_vision) StdoutLine: {'line': b'writing harvest_vision.egg-info/PKG-INFO\n'}
[17.256356] (harvest_vision) StdoutLine: {'line': b'writing dependency_links to harvest_vision.egg-info/dependency_links.txt\n'}
[17.256499] (harvest_vision) StdoutLine: {'line': b'writing entry points to harvest_vision.egg-info/entry_points.txt\n'}
[17.256647] (harvest_vision) StdoutLine: {'line': b'writing requirements to harvest_vision.egg-info/requires.txt\n'}
[17.256749] (harvest_vision) StdoutLine: {'line': b'writing top-level names to harvest_vision.egg-info/top_level.txt\n'}
[17.256882] (harvest_vision) StdoutLine: {'line': b"writing manifest file 'harvest_vision.egg-info/SOURCES.txt'\n"}
[17.258676] (harvest_vision) StdoutLine: {'line': b"reading manifest file 'harvest_vision.egg-info/SOURCES.txt'\n"}
[17.259418] (harvest_vision) StdoutLine: {'line': b"writing manifest file 'harvest_vision.egg-info/SOURCES.txt'\n"}
[17.260531] (harvest_vision) StdoutLine: {'line': b'running build_ext\n'}
[17.260702] (harvest_vision) StdoutLine: {'line': b'Creating /home/imml/git/ROB_534_Project/install/harvest_vision/lib/python3.10/site-packages/harvest-vision.egg-link (link to .)\n'}
[17.261365] (harvest_vision) StdoutLine: {'line': b'Installing apple_prediction script to /home/imml/git/ROB_534_Project/install/harvest_vision/lib/harvest_vision\n'}
[17.261530] (harvest_vision) StdoutLine: {'line': b'Installing apple_prediction_presaved_images script to /home/imml/git/ROB_534_Project/install/harvest_vision/lib/harvest_vision\n'}
[17.261669] (harvest_vision) StdoutLine: {'line': b'Installing voxelize_scan script to /home/imml/git/ROB_534_Project/install/harvest_vision/lib/harvest_vision\n'}
[17.261804] (harvest_vision) StdoutLine: {'line': b'\n'}
[17.261904] (harvest_vision) StdoutLine: {'line': b'Installed /home/imml/git/ROB_534_Project/build/harvest_vision\n'}
[17.262061] (harvest_vision) StdoutLine: {'line': b'running symlink_data\n'}
[17.262160] (harvest_vision) StdoutLine: {'line': b'creating /home/imml/git/ROB_534_Project/install/harvest_vision/share/ament_index\n'}
[17.262250] (harvest_vision) StdoutLine: {'line': b'creating /home/imml/git/ROB_534_Project/install/harvest_vision/share/ament_index/resource_index\n'}
[17.262412] (harvest_vision) StdoutLine: {'line': b'creating /home/imml/git/ROB_534_Project/install/harvest_vision/share/ament_index/resource_index/packages\n'}
[17.262526] (harvest_vision) StdoutLine: {'line': b'symbolically linking /home/imml/git/ROB_534_Project/build/harvest_vision/resource/harvest_vision -> /home/imml/git/ROB_534_Project/install/harvest_vision/share/ament_index/resource_index/packages\n'}
[17.262610] (harvest_vision) StdoutLine: {'line': b'symbolically linking /home/imml/git/ROB_534_Project/build/harvest_vision/package.xml -> /home/imml/git/ROB_534_Project/install/harvest_vision/share/harvest_vision\n'}
[17.262689] (harvest_vision) StdoutLine: {'line': b'creating /home/imml/git/ROB_534_Project/install/harvest_vision/share/harvest_vision/launch\n'}
[17.262779] (harvest_vision) StdoutLine: {'line': b'creating /home/imml/git/ROB_534_Project/install/harvest_vision/share/harvest_vision/yolo_networks\n'}
[17.262869] (harvest_vision) StdoutLine: {'line': b'symbolically linking /home/imml/git/ROB_534_Project/build/harvest_vision/yolo_networks/best-merged-apples-thlo-merged-wsu-v8s.pt -> /home/imml/git/ROB_534_Project/install/harvest_vision/share/harvest_vision/yolo_networks\n'}
[17.262964] (harvest_vision) StdoutLine: {'line': b'symbolically linking /home/imml/git/ROB_534_Project/build/harvest_vision/yolo_networks/best-merged-apples-thlo-merged-wsu-v8m.pt -> /home/imml/git/ROB_534_Project/install/harvest_vision/share/harvest_vision/yolo_networks\n'}
[17.263060] (harvest_vision) StdoutLine: {'line': b'symbolically linking /home/imml/git/ROB_534_Project/build/harvest_vision/yolo_networks/best-merged-apples-thlo-merged-wsu-v9c.pt -> /home/imml/git/ROB_534_Project/install/harvest_vision/share/harvest_vision/yolo_networks\n'}
[17.263183] (harvest_vision) StdoutLine: {'line': b'symbolically linking /home/imml/git/ROB_534_Project/build/harvest_vision/yolo_networks/best-merged-apples-thlo-merged-wsu-v8n.pt -> /home/imml/git/ROB_534_Project/install/harvest_vision/share/harvest_vision/yolo_networks\n'}
[17.263365] (harvest_vision) StdoutLine: {'line': b'symbolically linking /home/imml/git/ROB_534_Project/build/harvest_vision/yolo_networks/best_segmentation.pt -> /home/imml/git/ROB_534_Project/install/harvest_vision/share/harvest_vision/yolo_networks\n'}
[17.263520] (harvest_vision) StdoutLine: {'line': b'symbolically linking /home/imml/git/ROB_534_Project/build/harvest_vision/yolo_networks/best-merged-apples-thlo-merged-wsu-v8l.pt -> /home/imml/git/ROB_534_Project/install/harvest_vision/share/harvest_vision/yolo_networks\n'}
[17.263613] (harvest_vision) StdoutLine: {'line': b'creating /home/imml/git/ROB_534_Project/install/harvest_vision/share/harvest_vision/data\n'}
[17.263703] (harvest_vision) StdoutLine: {'line': b'creating /home/imml/git/ROB_534_Project/install/harvest_vision/share/harvest_vision/data/prosser_a\n'}
[17.263794] (harvest_vision) StdoutLine: {'line': b'symbolically linking /home/imml/git/ROB_534_Project/build/harvest_vision/data/prosser_a/depth_to_color.png -> /home/imml/git/ROB_534_Project/install/harvest_vision/share/harvest_vision/data/prosser_a\n'}
[17.263886] (harvest_vision) StdoutLine: {'line': b'symbolically linking /home/imml/git/ROB_534_Project/build/harvest_vision/data/prosser_a/pointcloud.ply -> /home/imml/git/ROB_534_Project/install/harvest_vision/share/harvest_vision/data/prosser_a\n'}
[17.263975] (harvest_vision) StdoutLine: {'line': b'symbolically linking /home/imml/git/ROB_534_Project/build/harvest_vision/data/prosser_a/color_raw.png -> /home/imml/git/ROB_534_Project/install/harvest_vision/share/harvest_vision/data/prosser_a\n'}
[17.264065] (harvest_vision) StdoutLine: {'line': b'creating /home/imml/git/ROB_534_Project/install/harvest_vision/share/harvest_vision/data/prosser_b\n'}
[17.264283] (harvest_vision) StdoutLine: {'line': b'symbolically linking /home/imml/git/ROB_534_Project/build/harvest_vision/data/prosser_b/depth_to_color.png -> /home/imml/git/ROB_534_Project/install/harvest_vision/share/harvest_vision/data/prosser_b\n'}
[17.264441] (harvest_vision) StdoutLine: {'line': b'symbolically linking /home/imml/git/ROB_534_Project/build/harvest_vision/data/prosser_b/pointcloud.ply -> /home/imml/git/ROB_534_Project/install/harvest_vision/share/harvest_vision/data/prosser_b\n'}
[17.264553] (harvest_vision) StdoutLine: {'line': b'symbolically linking /home/imml/git/ROB_534_Project/build/harvest_vision/data/prosser_b/color_raw.png -> /home/imml/git/ROB_534_Project/install/harvest_vision/share/harvest_vision/data/prosser_b\n'}
[17.264639] (harvest_vision) StdoutLine: {'line': b'creating /home/imml/git/ROB_534_Project/install/harvest_vision/share/harvest_vision/data/prosser_c\n'}
[17.264730] (harvest_vision) StdoutLine: {'line': b'symbolically linking /home/imml/git/ROB_534_Project/build/harvest_vision/data/prosser_c/depth_to_color.png -> /home/imml/git/ROB_534_Project/install/harvest_vision/share/harvest_vision/data/prosser_c\n'}
[17.264822] (harvest_vision) StdoutLine: {'line': b'symbolically linking /home/imml/git/ROB_534_Project/build/harvest_vision/data/prosser_c/pointcloud.ply -> /home/imml/git/ROB_534_Project/install/harvest_vision/share/harvest_vision/data/prosser_c\n'}
[17.264914] (harvest_vision) StdoutLine: {'line': b'symbolically linking /home/imml/git/ROB_534_Project/build/harvest_vision/data/prosser_c/color_raw.png -> /home/imml/git/ROB_534_Project/install/harvest_vision/share/harvest_vision/data/prosser_c\n'}
[17.264997] (harvest_vision) StdoutLine: {'line': b'creating /home/imml/git/ROB_534_Project/install/harvest_vision/share/harvest_vision/data/prosser_d\n'}
[17.265081] (harvest_vision) StdoutLine: {'line': b'symbolically linking /home/imml/git/ROB_534_Project/build/harvest_vision/data/prosser_d/depth_to_color.png -> /home/imml/git/ROB_534_Project/install/harvest_vision/share/harvest_vision/data/prosser_d\n'}
[17.265166] (harvest_vision) StdoutLine: {'line': b'symbolically linking /home/imml/git/ROB_534_Project/build/harvest_vision/data/prosser_d/pointcloud.ply -> /home/imml/git/ROB_534_Project/install/harvest_vision/share/harvest_vision/data/prosser_d\n'}
[17.265245] (harvest_vision) StdoutLine: {'line': b'symbolically linking /home/imml/git/ROB_534_Project/build/harvest_vision/data/prosser_d/color_raw.png -> /home/imml/git/ROB_534_Project/install/harvest_vision/share/harvest_vision/data/prosser_d\n'}
[17.265434] (harvest_vision) StdoutLine: {'line': b'creating /home/imml/git/ROB_534_Project/install/harvest_vision/share/harvest_vision/data/prosser_e\n'}
[17.265525] (harvest_vision) StdoutLine: {'line': b'symbolically linking /home/imml/git/ROB_534_Project/build/harvest_vision/data/prosser_e/depth_to_color.png -> /home/imml/git/ROB_534_Project/install/harvest_vision/share/harvest_vision/data/prosser_e\n'}
[17.265609] (harvest_vision) StdoutLine: {'line': b'symbolically linking /home/imml/git/ROB_534_Project/build/harvest_vision/data/prosser_e/pointcloud.ply -> /home/imml/git/ROB_534_Project/install/harvest_vision/share/harvest_vision/data/prosser_e\n'}
[17.265690] (harvest_vision) StdoutLine: {'line': b'symbolically linking /home/imml/git/ROB_534_Project/build/harvest_vision/data/prosser_e/color_raw.png -> /home/imml/git/ROB_534_Project/install/harvest_vision/share/harvest_vision/data/prosser_e\n'}
[17.265776] (harvest_vision) StdoutLine: {'line': b'creating /home/imml/git/ROB_534_Project/install/harvest_vision/share/harvest_vision/data/prosser_f\n'}
[17.265837] (harvest_vision) StdoutLine: {'line': b'symbolically linking /home/imml/git/ROB_534_Project/build/harvest_vision/data/prosser_f/depth_to_color.png -> /home/imml/git/ROB_534_Project/install/harvest_vision/share/harvest_vision/data/prosser_f\n'}
[17.265894] (harvest_vision) StdoutLine: {'line': b'symbolically linking /home/imml/git/ROB_534_Project/build/harvest_vision/data/prosser_f/pointcloud.ply -> /home/imml/git/ROB_534_Project/install/harvest_vision/share/harvest_vision/data/prosser_f\n'}
[17.265971] (harvest_vision) StdoutLine: {'line': b'symbolically linking /home/imml/git/ROB_534_Project/build/harvest_vision/data/prosser_f/color_raw.png -> /home/imml/git/ROB_534_Project/install/harvest_vision/share/harvest_vision/data/prosser_f\n'}
[17.266061] (harvest_vision) StdoutLine: {'line': b'creating /home/imml/git/ROB_534_Project/install/harvest_vision/share/harvest_vision/data/prosser_g\n'}
[17.266141] (harvest_vision) StdoutLine: {'line': b'symbolically linking /home/imml/git/ROB_534_Project/build/harvest_vision/data/prosser_g/depth_to_color.png -> /home/imml/git/ROB_534_Project/install/harvest_vision/share/harvest_vision/data/prosser_g\n'}
[17.266217] (harvest_vision) StdoutLine: {'line': b'symbolically linking /home/imml/git/ROB_534_Project/build/harvest_vision/data/prosser_g/pointcloud.ply -> /home/imml/git/ROB_534_Project/install/harvest_vision/share/harvest_vision/data/prosser_g\n'}
[17.266312] (harvest_vision) StdoutLine: {'line': b'symbolically linking /home/imml/git/ROB_534_Project/build/harvest_vision/data/prosser_g/color_raw.png -> /home/imml/git/ROB_534_Project/install/harvest_vision/share/harvest_vision/data/prosser_g\n'}
[17.266408] (harvest_vision) StdoutLine: {'line': b'creating /home/imml/git/ROB_534_Project/install/harvest_vision/share/harvest_vision/data/prosser_h\n'}
[17.266504] (harvest_vision) StdoutLine: {'line': b'symbolically linking /home/imml/git/ROB_534_Project/build/harvest_vision/data/prosser_h/depth_to_color.png -> /home/imml/git/ROB_534_Project/install/harvest_vision/share/harvest_vision/data/prosser_h\n'}
[17.266589] (harvest_vision) StdoutLine: {'line': b'symbolically linking /home/imml/git/ROB_534_Project/build/harvest_vision/data/prosser_h/pointcloud.ply -> /home/imml/git/ROB_534_Project/install/harvest_vision/share/harvest_vision/data/prosser_h\n'}
[17.266671] (harvest_vision) StdoutLine: {'line': b'symbolically linking /home/imml/git/ROB_534_Project/build/harvest_vision/data/prosser_h/color_raw.png -> /home/imml/git/ROB_534_Project/install/harvest_vision/share/harvest_vision/data/prosser_h\n'}
[17.266754] (harvest_vision) StdoutLine: {'line': b'creating /home/imml/git/ROB_534_Project/install/harvest_vision/share/harvest_vision/data/prosser_i\n'}
[17.266839] (harvest_vision) StdoutLine: {'line': b'symbolically linking /home/imml/git/ROB_534_Project/build/harvest_vision/data/prosser_i/depth_to_color.png -> /home/imml/git/ROB_534_Project/install/harvest_vision/share/harvest_vision/data/prosser_i\n'}
[17.266923] (harvest_vision) StdoutLine: {'line': b'symbolically linking /home/imml/git/ROB_534_Project/build/harvest_vision/data/prosser_i/pointcloud.ply -> /home/imml/git/ROB_534_Project/install/harvest_vision/share/harvest_vision/data/prosser_i\n'}
[17.267007] (harvest_vision) StdoutLine: {'line': b'symbolically linking /home/imml/git/ROB_534_Project/build/harvest_vision/data/prosser_i/color_raw.png -> /home/imml/git/ROB_534_Project/install/harvest_vision/share/harvest_vision/data/prosser_i\n'}
[17.267090] (harvest_vision) StdoutLine: {'line': b'creating /home/imml/git/ROB_534_Project/install/harvest_vision/share/harvest_vision/data/prosser_j\n'}
[17.267171] (harvest_vision) StdoutLine: {'line': b'symbolically linking /home/imml/git/ROB_534_Project/build/harvest_vision/data/prosser_j/depth_to_color.png -> /home/imml/git/ROB_534_Project/install/harvest_vision/share/harvest_vision/data/prosser_j\n'}
[17.267255] (harvest_vision) StdoutLine: {'line': b'symbolically linking /home/imml/git/ROB_534_Project/build/harvest_vision/data/prosser_j/pointcloud.ply -> /home/imml/git/ROB_534_Project/install/harvest_vision/share/harvest_vision/data/prosser_j\n'}
[17.267360] (harvest_vision) StdoutLine: {'line': b'symbolically linking /home/imml/git/ROB_534_Project/build/harvest_vision/data/prosser_j/color_raw.png -> /home/imml/git/ROB_534_Project/install/harvest_vision/share/harvest_vision/data/prosser_j\n'}
[17.278241] (-) TimerEvent: {}
[17.305470] (harvest_vision) CommandEnded: {'returncode': 0}
[17.319004] (harvest_vision) JobEnded: {'identifier': 'harvest_vision', 'rc': 0}
[17.378366] (-) TimerEvent: {}
[17.401982] (harvest) StdoutLine: {'line': b'-- Found Boost: /usr/lib/x86_64-linux-gnu/cmake/Boost-1.74.0/BoostConfig.cmake (found version "1.74.0") found components: chrono date_time filesystem iostreams program_options regex serialization system thread \n'}
[17.423190] (harvest_control) StdoutLine: {'line': b'-- Found Boost: /usr/lib/x86_64-linux-gnu/cmake/Boost-1.74.0/BoostConfig.cmake (found version "1.74.0") found components: chrono date_time filesystem iostreams program_options regex serialization system thread \n'}
[17.441687] (harvest) StdoutLine: {'line': b'-- Found Boost: /usr/lib/x86_64-linux-gnu/cmake/Boost-1.74.0/BoostConfig.cmake (found version "1.74.0") found components: filesystem \n'}
[17.462990] (harvest_control) StdoutLine: {'line': b'-- Found Boost: /usr/lib/x86_64-linux-gnu/cmake/Boost-1.74.0/BoostConfig.cmake (found version "1.74.0") found components: filesystem \n'}
[17.478481] (-) TimerEvent: {}
[17.535416] (harvest) StdoutLine: {'line': b'-- library: /usr/lib/x86_64-linux-gnu/libcurl.so\n'}
[17.553651] (harvest_control) StdoutLine: {'line': b'-- library: /usr/lib/x86_64-linux-gnu/libcurl.so\n'}
[17.576603] (harvest) StdoutLine: {'line': b'-- Found Eigen3: TRUE (found version "3.4.0") \n'}
[17.576873] (harvest) StdoutLine: {'line': b'-- Ensuring Eigen3 include directory is part of orocos-kdl CMake target\n'}
[17.578559] (-) TimerEvent: {}
[17.596920] (harvest_control) StdoutLine: {'line': b'-- Found Eigen3: TRUE (found version "3.4.0") \n'}
[17.597191] (harvest_control) StdoutLine: {'line': b'-- Ensuring Eigen3 include directory is part of orocos-kdl CMake target\n'}
[17.678660] (-) TimerEvent: {}
[17.734919] (harvest) StdoutLine: {'line': b'-- Found Boost: /usr/lib/x86_64-linux-gnu/cmake/Boost-1.74.0/BoostConfig.cmake (found version "1.74.0") found components: system filesystem date_time program_options thread chrono \n'}
[17.752679] (harvest_control) StdoutLine: {'line': b'-- Found Boost: /usr/lib/x86_64-linux-gnu/cmake/Boost-1.74.0/BoostConfig.cmake (found version "1.74.0") found components: system filesystem date_time program_options thread chrono \n'}
[17.774210] (harvest) StdoutLine: {'line': b'-- Found moveit: 2.5.8 (/opt/ros/humble/share/moveit/cmake)\n'}
[17.775101] (harvest) StdoutLine: {'line': b'-- Found harvest_interfaces: 0.0.0 (/home/imml/git/ROB_534_Project/install/harvest_interfaces/share/harvest_interfaces/cmake)\n'}
[17.778737] (-) TimerEvent: {}
[17.791877] (harvest_control) StdoutLine: {'line': b'-- Found moveit: 2.5.8 (/opt/ros/humble/share/moveit/cmake)\n'}
[17.792130] (harvest) StdoutLine: {'line': b'-- Found moveit_ros_planning_interface: 2.5.8 (/opt/ros/humble/share/moveit_ros_planning_interface/cmake)\n'}
[17.794249] (harvest_control) StdoutLine: {'line': b'-- Found moveit_ros_planning_interface: 2.5.8 (/opt/ros/humble/share/moveit_ros_planning_interface/cmake)\n'}
[17.796245] (harvest) StdoutLine: {'line': b'-- Found Boost: /usr/lib/x86_64-linux-gnu/cmake/Boost-1.74.0/BoostConfig.cmake (found version "1.74.0") found components: date_time filesystem program_options system thread \n'}
[17.798809] (harvest_control) StdoutLine: {'line': b'-- Found Boost: /usr/lib/x86_64-linux-gnu/cmake/Boost-1.74.0/BoostConfig.cmake (found version "1.74.0") found components: date_time filesystem program_options system thread \n'}
[17.808920] (harvest) StdoutLine: {'line': b'-- Found Boost: /usr/lib/x86_64-linux-gnu/cmake/Boost-1.74.0/BoostConfig.cmake (found version "1.74.0") found components: thread system filesystem regex date_time program_options \n'}
[17.811509] (harvest_control) StdoutLine: {'line': b'-- Found Boost: /usr/lib/x86_64-linux-gnu/cmake/Boost-1.74.0/BoostConfig.cmake (found version "1.74.0") found components: thread system filesystem regex date_time program_options \n'}
[17.827900] (harvest) StdoutLine: {'line': b'-- Found Boost: /usr/lib/x86_64-linux-gnu/cmake/Boost-1.74.0/BoostConfig.cmake (found version "1.74.0") found components: system filesystem date_time program_options thread \n'}
[17.830953] (harvest_control) StdoutLine: {'line': b'-- Found Boost: /usr/lib/x86_64-linux-gnu/cmake/Boost-1.74.0/BoostConfig.cmake (found version "1.74.0") found components: system filesystem date_time program_options thread \n'}
[17.848363] (harvest_control) StdoutLine: {'line': b'-- Found controller_manager_msgs: 2.48.0 (/opt/ros/humble/share/controller_manager_msgs/cmake)\n'}
[17.859912] (harvest_control) StdoutLine: {'line': b'-- Found harvest_interfaces: 0.0.0 (/home/imml/git/ROB_534_Project/install/harvest_interfaces/share/harvest_interfaces/cmake)\n'}
[17.878845] (-) TimerEvent: {}
[17.917061] (harvest) StdoutLine: {'line': b'-- Found ament_lint_auto: 0.12.11 (/opt/ros/humble/share/ament_lint_auto/cmake)\n'}
[17.951079] (harvest_control) StdoutLine: {'line': b'-- Found ament_lint_auto: 0.12.11 (/opt/ros/humble/share/ament_lint_auto/cmake)\n'}
[17.980015] (-) TimerEvent: {}
[17.990575] (harvest) StdoutLine: {'line': b"-- Added test 'flake8' to check Python code syntax and style conventions\n"}
[17.991083] (harvest) StdoutLine: {'line': b"-- Added test 'lint_cmake' to check CMake code style\n"}
[17.991497] (harvest) StdoutLine: {'line': b"-- Added test 'pep257' to check Python code against some of the docstring style conventions in PEP 257\n"}
[17.992821] (harvest) StdoutLine: {'line': b"-- Added test 'xmllint' to check XML markup files\n"}
[17.994030] (harvest) StdoutLine: {'line': b'-- Configuring done\n'}
[18.002245] (harvest) StdoutLine: {'line': b'-- Generating done\n'}
[18.005431] (harvest) StdoutLine: {'line': b'-- Build files have been written to: /home/imml/git/ROB_534_Project/build/harvest\n'}
[18.025471] (harvest) CommandEnded: {'returncode': 0}
[18.026200] (harvest) JobProgress: {'identifier': 'harvest', 'progress': 'build'}
[18.027009] (harvest) Command: {'cmd': ['/usr/bin/cmake', '--build', '/home/imml/git/ROB_534_Project/build/harvest', '--', '-j16', '-l16'], 'cwd': '/home/imml/git/ROB_534_Project/build/harvest', 'env': OrderedDict([('LESSOPEN', '| /usr/bin/lesspipe %s'), ('USER', 'imml'), ('XDG_SESSION_TYPE', 'wayland'), ('SHLVL', '1'), ('LD_LIBRARY_PATH', '/home/imml/git/ROB_534_Project/install/harvest_interfaces/lib:/opt/ros/humble/opt/rviz_ogre_vendor/lib:/opt/ros/humble/lib/x86_64-linux-gnu:/opt/ros/humble/lib'), ('HOME', '/home/imml'), ('OLDPWD', '/home/imml'), ('DESKTOP_SESSION', 'ubuntu'), ('ROS_PYTHON_VERSION', '3'), ('GNOME_SHELL_SESSION_MODE', 'ubuntu'), ('GTK_MODULES', 'gail:atk-bridge'), ('SYSTEMD_EXEC_PID', '35967'), ('DBUS_SESSION_BUS_ADDRESS', 'unix:path=/run/user/1000/bus'), ('COLORTERM', 'truecolor'), ('IM_CONFIG_PHASE', '1'), ('WAYLAND_DISPLAY', 'wayland-0'), ('ROS_DISTRO', 'humble'), ('LOGNAME', 'imml'), ('_', '/usr/bin/colcon'), ('ROS_VERSION', '2'), ('XDG_SESSION_CLASS', 'user'), ('USERNAME', 'imml'), ('TERM', 'xterm-256color'), ('GNOME_DESKTOP_SESSION_ID', 'this-is-deprecated'), ('ROS_LOCALHOST_ONLY', '0'), ('PATH', '/opt/ros/humble/bin:/home/imml/.local/bin:/usr/local/sbin:/usr/local/bin:/usr/sbin:/usr/bin:/sbin:/bin:/usr/games:/usr/local/games:/snap/bin:/snap/bin'), ('SESSION_MANAGER', 'local/imml-ROG-Zephyrus:@/tmp/.ICE-unix/1689,unix/imml-ROG-Zephyrus:/tmp/.ICE-unix/1689'), ('XDG_MENU_PREFIX', 'gnome-'), ('GNOME_TERMINAL_SCREEN', '/org/gnome/Terminal/screen/00ec7be0_5807_4f11_8254_b2b90de30782'), ('GNOME_SETUP_DISPLAY', ':1'), ('XDG_RUNTIME_DIR', '/run/user/1000'), ('DISPLAY', ':0'), ('LANG', 'en_US.UTF-8'), ('XDG_CURRENT_DESKTOP', 'ubuntu:GNOME'), ('XMODIFIERS', '@im=ibus'), ('XDG_SESSION_DESKTOP', 'ubuntu'), ('XAUTHORITY', '/run/user/1000/.mutter-Xwaylandauth.48T012'), ('LS_COLORS', 'rs=0:di=01;34:ln=01;36:mh=00:pi=40;33:so=01;35:do=01;35:bd=40;33;01:cd=40;33;01:or=40;31;01:mi=00:su=37;41:sg=30;43:ca=30;41:tw=30;42:ow=34;42:st=37;44:ex=01;32:*.tar=01;31:*.tgz=01;31:*.arc=01;31:*.arj=01;31:*.taz=01;31:*.lha=01;31:*.lz4=01;31:*.lzh=01;31:*.lzma=01;31:*.tlz=01;31:*.txz=01;31:*.tzo=01;31:*.t7z=01;31:*.zip=01;31:*.z=01;31:*.dz=01;31:*.gz=01;31:*.lrz=01;31:*.lz=01;31:*.lzo=01;31:*.xz=01;31:*.zst=01;31:*.tzst=01;31:*.bz2=01;31:*.bz=01;31:*.tbz=01;31:*.tbz2=01;31:*.tz=01;31:*.deb=01;31:*.rpm=01;31:*.jar=01;31:*.war=01;31:*.ear=01;31:*.sar=01;31:*.rar=01;31:*.alz=01;31:*.ace=01;31:*.zoo=01;31:*.cpio=01;31:*.7z=01;31:*.rz=01;31:*.cab=01;31:*.wim=01;31:*.swm=01;31:*.dwm=01;31:*.esd=01;31:*.jpg=01;35:*.jpeg=01;35:*.mjpg=01;35:*.mjpeg=01;35:*.gif=01;35:*.bmp=01;35:*.pbm=01;35:*.pgm=01;35:*.ppm=01;35:*.tga=01;35:*.xbm=01;35:*.xpm=01;35:*.tif=01;35:*.tiff=01;35:*.png=01;35:*.svg=01;35:*.svgz=01;35:*.mng=01;35:*.pcx=01;35:*.mov=01;35:*.mpg=01;35:*.mpeg=01;35:*.m2v=01;35:*.mkv=01;35:*.webm=01;35:*.webp=01;35:*.ogm=01;35:*.mp4=01;35:*.m4v=01;35:*.mp4v=01;35:*.vob=01;35:*.qt=01;35:*.nuv=01;35:*.wmv=01;35:*.asf=01;35:*.rm=01;35:*.rmvb=01;35:*.flc=01;35:*.avi=01;35:*.fli=01;35:*.flv=01;35:*.gl=01;35:*.dl=01;35:*.xcf=01;35:*.xwd=01;35:*.yuv=01;35:*.cgm=01;35:*.emf=01;35:*.ogv=01;35:*.ogx=01;35:*.aac=00;36:*.au=00;36:*.flac=00;36:*.m4a=00;36:*.mid=00;36:*.midi=00;36:*.mka=00;36:*.mp3=00;36:*.mpc=00;36:*.ogg=00;36:*.ra=00;36:*.wav=00;36:*.oga=00;36:*.opus=00;36:*.spx=00;36:*.xspf=00;36:'), ('GNOME_TERMINAL_SERVICE', ':1.315'), ('SSH_AGENT_LAUNCHER', 'gnome-keyring'), ('SSH_AUTH_SOCK', '/run/user/1000/keyring/ssh'), ('AMENT_PREFIX_PATH', '/home/imml/git/ROB_534_Project/install/harvest_interfaces:/opt/ros/humble'), ('SHELL', '/bin/bash'), ('QT_ACCESSIBILITY', '1'), ('GDMSESSION', 'ubuntu'), ('LESSCLOSE', '/usr/bin/lesspipe %s %s'), ('QT_IM_MODULE', 'ibus'), ('PWD', '/home/imml/git/ROB_534_Project/build/harvest'), ('LC_ALL', 'en_US.UTF-8'), ('XDG_CONFIG_DIRS', '/etc/xdg/xdg-ubuntu:/etc/xdg'), ('XDG_DATA_DIRS', '/usr/share/ubuntu:/usr/local/share/:/usr/share/:/var/lib/snapd/desktop'), ('PYTHONPATH', '/home/imml/git/ROB_534_Project/install/harvest_interfaces/local/lib/python3.10/dist-packages:/opt/ros/humble/lib/python3.10/site-packages:/opt/ros/humble/local/lib/python3.10/dist-packages'), ('COLCON', '1'), ('VTE_VERSION', '6800'), ('CMAKE_PREFIX_PATH', '/home/imml/git/ROB_534_Project/install/harvest_interfaces:/opt/ros/humble')]), 'shell': False}
[18.027910] (harvest_control) StdoutLine: {'line': b"-- Added test 'cppcheck' to perform static code analysis on C / C++ code\n"}
[18.028062] (harvest_control) StdoutLine: {'line': b'-- Configured cppcheck include dirs: $<BUILD_INTERFACE:/home/imml/git/ROB_534_Project/harvest_control/include>\n'}
[18.028154] (harvest_control) StdoutLine: {'line': b'-- Configured cppcheck exclude dirs and/or files: \n'}
[18.028280] (harvest_control) StdoutLine: {'line': b"-- Added test 'flake8' to check Python code syntax and style conventions\n"}
[18.028895] (harvest_control) StdoutLine: {'line': b"-- Added test 'lint_cmake' to check CMake code style\n"}
[18.029382] (harvest_control) StdoutLine: {'line': b"-- Added test 'pep257' to check Python code against some of the docstring style conventions in PEP 257\n"}
[18.031121] (harvest_control) StdoutLine: {'line': b"-- Added test 'uncrustify' to check C / C++ code style\n"}
[18.031247] (harvest_control) StdoutLine: {'line': b'-- Configured uncrustify additional arguments: \n'}
[18.031634] (harvest_control) StdoutLine: {'line': b"-- Added test 'xmllint' to check XML markup files\n"}
[18.032906] (harvest_control) StdoutLine: {'line': b'-- Configuring done\n'}
[18.060310] (harvest_control) StdoutLine: {'line': b'-- Generating done\n'}
[18.067106] (harvest_control) StdoutLine: {'line': b'-- Build files have been written to: /home/imml/git/ROB_534_Project/build/harvest_control\n'}
[18.079856] (-) TimerEvent: {}
[18.084756] (harvest_control) CommandEnded: {'returncode': 0}
[18.085435] (harvest_control) JobProgress: {'identifier': 'harvest_control', 'progress': 'build'}
[18.086026] (harvest_control) Command: {'cmd': ['/usr/bin/cmake', '--build', '/home/imml/git/ROB_534_Project/build/harvest_control', '--', '-j16', '-l16'], 'cwd': '/home/imml/git/ROB_534_Project/build/harvest_control', 'env': OrderedDict([('LESSOPEN', '| /usr/bin/lesspipe %s'), ('USER', 'imml'), ('XDG_SESSION_TYPE', 'wayland'), ('SHLVL', '1'), ('LD_LIBRARY_PATH', '/home/imml/git/ROB_534_Project/install/harvest_interfaces/lib:/opt/ros/humble/opt/rviz_ogre_vendor/lib:/opt/ros/humble/lib/x86_64-linux-gnu:/opt/ros/humble/lib'), ('HOME', '/home/imml'), ('OLDPWD', '/home/imml'), ('DESKTOP_SESSION', 'ubuntu'), ('ROS_PYTHON_VERSION', '3'), ('GNOME_SHELL_SESSION_MODE', 'ubuntu'), ('GTK_MODULES', 'gail:atk-bridge'), ('SYSTEMD_EXEC_PID', '35967'), ('DBUS_SESSION_BUS_ADDRESS', 'unix:path=/run/user/1000/bus'), ('COLORTERM', 'truecolor'), ('IM_CONFIG_PHASE', '1'), ('WAYLAND_DISPLAY', 'wayland-0'), ('ROS_DISTRO', 'humble'), ('LOGNAME', 'imml'), ('_', '/usr/bin/colcon'), ('ROS_VERSION', '2'), ('XDG_SESSION_CLASS', 'user'), ('USERNAME', 'imml'), ('TERM', 'xterm-256color'), ('GNOME_DESKTOP_SESSION_ID', 'this-is-deprecated'), ('ROS_LOCALHOST_ONLY', '0'), ('PATH', '/opt/ros/humble/bin:/home/imml/.local/bin:/usr/local/sbin:/usr/local/bin:/usr/sbin:/usr/bin:/sbin:/bin:/usr/games:/usr/local/games:/snap/bin:/snap/bin'), ('SESSION_MANAGER', 'local/imml-ROG-Zephyrus:@/tmp/.ICE-unix/1689,unix/imml-ROG-Zephyrus:/tmp/.ICE-unix/1689'), ('XDG_MENU_PREFIX', 'gnome-'), ('GNOME_TERMINAL_SCREEN', '/org/gnome/Terminal/screen/00ec7be0_5807_4f11_8254_b2b90de30782'), ('GNOME_SETUP_DISPLAY', ':1'), ('XDG_RUNTIME_DIR', '/run/user/1000'), ('DISPLAY', ':0'), ('LANG', 'en_US.UTF-8'), ('XDG_CURRENT_DESKTOP', 'ubuntu:GNOME'), ('XMODIFIERS', '@im=ibus'), ('XDG_SESSION_DESKTOP', 'ubuntu'), ('XAUTHORITY', '/run/user/1000/.mutter-Xwaylandauth.48T012'), ('LS_COLORS', 'rs=0:di=01;34:ln=01;36:mh=00:pi=40;33:so=01;35:do=01;35:bd=40;33;01:cd=40;33;01:or=40;31;01:mi=00:su=37;41:sg=30;43:ca=30;41:tw=30;42:ow=34;42:st=37;44:ex=01;32:*.tar=01;31:*.tgz=01;31:*.arc=01;31:*.arj=01;31:*.taz=01;31:*.lha=01;31:*.lz4=01;31:*.lzh=01;31:*.lzma=01;31:*.tlz=01;31:*.txz=01;31:*.tzo=01;31:*.t7z=01;31:*.zip=01;31:*.z=01;31:*.dz=01;31:*.gz=01;31:*.lrz=01;31:*.lz=01;31:*.lzo=01;31:*.xz=01;31:*.zst=01;31:*.tzst=01;31:*.bz2=01;31:*.bz=01;31:*.tbz=01;31:*.tbz2=01;31:*.tz=01;31:*.deb=01;31:*.rpm=01;31:*.jar=01;31:*.war=01;31:*.ear=01;31:*.sar=01;31:*.rar=01;31:*.alz=01;31:*.ace=01;31:*.zoo=01;31:*.cpio=01;31:*.7z=01;31:*.rz=01;31:*.cab=01;31:*.wim=01;31:*.swm=01;31:*.dwm=01;31:*.esd=01;31:*.jpg=01;35:*.jpeg=01;35:*.mjpg=01;35:*.mjpeg=01;35:*.gif=01;35:*.bmp=01;35:*.pbm=01;35:*.pgm=01;35:*.ppm=01;35:*.tga=01;35:*.xbm=01;35:*.xpm=01;35:*.tif=01;35:*.tiff=01;35:*.png=01;35:*.svg=01;35:*.svgz=01;35:*.mng=01;35:*.pcx=01;35:*.mov=01;35:*.mpg=01;35:*.mpeg=01;35:*.m2v=01;35:*.mkv=01;35:*.webm=01;35:*.webp=01;35:*.ogm=01;35:*.mp4=01;35:*.m4v=01;35:*.mp4v=01;35:*.vob=01;35:*.qt=01;35:*.nuv=01;35:*.wmv=01;35:*.asf=01;35:*.rm=01;35:*.rmvb=01;35:*.flc=01;35:*.avi=01;35:*.fli=01;35:*.flv=01;35:*.gl=01;35:*.dl=01;35:*.xcf=01;35:*.xwd=01;35:*.yuv=01;35:*.cgm=01;35:*.emf=01;35:*.ogv=01;35:*.ogx=01;35:*.aac=00;36:*.au=00;36:*.flac=00;36:*.m4a=00;36:*.mid=00;36:*.midi=00;36:*.mka=00;36:*.mp3=00;36:*.mpc=00;36:*.ogg=00;36:*.ra=00;36:*.wav=00;36:*.oga=00;36:*.opus=00;36:*.spx=00;36:*.xspf=00;36:'), ('GNOME_TERMINAL_SERVICE', ':1.315'), ('SSH_AGENT_LAUNCHER', 'gnome-keyring'), ('SSH_AUTH_SOCK', '/run/user/1000/keyring/ssh'), ('AMENT_PREFIX_PATH', '/home/imml/git/ROB_534_Project/install/harvest_interfaces:/opt/ros/humble'), ('SHELL', '/bin/bash'), ('QT_ACCESSIBILITY', '1'), ('GDMSESSION', 'ubuntu'), ('LESSCLOSE', '/usr/bin/lesspipe %s %s'), ('QT_IM_MODULE', 'ibus'), ('PWD', '/home/imml/git/ROB_534_Project/build/harvest_control'), ('LC_ALL', 'en_US.UTF-8'), ('XDG_CONFIG_DIRS', '/etc/xdg/xdg-ubuntu:/etc/xdg'), ('XDG_DATA_DIRS', '/usr/share/ubuntu:/usr/local/share/:/usr/share/:/var/lib/snapd/desktop'), ('PYTHONPATH', '/home/imml/git/ROB_534_Project/install/harvest_interfaces/local/lib/python3.10/dist-packages:/opt/ros/humble/lib/python3.10/site-packages:/opt/ros/humble/local/lib/python3.10/dist-packages'), ('COLCON', '1'), ('VTE_VERSION', '6800'), ('CMAKE_PREFIX_PATH', '/home/imml/git/ROB_534_Project/install/harvest_interfaces:/opt/ros/humble')]), 'shell': False}
[18.087403] (harvest) StdoutLine: {'line': b'Built target ament_cmake_python_symlink_harvest\n'}
[18.136586] (harvest_control) StdoutLine: {'line': b'[ 50%] \x1b[32mBuilding CXX object CMakeFiles/move_arm.dir/src/move_arm.cpp.o\x1b[0m\n'}
[18.146261] (harvest_control) StdoutLine: {'line': b'[ 50%] Built target ament_cmake_python_symlink_harvest_control\n'}
[18.179960] (-) TimerEvent: {}
[18.280321] (-) TimerEvent: {}
[18.326756] (harvest) StdoutLine: {'line': b'running egg_info\n'}
[18.327231] (harvest) StdoutLine: {'line': b'creating harvest.egg-info\n'}
[18.327464] (harvest) StdoutLine: {'line': b'writing harvest.egg-info/PKG-INFO\n'}
[18.327632] (harvest) StdoutLine: {'line': b'writing dependency_links to harvest.egg-info/dependency_links.txt\n'}
[18.327798] (harvest) StdoutLine: {'line': b'writing top-level names to harvest.egg-info/top_level.txt\n'}
[18.327912] (harvest) StdoutLine: {'line': b"writing manifest file 'harvest.egg-info/SOURCES.txt'\n"}
[18.329747] (harvest) StdoutLine: {'line': b"reading manifest file 'harvest.egg-info/SOURCES.txt'\n"}
[18.330152] (harvest) StdoutLine: {'line': b"writing manifest file 'harvest.egg-info/SOURCES.txt'\n"}
[18.361353] (harvest) StdoutLine: {'line': b'Built target ament_cmake_python_build_harvest_egg\n'}
[18.373948] (harvest) CommandEnded: {'returncode': 0}
[18.374647] (harvest) JobProgress: {'identifier': 'harvest', 'progress': 'install'}
[18.375100] (harvest) Command: {'cmd': ['/usr/bin/cmake', '--install', '/home/imml/git/ROB_534_Project/build/harvest'], 'cwd': '/home/imml/git/ROB_534_Project/build/harvest', 'env': OrderedDict([('LESSOPEN', '| /usr/bin/lesspipe %s'), ('USER', 'imml'), ('XDG_SESSION_TYPE', 'wayland'), ('SHLVL', '1'), ('LD_LIBRARY_PATH', '/home/imml/git/ROB_534_Project/install/harvest_interfaces/lib:/opt/ros/humble/opt/rviz_ogre_vendor/lib:/opt/ros/humble/lib/x86_64-linux-gnu:/opt/ros/humble/lib'), ('HOME', '/home/imml'), ('OLDPWD', '/home/imml'), ('DESKTOP_SESSION', 'ubuntu'), ('ROS_PYTHON_VERSION', '3'), ('GNOME_SHELL_SESSION_MODE', 'ubuntu'), ('GTK_MODULES', 'gail:atk-bridge'), ('SYSTEMD_EXEC_PID', '35967'), ('DBUS_SESSION_BUS_ADDRESS', 'unix:path=/run/user/1000/bus'), ('COLORTERM', 'truecolor'), ('IM_CONFIG_PHASE', '1'), ('WAYLAND_DISPLAY', 'wayland-0'), ('ROS_DISTRO', 'humble'), ('LOGNAME', 'imml'), ('_', '/usr/bin/colcon'), ('ROS_VERSION', '2'), ('XDG_SESSION_CLASS', 'user'), ('USERNAME', 'imml'), ('TERM', 'xterm-256color'), ('GNOME_DESKTOP_SESSION_ID', 'this-is-deprecated'), ('ROS_LOCALHOST_ONLY', '0'), ('PATH', '/opt/ros/humble/bin:/home/imml/.local/bin:/usr/local/sbin:/usr/local/bin:/usr/sbin:/usr/bin:/sbin:/bin:/usr/games:/usr/local/games:/snap/bin:/snap/bin'), ('SESSION_MANAGER', 'local/imml-ROG-Zephyrus:@/tmp/.ICE-unix/1689,unix/imml-ROG-Zephyrus:/tmp/.ICE-unix/1689'), ('XDG_MENU_PREFIX', 'gnome-'), ('GNOME_TERMINAL_SCREEN', '/org/gnome/Terminal/screen/00ec7be0_5807_4f11_8254_b2b90de30782'), ('GNOME_SETUP_DISPLAY', ':1'), ('XDG_RUNTIME_DIR', '/run/user/1000'), ('DISPLAY', ':0'), ('LANG', 'en_US.UTF-8'), ('XDG_CURRENT_DESKTOP', 'ubuntu:GNOME'), ('XMODIFIERS', '@im=ibus'), ('XDG_SESSION_DESKTOP', 'ubuntu'), ('XAUTHORITY', '/run/user/1000/.mutter-Xwaylandauth.48T012'), ('LS_COLORS', 'rs=0:di=01;34:ln=01;36:mh=00:pi=40;33:so=01;35:do=01;35:bd=40;33;01:cd=40;33;01:or=40;31;01:mi=00:su=37;41:sg=30;43:ca=30;41:tw=30;42:ow=34;42:st=37;44:ex=01;32:*.tar=01;31:*.tgz=01;31:*.arc=01;31:*.arj=01;31:*.taz=01;31:*.lha=01;31:*.lz4=01;31:*.lzh=01;31:*.lzma=01;31:*.tlz=01;31:*.txz=01;31:*.tzo=01;31:*.t7z=01;31:*.zip=01;31:*.z=01;31:*.dz=01;31:*.gz=01;31:*.lrz=01;31:*.lz=01;31:*.lzo=01;31:*.xz=01;31:*.zst=01;31:*.tzst=01;31:*.bz2=01;31:*.bz=01;31:*.tbz=01;31:*.tbz2=01;31:*.tz=01;31:*.deb=01;31:*.rpm=01;31:*.jar=01;31:*.war=01;31:*.ear=01;31:*.sar=01;31:*.rar=01;31:*.alz=01;31:*.ace=01;31:*.zoo=01;31:*.cpio=01;31:*.7z=01;31:*.rz=01;31:*.cab=01;31:*.wim=01;31:*.swm=01;31:*.dwm=01;31:*.esd=01;31:*.jpg=01;35:*.jpeg=01;35:*.mjpg=01;35:*.mjpeg=01;35:*.gif=01;35:*.bmp=01;35:*.pbm=01;35:*.pgm=01;35:*.ppm=01;35:*.tga=01;35:*.xbm=01;35:*.xpm=01;35:*.tif=01;35:*.tiff=01;35:*.png=01;35:*.svg=01;35:*.svgz=01;35:*.mng=01;35:*.pcx=01;35:*.mov=01;35:*.mpg=01;35:*.mpeg=01;35:*.m2v=01;35:*.mkv=01;35:*.webm=01;35:*.webp=01;35:*.ogm=01;35:*.mp4=01;35:*.m4v=01;35:*.mp4v=01;35:*.vob=01;35:*.qt=01;35:*.nuv=01;35:*.wmv=01;35:*.asf=01;35:*.rm=01;35:*.rmvb=01;35:*.flc=01;35:*.avi=01;35:*.fli=01;35:*.flv=01;35:*.gl=01;35:*.dl=01;35:*.xcf=01;35:*.xwd=01;35:*.yuv=01;35:*.cgm=01;35:*.emf=01;35:*.ogv=01;35:*.ogx=01;35:*.aac=00;36:*.au=00;36:*.flac=00;36:*.m4a=00;36:*.mid=00;36:*.midi=00;36:*.mka=00;36:*.mp3=00;36:*.mpc=00;36:*.ogg=00;36:*.ra=00;36:*.wav=00;36:*.oga=00;36:*.opus=00;36:*.spx=00;36:*.xspf=00;36:'), ('GNOME_TERMINAL_SERVICE', ':1.315'), ('SSH_AGENT_LAUNCHER', 'gnome-keyring'), ('SSH_AUTH_SOCK', '/run/user/1000/keyring/ssh'), ('AMENT_PREFIX_PATH', '/home/imml/git/ROB_534_Project/install/harvest_interfaces:/opt/ros/humble'), ('SHELL', '/bin/bash'), ('QT_ACCESSIBILITY', '1'), ('GDMSESSION', 'ubuntu'), ('LESSCLOSE', '/usr/bin/lesspipe %s %s'), ('QT_IM_MODULE', 'ibus'), ('PWD', '/home/imml/git/ROB_534_Project/build/harvest'), ('LC_ALL', 'en_US.UTF-8'), ('XDG_CONFIG_DIRS', '/etc/xdg/xdg-ubuntu:/etc/xdg'), ('XDG_DATA_DIRS', '/usr/share/ubuntu:/usr/local/share/:/usr/share/:/var/lib/snapd/desktop'), ('PYTHONPATH', '/home/imml/git/ROB_534_Project/install/harvest_interfaces/local/lib/python3.10/dist-packages:/opt/ros/humble/lib/python3.10/site-packages:/opt/ros/humble/local/lib/python3.10/dist-packages'), ('COLCON', '1'), ('VTE_VERSION', '6800'), ('CMAKE_PREFIX_PATH', '/home/imml/git/ROB_534_Project/install/harvest_interfaces:/opt/ros/humble')]), 'shell': False}
[18.380410] (-) TimerEvent: {}
[18.383574] (harvest) StdoutLine: {'line': b'-- Install configuration: ""\n'}
[18.384035] (harvest) StdoutLine: {'line': b'-- Execute custom install script\n'}
[18.384344] (harvest) StdoutLine: {'line': b'-- Symlinking: /home/imml/git/ROB_534_Project/install/harvest/share/harvest/environment/pythonpath.sh\n'}
[18.394865] (harvest) StdoutLine: {'line': b'-- Symlinking: /home/imml/git/ROB_534_Project/install/harvest/share/harvest/environment/pythonpath.dsv\n'}
[18.405503] (harvest) StdoutLine: {'line': b'-- Symlinking: /home/imml/git/ROB_534_Project/install/harvest/local/lib/python3.10/dist-packages/harvest-0.0.0-py3.10.egg-info/PKG-INFO\n'}
[18.414134] (harvest_control) StdoutLine: {'line': b'running egg_info\n'}
[18.414881] (harvest_control) StdoutLine: {'line': b'creating harvest_control.egg-info\n'}
[18.415196] (harvest_control) StdoutLine: {'line': b'writing harvest_control.egg-info/PKG-INFO\n'}
[18.415433] (harvest_control) StdoutLine: {'line': b'writing dependency_links to harvest_control.egg-info/dependency_links.txt\n'}
[18.415668] (harvest_control) StdoutLine: {'line': b'writing top-level names to harvest_control.egg-info/top_level.txt\n'}
[18.415954] (harvest_control) StdoutLine: {'line': b"writing manifest file 'harvest_control.egg-info/SOURCES.txt'\n"}
[18.416250] (harvest) StdoutLine: {'line': b'-- Symlinking: /home/imml/git/ROB_534_Project/install/harvest/local/lib/python3.10/dist-packages/harvest-0.0.0-py3.10.egg-info/SOURCES.txt\n'}
[18.418639] (harvest_control) StdoutLine: {'line': b"reading manifest file 'harvest_control.egg-info/SOURCES.txt'\n"}
[18.419272] (harvest_control) StdoutLine: {'line': b"writing manifest file 'harvest_control.egg-info/SOURCES.txt'\n"}
[18.427570] (harvest) StdoutLine: {'line': b'-- Symlinking: /home/imml/git/ROB_534_Project/install/harvest/local/lib/python3.10/dist-packages/harvest-0.0.0-py3.10.egg-info/dependency_links.txt\n'}
[18.438631] (harvest) StdoutLine: {'line': b'-- Symlinking: /home/imml/git/ROB_534_Project/install/harvest/local/lib/python3.10/dist-packages/harvest-0.0.0-py3.10.egg-info/top_level.txt\n'}
[18.450071] (harvest) StdoutLine: {'line': b'-- Symlinking: /home/imml/git/ROB_534_Project/install/harvest/local/lib/python3.10/dist-packages/harvest/__init__.py\n'}
[18.461458] (harvest) StdoutLine: {'line': b'-- Symlinking: /home/imml/git/ROB_534_Project/install/harvest/lib/harvest/visual_servo_test.py\n'}
[18.461890] (harvest_control) StdoutLine: {'line': b'[ 50%] Built target ament_cmake_python_build_harvest_control_egg\n'}
[18.472113] (harvest) StdoutLine: {'line': b'-- Symlinking: /home/imml/git/ROB_534_Project/install/harvest/lib/harvest/launch_param_test.py\n'}
[18.480548] (-) TimerEvent: {}
[18.482588] (harvest) StdoutLine: {'line': b'-- Symlinking: /home/imml/git/ROB_534_Project/install/harvest/lib/harvest/start_harvest.py\n'}
[18.492281] (harvest) StdoutLine: {'line': b'-- Symlinking: /home/imml/git/ROB_534_Project/install/harvest/lib/harvest/start_harvest_no_vision.py\n'}
[18.503476] (harvest) StdoutLine: {'line': b'-- Symlinking: /home/imml/git/ROB_534_Project/install/harvest/lib/harvest/start_harvest_just_gripper.py\n'}
[18.514411] (harvest) StdoutLine: {'line': b'-- Symlinking: /home/imml/git/ROB_534_Project/install/harvest/lib/harvest/record.py\n'}
[18.523712] (harvest) StdoutLine: {'line': b'-- Symlinking: /home/imml/git/ROB_534_Project/install/harvest/lib/harvest/apple_prediction_test.py\n'}
[18.534366] (harvest) StdoutLine: {'line': b'-- Symlinking: /home/imml/git/ROB_534_Project/install/harvest/lib/harvest/orchard_templating.py\n'}
[18.545556] (harvest) StdoutLine: {'line': b'-- Symlinking: /home/imml/git/ROB_534_Project/install/harvest/lib/harvest/apple_reachability_rviz.py\n'}
[18.555436] (harvest) StdoutLine: {'line': b'-- Symlinking: /home/imml/git/ROB_534_Project/install/harvest/share/harvest//launch/launch_vision.launch.py\n'}
[18.566122] (harvest) StdoutLine: {'line': b'-- Symlinking: /home/imml/git/ROB_534_Project/install/harvest/share/harvest//launch/launch_vision_templating.launch.py\n'}
[18.576418] (harvest) StdoutLine: {'line': b'-- Symlinking: /home/imml/git/ROB_534_Project/install/harvest/share/ament_index/resource_index/package_run_dependencies/harvest\n'}
[18.580645] (-) TimerEvent: {}
[18.586580] (harvest) StdoutLine: {'line': b'-- Symlinking: /home/imml/git/ROB_534_Project/install/harvest/share/ament_index/resource_index/parent_prefix_path/harvest\n'}
[18.596739] (harvest) StdoutLine: {'line': b'-- Symlinking: /home/imml/git/ROB_534_Project/install/harvest/share/harvest/environment/ament_prefix_path.sh\n'}
[18.606424] (harvest) StdoutLine: {'line': b'-- Symlinking: /home/imml/git/ROB_534_Project/install/harvest/share/harvest/environment/ament_prefix_path.dsv\n'}
[18.617185] (harvest) StdoutLine: {'line': b'-- Symlinking: /home/imml/git/ROB_534_Project/install/harvest/share/harvest/environment/path.sh\n'}
[18.627343] (harvest) StdoutLine: {'line': b'-- Symlinking: /home/imml/git/ROB_534_Project/install/harvest/share/harvest/environment/path.dsv\n'}
[18.638232] (harvest) StdoutLine: {'line': b'-- Symlinking: /home/imml/git/ROB_534_Project/install/harvest/share/harvest/local_setup.bash\n'}
[18.648232] (harvest) StdoutLine: {'line': b'-- Symlinking: /home/imml/git/ROB_534_Project/install/harvest/share/harvest/local_setup.sh\n'}
[18.658641] (harvest) StdoutLine: {'line': b'-- Symlinking: /home/imml/git/ROB_534_Project/install/harvest/share/harvest/local_setup.zsh\n'}
[18.668928] (harvest) StdoutLine: {'line': b'-- Symlinking: /home/imml/git/ROB_534_Project/install/harvest/share/harvest/local_setup.dsv\n'}
[18.679621] (harvest) StdoutLine: {'line': b'-- Symlinking: /home/imml/git/ROB_534_Project/install/harvest/share/harvest/package.dsv\n'}
[18.680718] (-) TimerEvent: {}
[18.689676] (harvest) StdoutLine: {'line': b'-- Symlinking: /home/imml/git/ROB_534_Project/install/harvest/share/ament_index/resource_index/packages/harvest\n'}
[18.700707] (harvest) StdoutLine: {'line': b'-- Symlinking: /home/imml/git/ROB_534_Project/install/harvest/share/harvest/cmake/harvestConfig.cmake\n'}
[18.711813] (harvest) StdoutLine: {'line': b'-- Symlinking: /home/imml/git/ROB_534_Project/install/harvest/share/harvest/cmake/harvestConfig-version.cmake\n'}
[18.722082] (harvest) StdoutLine: {'line': b'-- Symlinking: /home/imml/git/ROB_534_Project/install/harvest/share/harvest/package.xml\n'}
[18.763461] (harvest) StdoutLine: {'line': b"Listing '/home/imml/git/ROB_534_Project/install/harvest/local/lib/python3.10/dist-packages/harvest'...\n"}
[18.763691] (harvest) StdoutLine: {'line': b"Compiling '/home/imml/git/ROB_534_Project/install/harvest/local/lib/python3.10/dist-packages/harvest/__init__.py'...\n"}
[18.771479] (harvest) CommandEnded: {'returncode': 0}
[18.780867] (-) TimerEvent: {}
[18.788200] (harvest) JobEnded: {'identifier': 'harvest', 'rc': 0}
[18.880969] (-) TimerEvent: {}
[18.981296] (-) TimerEvent: {}
[19.081643] (-) TimerEvent: {}
[19.182139] (-) TimerEvent: {}
[19.282553] (-) TimerEvent: {}
[19.383006] (-) TimerEvent: {}
[19.391543] (ur_controllers) StderrLine: {'line': b'In file included from \x1b[01m\x1b[K/home/imml/git/ROB_534_Project/harvest_hardware/Universal_Robots_ROS2_Driver/ur_controllers/include/ur_controllers/speed_scaling_state_broadcaster.hpp:51\x1b[m\x1b[K,\n'}
[19.391952] (ur_controllers) StderrLine: {'line': b'                 from \x1b[01m\x1b[K/home/imml/git/ROB_534_Project/harvest_hardware/Universal_Robots_ROS2_Driver/ur_controllers/src/speed_scaling_state_broadcaster.cpp:38\x1b[m\x1b[K:\n'}
[19.392098] (ur_controllers) StderrLine: {'line': b'\x1b[01m\x1b[K/home/imml/git/ROB_534_Project/build/ur_controllers/include/speed_scaling_state_broadcaster_parameters.hpp:1:179:\x1b[m\x1b[K \x1b[01;36m\x1b[Knote: \x1b[m\x1b[K\xe2\x80\x98\x1b[01m\x1b[K#pragma message: #include "speed_scaling_state_broadcaster_parameters.hpp" is deprecated. Use #include <ur_controllers/speed_scaling_state_broadcaster_parameters.hpp> instead.\x1b[m\x1b[K\xe2\x80\x99\n'}
[19.392225] (ur_controllers) StderrLine: {'line': b'    1 | #pragma message("#include \\"speed_scaling_state_broadcaster_parameters.hpp\\" is deprecated. Use #include <ur_controllers/speed_scaling_state_broadcaster_parameters.hpp> instead."\x1b[01;36m\x1b[K)\x1b[m\x1b[K\n'}
[19.392361] (ur_controllers) StderrLine: {'line': b'      |                                                                                                                                                                                   \x1b[01;36m\x1b[K^\x1b[m\x1b[K\n'}
[19.483122] (-) TimerEvent: {}
[19.557747] (ur_controllers) StderrLine: {'line': b'In file included from \x1b[01m\x1b[K/home/imml/git/ROB_534_Project/harvest_hardware/Universal_Robots_ROS2_Driver/ur_controllers/include/ur_controllers/gpio_controller.hpp:59\x1b[m\x1b[K,\n'}
[19.558062] (ur_controllers) StderrLine: {'line': b'                 from \x1b[01m\x1b[K/home/imml/git/ROB_534_Project/harvest_hardware/Universal_Robots_ROS2_Driver/ur_controllers/src/gpio_controller.cpp:38\x1b[m\x1b[K:\n'}
[19.558210] (ur_controllers) StderrLine: {'line': b'\x1b[01m\x1b[K/home/imml/git/ROB_534_Project/build/ur_controllers/include/gpio_controller_parameters.hpp:1:147:\x1b[m\x1b[K \x1b[01;36m\x1b[Knote: \x1b[m\x1b[K\xe2\x80\x98\x1b[01m\x1b[K#pragma message: #include "gpio_controller_parameters.hpp" is deprecated. Use #include <ur_controllers/gpio_controller_parameters.hpp> instead.\x1b[m\x1b[K\xe2\x80\x99\n'}
[19.558363] (ur_controllers) StderrLine: {'line': b'    1 | #pragma message("#include \\"gpio_controller_parameters.hpp\\" is deprecated. Use #include <ur_controllers/gpio_controller_parameters.hpp> instead."\x1b[01;36m\x1b[K)\x1b[m\x1b[K\n'}
[19.558477] (ur_controllers) StderrLine: {'line': b'      |                                                                                                                                                   \x1b[01;36m\x1b[K^\x1b[m\x1b[K\n'}
[19.583245] (-) TimerEvent: {}
[19.683705] (-) TimerEvent: {}
[19.784089] (-) TimerEvent: {}
[19.884654] (-) TimerEvent: {}
[19.985301] (-) TimerEvent: {}
[20.085947] (-) TimerEvent: {}
[20.186334] (-) TimerEvent: {}
[20.286744] (-) TimerEvent: {}
[20.369996] (ur_controllers) StderrLine: {'line': b'In file included from \x1b[01m\x1b[K/home/imml/git/ROB_534_Project/harvest_hardware/Universal_Robots_ROS2_Driver/ur_controllers/include/ur_controllers/scaled_joint_trajectory_controller.hpp:46\x1b[m\x1b[K,\n'}
[20.370249] (ur_controllers) StderrLine: {'line': b'                 from \x1b[01m\x1b[K/home/imml/git/ROB_534_Project/harvest_hardware/Universal_Robots_ROS2_Driver/ur_controllers/src/scaled_joint_trajectory_controller.cpp:41\x1b[m\x1b[K:\n'}
[20.370389] (ur_controllers) StderrLine: {'line': b'\x1b[01m\x1b[K/home/imml/git/ROB_534_Project/build/ur_controllers/include/scaled_joint_trajectory_controller_parameters.hpp:1:185:\x1b[m\x1b[K \x1b[01;36m\x1b[Knote: \x1b[m\x1b[K\xe2\x80\x98\x1b[01m\x1b[K#pragma message: #include "scaled_joint_trajectory_controller_parameters.hpp" is deprecated. Use #include <ur_controllers/scaled_joint_trajectory_controller_parameters.hpp> instead.\x1b[m\x1b[K\xe2\x80\x99\n'}
[20.370491] (ur_controllers) StderrLine: {'line': b'    1 | . Use #include <ur_controllers/scaled_joint_trajectory_controller_parameters.hpp> instead."\x1b[01;36m\x1b[K)\x1b[m\x1b[K\n'}
[20.370563] (ur_controllers) StderrLine: {'line': b'      |                                                                                            \x1b[01;36m\x1b[K^\x1b[m\x1b[K\n'}
[20.370615] (ur_controllers) StderrLine: {'line': b'\n'}
[20.386865] (-) TimerEvent: {}
[20.487245] (-) TimerEvent: {}
[20.587659] (-) TimerEvent: {}
[20.688129] (-) TimerEvent: {}
[20.788528] (-) TimerEvent: {}
[20.888880] (-) TimerEvent: {}
[20.989461] (-) TimerEvent: {}
[21.089932] (-) TimerEvent: {}
[21.190739] (-) TimerEvent: {}
[21.291462] (-) TimerEvent: {}
[21.392126] (-) TimerEvent: {}
[21.492809] (-) TimerEvent: {}
[21.593399] (-) TimerEvent: {}
[21.693981] (-) TimerEvent: {}
[21.794573] (-) TimerEvent: {}
[21.895060] (-) TimerEvent: {}
[21.914153] (realsense2_camera) StdoutLine: {'line': b'-- rs_device_info:\n'}
[21.914504] (realsense2_camera) StdoutLine: {'line': b'-- No device detected. Is it plugged in?\n'}
[21.914681] (realsense2_camera) StdoutLine: {'line': b'\n'}
[21.995187] (-) TimerEvent: {}
[22.047993] (realsense2_camera) StdoutLine: {'line': b'-- Configuring done\n'}
[22.095432] (-) TimerEvent: {}
[22.096104] (realsense2_camera) StdoutLine: {'line': b'-- Generating done\n'}
[22.108682] (realsense2_camera) StdoutLine: {'line': b'-- Build files have been written to: /home/imml/git/ROB_534_Project/build/realsense2_camera\n'}
[22.144678] (realsense2_camera) CommandEnded: {'returncode': 0}
[22.145912] (realsense2_camera) JobProgress: {'identifier': 'realsense2_camera', 'progress': 'build'}
[22.146381] (realsense2_camera) Command: {'cmd': ['/usr/bin/cmake', '--build', '/home/imml/git/ROB_534_Project/build/realsense2_camera', '--', '-j16', '-l16'], 'cwd': '/home/imml/git/ROB_534_Project/build/realsense2_camera', 'env': OrderedDict([('LESSOPEN', '| /usr/bin/lesspipe %s'), ('USER', 'imml'), ('XDG_SESSION_TYPE', 'wayland'), ('SHLVL', '1'), ('LD_LIBRARY_PATH', '/home/imml/git/ROB_534_Project/install/realsense2_camera_msgs/lib:/opt/ros/humble/opt/rviz_ogre_vendor/lib:/opt/ros/humble/lib/x86_64-linux-gnu:/opt/ros/humble/lib'), ('HOME', '/home/imml'), ('OLDPWD', '/home/imml'), ('DESKTOP_SESSION', 'ubuntu'), ('ROS_PYTHON_VERSION', '3'), ('GNOME_SHELL_SESSION_MODE', 'ubuntu'), ('GTK_MODULES', 'gail:atk-bridge'), ('SYSTEMD_EXEC_PID', '35967'), ('DBUS_SESSION_BUS_ADDRESS', 'unix:path=/run/user/1000/bus'), ('COLORTERM', 'truecolor'), ('IM_CONFIG_PHASE', '1'), ('WAYLAND_DISPLAY', 'wayland-0'), ('ROS_DISTRO', 'humble'), ('LOGNAME', 'imml'), ('_', '/usr/bin/colcon'), ('ROS_VERSION', '2'), ('XDG_SESSION_CLASS', 'user'), ('USERNAME', 'imml'), ('TERM', 'xterm-256color'), ('GNOME_DESKTOP_SESSION_ID', 'this-is-deprecated'), ('ROS_LOCALHOST_ONLY', '0'), ('PATH', '/opt/ros/humble/bin:/home/imml/.local/bin:/usr/local/sbin:/usr/local/bin:/usr/sbin:/usr/bin:/sbin:/bin:/usr/games:/usr/local/games:/snap/bin:/snap/bin'), ('SESSION_MANAGER', 'local/imml-ROG-Zephyrus:@/tmp/.ICE-unix/1689,unix/imml-ROG-Zephyrus:/tmp/.ICE-unix/1689'), ('XDG_MENU_PREFIX', 'gnome-'), ('GNOME_TERMINAL_SCREEN', '/org/gnome/Terminal/screen/00ec7be0_5807_4f11_8254_b2b90de30782'), ('GNOME_SETUP_DISPLAY', ':1'), ('XDG_RUNTIME_DIR', '/run/user/1000'), ('DISPLAY', ':0'), ('LANG', 'en_US.UTF-8'), ('XDG_CURRENT_DESKTOP', 'ubuntu:GNOME'), ('XMODIFIERS', '@im=ibus'), ('XDG_SESSION_DESKTOP', 'ubuntu'), ('XAUTHORITY', '/run/user/1000/.mutter-Xwaylandauth.48T012'), ('LS_COLORS', 'rs=0:di=01;34:ln=01;36:mh=00:pi=40;33:so=01;35:do=01;35:bd=40;33;01:cd=40;33;01:or=40;31;01:mi=00:su=37;41:sg=30;43:ca=30;41:tw=30;42:ow=34;42:st=37;44:ex=01;32:*.tar=01;31:*.tgz=01;31:*.arc=01;31:*.arj=01;31:*.taz=01;31:*.lha=01;31:*.lz4=01;31:*.lzh=01;31:*.lzma=01;31:*.tlz=01;31:*.txz=01;31:*.tzo=01;31:*.t7z=01;31:*.zip=01;31:*.z=01;31:*.dz=01;31:*.gz=01;31:*.lrz=01;31:*.lz=01;31:*.lzo=01;31:*.xz=01;31:*.zst=01;31:*.tzst=01;31:*.bz2=01;31:*.bz=01;31:*.tbz=01;31:*.tbz2=01;31:*.tz=01;31:*.deb=01;31:*.rpm=01;31:*.jar=01;31:*.war=01;31:*.ear=01;31:*.sar=01;31:*.rar=01;31:*.alz=01;31:*.ace=01;31:*.zoo=01;31:*.cpio=01;31:*.7z=01;31:*.rz=01;31:*.cab=01;31:*.wim=01;31:*.swm=01;31:*.dwm=01;31:*.esd=01;31:*.jpg=01;35:*.jpeg=01;35:*.mjpg=01;35:*.mjpeg=01;35:*.gif=01;35:*.bmp=01;35:*.pbm=01;35:*.pgm=01;35:*.ppm=01;35:*.tga=01;35:*.xbm=01;35:*.xpm=01;35:*.tif=01;35:*.tiff=01;35:*.png=01;35:*.svg=01;35:*.svgz=01;35:*.mng=01;35:*.pcx=01;35:*.mov=01;35:*.mpg=01;35:*.mpeg=01;35:*.m2v=01;35:*.mkv=01;35:*.webm=01;35:*.webp=01;35:*.ogm=01;35:*.mp4=01;35:*.m4v=01;35:*.mp4v=01;35:*.vob=01;35:*.qt=01;35:*.nuv=01;35:*.wmv=01;35:*.asf=01;35:*.rm=01;35:*.rmvb=01;35:*.flc=01;35:*.avi=01;35:*.fli=01;35:*.flv=01;35:*.gl=01;35:*.dl=01;35:*.xcf=01;35:*.xwd=01;35:*.yuv=01;35:*.cgm=01;35:*.emf=01;35:*.ogv=01;35:*.ogx=01;35:*.aac=00;36:*.au=00;36:*.flac=00;36:*.m4a=00;36:*.mid=00;36:*.midi=00;36:*.mka=00;36:*.mp3=00;36:*.mpc=00;36:*.ogg=00;36:*.ra=00;36:*.wav=00;36:*.oga=00;36:*.opus=00;36:*.spx=00;36:*.xspf=00;36:'), ('GNOME_TERMINAL_SERVICE', ':1.315'), ('SSH_AGENT_LAUNCHER', 'gnome-keyring'), ('SSH_AUTH_SOCK', '/run/user/1000/keyring/ssh'), ('AMENT_PREFIX_PATH', '/home/imml/git/ROB_534_Project/install/realsense2_camera_msgs:/opt/ros/humble'), ('SHELL', '/bin/bash'), ('QT_ACCESSIBILITY', '1'), ('GDMSESSION', 'ubuntu'), ('LESSCLOSE', '/usr/bin/lesspipe %s %s'), ('QT_IM_MODULE', 'ibus'), ('PWD', '/home/imml/git/ROB_534_Project/build/realsense2_camera'), ('LC_ALL', 'en_US.UTF-8'), ('XDG_CONFIG_DIRS', '/etc/xdg/xdg-ubuntu:/etc/xdg'), ('XDG_DATA_DIRS', '/usr/share/ubuntu:/usr/local/share/:/usr/share/:/var/lib/snapd/desktop'), ('PYTHONPATH', '/home/imml/git/ROB_534_Project/install/realsense2_camera_msgs/local/lib/python3.10/dist-packages:/opt/ros/humble/lib/python3.10/site-packages:/opt/ros/humble/local/lib/python3.10/dist-packages'), ('COLCON', '1'), ('VTE_VERSION', '6800'), ('CMAKE_PREFIX_PATH', '/home/imml/git/ROB_534_Project/install/realsense2_camera_msgs:/opt/ros/humble')]), 'shell': False}
[22.195549] (-) TimerEvent: {}
[22.238151] (realsense2_camera) StdoutLine: {'line': b'[  4%] \x1b[32mBuilding CXX object gtest/CMakeFiles/gtest.dir/src/gtest-all.cc.o\x1b[0m\n'}
[22.241516] (realsense2_camera) StdoutLine: {'line': b'[  9%] \x1b[32mBuilding CXX object gtest/CMakeFiles/gtest_main.dir/src/gtest_main.cc.o\x1b[0m\n'}
[22.241948] (realsense2_camera) StdoutLine: {'line': b'[ 13%] \x1b[32mBuilding CXX object CMakeFiles/realsense2_camera_node.dir/rclcpp_components/node_main_realsense2_camera_node.cpp.o\x1b[0m\n'}
[22.242126] (realsense2_camera) StdoutLine: {'line': b'[ 18%] \x1b[32mBuilding CXX object CMakeFiles/realsense2_camera.dir/src/sensor_params.cpp.o\x1b[0m\n'}
[22.242500] (realsense2_camera) StdoutLine: {'line': b'[ 22%] \x1b[32mBuilding CXX object CMakeFiles/realsense2_camera.dir/src/rs_node_setup.cpp.o\x1b[0m\n'}
[22.244148] (realsense2_camera) StdoutLine: {'line': b'[ 27%] \x1b[32mBuilding CXX object CMakeFiles/realsense2_camera.dir/src/realsense_node_factory.cpp.o\x1b[0m\n'}
[22.248452] (realsense2_camera) StdoutLine: {'line': b'[ 31%] \x1b[32mBuilding CXX object CMakeFiles/realsense2_camera.dir/src/ros_utils.cpp.o\x1b[0m\n'}
[22.252981] (realsense2_camera) StdoutLine: {'line': b'[ 36%] \x1b[32mBuilding CXX object CMakeFiles/realsense2_camera.dir/src/parameters.cpp.o\x1b[0m\n'}
[22.253699] (realsense2_camera) StdoutLine: {'line': b'[ 59%] \x1b[32mBuilding CXX object CMakeFiles/realsense2_camera.dir/src/dynamic_params.cpp.o\x1b[0m\n'}
[22.255547] (realsense2_camera) StdoutLine: {'line': b'[ 40%] \x1b[32mBuilding CXX object CMakeFiles/realsense2_camera.dir/src/ros_param_backend.cpp.o\x1b[0m\n'}
[22.255882] (realsense2_camera) StdoutLine: {'line': b'[ 45%] \x1b[32mBuilding CXX object CMakeFiles/realsense2_camera.dir/src/named_filter.cpp.o\x1b[0m\n'}
[22.256222] (realsense2_camera) StdoutLine: {'line': b'[ 63%] \x1b[32mBuilding CXX object CMakeFiles/realsense2_camera.dir/src/base_realsense_node.cpp.o\x1b[0m\n'}
[22.257206] (realsense2_camera) StdoutLine: {'line': b'[ 68%] \x1b[32mBuilding CXX object CMakeFiles/realsense2_camera.dir/src/image_publisher.cpp.o\x1b[0m\n'}
[22.258612] (realsense2_camera) StdoutLine: {'line': b'[ 50%] \x1b[32mBuilding CXX object CMakeFiles/realsense2_camera.dir/src/profile_manager.cpp.o\x1b[0m\n'}
[22.261298] (realsense2_camera) StdoutLine: {'line': b'[ 54%] \x1b[32mBuilding CXX object CMakeFiles/realsense2_camera.dir/src/ros_sensor.cpp.o\x1b[0m\n'}
[22.272077] (realsense2_camera) StdoutLine: {'line': b'[ 72%] \x1b[32mBuilding CXX object CMakeFiles/realsense2_camera.dir/src/tfs.cpp.o\x1b[0m\n'}
[22.297391] (-) TimerEvent: {}
[22.397945] (-) TimerEvent: {}
[22.499055] (-) TimerEvent: {}
[22.603589] (-) TimerEvent: {}
[22.705811] (-) TimerEvent: {}
[22.807255] (-) TimerEvent: {}
[22.909373] (-) TimerEvent: {}
[23.010032] (-) TimerEvent: {}
[23.111566] (-) TimerEvent: {}
[23.212230] (-) TimerEvent: {}
[23.317956] (-) TimerEvent: {}
[23.430026] (-) TimerEvent: {}
[23.532477] (-) TimerEvent: {}
[23.634008] (-) TimerEvent: {}
[23.734904] (-) TimerEvent: {}
[23.850629] (-) TimerEvent: {}
[23.952551] (-) TimerEvent: {}
[24.054854] (-) TimerEvent: {}
[24.158406] (-) TimerEvent: {}
[24.259172] (-) TimerEvent: {}
[24.317732] (realsense2_camera) StdoutLine: {'line': b'[ 77%] \x1b[32m\x1b[1mLinking CXX static library libgtest_main.a\x1b[0m\n'}
[24.360372] (-) TimerEvent: {}
[24.461044] (-) TimerEvent: {}
[24.544514] (realsense2_camera) StdoutLine: {'line': b'[ 77%] Built target gtest_main\n'}
[24.561215] (-) TimerEvent: {}
[24.661954] (-) TimerEvent: {}
[24.762676] (-) TimerEvent: {}
[24.865380] (-) TimerEvent: {}
[24.966100] (-) TimerEvent: {}
[25.067163] (-) TimerEvent: {}
[25.169394] (-) TimerEvent: {}
[25.270549] (-) TimerEvent: {}
[25.372732] (-) TimerEvent: {}
[25.476416] (-) TimerEvent: {}
[25.584497] (-) TimerEvent: {}
[25.689391] (-) TimerEvent: {}
[25.792395] (-) TimerEvent: {}
[25.893006] (-) TimerEvent: {}
[25.997778] (-) TimerEvent: {}
[26.103733] (-) TimerEvent: {}
[26.206837] (-) TimerEvent: {}
[26.307634] (-) TimerEvent: {}
[26.408320] (-) TimerEvent: {}
[26.508982] (-) TimerEvent: {}
[26.613385] (-) TimerEvent: {}
[26.715438] (-) TimerEvent: {}
[26.816119] (-) TimerEvent: {}
[26.916681] (-) TimerEvent: {}
[27.017513] (-) TimerEvent: {}
[27.120385] (-) TimerEvent: {}
[27.220928] (-) TimerEvent: {}
[27.328389] (-) TimerEvent: {}
[27.429118] (-) TimerEvent: {}
[27.531370] (-) TimerEvent: {}
[27.631797] (-) TimerEvent: {}
[27.733358] (-) TimerEvent: {}
[27.837348] (-) TimerEvent: {}
[27.937797] (-) TimerEvent: {}
[28.038445] (-) TimerEvent: {}
[28.139017] (-) TimerEvent: {}
[28.239730] (-) TimerEvent: {}
[28.349363] (-) TimerEvent: {}
[28.449869] (-) TimerEvent: {}
[28.550423] (-) TimerEvent: {}
[28.652368] (-) TimerEvent: {}
[28.754228] (-) TimerEvent: {}
[28.856348] (-) TimerEvent: {}
[28.958315] (-) TimerEvent: {}
[29.058803] (-) TimerEvent: {}
[29.161230] (-) TimerEvent: {}
[29.262371] (-) TimerEvent: {}
[29.362869] (-) TimerEvent: {}
[29.465504] (-) TimerEvent: {}
[29.566063] (-) TimerEvent: {}
[29.666575] (-) TimerEvent: {}
[29.767073] (-) TimerEvent: {}
[29.871388] (-) TimerEvent: {}
[29.973383] (-) TimerEvent: {}
[30.075391] (-) TimerEvent: {}
[30.176085] (-) TimerEvent: {}
[30.276690] (-) TimerEvent: {}
[30.382373] (-) TimerEvent: {}
[30.482806] (-) TimerEvent: {}
[30.583291] (-) TimerEvent: {}
[30.683760] (-) TimerEvent: {}
[30.784295] (-) TimerEvent: {}
[30.884800] (-) TimerEvent: {}
[30.985323] (-) TimerEvent: {}
[31.085828] (-) TimerEvent: {}
[31.189399] (-) TimerEvent: {}
[31.289947] (-) TimerEvent: {}
[31.391370] (-) TimerEvent: {}
[31.491874] (-) TimerEvent: {}
[31.592391] (-) TimerEvent: {}
[31.692916] (-) TimerEvent: {}
[31.795925] (-) TimerEvent: {}
[31.899746] (-) TimerEvent: {}
[32.000279] (-) TimerEvent: {}
[32.100778] (-) TimerEvent: {}
[32.203543] (-) TimerEvent: {}
[32.303036] (realsense2_camera) StdoutLine: {'line': b'[ 81%] \x1b[32m\x1b[1mLinking CXX executable realsense2_camera_node\x1b[0m\n'}
[32.303626] (-) TimerEvent: {}
[32.404078] (-) TimerEvent: {}
[32.512793] (-) TimerEvent: {}
[32.614376] (-) TimerEvent: {}
[32.715030] (-) TimerEvent: {}
[32.824394] (-) TimerEvent: {}
[32.835636] (realsense2_camera) StdoutLine: {'line': b'[ 81%] Built target realsense2_camera_node\n'}
[32.924538] (-) TimerEvent: {}
[33.025062] (-) TimerEvent: {}
[33.127135] (-) TimerEvent: {}
[33.231086] (-) TimerEvent: {}
[33.332589] (-) TimerEvent: {}
[33.433206] (-) TimerEvent: {}
[33.535835] (-) TimerEvent: {}
[33.642386] (-) TimerEvent: {}
[33.746624] (-) TimerEvent: {}
[33.847197] (-) TimerEvent: {}
[33.947665] (-) TimerEvent: {}
[34.048120] (-) TimerEvent: {}
[34.148679] (-) TimerEvent: {}
[34.214482] (ur_controllers) StdoutLine: {'line': b'[100%] \x1b[32m\x1b[1mLinking CXX shared library libur_controllers.so\x1b[0m\n'}
[34.248826] (-) TimerEvent: {}
[34.357371] (-) TimerEvent: {}
[34.464391] (-) TimerEvent: {}
[34.564916] (-) TimerEvent: {}
[34.665517] (-) TimerEvent: {}
[34.766305] (-) TimerEvent: {}
[34.866826] (-) TimerEvent: {}
[34.967371] (-) TimerEvent: {}
[35.067928] (-) TimerEvent: {}
[35.170677] (-) TimerEvent: {}
[35.271300] (-) TimerEvent: {}
[35.374380] (-) TimerEvent: {}
[35.475061] (-) TimerEvent: {}
[35.575665] (-) TimerEvent: {}
[35.676955] (-) TimerEvent: {}
[35.778967] (-) TimerEvent: {}
[35.879526] (-) TimerEvent: {}
[35.981147] (-) TimerEvent: {}
[36.082986] (-) TimerEvent: {}
[36.183964] (-) TimerEvent: {}
[36.285221] (-) TimerEvent: {}
[36.386180] (-) TimerEvent: {}
[36.486782] (-) TimerEvent: {}
[36.588509] (-) TimerEvent: {}
[36.692397] (-) TimerEvent: {}
[36.794541] (-) TimerEvent: {}
[36.836403] (ur_controllers) StdoutLine: {'line': b'[100%] Built target ur_controllers\n'}
[36.864988] (ur_controllers) CommandEnded: {'returncode': 0}
[36.866400] (ur_controllers) JobProgress: {'identifier': 'ur_controllers', 'progress': 'install'}
[36.869357] (ur_controllers) Command: {'cmd': ['/usr/bin/cmake', '--install', '/home/imml/git/ROB_534_Project/build/ur_controllers'], 'cwd': '/home/imml/git/ROB_534_Project/build/ur_controllers', 'env': OrderedDict([('LESSOPEN', '| /usr/bin/lesspipe %s'), ('USER', 'imml'), ('XDG_SESSION_TYPE', 'wayland'), ('SHLVL', '1'), ('LD_LIBRARY_PATH', '/home/imml/git/ROB_534_Project/install/ur_dashboard_msgs/lib:/opt/ros/humble/opt/rviz_ogre_vendor/lib:/opt/ros/humble/lib/x86_64-linux-gnu:/opt/ros/humble/lib'), ('HOME', '/home/imml'), ('OLDPWD', '/home/imml'), ('DESKTOP_SESSION', 'ubuntu'), ('ROS_PYTHON_VERSION', '3'), ('GNOME_SHELL_SESSION_MODE', 'ubuntu'), ('GTK_MODULES', 'gail:atk-bridge'), ('SYSTEMD_EXEC_PID', '35967'), ('DBUS_SESSION_BUS_ADDRESS', 'unix:path=/run/user/1000/bus'), ('COLORTERM', 'truecolor'), ('IM_CONFIG_PHASE', '1'), ('WAYLAND_DISPLAY', 'wayland-0'), ('ROS_DISTRO', 'humble'), ('LOGNAME', 'imml'), ('_', '/usr/bin/colcon'), ('ROS_VERSION', '2'), ('XDG_SESSION_CLASS', 'user'), ('USERNAME', 'imml'), ('TERM', 'xterm-256color'), ('GNOME_DESKTOP_SESSION_ID', 'this-is-deprecated'), ('ROS_LOCALHOST_ONLY', '0'), ('PATH', '/opt/ros/humble/bin:/home/imml/.local/bin:/usr/local/sbin:/usr/local/bin:/usr/sbin:/usr/bin:/sbin:/bin:/usr/games:/usr/local/games:/snap/bin:/snap/bin'), ('SESSION_MANAGER', 'local/imml-ROG-Zephyrus:@/tmp/.ICE-unix/1689,unix/imml-ROG-Zephyrus:/tmp/.ICE-unix/1689'), ('XDG_MENU_PREFIX', 'gnome-'), ('GNOME_TERMINAL_SCREEN', '/org/gnome/Terminal/screen/00ec7be0_5807_4f11_8254_b2b90de30782'), ('GNOME_SETUP_DISPLAY', ':1'), ('XDG_RUNTIME_DIR', '/run/user/1000'), ('DISPLAY', ':0'), ('LANG', 'en_US.UTF-8'), ('XDG_CURRENT_DESKTOP', 'ubuntu:GNOME'), ('XMODIFIERS', '@im=ibus'), ('XDG_SESSION_DESKTOP', 'ubuntu'), ('XAUTHORITY', '/run/user/1000/.mutter-Xwaylandauth.48T012'), ('LS_COLORS', 'rs=0:di=01;34:ln=01;36:mh=00:pi=40;33:so=01;35:do=01;35:bd=40;33;01:cd=40;33;01:or=40;31;01:mi=00:su=37;41:sg=30;43:ca=30;41:tw=30;42:ow=34;42:st=37;44:ex=01;32:*.tar=01;31:*.tgz=01;31:*.arc=01;31:*.arj=01;31:*.taz=01;31:*.lha=01;31:*.lz4=01;31:*.lzh=01;31:*.lzma=01;31:*.tlz=01;31:*.txz=01;31:*.tzo=01;31:*.t7z=01;31:*.zip=01;31:*.z=01;31:*.dz=01;31:*.gz=01;31:*.lrz=01;31:*.lz=01;31:*.lzo=01;31:*.xz=01;31:*.zst=01;31:*.tzst=01;31:*.bz2=01;31:*.bz=01;31:*.tbz=01;31:*.tbz2=01;31:*.tz=01;31:*.deb=01;31:*.rpm=01;31:*.jar=01;31:*.war=01;31:*.ear=01;31:*.sar=01;31:*.rar=01;31:*.alz=01;31:*.ace=01;31:*.zoo=01;31:*.cpio=01;31:*.7z=01;31:*.rz=01;31:*.cab=01;31:*.wim=01;31:*.swm=01;31:*.dwm=01;31:*.esd=01;31:*.jpg=01;35:*.jpeg=01;35:*.mjpg=01;35:*.mjpeg=01;35:*.gif=01;35:*.bmp=01;35:*.pbm=01;35:*.pgm=01;35:*.ppm=01;35:*.tga=01;35:*.xbm=01;35:*.xpm=01;35:*.tif=01;35:*.tiff=01;35:*.png=01;35:*.svg=01;35:*.svgz=01;35:*.mng=01;35:*.pcx=01;35:*.mov=01;35:*.mpg=01;35:*.mpeg=01;35:*.m2v=01;35:*.mkv=01;35:*.webm=01;35:*.webp=01;35:*.ogm=01;35:*.mp4=01;35:*.m4v=01;35:*.mp4v=01;35:*.vob=01;35:*.qt=01;35:*.nuv=01;35:*.wmv=01;35:*.asf=01;35:*.rm=01;35:*.rmvb=01;35:*.flc=01;35:*.avi=01;35:*.fli=01;35:*.flv=01;35:*.gl=01;35:*.dl=01;35:*.xcf=01;35:*.xwd=01;35:*.yuv=01;35:*.cgm=01;35:*.emf=01;35:*.ogv=01;35:*.ogx=01;35:*.aac=00;36:*.au=00;36:*.flac=00;36:*.m4a=00;36:*.mid=00;36:*.midi=00;36:*.mka=00;36:*.mp3=00;36:*.mpc=00;36:*.ogg=00;36:*.ra=00;36:*.wav=00;36:*.oga=00;36:*.opus=00;36:*.spx=00;36:*.xspf=00;36:'), ('GNOME_TERMINAL_SERVICE', ':1.315'), ('SSH_AGENT_LAUNCHER', 'gnome-keyring'), ('SSH_AUTH_SOCK', '/run/user/1000/keyring/ssh'), ('AMENT_PREFIX_PATH', '/home/imml/git/ROB_534_Project/install/ur_dashboard_msgs:/opt/ros/humble'), ('SHELL', '/bin/bash'), ('QT_ACCESSIBILITY', '1'), ('GDMSESSION', 'ubuntu'), ('LESSCLOSE', '/usr/bin/lesspipe %s %s'), ('QT_IM_MODULE', 'ibus'), ('PWD', '/home/imml/git/ROB_534_Project/build/ur_controllers'), ('LC_ALL', 'en_US.UTF-8'), ('XDG_CONFIG_DIRS', '/etc/xdg/xdg-ubuntu:/etc/xdg'), ('XDG_DATA_DIRS', '/usr/share/ubuntu:/usr/local/share/:/usr/share/:/var/lib/snapd/desktop'), ('PYTHONPATH', '/home/imml/git/ROB_534_Project/install/ur_dashboard_msgs/local/lib/python3.10/dist-packages:/opt/ros/humble/lib/python3.10/site-packages:/opt/ros/humble/local/lib/python3.10/dist-packages'), ('COLCON', '1'), ('VTE_VERSION', '6800'), ('CMAKE_PREFIX_PATH', '/home/imml/git/ROB_534_Project/install/ur_dashboard_msgs:/opt/ros/humble')]), 'shell': False}
[36.894424] (ur_controllers) StdoutLine: {'line': b'-- Install configuration: ""\n'}
[36.894993] (-) TimerEvent: {}
[36.895359] (ur_controllers) StdoutLine: {'line': b'-- Execute custom install script\n'}
[36.895568] (ur_controllers) StdoutLine: {'line': b'-- Symlinking: /home/imml/git/ROB_534_Project/install/ur_controllers/include/ur_controllers/gpio_controller_parameters.hpp\n'}
[36.912890] (ur_controllers) StdoutLine: {'line': b'-- Symlinking: /home/imml/git/ROB_534_Project/install/ur_controllers/include/ur_controllers/scaled_joint_trajectory_controller_parameters.hpp\n'}
[36.936587] (ur_controllers) StdoutLine: {'line': b'-- Symlinking: /home/imml/git/ROB_534_Project/install/ur_controllers/include/ur_controllers/speed_scaling_state_broadcaster_parameters.hpp\n'}
[36.958303] (ur_controllers) StdoutLine: {'line': b'-- Up-to-date symlink: /home/imml/git/ROB_534_Project/install/ur_controllers/include/ur_controllers/gpio_controller_parameters.hpp\n'}
[36.958825] (ur_controllers) StdoutLine: {'line': b'-- Up-to-date symlink: /home/imml/git/ROB_534_Project/install/ur_controllers/include/ur_controllers/scaled_joint_trajectory_controller_parameters.hpp\n'}
[36.959070] (ur_controllers) StdoutLine: {'line': b'-- Up-to-date symlink: /home/imml/git/ROB_534_Project/install/ur_controllers/include/ur_controllers/speed_scaling_state_broadcaster_parameters.hpp\n'}
[36.959305] (ur_controllers) StdoutLine: {'line': b'-- Up-to-date symlink: /home/imml/git/ROB_534_Project/install/ur_controllers/include/ur_controllers/gpio_controller_parameters.hpp\n'}
[36.959513] (ur_controllers) StdoutLine: {'line': b'-- Up-to-date symlink: /home/imml/git/ROB_534_Project/install/ur_controllers/include/ur_controllers/scaled_joint_trajectory_controller_parameters.hpp\n'}
[36.959620] (ur_controllers) StdoutLine: {'line': b'-- Up-to-date symlink: /home/imml/git/ROB_534_Project/install/ur_controllers/include/ur_controllers/speed_scaling_state_broadcaster_parameters.hpp\n'}
[36.959839] (ur_controllers) StdoutLine: {'line': b'-- Symlinking: /home/imml/git/ROB_534_Project/install/ur_controllers/share/ur_controllers//controller_plugins.xml\n'}
[36.983046] (ur_controllers) StdoutLine: {'line': b'-- Symlinking: /home/imml/git/ROB_534_Project/install/ur_controllers/lib/libur_controllers.so\n'}
[36.997032] (-) TimerEvent: {}
[37.006984] (ur_controllers) StdoutLine: {'line': b'-- Symlinking: /home/imml/git/ROB_534_Project/install/ur_controllers/include/ur_controllers/gpio_controller.hpp\n'}
[37.025968] (ur_controllers) StdoutLine: {'line': b'-- Symlinking: /home/imml/git/ROB_534_Project/install/ur_controllers/include/ur_controllers/scaled_joint_trajectory_controller.hpp\n'}
[37.042408] (ur_controllers) StdoutLine: {'line': b'-- Symlinking: /home/imml/git/ROB_534_Project/install/ur_controllers/include/ur_controllers/speed_scaling_state_broadcaster.hpp\n'}
[37.062830] (ur_controllers) StdoutLine: {'line': b'-- Up-to-date symlink: /home/imml/git/ROB_534_Project/install/ur_controllers/share/ur_controllers/controller_plugins.xml\n'}
[37.063417] (ur_controllers) StdoutLine: {'line': b'-- Symlinking: /home/imml/git/ROB_534_Project/install/ur_controllers/share/ur_controllers/environment/library_path.sh\n'}
[37.084830] (ur_controllers) StdoutLine: {'line': b'-- Symlinking: /home/imml/git/ROB_534_Project/install/ur_controllers/share/ur_controllers/environment/library_path.dsv\n'}
[37.098387] (-) TimerEvent: {}
[37.110598] (ur_controllers) StdoutLine: {'line': b'-- Symlinking: /home/imml/git/ROB_534_Project/install/ur_controllers/share/ament_index/resource_index/package_run_dependencies/ur_controllers\n'}
[37.134459] (ur_controllers) StdoutLine: {'line': b'-- Symlinking: /home/imml/git/ROB_534_Project/install/ur_controllers/share/ament_index/resource_index/parent_prefix_path/ur_controllers\n'}
[37.156330] (ur_controllers) StdoutLine: {'line': b'-- Symlinking: /home/imml/git/ROB_534_Project/install/ur_controllers/share/ur_controllers/environment/ament_prefix_path.sh\n'}
[37.176796] (ur_controllers) StdoutLine: {'line': b'-- Symlinking: /home/imml/git/ROB_534_Project/install/ur_controllers/share/ur_controllers/environment/ament_prefix_path.dsv\n'}
[37.195982] (ur_controllers) StdoutLine: {'line': b'-- Symlinking: /home/imml/git/ROB_534_Project/install/ur_controllers/share/ur_controllers/environment/path.sh\n'}
[37.199009] (-) TimerEvent: {}
[37.216515] (ur_controllers) StdoutLine: {'line': b'-- Symlinking: /home/imml/git/ROB_534_Project/install/ur_controllers/share/ur_controllers/environment/path.dsv\n'}
[37.238974] (ur_controllers) StdoutLine: {'line': b'-- Symlinking: /home/imml/git/ROB_534_Project/install/ur_controllers/share/ur_controllers/local_setup.bash\n'}
[37.258010] (ur_controllers) StdoutLine: {'line': b'-- Symlinking: /home/imml/git/ROB_534_Project/install/ur_controllers/share/ur_controllers/local_setup.sh\n'}
[37.280130] (ur_controllers) StdoutLine: {'line': b'-- Symlinking: /home/imml/git/ROB_534_Project/install/ur_controllers/share/ur_controllers/local_setup.zsh\n'}
[37.297510] (ur_controllers) StdoutLine: {'line': b'-- Symlinking: /home/imml/git/ROB_534_Project/install/ur_controllers/share/ur_controllers/local_setup.dsv\n'}
[37.299121] (-) TimerEvent: {}
[37.317342] (ur_controllers) StdoutLine: {'line': b'-- Symlinking: /home/imml/git/ROB_534_Project/install/ur_controllers/share/ur_controllers/package.dsv\n'}
[37.337075] (ur_controllers) StdoutLine: {'line': b'-- Symlinking: /home/imml/git/ROB_534_Project/install/ur_controllers/share/ament_index/resource_index/packages/ur_controllers\n'}
[37.356802] (ur_controllers) StdoutLine: {'line': b'-- Symlinking: /home/imml/git/ROB_534_Project/install/ur_controllers/share/ament_index/resource_index/controller_interface__pluginlib__plugin/ur_controllers\n'}
[37.377914] (ur_controllers) StdoutLine: {'line': b'-- Symlinking: /home/imml/git/ROB_534_Project/install/ur_controllers/share/ur_controllers/cmake/ament_cmake_export_dependencies-extras.cmake\n'}
[37.396881] (ur_controllers) StdoutLine: {'line': b'-- Symlinking: /home/imml/git/ROB_534_Project/install/ur_controllers/share/ur_controllers/cmake/ament_cmake_export_include_directories-extras.cmake\n'}
[37.399371] (-) TimerEvent: {}
[37.417317] (ur_controllers) StdoutLine: {'line': b'-- Symlinking: /home/imml/git/ROB_534_Project/install/ur_controllers/share/ur_controllers/cmake/ament_cmake_export_libraries-extras.cmake\n'}
[37.437187] (ur_controllers) StdoutLine: {'line': b'-- Symlinking: /home/imml/git/ROB_534_Project/install/ur_controllers/share/ur_controllers/cmake/ur_controllersConfig.cmake\n'}
[37.457769] (ur_controllers) StdoutLine: {'line': b'-- Symlinking: /home/imml/git/ROB_534_Project/install/ur_controllers/share/ur_controllers/cmake/ur_controllersConfig-version.cmake\n'}
[37.476964] (ur_controllers) StdoutLine: {'line': b'-- Symlinking: /home/imml/git/ROB_534_Project/install/ur_controllers/share/ur_controllers/package.xml\n'}
[37.498210] (realsense2_camera) StdoutLine: {'line': b'[ 86%] \x1b[32m\x1b[1mLinking CXX static library libgtest.a\x1b[0m\n'}
[37.500678] (-) TimerEvent: {}
[37.502706] (ur_controllers) CommandEnded: {'returncode': 0}
[37.533198] (ur_controllers) JobEnded: {'identifier': 'ur_controllers', 'rc': 0}
[37.536010] (ur_robot_driver) JobStarted: {'identifier': 'ur_robot_driver'}
[37.546193] (ur_bringup) JobStarted: {'identifier': 'ur_bringup'}
[37.564674] (ur_robot_driver) JobProgress: {'identifier': 'ur_robot_driver', 'progress': 'cmake'}
[37.565000] (ur_robot_driver) Command: {'cmd': ['/usr/bin/cmake', '/home/imml/git/ROB_534_Project/harvest_hardware/Universal_Robots_ROS2_Driver/ur_robot_driver', '-DAMENT_CMAKE_SYMLINK_INSTALL=1', '-DCMAKE_INSTALL_PREFIX=/home/imml/git/ROB_534_Project/install/ur_robot_driver'], 'cwd': '/home/imml/git/ROB_534_Project/build/ur_robot_driver', 'env': OrderedDict([('LESSOPEN', '| /usr/bin/lesspipe %s'), ('USER', 'imml'), ('XDG_SESSION_TYPE', 'wayland'), ('SHLVL', '1'), ('LD_LIBRARY_PATH', '/home/imml/git/ROB_534_Project/install/ur_controllers/lib:/home/imml/git/ROB_534_Project/install/ur_dashboard_msgs/lib:/opt/ros/humble/opt/rviz_ogre_vendor/lib:/opt/ros/humble/lib/x86_64-linux-gnu:/opt/ros/humble/lib'), ('HOME', '/home/imml'), ('OLDPWD', '/home/imml'), ('DESKTOP_SESSION', 'ubuntu'), ('ROS_PYTHON_VERSION', '3'), ('GNOME_SHELL_SESSION_MODE', 'ubuntu'), ('GTK_MODULES', 'gail:atk-bridge'), ('SYSTEMD_EXEC_PID', '35967'), ('DBUS_SESSION_BUS_ADDRESS', 'unix:path=/run/user/1000/bus'), ('COLORTERM', 'truecolor'), ('IM_CONFIG_PHASE', '1'), ('WAYLAND_DISPLAY', 'wayland-0'), ('ROS_DISTRO', 'humble'), ('LOGNAME', 'imml'), ('_', '/usr/bin/colcon'), ('ROS_VERSION', '2'), ('XDG_SESSION_CLASS', 'user'), ('USERNAME', 'imml'), ('TERM', 'xterm-256color'), ('GNOME_DESKTOP_SESSION_ID', 'this-is-deprecated'), ('ROS_LOCALHOST_ONLY', '0'), ('PATH', '/opt/ros/humble/bin:/home/imml/.local/bin:/usr/local/sbin:/usr/local/bin:/usr/sbin:/usr/bin:/sbin:/bin:/usr/games:/usr/local/games:/snap/bin:/snap/bin'), ('SESSION_MANAGER', 'local/imml-ROG-Zephyrus:@/tmp/.ICE-unix/1689,unix/imml-ROG-Zephyrus:/tmp/.ICE-unix/1689'), ('XDG_MENU_PREFIX', 'gnome-'), ('GNOME_TERMINAL_SCREEN', '/org/gnome/Terminal/screen/00ec7be0_5807_4f11_8254_b2b90de30782'), ('GNOME_SETUP_DISPLAY', ':1'), ('XDG_RUNTIME_DIR', '/run/user/1000'), ('DISPLAY', ':0'), ('LANG', 'en_US.UTF-8'), ('XDG_CURRENT_DESKTOP', 'ubuntu:GNOME'), ('XMODIFIERS', '@im=ibus'), ('XDG_SESSION_DESKTOP', 'ubuntu'), ('XAUTHORITY', '/run/user/1000/.mutter-Xwaylandauth.48T012'), ('LS_COLORS', 'rs=0:di=01;34:ln=01;36:mh=00:pi=40;33:so=01;35:do=01;35:bd=40;33;01:cd=40;33;01:or=40;31;01:mi=00:su=37;41:sg=30;43:ca=30;41:tw=30;42:ow=34;42:st=37;44:ex=01;32:*.tar=01;31:*.tgz=01;31:*.arc=01;31:*.arj=01;31:*.taz=01;31:*.lha=01;31:*.lz4=01;31:*.lzh=01;31:*.lzma=01;31:*.tlz=01;31:*.txz=01;31:*.tzo=01;31:*.t7z=01;31:*.zip=01;31:*.z=01;31:*.dz=01;31:*.gz=01;31:*.lrz=01;31:*.lz=01;31:*.lzo=01;31:*.xz=01;31:*.zst=01;31:*.tzst=01;31:*.bz2=01;31:*.bz=01;31:*.tbz=01;31:*.tbz2=01;31:*.tz=01;31:*.deb=01;31:*.rpm=01;31:*.jar=01;31:*.war=01;31:*.ear=01;31:*.sar=01;31:*.rar=01;31:*.alz=01;31:*.ace=01;31:*.zoo=01;31:*.cpio=01;31:*.7z=01;31:*.rz=01;31:*.cab=01;31:*.wim=01;31:*.swm=01;31:*.dwm=01;31:*.esd=01;31:*.jpg=01;35:*.jpeg=01;35:*.mjpg=01;35:*.mjpeg=01;35:*.gif=01;35:*.bmp=01;35:*.pbm=01;35:*.pgm=01;35:*.ppm=01;35:*.tga=01;35:*.xbm=01;35:*.xpm=01;35:*.tif=01;35:*.tiff=01;35:*.png=01;35:*.svg=01;35:*.svgz=01;35:*.mng=01;35:*.pcx=01;35:*.mov=01;35:*.mpg=01;35:*.mpeg=01;35:*.m2v=01;35:*.mkv=01;35:*.webm=01;35:*.webp=01;35:*.ogm=01;35:*.mp4=01;35:*.m4v=01;35:*.mp4v=01;35:*.vob=01;35:*.qt=01;35:*.nuv=01;35:*.wmv=01;35:*.asf=01;35:*.rm=01;35:*.rmvb=01;35:*.flc=01;35:*.avi=01;35:*.fli=01;35:*.flv=01;35:*.gl=01;35:*.dl=01;35:*.xcf=01;35:*.xwd=01;35:*.yuv=01;35:*.cgm=01;35:*.emf=01;35:*.ogv=01;35:*.ogx=01;35:*.aac=00;36:*.au=00;36:*.flac=00;36:*.m4a=00;36:*.mid=00;36:*.midi=00;36:*.mka=00;36:*.mp3=00;36:*.mpc=00;36:*.ogg=00;36:*.ra=00;36:*.wav=00;36:*.oga=00;36:*.opus=00;36:*.spx=00;36:*.xspf=00;36:'), ('GNOME_TERMINAL_SERVICE', ':1.315'), ('SSH_AGENT_LAUNCHER', 'gnome-keyring'), ('SSH_AUTH_SOCK', '/run/user/1000/keyring/ssh'), ('AMENT_PREFIX_PATH', '/home/imml/git/ROB_534_Project/install/ur_controllers:/home/imml/git/ROB_534_Project/install/ur_description:/home/imml/git/ROB_534_Project/install/ur_dashboard_msgs:/opt/ros/humble'), ('SHELL', '/bin/bash'), ('QT_ACCESSIBILITY', '1'), ('GDMSESSION', 'ubuntu'), ('LESSCLOSE', '/usr/bin/lesspipe %s %s'), ('QT_IM_MODULE', 'ibus'), ('PWD', '/home/imml/git/ROB_534_Project/build/ur_robot_driver'), ('LC_ALL', 'en_US.UTF-8'), ('XDG_CONFIG_DIRS', '/etc/xdg/xdg-ubuntu:/etc/xdg'), ('XDG_DATA_DIRS', '/usr/share/ubuntu:/usr/local/share/:/usr/share/:/var/lib/snapd/desktop'), ('PYTHONPATH', '/home/imml/git/ROB_534_Project/install/ur_dashboard_msgs/local/lib/python3.10/dist-packages:/opt/ros/humble/lib/python3.10/site-packages:/opt/ros/humble/local/lib/python3.10/dist-packages'), ('COLCON', '1'), ('VTE_VERSION', '6800'), ('CMAKE_PREFIX_PATH', '/home/imml/git/ROB_534_Project/install/ur_controllers:/home/imml/git/ROB_534_Project/install/ur_description:/home/imml/git/ROB_534_Project/install/ur_dashboard_msgs:/opt/ros/humble')]), 'shell': False}
[37.568849] (ur_bringup) JobProgress: {'identifier': 'ur_bringup', 'progress': 'cmake'}
[37.571109] (ur_bringup) Command: {'cmd': ['/usr/bin/cmake', '/home/imml/git/ROB_534_Project/harvest_hardware/Universal_Robots_ROS2_Driver/ur_bringup', '-DAMENT_CMAKE_SYMLINK_INSTALL=1', '-DCMAKE_INSTALL_PREFIX=/home/imml/git/ROB_534_Project/install/ur_bringup'], 'cwd': '/home/imml/git/ROB_534_Project/build/ur_bringup', 'env': OrderedDict([('LESSOPEN', '| /usr/bin/lesspipe %s'), ('USER', 'imml'), ('XDG_SESSION_TYPE', 'wayland'), ('SHLVL', '1'), ('LD_LIBRARY_PATH', '/home/imml/git/ROB_534_Project/install/ur_controllers/lib:/home/imml/git/ROB_534_Project/install/ur_dashboard_msgs/lib:/opt/ros/humble/opt/rviz_ogre_vendor/lib:/opt/ros/humble/lib/x86_64-linux-gnu:/opt/ros/humble/lib'), ('HOME', '/home/imml'), ('OLDPWD', '/home/imml'), ('DESKTOP_SESSION', 'ubuntu'), ('ROS_PYTHON_VERSION', '3'), ('GNOME_SHELL_SESSION_MODE', 'ubuntu'), ('GTK_MODULES', 'gail:atk-bridge'), ('SYSTEMD_EXEC_PID', '35967'), ('DBUS_SESSION_BUS_ADDRESS', 'unix:path=/run/user/1000/bus'), ('COLORTERM', 'truecolor'), ('IM_CONFIG_PHASE', '1'), ('WAYLAND_DISPLAY', 'wayland-0'), ('ROS_DISTRO', 'humble'), ('LOGNAME', 'imml'), ('_', '/usr/bin/colcon'), ('ROS_VERSION', '2'), ('XDG_SESSION_CLASS', 'user'), ('USERNAME', 'imml'), ('TERM', 'xterm-256color'), ('GNOME_DESKTOP_SESSION_ID', 'this-is-deprecated'), ('ROS_LOCALHOST_ONLY', '0'), ('PATH', '/opt/ros/humble/bin:/home/imml/.local/bin:/usr/local/sbin:/usr/local/bin:/usr/sbin:/usr/bin:/sbin:/bin:/usr/games:/usr/local/games:/snap/bin:/snap/bin'), ('SESSION_MANAGER', 'local/imml-ROG-Zephyrus:@/tmp/.ICE-unix/1689,unix/imml-ROG-Zephyrus:/tmp/.ICE-unix/1689'), ('XDG_MENU_PREFIX', 'gnome-'), ('GNOME_TERMINAL_SCREEN', '/org/gnome/Terminal/screen/00ec7be0_5807_4f11_8254_b2b90de30782'), ('GNOME_SETUP_DISPLAY', ':1'), ('XDG_RUNTIME_DIR', '/run/user/1000'), ('DISPLAY', ':0'), ('LANG', 'en_US.UTF-8'), ('XDG_CURRENT_DESKTOP', 'ubuntu:GNOME'), ('XMODIFIERS', '@im=ibus'), ('XDG_SESSION_DESKTOP', 'ubuntu'), ('XAUTHORITY', '/run/user/1000/.mutter-Xwaylandauth.48T012'), ('LS_COLORS', 'rs=0:di=01;34:ln=01;36:mh=00:pi=40;33:so=01;35:do=01;35:bd=40;33;01:cd=40;33;01:or=40;31;01:mi=00:su=37;41:sg=30;43:ca=30;41:tw=30;42:ow=34;42:st=37;44:ex=01;32:*.tar=01;31:*.tgz=01;31:*.arc=01;31:*.arj=01;31:*.taz=01;31:*.lha=01;31:*.lz4=01;31:*.lzh=01;31:*.lzma=01;31:*.tlz=01;31:*.txz=01;31:*.tzo=01;31:*.t7z=01;31:*.zip=01;31:*.z=01;31:*.dz=01;31:*.gz=01;31:*.lrz=01;31:*.lz=01;31:*.lzo=01;31:*.xz=01;31:*.zst=01;31:*.tzst=01;31:*.bz2=01;31:*.bz=01;31:*.tbz=01;31:*.tbz2=01;31:*.tz=01;31:*.deb=01;31:*.rpm=01;31:*.jar=01;31:*.war=01;31:*.ear=01;31:*.sar=01;31:*.rar=01;31:*.alz=01;31:*.ace=01;31:*.zoo=01;31:*.cpio=01;31:*.7z=01;31:*.rz=01;31:*.cab=01;31:*.wim=01;31:*.swm=01;31:*.dwm=01;31:*.esd=01;31:*.jpg=01;35:*.jpeg=01;35:*.mjpg=01;35:*.mjpeg=01;35:*.gif=01;35:*.bmp=01;35:*.pbm=01;35:*.pgm=01;35:*.ppm=01;35:*.tga=01;35:*.xbm=01;35:*.xpm=01;35:*.tif=01;35:*.tiff=01;35:*.png=01;35:*.svg=01;35:*.svgz=01;35:*.mng=01;35:*.pcx=01;35:*.mov=01;35:*.mpg=01;35:*.mpeg=01;35:*.m2v=01;35:*.mkv=01;35:*.webm=01;35:*.webp=01;35:*.ogm=01;35:*.mp4=01;35:*.m4v=01;35:*.mp4v=01;35:*.vob=01;35:*.qt=01;35:*.nuv=01;35:*.wmv=01;35:*.asf=01;35:*.rm=01;35:*.rmvb=01;35:*.flc=01;35:*.avi=01;35:*.fli=01;35:*.flv=01;35:*.gl=01;35:*.dl=01;35:*.xcf=01;35:*.xwd=01;35:*.yuv=01;35:*.cgm=01;35:*.emf=01;35:*.ogv=01;35:*.ogx=01;35:*.aac=00;36:*.au=00;36:*.flac=00;36:*.m4a=00;36:*.mid=00;36:*.midi=00;36:*.mka=00;36:*.mp3=00;36:*.mpc=00;36:*.ogg=00;36:*.ra=00;36:*.wav=00;36:*.oga=00;36:*.opus=00;36:*.spx=00;36:*.xspf=00;36:'), ('GNOME_TERMINAL_SERVICE', ':1.315'), ('SSH_AGENT_LAUNCHER', 'gnome-keyring'), ('SSH_AUTH_SOCK', '/run/user/1000/keyring/ssh'), ('AMENT_PREFIX_PATH', '/home/imml/git/ROB_534_Project/install/ur_controllers:/home/imml/git/ROB_534_Project/install/ur_description:/home/imml/git/ROB_534_Project/install/ur_dashboard_msgs:/opt/ros/humble'), ('SHELL', '/bin/bash'), ('QT_ACCESSIBILITY', '1'), ('GDMSESSION', 'ubuntu'), ('LESSCLOSE', '/usr/bin/lesspipe %s %s'), ('QT_IM_MODULE', 'ibus'), ('PWD', '/home/imml/git/ROB_534_Project/build/ur_bringup'), ('LC_ALL', 'en_US.UTF-8'), ('XDG_CONFIG_DIRS', '/etc/xdg/xdg-ubuntu:/etc/xdg'), ('XDG_DATA_DIRS', '/usr/share/ubuntu:/usr/local/share/:/usr/share/:/var/lib/snapd/desktop'), ('PYTHONPATH', '/home/imml/git/ROB_534_Project/install/ur_dashboard_msgs/local/lib/python3.10/dist-packages:/opt/ros/humble/lib/python3.10/site-packages:/opt/ros/humble/local/lib/python3.10/dist-packages'), ('COLCON', '1'), ('VTE_VERSION', '6800'), ('CMAKE_PREFIX_PATH', '/home/imml/git/ROB_534_Project/install/ur_controllers:/home/imml/git/ROB_534_Project/install/ur_description:/home/imml/git/ROB_534_Project/install/ur_dashboard_msgs:/opt/ros/humble')]), 'shell': False}
[37.578359] (realsense2_camera) StdoutLine: {'line': b'[ 86%] Built target gtest\n'}
[37.600857] (-) TimerEvent: {}
[37.620180] (realsense2_camera) StdoutLine: {'line': b'[ 90%] \x1b[32mBuilding CXX object CMakeFiles/gtest_template.dir/test/gtest_template.cpp.o\x1b[0m\n'}
[37.676363] (ur_robot_driver) StdoutLine: {'line': b'-- The C compiler identification is GNU 11.4.0\n'}
[37.681956] (ur_bringup) StdoutLine: {'line': b'-- The C compiler identification is GNU 11.4.0\n'}
[37.702391] (-) TimerEvent: {}
[37.787492] (ur_robot_driver) StdoutLine: {'line': b'-- The CXX compiler identification is GNU 11.4.0\n'}
[37.796885] (ur_bringup) StdoutLine: {'line': b'-- The CXX compiler identification is GNU 11.4.0\n'}
[37.802513] (-) TimerEvent: {}
[37.812372] (ur_bringup) StdoutLine: {'line': b'-- Detecting C compiler ABI info\n'}
[37.819825] (ur_robot_driver) StdoutLine: {'line': b'-- Detecting C compiler ABI info\n'}
[37.902681] (-) TimerEvent: {}
[37.969212] (ur_bringup) StdoutLine: {'line': b'-- Detecting C compiler ABI info - done\n'}
[37.988913] (ur_bringup) StdoutLine: {'line': b'-- Check for working C compiler: /usr/bin/cc - skipped\n'}
[37.990474] (ur_bringup) StdoutLine: {'line': b'-- Detecting C compile features\n'}
[37.990810] (ur_bringup) StdoutLine: {'line': b'-- Detecting C compile features - done\n'}
[37.996960] (ur_bringup) StdoutLine: {'line': b'-- Detecting CXX compiler ABI info\n'}
[38.003689] (-) TimerEvent: {}
[38.010379] (ur_robot_driver) StdoutLine: {'line': b'-- Detecting C compiler ABI info - done\n'}
[38.026128] (ur_robot_driver) StdoutLine: {'line': b'-- Check for working C compiler: /usr/bin/cc - skipped\n'}
[38.027019] (ur_robot_driver) StdoutLine: {'line': b'-- Detecting C compile features\n'}
[38.032787] (ur_robot_driver) StdoutLine: {'line': b'-- Detecting C compile features - done\n'}
[38.033170] (ur_robot_driver) StdoutLine: {'line': b'-- Detecting CXX compiler ABI info\n'}
[38.104548] (-) TimerEvent: {}
[38.186473] (ur_bringup) StdoutLine: {'line': b'-- Detecting CXX compiler ABI info - done\n'}
[38.197287] (ur_bringup) StdoutLine: {'line': b'-- Check for working CXX compiler: /usr/bin/c++ - skipped\n'}
[38.197913] (ur_bringup) StdoutLine: {'line': b'-- Detecting CXX compile features\n'}
[38.200040] (ur_bringup) StdoutLine: {'line': b'-- Detecting CXX compile features - done\n'}
[38.204804] (-) TimerEvent: {}
[38.213375] (ur_bringup) StdoutLine: {'line': b'-- Found ament_cmake: 1.3.11 (/opt/ros/humble/share/ament_cmake/cmake)\n'}
[38.222106] (ur_robot_driver) StdoutLine: {'line': b'-- Detecting CXX compiler ABI info - done\n'}
[38.234466] (ur_robot_driver) StdoutLine: {'line': b'-- Check for working CXX compiler: /usr/bin/c++ - skipped\n'}
[38.234889] (ur_robot_driver) StdoutLine: {'line': b'-- Detecting CXX compile features\n'}
[38.235037] (ur_robot_driver) StdoutLine: {'line': b'-- Detecting CXX compile features - done\n'}
[38.238409] (ur_robot_driver) StderrLine: {'line': b"\x1b[0mur_robot_driver: You did not request a specific build type: selecting 'RelWithDebInfo'.\x1b[0m\n"}
[38.240522] (ur_robot_driver) StdoutLine: {'line': b'-- Found ament_cmake: 1.3.11 (/opt/ros/humble/share/ament_cmake/cmake)\n'}
[38.304910] (-) TimerEvent: {}
[38.406457] (-) TimerEvent: {}
[38.507025] (-) TimerEvent: {}
[38.512417] (ur_bringup) StdoutLine: {'line': b'-- Found Python3: /usr/bin/python3 (found version "3.10.12") found components: Interpreter \n'}
[38.574442] (ur_robot_driver) StdoutLine: {'line': b'-- Found Python3: /usr/bin/python3 (found version "3.10.12") found components: Interpreter \n'}
[38.607141] (-) TimerEvent: {}
[38.673475] (ur_bringup) StdoutLine: {'line': b'-- Override CMake install command with custom implementation using symlinks instead of copying resources\n'}
[38.707342] (-) TimerEvent: {}
[38.729085] (ur_robot_driver) StdoutLine: {'line': b'-- Override CMake install command with custom implementation using symlinks instead of copying resources\n'}
[38.791371] (ur_robot_driver) StdoutLine: {'line': b'-- Found controller_manager: 2.48.0 (/opt/ros/humble/share/controller_manager/cmake)\n'}
[38.807473] (-) TimerEvent: {}
[38.877425] (ur_robot_driver) StdoutLine: {'line': b'-- Found rosidl_generator_c: 3.1.6 (/opt/ros/humble/share/rosidl_generator_c/cmake)\n'}
[38.886225] (ur_robot_driver) StdoutLine: {'line': b'-- Found rosidl_adapter: 3.1.6 (/opt/ros/humble/share/rosidl_adapter/cmake)\n'}
[38.900985] (ur_robot_driver) StdoutLine: {'line': b'-- Found rosidl_generator_cpp: 3.1.6 (/opt/ros/humble/share/rosidl_generator_cpp/cmake)\n'}
[38.901341] (ur_bringup) StdoutLine: {'line': b'-- Configuring done\n'}
[38.906470] (ur_bringup) StdoutLine: {'line': b'-- Generating done\n'}
[38.907953] (ur_bringup) StdoutLine: {'line': b'-- Build files have been written to: /home/imml/git/ROB_534_Project/build/ur_bringup\n'}
[38.908185] (-) TimerEvent: {}
[38.919280] (ur_bringup) CommandEnded: {'returncode': 0}
[38.921616] (ur_bringup) JobProgress: {'identifier': 'ur_bringup', 'progress': 'build'}
[38.921680] (ur_bringup) Command: {'cmd': ['/usr/bin/cmake', '--build', '/home/imml/git/ROB_534_Project/build/ur_bringup', '--', '-j16', '-l16'], 'cwd': '/home/imml/git/ROB_534_Project/build/ur_bringup', 'env': OrderedDict([('LESSOPEN', '| /usr/bin/lesspipe %s'), ('USER', 'imml'), ('XDG_SESSION_TYPE', 'wayland'), ('SHLVL', '1'), ('LD_LIBRARY_PATH', '/home/imml/git/ROB_534_Project/install/ur_controllers/lib:/home/imml/git/ROB_534_Project/install/ur_dashboard_msgs/lib:/opt/ros/humble/opt/rviz_ogre_vendor/lib:/opt/ros/humble/lib/x86_64-linux-gnu:/opt/ros/humble/lib'), ('HOME', '/home/imml'), ('OLDPWD', '/home/imml'), ('DESKTOP_SESSION', 'ubuntu'), ('ROS_PYTHON_VERSION', '3'), ('GNOME_SHELL_SESSION_MODE', 'ubuntu'), ('GTK_MODULES', 'gail:atk-bridge'), ('SYSTEMD_EXEC_PID', '35967'), ('DBUS_SESSION_BUS_ADDRESS', 'unix:path=/run/user/1000/bus'), ('COLORTERM', 'truecolor'), ('IM_CONFIG_PHASE', '1'), ('WAYLAND_DISPLAY', 'wayland-0'), ('ROS_DISTRO', 'humble'), ('LOGNAME', 'imml'), ('_', '/usr/bin/colcon'), ('ROS_VERSION', '2'), ('XDG_SESSION_CLASS', 'user'), ('USERNAME', 'imml'), ('TERM', 'xterm-256color'), ('GNOME_DESKTOP_SESSION_ID', 'this-is-deprecated'), ('ROS_LOCALHOST_ONLY', '0'), ('PATH', '/opt/ros/humble/bin:/home/imml/.local/bin:/usr/local/sbin:/usr/local/bin:/usr/sbin:/usr/bin:/sbin:/bin:/usr/games:/usr/local/games:/snap/bin:/snap/bin'), ('SESSION_MANAGER', 'local/imml-ROG-Zephyrus:@/tmp/.ICE-unix/1689,unix/imml-ROG-Zephyrus:/tmp/.ICE-unix/1689'), ('XDG_MENU_PREFIX', 'gnome-'), ('GNOME_TERMINAL_SCREEN', '/org/gnome/Terminal/screen/00ec7be0_5807_4f11_8254_b2b90de30782'), ('GNOME_SETUP_DISPLAY', ':1'), ('XDG_RUNTIME_DIR', '/run/user/1000'), ('DISPLAY', ':0'), ('LANG', 'en_US.UTF-8'), ('XDG_CURRENT_DESKTOP', 'ubuntu:GNOME'), ('XMODIFIERS', '@im=ibus'), ('XDG_SESSION_DESKTOP', 'ubuntu'), ('XAUTHORITY', '/run/user/1000/.mutter-Xwaylandauth.48T012'), ('LS_COLORS', 'rs=0:di=01;34:ln=01;36:mh=00:pi=40;33:so=01;35:do=01;35:bd=40;33;01:cd=40;33;01:or=40;31;01:mi=00:su=37;41:sg=30;43:ca=30;41:tw=30;42:ow=34;42:st=37;44:ex=01;32:*.tar=01;31:*.tgz=01;31:*.arc=01;31:*.arj=01;31:*.taz=01;31:*.lha=01;31:*.lz4=01;31:*.lzh=01;31:*.lzma=01;31:*.tlz=01;31:*.txz=01;31:*.tzo=01;31:*.t7z=01;31:*.zip=01;31:*.z=01;31:*.dz=01;31:*.gz=01;31:*.lrz=01;31:*.lz=01;31:*.lzo=01;31:*.xz=01;31:*.zst=01;31:*.tzst=01;31:*.bz2=01;31:*.bz=01;31:*.tbz=01;31:*.tbz2=01;31:*.tz=01;31:*.deb=01;31:*.rpm=01;31:*.jar=01;31:*.war=01;31:*.ear=01;31:*.sar=01;31:*.rar=01;31:*.alz=01;31:*.ace=01;31:*.zoo=01;31:*.cpio=01;31:*.7z=01;31:*.rz=01;31:*.cab=01;31:*.wim=01;31:*.swm=01;31:*.dwm=01;31:*.esd=01;31:*.jpg=01;35:*.jpeg=01;35:*.mjpg=01;35:*.mjpeg=01;35:*.gif=01;35:*.bmp=01;35:*.pbm=01;35:*.pgm=01;35:*.ppm=01;35:*.tga=01;35:*.xbm=01;35:*.xpm=01;35:*.tif=01;35:*.tiff=01;35:*.png=01;35:*.svg=01;35:*.svgz=01;35:*.mng=01;35:*.pcx=01;35:*.mov=01;35:*.mpg=01;35:*.mpeg=01;35:*.m2v=01;35:*.mkv=01;35:*.webm=01;35:*.webp=01;35:*.ogm=01;35:*.mp4=01;35:*.m4v=01;35:*.mp4v=01;35:*.vob=01;35:*.qt=01;35:*.nuv=01;35:*.wmv=01;35:*.asf=01;35:*.rm=01;35:*.rmvb=01;35:*.flc=01;35:*.avi=01;35:*.fli=01;35:*.flv=01;35:*.gl=01;35:*.dl=01;35:*.xcf=01;35:*.xwd=01;35:*.yuv=01;35:*.cgm=01;35:*.emf=01;35:*.ogv=01;35:*.ogx=01;35:*.aac=00;36:*.au=00;36:*.flac=00;36:*.m4a=00;36:*.mid=00;36:*.midi=00;36:*.mka=00;36:*.mp3=00;36:*.mpc=00;36:*.ogg=00;36:*.ra=00;36:*.wav=00;36:*.oga=00;36:*.opus=00;36:*.spx=00;36:*.xspf=00;36:'), ('GNOME_TERMINAL_SERVICE', ':1.315'), ('SSH_AGENT_LAUNCHER', 'gnome-keyring'), ('SSH_AUTH_SOCK', '/run/user/1000/keyring/ssh'), ('AMENT_PREFIX_PATH', '/home/imml/git/ROB_534_Project/install/ur_controllers:/home/imml/git/ROB_534_Project/install/ur_description:/home/imml/git/ROB_534_Project/install/ur_dashboard_msgs:/opt/ros/humble'), ('SHELL', '/bin/bash'), ('QT_ACCESSIBILITY', '1'), ('GDMSESSION', 'ubuntu'), ('LESSCLOSE', '/usr/bin/lesspipe %s %s'), ('QT_IM_MODULE', 'ibus'), ('PWD', '/home/imml/git/ROB_534_Project/build/ur_bringup'), ('LC_ALL', 'en_US.UTF-8'), ('XDG_CONFIG_DIRS', '/etc/xdg/xdg-ubuntu:/etc/xdg'), ('XDG_DATA_DIRS', '/usr/share/ubuntu:/usr/local/share/:/usr/share/:/var/lib/snapd/desktop'), ('PYTHONPATH', '/home/imml/git/ROB_534_Project/install/ur_dashboard_msgs/local/lib/python3.10/dist-packages:/opt/ros/humble/lib/python3.10/site-packages:/opt/ros/humble/local/lib/python3.10/dist-packages'), ('COLCON', '1'), ('VTE_VERSION', '6800'), ('CMAKE_PREFIX_PATH', '/home/imml/git/ROB_534_Project/install/ur_controllers:/home/imml/git/ROB_534_Project/install/ur_description:/home/imml/git/ROB_534_Project/install/ur_dashboard_msgs:/opt/ros/humble')]), 'shell': False}
[38.923075] (ur_robot_driver) StdoutLine: {'line': b'-- Using all available rosidl_typesupport_c: rosidl_typesupport_fastrtps_c;rosidl_typesupport_introspection_c\n'}
[38.949584] (ur_robot_driver) StdoutLine: {'line': b'-- Using all available rosidl_typesupport_cpp: rosidl_typesupport_fastrtps_cpp;rosidl_typesupport_introspection_cpp\n'}
[39.001355] (ur_bringup) CommandEnded: {'returncode': 0}
[39.003083] (ur_bringup) JobProgress: {'identifier': 'ur_bringup', 'progress': 'install'}
[39.004060] (ur_bringup) Command: {'cmd': ['/usr/bin/cmake', '--install', '/home/imml/git/ROB_534_Project/build/ur_bringup'], 'cwd': '/home/imml/git/ROB_534_Project/build/ur_bringup', 'env': OrderedDict([('LESSOPEN', '| /usr/bin/lesspipe %s'), ('USER', 'imml'), ('XDG_SESSION_TYPE', 'wayland'), ('SHLVL', '1'), ('LD_LIBRARY_PATH', '/home/imml/git/ROB_534_Project/install/ur_controllers/lib:/home/imml/git/ROB_534_Project/install/ur_dashboard_msgs/lib:/opt/ros/humble/opt/rviz_ogre_vendor/lib:/opt/ros/humble/lib/x86_64-linux-gnu:/opt/ros/humble/lib'), ('HOME', '/home/imml'), ('OLDPWD', '/home/imml'), ('DESKTOP_SESSION', 'ubuntu'), ('ROS_PYTHON_VERSION', '3'), ('GNOME_SHELL_SESSION_MODE', 'ubuntu'), ('GTK_MODULES', 'gail:atk-bridge'), ('SYSTEMD_EXEC_PID', '35967'), ('DBUS_SESSION_BUS_ADDRESS', 'unix:path=/run/user/1000/bus'), ('COLORTERM', 'truecolor'), ('IM_CONFIG_PHASE', '1'), ('WAYLAND_DISPLAY', 'wayland-0'), ('ROS_DISTRO', 'humble'), ('LOGNAME', 'imml'), ('_', '/usr/bin/colcon'), ('ROS_VERSION', '2'), ('XDG_SESSION_CLASS', 'user'), ('USERNAME', 'imml'), ('TERM', 'xterm-256color'), ('GNOME_DESKTOP_SESSION_ID', 'this-is-deprecated'), ('ROS_LOCALHOST_ONLY', '0'), ('PATH', '/opt/ros/humble/bin:/home/imml/.local/bin:/usr/local/sbin:/usr/local/bin:/usr/sbin:/usr/bin:/sbin:/bin:/usr/games:/usr/local/games:/snap/bin:/snap/bin'), ('SESSION_MANAGER', 'local/imml-ROG-Zephyrus:@/tmp/.ICE-unix/1689,unix/imml-ROG-Zephyrus:/tmp/.ICE-unix/1689'), ('XDG_MENU_PREFIX', 'gnome-'), ('GNOME_TERMINAL_SCREEN', '/org/gnome/Terminal/screen/00ec7be0_5807_4f11_8254_b2b90de30782'), ('GNOME_SETUP_DISPLAY', ':1'), ('XDG_RUNTIME_DIR', '/run/user/1000'), ('DISPLAY', ':0'), ('LANG', 'en_US.UTF-8'), ('XDG_CURRENT_DESKTOP', 'ubuntu:GNOME'), ('XMODIFIERS', '@im=ibus'), ('XDG_SESSION_DESKTOP', 'ubuntu'), ('XAUTHORITY', '/run/user/1000/.mutter-Xwaylandauth.48T012'), ('LS_COLORS', 'rs=0:di=01;34:ln=01;36:mh=00:pi=40;33:so=01;35:do=01;35:bd=40;33;01:cd=40;33;01:or=40;31;01:mi=00:su=37;41:sg=30;43:ca=30;41:tw=30;42:ow=34;42:st=37;44:ex=01;32:*.tar=01;31:*.tgz=01;31:*.arc=01;31:*.arj=01;31:*.taz=01;31:*.lha=01;31:*.lz4=01;31:*.lzh=01;31:*.lzma=01;31:*.tlz=01;31:*.txz=01;31:*.tzo=01;31:*.t7z=01;31:*.zip=01;31:*.z=01;31:*.dz=01;31:*.gz=01;31:*.lrz=01;31:*.lz=01;31:*.lzo=01;31:*.xz=01;31:*.zst=01;31:*.tzst=01;31:*.bz2=01;31:*.bz=01;31:*.tbz=01;31:*.tbz2=01;31:*.tz=01;31:*.deb=01;31:*.rpm=01;31:*.jar=01;31:*.war=01;31:*.ear=01;31:*.sar=01;31:*.rar=01;31:*.alz=01;31:*.ace=01;31:*.zoo=01;31:*.cpio=01;31:*.7z=01;31:*.rz=01;31:*.cab=01;31:*.wim=01;31:*.swm=01;31:*.dwm=01;31:*.esd=01;31:*.jpg=01;35:*.jpeg=01;35:*.mjpg=01;35:*.mjpeg=01;35:*.gif=01;35:*.bmp=01;35:*.pbm=01;35:*.pgm=01;35:*.ppm=01;35:*.tga=01;35:*.xbm=01;35:*.xpm=01;35:*.tif=01;35:*.tiff=01;35:*.png=01;35:*.svg=01;35:*.svgz=01;35:*.mng=01;35:*.pcx=01;35:*.mov=01;35:*.mpg=01;35:*.mpeg=01;35:*.m2v=01;35:*.mkv=01;35:*.webm=01;35:*.webp=01;35:*.ogm=01;35:*.mp4=01;35:*.m4v=01;35:*.mp4v=01;35:*.vob=01;35:*.qt=01;35:*.nuv=01;35:*.wmv=01;35:*.asf=01;35:*.rm=01;35:*.rmvb=01;35:*.flc=01;35:*.avi=01;35:*.fli=01;35:*.flv=01;35:*.gl=01;35:*.dl=01;35:*.xcf=01;35:*.xwd=01;35:*.yuv=01;35:*.cgm=01;35:*.emf=01;35:*.ogv=01;35:*.ogx=01;35:*.aac=00;36:*.au=00;36:*.flac=00;36:*.m4a=00;36:*.mid=00;36:*.midi=00;36:*.mka=00;36:*.mp3=00;36:*.mpc=00;36:*.ogg=00;36:*.ra=00;36:*.wav=00;36:*.oga=00;36:*.opus=00;36:*.spx=00;36:*.xspf=00;36:'), ('GNOME_TERMINAL_SERVICE', ':1.315'), ('SSH_AGENT_LAUNCHER', 'gnome-keyring'), ('SSH_AUTH_SOCK', '/run/user/1000/keyring/ssh'), ('AMENT_PREFIX_PATH', '/home/imml/git/ROB_534_Project/install/ur_controllers:/home/imml/git/ROB_534_Project/install/ur_description:/home/imml/git/ROB_534_Project/install/ur_dashboard_msgs:/opt/ros/humble'), ('SHELL', '/bin/bash'), ('QT_ACCESSIBILITY', '1'), ('GDMSESSION', 'ubuntu'), ('LESSCLOSE', '/usr/bin/lesspipe %s %s'), ('QT_IM_MODULE', 'ibus'), ('PWD', '/home/imml/git/ROB_534_Project/build/ur_bringup'), ('LC_ALL', 'en_US.UTF-8'), ('XDG_CONFIG_DIRS', '/etc/xdg/xdg-ubuntu:/etc/xdg'), ('XDG_DATA_DIRS', '/usr/share/ubuntu:/usr/local/share/:/usr/share/:/var/lib/snapd/desktop'), ('PYTHONPATH', '/home/imml/git/ROB_534_Project/install/ur_dashboard_msgs/local/lib/python3.10/dist-packages:/opt/ros/humble/lib/python3.10/site-packages:/opt/ros/humble/local/lib/python3.10/dist-packages'), ('COLCON', '1'), ('VTE_VERSION', '6800'), ('CMAKE_PREFIX_PATH', '/home/imml/git/ROB_534_Project/install/ur_controllers:/home/imml/git/ROB_534_Project/install/ur_description:/home/imml/git/ROB_534_Project/install/ur_dashboard_msgs:/opt/ros/humble')]), 'shell': False}
[39.008360] (-) TimerEvent: {}
[39.017403] (ur_bringup) StdoutLine: {'line': b'-- Install configuration: ""\n'}
[39.017839] (ur_bringup) StdoutLine: {'line': b'-- Execute custom install script\n'}
[39.018785] (ur_bringup) StdoutLine: {'line': b'-- Symlinking: /home/imml/git/ROB_534_Project/install/ur_bringup/share/ur_bringup/config/test_goal_publishers_config.yaml\n'}
[39.030258] (realsense2_camera) StdoutLine: {'line': b'[ 95%] \x1b[32m\x1b[1mLinking CXX executable gtest_template\x1b[0m\n'}
[39.032528] (ur_bringup) StdoutLine: {'line': b'-- Symlinking: /home/imml/git/ROB_534_Project/install/ur_bringup/share/ur_bringup/config/test_velocity_goal_publishers_config.yaml\n'}
[39.050918] (ur_bringup) StdoutLine: {'line': b'-- Symlinking: /home/imml/git/ROB_534_Project/install/ur_bringup/share/ur_bringup/config/ur10_update_rate.yaml\n'}
[39.068677] (ur_bringup) StdoutLine: {'line': b'-- Symlinking: /home/imml/git/ROB_534_Project/install/ur_bringup/share/ur_bringup/config/ur10e_update_rate.yaml\n'}
[39.088593] (ur_bringup) StdoutLine: {'line': b'-- Symlinking: /home/imml/git/ROB_534_Project/install/ur_bringup/share/ur_bringup/config/ur16e_update_rate.yaml\n'}
[39.107108] (ur_bringup) StdoutLine: {'line': b'-- Symlinking: /home/imml/git/ROB_534_Project/install/ur_bringup/share/ur_bringup/config/ur3_update_rate.yaml\n'}
[39.111409] (-) TimerEvent: {}
[39.127192] (ur_bringup) StdoutLine: {'line': b'-- Symlinking: /home/imml/git/ROB_534_Project/install/ur_bringup/share/ur_bringup/config/ur3e_update_rate.yaml\n'}
[39.145502] (ur_bringup) StdoutLine: {'line': b'-- Symlinking: /home/imml/git/ROB_534_Project/install/ur_bringup/share/ur_bringup/config/ur5_update_rate.yaml\n'}
[39.168511] (ur_bringup) StdoutLine: {'line': b'-- Symlinking: /home/imml/git/ROB_534_Project/install/ur_bringup/share/ur_bringup/config/ur5e_update_rate.yaml\n'}
[39.186228] (ur_bringup) StdoutLine: {'line': b'-- Symlinking: /home/imml/git/ROB_534_Project/install/ur_bringup/share/ur_bringup/config/ur_controllers.yaml\n'}
[39.208451] (ur_bringup) StdoutLine: {'line': b'-- Symlinking: /home/imml/git/ROB_534_Project/install/ur_bringup/share/ur_bringup/launch/test_forward_velocity_controller.launch.py\n'}
[39.211711] (-) TimerEvent: {}
[39.226621] (ur_bringup) StdoutLine: {'line': b'-- Symlinking: /home/imml/git/ROB_534_Project/install/ur_bringup/share/ur_bringup/launch/test_joint_trajectory_controller.launch.py\n'}
[39.248411] (ur_bringup) StdoutLine: {'line': b'-- Symlinking: /home/imml/git/ROB_534_Project/install/ur_bringup/share/ur_bringup/launch/test_scaled_joint_trajectory_controller.launch.py\n'}
[39.255513] (ur_robot_driver) StdoutLine: {'line': b'-- Found rmw_implementation_cmake: 6.1.2 (/opt/ros/humble/share/rmw_implementation_cmake/cmake)\n'}
[39.261150] (ur_robot_driver) StdoutLine: {'line': b'-- Found rmw_fastrtps_cpp: 6.2.7 (/opt/ros/humble/share/rmw_fastrtps_cpp/cmake)\n'}
[39.262127] (realsense2_camera) StdoutLine: {'line': b'[ 95%] Built target gtest_template\n'}
[39.264518] (ur_bringup) StdoutLine: {'line': b'-- Symlinking: /home/imml/git/ROB_534_Project/install/ur_bringup/share/ur_bringup/launch/ur10.launch.py\n'}
[39.279692] (ur_bringup) StdoutLine: {'line': b'-- Symlinking: /home/imml/git/ROB_534_Project/install/ur_bringup/share/ur_bringup/launch/ur10e.launch.py\n'}
[39.295257] (ur_bringup) StdoutLine: {'line': b'-- Symlinking: /home/imml/git/ROB_534_Project/install/ur_bringup/share/ur_bringup/launch/ur16e.launch.py\n'}
[39.310357] (ur_bringup) StdoutLine: {'line': b'-- Symlinking: /home/imml/git/ROB_534_Project/install/ur_bringup/share/ur_bringup/launch/ur3.launch.py\n'}
[39.311816] (-) TimerEvent: {}
[39.312306] (ur_robot_driver) StdoutLine: {'line': b'-- Found TinyXML2 via Config file: TinyXML2_DIR-NOTFOUND\n'}
[39.327195] (ur_bringup) StdoutLine: {'line': b'-- Symlinking: /home/imml/git/ROB_534_Project/install/ur_bringup/share/ur_bringup/launch/ur3e.launch.py\n'}
[39.343648] (ur_bringup) StdoutLine: {'line': b'-- Symlinking: /home/imml/git/ROB_534_Project/install/ur_bringup/share/ur_bringup/launch/ur5.launch.py\n'}
[39.361852] (ur_bringup) StdoutLine: {'line': b'-- Symlinking: /home/imml/git/ROB_534_Project/install/ur_bringup/share/ur_bringup/launch/ur5e.launch.py\n'}
[39.380352] (ur_bringup) StdoutLine: {'line': b'-- Symlinking: /home/imml/git/ROB_534_Project/install/ur_bringup/share/ur_bringup/launch/ur_control.launch.py\n'}
[39.398528] (ur_bringup) StdoutLine: {'line': b'-- Symlinking: /home/imml/git/ROB_534_Project/install/ur_bringup/share/ur_bringup/launch/ur_dashboard_client.launch.py\n'}
[39.413462] (-) TimerEvent: {}
[39.416908] (ur_bringup) StdoutLine: {'line': b'-- Symlinking: /home/imml/git/ROB_534_Project/install/ur_bringup/lib/ur_bringup/start_ursim.sh\n'}
[39.434655] (ur_bringup) StdoutLine: {'line': b'-- Symlinking: /home/imml/git/ROB_534_Project/install/ur_bringup/share/ament_index/resource_index/package_run_dependencies/ur_bringup\n'}
[39.436210] (ur_robot_driver) StdoutLine: {'line': b'-- Found OpenSSL: /usr/lib/x86_64-linux-gnu/libcrypto.so (found version "3.0.2")  \n'}
[39.447466] (ur_robot_driver) StdoutLine: {'line': b'-- Found TinyXML2 via Config file: TinyXML2_DIR-NOTFOUND\n'}
[39.455329] (ur_bringup) StdoutLine: {'line': b'-- Symlinking: /home/imml/git/ROB_534_Project/install/ur_bringup/share/ament_index/resource_index/parent_prefix_path/ur_bringup\n'}
[39.473204] (ur_bringup) StdoutLine: {'line': b'-- Symlinking: /home/imml/git/ROB_534_Project/install/ur_bringup/share/ur_bringup/environment/ament_prefix_path.sh\n'}
[39.476391] (ur_robot_driver) StdoutLine: {'line': b'-- Found FastRTPS: /opt/ros/humble/include  \n'}
[39.481416] (ur_robot_driver) StdoutLine: {'line': b'-- Found TinyXML2 via Config file: TinyXML2_DIR-NOTFOUND\n'}
[39.492471] (ur_bringup) StdoutLine: {'line': b'-- Symlinking: /home/imml/git/ROB_534_Project/install/ur_bringup/share/ur_bringup/environment/ament_prefix_path.dsv\n'}
[39.495644] (ur_robot_driver) StdoutLine: {'line': b'-- Found TinyXML2 via Config file: TinyXML2_DIR-NOTFOUND\n'}
[39.510185] (ur_bringup) StdoutLine: {'line': b'-- Symlinking: /home/imml/git/ROB_534_Project/install/ur_bringup/share/ur_bringup/environment/path.sh\n'}
[39.513772] (-) TimerEvent: {}
[39.517136] (ur_robot_driver) StdoutLine: {'line': b"-- Using RMW implementation 'rmw_fastrtps_cpp' as default\n"}
[39.530066] (ur_bringup) StdoutLine: {'line': b'-- Symlinking: /home/imml/git/ROB_534_Project/install/ur_bringup/share/ur_bringup/environment/path.dsv\n'}
[39.531380] (ur_robot_driver) StdoutLine: {'line': b'-- Looking for pthread.h\n'}
[39.549661] (ur_bringup) StdoutLine: {'line': b'-- Symlinking: /home/imml/git/ROB_534_Project/install/ur_bringup/share/ur_bringup/local_setup.bash\n'}
[39.567743] (ur_bringup) StdoutLine: {'line': b'-- Symlinking: /home/imml/git/ROB_534_Project/install/ur_bringup/share/ur_bringup/local_setup.sh\n'}
[39.586398] (ur_bringup) StdoutLine: {'line': b'-- Symlinking: /home/imml/git/ROB_534_Project/install/ur_bringup/share/ur_bringup/local_setup.zsh\n'}
[39.602760] (ur_bringup) StdoutLine: {'line': b'-- Symlinking: /home/imml/git/ROB_534_Project/install/ur_bringup/share/ur_bringup/local_setup.dsv\n'}
[39.613945] (-) TimerEvent: {}
[39.620552] (ur_bringup) StdoutLine: {'line': b'-- Symlinking: /home/imml/git/ROB_534_Project/install/ur_bringup/share/ur_bringup/package.dsv\n'}
[39.637230] (ur_bringup) StdoutLine: {'line': b'-- Symlinking: /home/imml/git/ROB_534_Project/install/ur_bringup/share/ament_index/resource_index/packages/ur_bringup\n'}
[39.656332] (ur_bringup) StdoutLine: {'line': b'-- Symlinking: /home/imml/git/ROB_534_Project/install/ur_bringup/share/ur_bringup/cmake/ur_bringupConfig.cmake\n'}
[39.678958] (ur_bringup) StdoutLine: {'line': b'-- Symlinking: /home/imml/git/ROB_534_Project/install/ur_bringup/share/ur_bringup/cmake/ur_bringupConfig-version.cmake\n'}
[39.697854] (ur_bringup) StdoutLine: {'line': b'-- Symlinking: /home/imml/git/ROB_534_Project/install/ur_bringup/share/ur_bringup/package.xml\n'}
[39.714070] (-) TimerEvent: {}
[39.719205] (ur_bringup) CommandEnded: {'returncode': 0}
[39.738540] (ur_bringup) JobEnded: {'identifier': 'ur_bringup', 'rc': 0}
[39.763772] (ur_robot_driver) StdoutLine: {'line': b'-- Looking for pthread.h - found\n'}
[39.764167] (ur_robot_driver) StdoutLine: {'line': b'-- Performing Test CMAKE_HAVE_LIBC_PTHREAD\n'}
[39.814252] (-) TimerEvent: {}
[39.914931] (-) TimerEvent: {}
[39.940192] (ur_robot_driver) StdoutLine: {'line': b'-- Performing Test CMAKE_HAVE_LIBC_PTHREAD - Success\n'}
[39.941863] (ur_robot_driver) StdoutLine: {'line': b'-- Found Threads: TRUE  \n'}
[40.015070] (-) TimerEvent: {}
[40.043118] (ur_robot_driver) StdoutLine: {'line': b'-- Found rclpy: 3.3.15 (/opt/ros/humble/share/rclpy/cmake)\n'}
[40.045767] (ur_robot_driver) StdoutLine: {'line': b'-- Found std_srvs: 4.2.4 (/opt/ros/humble/share/std_srvs/cmake)\n'}
[40.057917] (ur_robot_driver) StdoutLine: {'line': b'-- Found tf2_geometry_msgs: 0.25.12 (/opt/ros/humble/share/tf2_geometry_msgs/cmake)\n'}
[40.079974] (ur_robot_driver) StdoutLine: {'line': b'-- Found eigen3_cmake_module: 0.1.1 (/opt/ros/humble/share/eigen3_cmake_module/cmake)\n'}
[40.082069] (ur_robot_driver) StdoutLine: {'line': b'-- Found Eigen3: TRUE (found version "3.4.0") \n'}
[40.082631] (ur_robot_driver) StdoutLine: {'line': b'-- Ensuring Eigen3 include directory is part of orocos-kdl CMake target\n'}
[40.115200] (-) TimerEvent: {}
[40.158291] (ur_robot_driver) StdoutLine: {'line': b'-- Found ur_dashboard_msgs: 2.2.15 (/home/imml/git/ROB_534_Project/install/ur_dashboard_msgs/share/ur_dashboard_msgs/cmake)\n'}
[40.215372] (-) TimerEvent: {}
[40.315920] (-) TimerEvent: {}
[40.416394] (-) TimerEvent: {}
[40.509827] (ur_robot_driver) StdoutLine: {'line': b'-- Found ur_controllers: 2.2.15 (/home/imml/git/ROB_534_Project/install/ur_controllers/share/ur_controllers/cmake)\n'}
[40.516532] (-) TimerEvent: {}
[40.607710] (ur_robot_driver) StdoutLine: {'line': b'-- Found ur_description: 2.1.7 (/home/imml/git/ROB_534_Project/install/ur_description/share/ur_description/cmake)\n'}
[40.610488] (ur_robot_driver) StdoutLine: {'line': b'-- Found launch_testing_ament_cmake: 1.0.7 (/opt/ros/humble/share/launch_testing_ament_cmake/cmake)\n'}
[40.613393] (ur_robot_driver) StdoutLine: {'line': b'-- Found python_cmake_module: 0.10.0 (/opt/ros/humble/share/python_cmake_module/cmake)\n'}
[40.616651] (-) TimerEvent: {}
[40.646049] (ur_robot_driver) StdoutLine: {'line': b'-- Found PythonInterp: /usr/bin/python3 (found suitable version "3.10.12", minimum required is "3.6") \n'}
[40.653575] (ur_robot_driver) StdoutLine: {'line': b'-- Found PythonLibs: /usr/lib/x86_64-linux-gnu/libpython3.10.so (found suitable version "3.10.12", minimum required is "3.5") \n'}
[40.654056] (ur_robot_driver) StdoutLine: {'line': b'-- Using PYTHON_EXECUTABLE: /usr/bin/python3\n'}
[40.654246] (ur_robot_driver) StdoutLine: {'line': b'-- Using PYTHON_INCLUDE_DIRS: /usr/include/python3.10\n'}
[40.654406] (ur_robot_driver) StdoutLine: {'line': b'-- Using PYTHON_LIBRARIES: /usr/lib/x86_64-linux-gnu/libpython3.10.so\n'}
[40.694602] (ur_robot_driver) StdoutLine: {'line': b'-- Found PythonExtra: .so  \n'}
[40.695126] (ur_robot_driver) StdoutLine: {'line': b'-- Configuring done\n'}
[40.716845] (-) TimerEvent: {}
[40.817455] (-) TimerEvent: {}
[40.845284] (ur_robot_driver) StdoutLine: {'line': b'-- Generating done\n'}
[40.870084] (ur_robot_driver) StdoutLine: {'line': b'-- Build files have been written to: /home/imml/git/ROB_534_Project/build/ur_robot_driver\n'}
[40.903869] (ur_robot_driver) CommandEnded: {'returncode': 0}
[40.905019] (ur_robot_driver) JobProgress: {'identifier': 'ur_robot_driver', 'progress': 'build'}
[40.905602] (ur_robot_driver) Command: {'cmd': ['/usr/bin/cmake', '--build', '/home/imml/git/ROB_534_Project/build/ur_robot_driver', '--', '-j16', '-l16'], 'cwd': '/home/imml/git/ROB_534_Project/build/ur_robot_driver', 'env': OrderedDict([('LESSOPEN', '| /usr/bin/lesspipe %s'), ('USER', 'imml'), ('XDG_SESSION_TYPE', 'wayland'), ('SHLVL', '1'), ('LD_LIBRARY_PATH', '/home/imml/git/ROB_534_Project/install/ur_controllers/lib:/home/imml/git/ROB_534_Project/install/ur_dashboard_msgs/lib:/opt/ros/humble/opt/rviz_ogre_vendor/lib:/opt/ros/humble/lib/x86_64-linux-gnu:/opt/ros/humble/lib'), ('HOME', '/home/imml'), ('OLDPWD', '/home/imml'), ('DESKTOP_SESSION', 'ubuntu'), ('ROS_PYTHON_VERSION', '3'), ('GNOME_SHELL_SESSION_MODE', 'ubuntu'), ('GTK_MODULES', 'gail:atk-bridge'), ('SYSTEMD_EXEC_PID', '35967'), ('DBUS_SESSION_BUS_ADDRESS', 'unix:path=/run/user/1000/bus'), ('COLORTERM', 'truecolor'), ('IM_CONFIG_PHASE', '1'), ('WAYLAND_DISPLAY', 'wayland-0'), ('ROS_DISTRO', 'humble'), ('LOGNAME', 'imml'), ('_', '/usr/bin/colcon'), ('ROS_VERSION', '2'), ('XDG_SESSION_CLASS', 'user'), ('USERNAME', 'imml'), ('TERM', 'xterm-256color'), ('GNOME_DESKTOP_SESSION_ID', 'this-is-deprecated'), ('ROS_LOCALHOST_ONLY', '0'), ('PATH', '/opt/ros/humble/bin:/home/imml/.local/bin:/usr/local/sbin:/usr/local/bin:/usr/sbin:/usr/bin:/sbin:/bin:/usr/games:/usr/local/games:/snap/bin:/snap/bin'), ('SESSION_MANAGER', 'local/imml-ROG-Zephyrus:@/tmp/.ICE-unix/1689,unix/imml-ROG-Zephyrus:/tmp/.ICE-unix/1689'), ('XDG_MENU_PREFIX', 'gnome-'), ('GNOME_TERMINAL_SCREEN', '/org/gnome/Terminal/screen/00ec7be0_5807_4f11_8254_b2b90de30782'), ('GNOME_SETUP_DISPLAY', ':1'), ('XDG_RUNTIME_DIR', '/run/user/1000'), ('DISPLAY', ':0'), ('LANG', 'en_US.UTF-8'), ('XDG_CURRENT_DESKTOP', 'ubuntu:GNOME'), ('XMODIFIERS', '@im=ibus'), ('XDG_SESSION_DESKTOP', 'ubuntu'), ('XAUTHORITY', '/run/user/1000/.mutter-Xwaylandauth.48T012'), ('LS_COLORS', 'rs=0:di=01;34:ln=01;36:mh=00:pi=40;33:so=01;35:do=01;35:bd=40;33;01:cd=40;33;01:or=40;31;01:mi=00:su=37;41:sg=30;43:ca=30;41:tw=30;42:ow=34;42:st=37;44:ex=01;32:*.tar=01;31:*.tgz=01;31:*.arc=01;31:*.arj=01;31:*.taz=01;31:*.lha=01;31:*.lz4=01;31:*.lzh=01;31:*.lzma=01;31:*.tlz=01;31:*.txz=01;31:*.tzo=01;31:*.t7z=01;31:*.zip=01;31:*.z=01;31:*.dz=01;31:*.gz=01;31:*.lrz=01;31:*.lz=01;31:*.lzo=01;31:*.xz=01;31:*.zst=01;31:*.tzst=01;31:*.bz2=01;31:*.bz=01;31:*.tbz=01;31:*.tbz2=01;31:*.tz=01;31:*.deb=01;31:*.rpm=01;31:*.jar=01;31:*.war=01;31:*.ear=01;31:*.sar=01;31:*.rar=01;31:*.alz=01;31:*.ace=01;31:*.zoo=01;31:*.cpio=01;31:*.7z=01;31:*.rz=01;31:*.cab=01;31:*.wim=01;31:*.swm=01;31:*.dwm=01;31:*.esd=01;31:*.jpg=01;35:*.jpeg=01;35:*.mjpg=01;35:*.mjpeg=01;35:*.gif=01;35:*.bmp=01;35:*.pbm=01;35:*.pgm=01;35:*.ppm=01;35:*.tga=01;35:*.xbm=01;35:*.xpm=01;35:*.tif=01;35:*.tiff=01;35:*.png=01;35:*.svg=01;35:*.svgz=01;35:*.mng=01;35:*.pcx=01;35:*.mov=01;35:*.mpg=01;35:*.mpeg=01;35:*.m2v=01;35:*.mkv=01;35:*.webm=01;35:*.webp=01;35:*.ogm=01;35:*.mp4=01;35:*.m4v=01;35:*.mp4v=01;35:*.vob=01;35:*.qt=01;35:*.nuv=01;35:*.wmv=01;35:*.asf=01;35:*.rm=01;35:*.rmvb=01;35:*.flc=01;35:*.avi=01;35:*.fli=01;35:*.flv=01;35:*.gl=01;35:*.dl=01;35:*.xcf=01;35:*.xwd=01;35:*.yuv=01;35:*.cgm=01;35:*.emf=01;35:*.ogv=01;35:*.ogx=01;35:*.aac=00;36:*.au=00;36:*.flac=00;36:*.m4a=00;36:*.mid=00;36:*.midi=00;36:*.mka=00;36:*.mp3=00;36:*.mpc=00;36:*.ogg=00;36:*.ra=00;36:*.wav=00;36:*.oga=00;36:*.opus=00;36:*.spx=00;36:*.xspf=00;36:'), ('GNOME_TERMINAL_SERVICE', ':1.315'), ('SSH_AGENT_LAUNCHER', 'gnome-keyring'), ('SSH_AUTH_SOCK', '/run/user/1000/keyring/ssh'), ('AMENT_PREFIX_PATH', '/home/imml/git/ROB_534_Project/install/ur_controllers:/home/imml/git/ROB_534_Project/install/ur_description:/home/imml/git/ROB_534_Project/install/ur_dashboard_msgs:/opt/ros/humble'), ('SHELL', '/bin/bash'), ('QT_ACCESSIBILITY', '1'), ('GDMSESSION', 'ubuntu'), ('LESSCLOSE', '/usr/bin/lesspipe %s %s'), ('QT_IM_MODULE', 'ibus'), ('PWD', '/home/imml/git/ROB_534_Project/build/ur_robot_driver'), ('LC_ALL', 'en_US.UTF-8'), ('XDG_CONFIG_DIRS', '/etc/xdg/xdg-ubuntu:/etc/xdg'), ('XDG_DATA_DIRS', '/usr/share/ubuntu:/usr/local/share/:/usr/share/:/var/lib/snapd/desktop'), ('PYTHONPATH', '/home/imml/git/ROB_534_Project/install/ur_dashboard_msgs/local/lib/python3.10/dist-packages:/opt/ros/humble/lib/python3.10/site-packages:/opt/ros/humble/local/lib/python3.10/dist-packages'), ('COLCON', '1'), ('VTE_VERSION', '6800'), ('CMAKE_PREFIX_PATH', '/home/imml/git/ROB_534_Project/install/ur_controllers:/home/imml/git/ROB_534_Project/install/ur_description:/home/imml/git/ROB_534_Project/install/ur_dashboard_msgs:/opt/ros/humble')]), 'shell': False}
[40.917622] (-) TimerEvent: {}
[40.987039] (ur_robot_driver) StdoutLine: {'line': b'[  6%] \x1b[32mBuilding CXX object CMakeFiles/ur_robot_driver_plugin.dir/src/hardware_interface.cpp.o\x1b[0m\n'}
[40.987960] (ur_robot_driver) StdoutLine: {'line': b'[ 13%] \x1b[32mBuilding CXX object CMakeFiles/urscript_interface.dir/src/urscript_interface.cpp.o\x1b[0m\n'}
[40.989325] (ur_robot_driver) StdoutLine: {'line': b'[ 26%] \x1b[32mBuilding CXX object CMakeFiles/dashboard_client.dir/src/dashboard_client_node.cpp.o\x1b[0m\n'}
[40.990089] (ur_robot_driver) StdoutLine: {'line': b'[ 26%] \x1b[32mBuilding CXX object CMakeFiles/ur_robot_driver_plugin.dir/src/dashboard_client_ros.cpp.o\x1b[0m\n'}
[40.991990] (ur_robot_driver) StdoutLine: {'line': b'[ 33%] \x1b[32mBuilding CXX object CMakeFiles/controller_stopper_node.dir/src/controller_stopper.cpp.o\x1b[0m\n'}
[40.992639] (ur_robot_driver) StdoutLine: {'line': b'[ 46%] \x1b[32mBuilding CXX object CMakeFiles/ur_robot_driver_plugin.dir/src/urcl_log_handler.cpp.o\x1b[0m\n'}
[40.992815] (ur_robot_driver) StdoutLine: {'line': b'[ 46%] \x1b[32mBuilding CXX object CMakeFiles/dashboard_client.dir/src/urcl_log_handler.cpp.o\x1b[0m\n'}
[40.992953] (ur_robot_driver) StdoutLine: {'line': b'[ 53%] \x1b[32mBuilding CXX object CMakeFiles/dashboard_client.dir/src/dashboard_client_ros.cpp.o\x1b[0m\n'}
[40.993064] (ur_robot_driver) StdoutLine: {'line': b'[ 60%] \x1b[32mBuilding CXX object CMakeFiles/controller_stopper_node.dir/src/controller_stopper_node.cpp.o\x1b[0m\n'}
[40.993167] (ur_robot_driver) StdoutLine: {'line': b'[ 66%] \x1b[32mBuilding CXX object CMakeFiles/ur_ros2_control_node.dir/src/ur_ros2_control_node.cpp.o\x1b[0m\n'}
[41.009821] (ur_robot_driver) StdoutLine: {'line': b'[ 66%] Built target ament_cmake_python_symlink_ur_robot_driver\n'}
[41.017749] (-) TimerEvent: {}
[41.118439] (-) TimerEvent: {}
[41.223370] (-) TimerEvent: {}
[41.323801] (-) TimerEvent: {}
[41.424461] (-) TimerEvent: {}
[41.525106] (-) TimerEvent: {}
[41.625884] (-) TimerEvent: {}
[41.695887] (ur_robot_driver) StdoutLine: {'line': b'running egg_info\n'}
[41.698665] (ur_robot_driver) StdoutLine: {'line': b'creating ur_robot_driver.egg-info\n'}
[41.698968] (ur_robot_driver) StdoutLine: {'line': b'writing ur_robot_driver.egg-info/PKG-INFO\n'}
[41.699140] (ur_robot_driver) StdoutLine: {'line': b'writing dependency_links to ur_robot_driver.egg-info/dependency_links.txt\n'}
[41.699363] (ur_robot_driver) StdoutLine: {'line': b'writing top-level names to ur_robot_driver.egg-info/top_level.txt\n'}
[41.700304] (ur_robot_driver) StdoutLine: {'line': b"writing manifest file 'ur_robot_driver.egg-info/SOURCES.txt'\n"}
[41.713905] (ur_robot_driver) StdoutLine: {'line': b"reading manifest file 'ur_robot_driver.egg-info/SOURCES.txt'\n"}
[41.714310] (ur_robot_driver) StdoutLine: {'line': b"writing manifest file 'ur_robot_driver.egg-info/SOURCES.txt'\n"}
[41.717459] (ur_robot_driver) StderrLine: {'line': b'In file included from \x1b[01m\x1b[K/home/imml/git/ROB_534_Project/harvest_hardware/Universal_Robots_ROS2_Driver/ur_robot_driver/src/ur_ros2_control_node.cpp:44\x1b[m\x1b[K:\n'}
[41.718621] (ur_robot_driver) StderrLine: {'line': b'\x1b[01m\x1b[K/opt/ros/humble/include/realtime_tools/realtime_tools/thread_priority.hpp:39:2:\x1b[m\x1b[K \x1b[01;35m\x1b[Kwarning: \x1b[m\x1b[K#warning "This header include is deprecated. Please update your code to use \'realtime_helpers.hpp\' header and link against \'realtime_tools\' library." [\x1b[01;35m\x1b[K\x1b]8;;https://gcc.gnu.org/onlinedocs/gcc/Warning-Options.html#index-Wcpp\x07-Wcpp\x1b]8;;\x07\x1b[m\x1b[K]\n'}
[41.718942] (ur_robot_driver) StderrLine: {'line': b'   39 | #\x1b[01;35m\x1b[Kwarning\x1b[m\x1b[K \\\n'}
[41.719101] (ur_robot_driver) StderrLine: {'line': b'      |  \x1b[01;35m\x1b[K^~~~~~~\x1b[m\x1b[K\n'}
[41.726153] (-) TimerEvent: {}
[41.828530] (-) TimerEvent: {}
[41.886861] (ur_robot_driver) StdoutLine: {'line': b'[ 66%] Built target ament_cmake_python_build_ur_robot_driver_egg\n'}
[41.928906] (-) TimerEvent: {}
[42.030016] (-) TimerEvent: {}
[42.131992] (-) TimerEvent: {}
[42.232757] (-) TimerEvent: {}
[42.334915] (-) TimerEvent: {}
[42.436495] (-) TimerEvent: {}
[42.539114] (-) TimerEvent: {}
[42.642399] (-) TimerEvent: {}
[42.747739] (-) TimerEvent: {}
[42.848363] (-) TimerEvent: {}
[42.949650] (-) TimerEvent: {}
[43.050551] (-) TimerEvent: {}
[43.153141] (-) TimerEvent: {}
[43.254076] (-) TimerEvent: {}
[43.355043] (-) TimerEvent: {}
[43.457503] (-) TimerEvent: {}
[43.564903] (-) TimerEvent: {}
[43.668485] (-) TimerEvent: {}
[43.769042] (-) TimerEvent: {}
[43.872470] (-) TimerEvent: {}
[43.973107] (-) TimerEvent: {}
[44.073652] (-) TimerEvent: {}
[44.174250] (-) TimerEvent: {}
[44.277391] (-) TimerEvent: {}
[44.378205] (-) TimerEvent: {}
[44.479370] (-) TimerEvent: {}
[44.579922] (-) TimerEvent: {}
[44.680732] (-) TimerEvent: {}
[44.782193] (-) TimerEvent: {}
[44.882764] (-) TimerEvent: {}
[44.983492] (-) TimerEvent: {}
[45.084237] (-) TimerEvent: {}
[45.185049] (-) TimerEvent: {}
[45.285696] (-) TimerEvent: {}
[45.386175] (-) TimerEvent: {}
[45.486955] (-) TimerEvent: {}
[45.588094] (-) TimerEvent: {}
[45.688954] (-) TimerEvent: {}
[45.790581] (-) TimerEvent: {}
[45.892382] (-) TimerEvent: {}
[45.994112] (-) TimerEvent: {}
[46.094922] (-) TimerEvent: {}
[46.197225] (-) TimerEvent: {}
[46.297822] (-) TimerEvent: {}
[46.398315] (-) TimerEvent: {}
[46.498779] (-) TimerEvent: {}
[46.599287] (-) TimerEvent: {}
[46.699836] (-) TimerEvent: {}
[46.800341] (-) TimerEvent: {}
[46.900896] (-) TimerEvent: {}
[47.001387] (-) TimerEvent: {}
[47.101915] (-) TimerEvent: {}
[47.202773] (-) TimerEvent: {}
[47.303763] (-) TimerEvent: {}
[47.404695] (-) TimerEvent: {}
[47.505236] (-) TimerEvent: {}
[47.605705] (-) TimerEvent: {}
[47.706186] (-) TimerEvent: {}
[47.806635] (-) TimerEvent: {}
[47.907052] (-) TimerEvent: {}
[48.007548] (-) TimerEvent: {}
[48.108073] (-) TimerEvent: {}
[48.208646] (-) TimerEvent: {}
[48.309519] (-) TimerEvent: {}
[48.413808] (-) TimerEvent: {}
[48.514361] (-) TimerEvent: {}
[48.617506] (-) TimerEvent: {}
[48.718448] (-) TimerEvent: {}
[48.818939] (-) TimerEvent: {}
[48.922059] (-) TimerEvent: {}
[49.022608] (-) TimerEvent: {}
[49.123253] (-) TimerEvent: {}
[49.224396] (-) TimerEvent: {}
[49.325012] (-) TimerEvent: {}
[49.332714] (realsense2_camera) StdoutLine: {'line': b'[100%] \x1b[32m\x1b[1mLinking CXX shared library librealsense2_camera.so\x1b[0m\n'}
[49.375643] (harvest_control) StdoutLine: {'line': b'[100%] \x1b[32m\x1b[1mLinking CXX executable move_arm\x1b[0m\n'}
[49.425435] (-) TimerEvent: {}
[49.526471] (-) TimerEvent: {}
[49.627044] (-) TimerEvent: {}
[49.727632] (-) TimerEvent: {}
[49.828217] (-) TimerEvent: {}
[49.928853] (-) TimerEvent: {}
[50.029503] (-) TimerEvent: {}
[50.129979] (-) TimerEvent: {}
[50.215614] (realsense2_camera) StdoutLine: {'line': b'[100%] Built target realsense2_camera\n'}
[50.230229] (-) TimerEvent: {}
[50.234594] (realsense2_camera) CommandEnded: {'returncode': 0}
[50.235896] (realsense2_camera) JobProgress: {'identifier': 'realsense2_camera', 'progress': 'install'}
[50.236538] (realsense2_camera) Command: {'cmd': ['/usr/bin/cmake', '--install', '/home/imml/git/ROB_534_Project/build/realsense2_camera'], 'cwd': '/home/imml/git/ROB_534_Project/build/realsense2_camera', 'env': OrderedDict([('LESSOPEN', '| /usr/bin/lesspipe %s'), ('USER', 'imml'), ('XDG_SESSION_TYPE', 'wayland'), ('SHLVL', '1'), ('LD_LIBRARY_PATH', '/home/imml/git/ROB_534_Project/install/realsense2_camera_msgs/lib:/opt/ros/humble/opt/rviz_ogre_vendor/lib:/opt/ros/humble/lib/x86_64-linux-gnu:/opt/ros/humble/lib'), ('HOME', '/home/imml'), ('OLDPWD', '/home/imml'), ('DESKTOP_SESSION', 'ubuntu'), ('ROS_PYTHON_VERSION', '3'), ('GNOME_SHELL_SESSION_MODE', 'ubuntu'), ('GTK_MODULES', 'gail:atk-bridge'), ('SYSTEMD_EXEC_PID', '35967'), ('DBUS_SESSION_BUS_ADDRESS', 'unix:path=/run/user/1000/bus'), ('COLORTERM', 'truecolor'), ('IM_CONFIG_PHASE', '1'), ('WAYLAND_DISPLAY', 'wayland-0'), ('ROS_DISTRO', 'humble'), ('LOGNAME', 'imml'), ('_', '/usr/bin/colcon'), ('ROS_VERSION', '2'), ('XDG_SESSION_CLASS', 'user'), ('USERNAME', 'imml'), ('TERM', 'xterm-256color'), ('GNOME_DESKTOP_SESSION_ID', 'this-is-deprecated'), ('ROS_LOCALHOST_ONLY', '0'), ('PATH', '/opt/ros/humble/bin:/home/imml/.local/bin:/usr/local/sbin:/usr/local/bin:/usr/sbin:/usr/bin:/sbin:/bin:/usr/games:/usr/local/games:/snap/bin:/snap/bin'), ('SESSION_MANAGER', 'local/imml-ROG-Zephyrus:@/tmp/.ICE-unix/1689,unix/imml-ROG-Zephyrus:/tmp/.ICE-unix/1689'), ('XDG_MENU_PREFIX', 'gnome-'), ('GNOME_TERMINAL_SCREEN', '/org/gnome/Terminal/screen/00ec7be0_5807_4f11_8254_b2b90de30782'), ('GNOME_SETUP_DISPLAY', ':1'), ('XDG_RUNTIME_DIR', '/run/user/1000'), ('DISPLAY', ':0'), ('LANG', 'en_US.UTF-8'), ('XDG_CURRENT_DESKTOP', 'ubuntu:GNOME'), ('XMODIFIERS', '@im=ibus'), ('XDG_SESSION_DESKTOP', 'ubuntu'), ('XAUTHORITY', '/run/user/1000/.mutter-Xwaylandauth.48T012'), ('LS_COLORS', 'rs=0:di=01;34:ln=01;36:mh=00:pi=40;33:so=01;35:do=01;35:bd=40;33;01:cd=40;33;01:or=40;31;01:mi=00:su=37;41:sg=30;43:ca=30;41:tw=30;42:ow=34;42:st=37;44:ex=01;32:*.tar=01;31:*.tgz=01;31:*.arc=01;31:*.arj=01;31:*.taz=01;31:*.lha=01;31:*.lz4=01;31:*.lzh=01;31:*.lzma=01;31:*.tlz=01;31:*.txz=01;31:*.tzo=01;31:*.t7z=01;31:*.zip=01;31:*.z=01;31:*.dz=01;31:*.gz=01;31:*.lrz=01;31:*.lz=01;31:*.lzo=01;31:*.xz=01;31:*.zst=01;31:*.tzst=01;31:*.bz2=01;31:*.bz=01;31:*.tbz=01;31:*.tbz2=01;31:*.tz=01;31:*.deb=01;31:*.rpm=01;31:*.jar=01;31:*.war=01;31:*.ear=01;31:*.sar=01;31:*.rar=01;31:*.alz=01;31:*.ace=01;31:*.zoo=01;31:*.cpio=01;31:*.7z=01;31:*.rz=01;31:*.cab=01;31:*.wim=01;31:*.swm=01;31:*.dwm=01;31:*.esd=01;31:*.jpg=01;35:*.jpeg=01;35:*.mjpg=01;35:*.mjpeg=01;35:*.gif=01;35:*.bmp=01;35:*.pbm=01;35:*.pgm=01;35:*.ppm=01;35:*.tga=01;35:*.xbm=01;35:*.xpm=01;35:*.tif=01;35:*.tiff=01;35:*.png=01;35:*.svg=01;35:*.svgz=01;35:*.mng=01;35:*.pcx=01;35:*.mov=01;35:*.mpg=01;35:*.mpeg=01;35:*.m2v=01;35:*.mkv=01;35:*.webm=01;35:*.webp=01;35:*.ogm=01;35:*.mp4=01;35:*.m4v=01;35:*.mp4v=01;35:*.vob=01;35:*.qt=01;35:*.nuv=01;35:*.wmv=01;35:*.asf=01;35:*.rm=01;35:*.rmvb=01;35:*.flc=01;35:*.avi=01;35:*.fli=01;35:*.flv=01;35:*.gl=01;35:*.dl=01;35:*.xcf=01;35:*.xwd=01;35:*.yuv=01;35:*.cgm=01;35:*.emf=01;35:*.ogv=01;35:*.ogx=01;35:*.aac=00;36:*.au=00;36:*.flac=00;36:*.m4a=00;36:*.mid=00;36:*.midi=00;36:*.mka=00;36:*.mp3=00;36:*.mpc=00;36:*.ogg=00;36:*.ra=00;36:*.wav=00;36:*.oga=00;36:*.opus=00;36:*.spx=00;36:*.xspf=00;36:'), ('GNOME_TERMINAL_SERVICE', ':1.315'), ('SSH_AGENT_LAUNCHER', 'gnome-keyring'), ('SSH_AUTH_SOCK', '/run/user/1000/keyring/ssh'), ('AMENT_PREFIX_PATH', '/home/imml/git/ROB_534_Project/install/realsense2_camera_msgs:/opt/ros/humble'), ('SHELL', '/bin/bash'), ('QT_ACCESSIBILITY', '1'), ('GDMSESSION', 'ubuntu'), ('LESSCLOSE', '/usr/bin/lesspipe %s %s'), ('QT_IM_MODULE', 'ibus'), ('PWD', '/home/imml/git/ROB_534_Project/build/realsense2_camera'), ('LC_ALL', 'en_US.UTF-8'), ('XDG_CONFIG_DIRS', '/etc/xdg/xdg-ubuntu:/etc/xdg'), ('XDG_DATA_DIRS', '/usr/share/ubuntu:/usr/local/share/:/usr/share/:/var/lib/snapd/desktop'), ('PYTHONPATH', '/home/imml/git/ROB_534_Project/install/realsense2_camera_msgs/local/lib/python3.10/dist-packages:/opt/ros/humble/lib/python3.10/site-packages:/opt/ros/humble/local/lib/python3.10/dist-packages'), ('COLCON', '1'), ('VTE_VERSION', '6800'), ('CMAKE_PREFIX_PATH', '/home/imml/git/ROB_534_Project/install/realsense2_camera_msgs:/opt/ros/humble')]), 'shell': False}
[50.249551] (realsense2_camera) StdoutLine: {'line': b'-- Install configuration: "Release"\n'}
[50.250179] (realsense2_camera) StdoutLine: {'line': b'-- Execute custom install script\n'}
[50.250734] (realsense2_camera) StdoutLine: {'line': b'-- Symlinking: /home/imml/git/ROB_534_Project/install/realsense2_camera/lib/realsense2_camera/realsense2_camera_node\n'}
[50.267152] (realsense2_camera) StdoutLine: {'line': b'-- Symlinking: /home/imml/git/ROB_534_Project/install/realsense2_camera/lib/librealsense2_camera.so\n'}
[50.282237] (realsense2_camera) StdoutLine: {'line': b'-- Symlinking: /home/imml/git/ROB_534_Project/install/realsense2_camera/include/base_realsense_node.h\n'}
[50.296975] (realsense2_camera) StdoutLine: {'line': b'-- Symlinking: /home/imml/git/ROB_534_Project/install/realsense2_camera/include/constants.h\n'}
[50.310657] (realsense2_camera) StdoutLine: {'line': b'-- Symlinking: /home/imml/git/ROB_534_Project/install/realsense2_camera/include/dynamic_params.h\n'}
[50.327182] (realsense2_camera) StdoutLine: {'line': b'-- Symlinking: /home/imml/git/ROB_534_Project/install/realsense2_camera/include/gl_window.h\n'}
[50.330367] (-) TimerEvent: {}
[50.344301] (realsense2_camera) StdoutLine: {'line': b'-- Symlinking: /home/imml/git/ROB_534_Project/install/realsense2_camera/include/image_publisher.h\n'}
[50.362932] (realsense2_camera) StdoutLine: {'line': b'-- Symlinking: /home/imml/git/ROB_534_Project/install/realsense2_camera/include/named_filter.h\n'}
[50.383381] (realsense2_camera) StdoutLine: {'line': b'-- Symlinking: /home/imml/git/ROB_534_Project/install/realsense2_camera/include/profile_manager.h\n'}
[50.399386] (realsense2_camera) StdoutLine: {'line': b'-- Symlinking: /home/imml/git/ROB_534_Project/install/realsense2_camera/include/realsense_node_factory.h\n'}
[50.415042] (realsense2_camera) StdoutLine: {'line': b'-- Symlinking: /home/imml/git/ROB_534_Project/install/realsense2_camera/include/ros_param_backend.h\n'}
[50.430745] (realsense2_camera) StdoutLine: {'line': b'-- Symlinking: /home/imml/git/ROB_534_Project/install/realsense2_camera/include/ros_sensor.h\n'}
[50.431287] (-) TimerEvent: {}
[50.446784] (realsense2_camera) StdoutLine: {'line': b'-- Symlinking: /home/imml/git/ROB_534_Project/install/realsense2_camera/include/ros_utils.h\n'}
[50.462558] (realsense2_camera) StdoutLine: {'line': b'-- Symlinking: /home/imml/git/ROB_534_Project/install/realsense2_camera/include/sensor_params.h\n'}
[50.479135] (realsense2_camera) StdoutLine: {'line': b'-- Symlinking: /home/imml/git/ROB_534_Project/install/realsense2_camera/share/realsense2_camera/launch/default.rviz\n'}
[50.496154] (realsense2_camera) StdoutLine: {'line': b'-- Symlinking: /home/imml/git/ROB_534_Project/install/realsense2_camera/share/realsense2_camera/launch/rs_intra_process_demo_launch.py\n'}
[50.513089] (realsense2_camera) StdoutLine: {'line': b'-- Symlinking: /home/imml/git/ROB_534_Project/install/realsense2_camera/share/realsense2_camera/launch/rs_launch.py\n'}
[50.530441] (realsense2_camera) StdoutLine: {'line': b'-- Symlinking: /home/imml/git/ROB_534_Project/install/realsense2_camera/share/realsense2_camera/launch/rs_multi_camera_launch.py\n'}
[50.531332] (-) TimerEvent: {}
[50.555144] (realsense2_camera) StdoutLine: {'line': b'-- Symlinking: /home/imml/git/ROB_534_Project/install/realsense2_camera/share/realsense2_camera/examples/align_depth/README.md\n'}
[50.575234] (realsense2_camera) StdoutLine: {'line': b'-- Symlinking: /home/imml/git/ROB_534_Project/install/realsense2_camera/share/realsense2_camera/examples/align_depth/rs_align_depth_launch.py\n'}
[50.596119] (realsense2_camera) StdoutLine: {'line': b'-- Symlinking: /home/imml/git/ROB_534_Project/install/realsense2_camera/share/realsense2_camera/examples/dual_camera/README.md\n'}
[50.605077] (ur_robot_driver) StdoutLine: {'line': b'[ 73%] \x1b[32m\x1b[1mLinking CXX executable ur_ros2_control_node\x1b[0m\n'}
[50.614415] (realsense2_camera) StdoutLine: {'line': b'-- Symlinking: /home/imml/git/ROB_534_Project/install/realsense2_camera/share/realsense2_camera/examples/dual_camera/rs_dual_camera_launch.py\n'}
[50.631738] (-) TimerEvent: {}
[50.633011] (realsense2_camera) StdoutLine: {'line': b'-- Symlinking: /home/imml/git/ROB_534_Project/install/realsense2_camera/share/realsense2_camera/examples/dual_camera/rviz/dual_camera_pointcloud.rviz\n'}
[50.653640] (realsense2_camera) StdoutLine: {'line': b'-- Symlinking: /home/imml/git/ROB_534_Project/install/realsense2_camera/share/realsense2_camera/examples/launch_from_rosbag/README.md\n'}
[50.678048] (realsense2_camera) StdoutLine: {'line': b'-- Symlinking: /home/imml/git/ROB_534_Project/install/realsense2_camera/share/realsense2_camera/examples/launch_from_rosbag/rs_launch_from_rosbag.py\n'}
[50.698641] (realsense2_camera) StdoutLine: {'line': b'-- Symlinking: /home/imml/git/ROB_534_Project/install/realsense2_camera/share/realsense2_camera/examples/launch_params_from_file/README.md\n'}
[50.716276] (realsense2_camera) StdoutLine: {'line': b'-- Symlinking: /home/imml/git/ROB_534_Project/install/realsense2_camera/share/realsense2_camera/examples/launch_params_from_file/config/config.yaml\n'}
[50.731970] (-) TimerEvent: {}
[50.735010] (realsense2_camera) StdoutLine: {'line': b'-- Symlinking: /home/imml/git/ROB_534_Project/install/realsense2_camera/share/realsense2_camera/examples/launch_params_from_file/rs_launch_get_params_from_yaml.py\n'}
[50.755616] (realsense2_camera) StdoutLine: {'line': b'-- Symlinking: /home/imml/git/ROB_534_Project/install/realsense2_camera/share/realsense2_camera/examples/pointcloud/README.md\n'}
[50.778260] (realsense2_camera) StdoutLine: {'line': b'-- Symlinking: /home/imml/git/ROB_534_Project/install/realsense2_camera/share/realsense2_camera/examples/pointcloud/rs_d405_pointcloud_launch.py\n'}
[50.798706] (realsense2_camera) StdoutLine: {'line': b'-- Symlinking: /home/imml/git/ROB_534_Project/install/realsense2_camera/share/realsense2_camera/examples/pointcloud/rs_d455_pointcloud_launch.py\n'}
[50.819450] (realsense2_camera) StdoutLine: {'line': b'-- Symlinking: /home/imml/git/ROB_534_Project/install/realsense2_camera/share/realsense2_camera/examples/pointcloud/rs_pointcloud_launch.py\n'}
[50.832129] (-) TimerEvent: {}
[50.840962] (realsense2_camera) StdoutLine: {'line': b'-- Symlinking: /home/imml/git/ROB_534_Project/install/realsense2_camera/share/realsense2_camera/examples/pointcloud/rviz/pointcloud.rviz\n'}
[50.860922] (realsense2_camera) StdoutLine: {'line': b'-- Symlinking: /home/imml/git/ROB_534_Project/install/realsense2_camera/share/realsense2_camera/examples/pointcloud/rviz/urdf_pointcloud.rviz\n'}
[50.880212] (realsense2_camera) StdoutLine: {'line': b'-- Symlinking: /home/imml/git/ROB_534_Project/install/realsense2_camera/share/realsense2_camera/environment/library_path.sh\n'}
[50.898757] (realsense2_camera) StdoutLine: {'line': b'-- Symlinking: /home/imml/git/ROB_534_Project/install/realsense2_camera/share/realsense2_camera/environment/library_path.dsv\n'}
[50.918610] (realsense2_camera) StdoutLine: {'line': b'-- Symlinking: /home/imml/git/ROB_534_Project/install/realsense2_camera/share/ament_index/resource_index/package_run_dependencies/realsense2_camera\n'}
[50.932262] (-) TimerEvent: {}
[50.936785] (realsense2_camera) StdoutLine: {'line': b'-- Symlinking: /home/imml/git/ROB_534_Project/install/realsense2_camera/share/ament_index/resource_index/parent_prefix_path/realsense2_camera\n'}
[50.950007] (realsense2_camera) StdoutLine: {'line': b'-- Symlinking: /home/imml/git/ROB_534_Project/install/realsense2_camera/share/realsense2_camera/environment/ament_prefix_path.sh\n'}
[50.950557] (ur_robot_driver) StdoutLine: {'line': b'[ 73%] Built target ur_ros2_control_node\n'}
[50.964907] (realsense2_camera) StdoutLine: {'line': b'-- Symlinking: /home/imml/git/ROB_534_Project/install/realsense2_camera/share/realsense2_camera/environment/ament_prefix_path.dsv\n'}
[50.980084] (realsense2_camera) StdoutLine: {'line': b'-- Symlinking: /home/imml/git/ROB_534_Project/install/realsense2_camera/share/realsense2_camera/environment/path.sh\n'}
[50.993882] (realsense2_camera) StdoutLine: {'line': b'-- Symlinking: /home/imml/git/ROB_534_Project/install/realsense2_camera/share/realsense2_camera/environment/path.dsv\n'}
[51.007171] (realsense2_camera) StdoutLine: {'line': b'-- Symlinking: /home/imml/git/ROB_534_Project/install/realsense2_camera/share/realsense2_camera/local_setup.bash\n'}
[51.021163] (realsense2_camera) StdoutLine: {'line': b'-- Symlinking: /home/imml/git/ROB_534_Project/install/realsense2_camera/share/realsense2_camera/local_setup.sh\n'}
[51.032365] (-) TimerEvent: {}
[51.034745] (realsense2_camera) StdoutLine: {'line': b'-- Symlinking: /home/imml/git/ROB_534_Project/install/realsense2_camera/share/realsense2_camera/local_setup.zsh\n'}
[51.048565] (realsense2_camera) StdoutLine: {'line': b'-- Symlinking: /home/imml/git/ROB_534_Project/install/realsense2_camera/share/realsense2_camera/local_setup.dsv\n'}
[51.062373] (realsense2_camera) StdoutLine: {'line': b'-- Symlinking: /home/imml/git/ROB_534_Project/install/realsense2_camera/share/realsense2_camera/package.dsv\n'}
[51.074853] (realsense2_camera) StdoutLine: {'line': b'-- Symlinking: /home/imml/git/ROB_534_Project/install/realsense2_camera/share/ament_index/resource_index/packages/realsense2_camera\n'}
[51.088601] (realsense2_camera) StdoutLine: {'line': b'-- Symlinking: /home/imml/git/ROB_534_Project/install/realsense2_camera/share/ament_index/resource_index/rclcpp_components/realsense2_camera\n'}
[51.102095] (realsense2_camera) StdoutLine: {'line': b'-- Symlinking: /home/imml/git/ROB_534_Project/install/realsense2_camera/share/realsense2_camera/cmake/ament_cmake_export_include_directories-extras.cmake\n'}
[51.115563] (realsense2_camera) StdoutLine: {'line': b'-- Symlinking: /home/imml/git/ROB_534_Project/install/realsense2_camera/share/realsense2_camera/cmake/ament_cmake_export_libraries-extras.cmake\n'}
[51.129079] (realsense2_camera) StdoutLine: {'line': b'-- Symlinking: /home/imml/git/ROB_534_Project/install/realsense2_camera/share/realsense2_camera/cmake/ament_cmake_export_dependencies-extras.cmake\n'}
[51.132484] (-) TimerEvent: {}
[51.143935] (realsense2_camera) StdoutLine: {'line': b'-- Symlinking: /home/imml/git/ROB_534_Project/install/realsense2_camera/share/realsense2_camera/cmake/realsense2_cameraConfig.cmake\n'}
[51.160405] (realsense2_camera) StdoutLine: {'line': b'-- Symlinking: /home/imml/git/ROB_534_Project/install/realsense2_camera/share/realsense2_camera/cmake/realsense2_cameraConfig-version.cmake\n'}
[51.176778] (realsense2_camera) StdoutLine: {'line': b'-- Symlinking: /home/imml/git/ROB_534_Project/install/realsense2_camera/share/realsense2_camera/package.xml\n'}
[51.198322] (realsense2_camera) CommandEnded: {'returncode': 0}
[51.225287] (realsense2_camera) JobEnded: {'identifier': 'realsense2_camera', 'rc': 0}
[51.232626] (-) TimerEvent: {}
[51.333149] (-) TimerEvent: {}
[51.433749] (-) TimerEvent: {}
[51.534252] (-) TimerEvent: {}
[51.558420] (harvest_control) StdoutLine: {'line': b'[100%] Built target move_arm\n'}
[51.578978] (harvest_control) CommandEnded: {'returncode': 0}
[51.580084] (harvest_control) JobProgress: {'identifier': 'harvest_control', 'progress': 'install'}
[51.580615] (harvest_control) Command: {'cmd': ['/usr/bin/cmake', '--install', '/home/imml/git/ROB_534_Project/build/harvest_control'], 'cwd': '/home/imml/git/ROB_534_Project/build/harvest_control', 'env': OrderedDict([('LESSOPEN', '| /usr/bin/lesspipe %s'), ('USER', 'imml'), ('XDG_SESSION_TYPE', 'wayland'), ('SHLVL', '1'), ('LD_LIBRARY_PATH', '/home/imml/git/ROB_534_Project/install/harvest_interfaces/lib:/opt/ros/humble/opt/rviz_ogre_vendor/lib:/opt/ros/humble/lib/x86_64-linux-gnu:/opt/ros/humble/lib'), ('HOME', '/home/imml'), ('OLDPWD', '/home/imml'), ('DESKTOP_SESSION', 'ubuntu'), ('ROS_PYTHON_VERSION', '3'), ('GNOME_SHELL_SESSION_MODE', 'ubuntu'), ('GTK_MODULES', 'gail:atk-bridge'), ('SYSTEMD_EXEC_PID', '35967'), ('DBUS_SESSION_BUS_ADDRESS', 'unix:path=/run/user/1000/bus'), ('COLORTERM', 'truecolor'), ('IM_CONFIG_PHASE', '1'), ('WAYLAND_DISPLAY', 'wayland-0'), ('ROS_DISTRO', 'humble'), ('LOGNAME', 'imml'), ('_', '/usr/bin/colcon'), ('ROS_VERSION', '2'), ('XDG_SESSION_CLASS', 'user'), ('USERNAME', 'imml'), ('TERM', 'xterm-256color'), ('GNOME_DESKTOP_SESSION_ID', 'this-is-deprecated'), ('ROS_LOCALHOST_ONLY', '0'), ('PATH', '/opt/ros/humble/bin:/home/imml/.local/bin:/usr/local/sbin:/usr/local/bin:/usr/sbin:/usr/bin:/sbin:/bin:/usr/games:/usr/local/games:/snap/bin:/snap/bin'), ('SESSION_MANAGER', 'local/imml-ROG-Zephyrus:@/tmp/.ICE-unix/1689,unix/imml-ROG-Zephyrus:/tmp/.ICE-unix/1689'), ('XDG_MENU_PREFIX', 'gnome-'), ('GNOME_TERMINAL_SCREEN', '/org/gnome/Terminal/screen/00ec7be0_5807_4f11_8254_b2b90de30782'), ('GNOME_SETUP_DISPLAY', ':1'), ('XDG_RUNTIME_DIR', '/run/user/1000'), ('DISPLAY', ':0'), ('LANG', 'en_US.UTF-8'), ('XDG_CURRENT_DESKTOP', 'ubuntu:GNOME'), ('XMODIFIERS', '@im=ibus'), ('XDG_SESSION_DESKTOP', 'ubuntu'), ('XAUTHORITY', '/run/user/1000/.mutter-Xwaylandauth.48T012'), ('LS_COLORS', 'rs=0:di=01;34:ln=01;36:mh=00:pi=40;33:so=01;35:do=01;35:bd=40;33;01:cd=40;33;01:or=40;31;01:mi=00:su=37;41:sg=30;43:ca=30;41:tw=30;42:ow=34;42:st=37;44:ex=01;32:*.tar=01;31:*.tgz=01;31:*.arc=01;31:*.arj=01;31:*.taz=01;31:*.lha=01;31:*.lz4=01;31:*.lzh=01;31:*.lzma=01;31:*.tlz=01;31:*.txz=01;31:*.tzo=01;31:*.t7z=01;31:*.zip=01;31:*.z=01;31:*.dz=01;31:*.gz=01;31:*.lrz=01;31:*.lz=01;31:*.lzo=01;31:*.xz=01;31:*.zst=01;31:*.tzst=01;31:*.bz2=01;31:*.bz=01;31:*.tbz=01;31:*.tbz2=01;31:*.tz=01;31:*.deb=01;31:*.rpm=01;31:*.jar=01;31:*.war=01;31:*.ear=01;31:*.sar=01;31:*.rar=01;31:*.alz=01;31:*.ace=01;31:*.zoo=01;31:*.cpio=01;31:*.7z=01;31:*.rz=01;31:*.cab=01;31:*.wim=01;31:*.swm=01;31:*.dwm=01;31:*.esd=01;31:*.jpg=01;35:*.jpeg=01;35:*.mjpg=01;35:*.mjpeg=01;35:*.gif=01;35:*.bmp=01;35:*.pbm=01;35:*.pgm=01;35:*.ppm=01;35:*.tga=01;35:*.xbm=01;35:*.xpm=01;35:*.tif=01;35:*.tiff=01;35:*.png=01;35:*.svg=01;35:*.svgz=01;35:*.mng=01;35:*.pcx=01;35:*.mov=01;35:*.mpg=01;35:*.mpeg=01;35:*.m2v=01;35:*.mkv=01;35:*.webm=01;35:*.webp=01;35:*.ogm=01;35:*.mp4=01;35:*.m4v=01;35:*.mp4v=01;35:*.vob=01;35:*.qt=01;35:*.nuv=01;35:*.wmv=01;35:*.asf=01;35:*.rm=01;35:*.rmvb=01;35:*.flc=01;35:*.avi=01;35:*.fli=01;35:*.flv=01;35:*.gl=01;35:*.dl=01;35:*.xcf=01;35:*.xwd=01;35:*.yuv=01;35:*.cgm=01;35:*.emf=01;35:*.ogv=01;35:*.ogx=01;35:*.aac=00;36:*.au=00;36:*.flac=00;36:*.m4a=00;36:*.mid=00;36:*.midi=00;36:*.mka=00;36:*.mp3=00;36:*.mpc=00;36:*.ogg=00;36:*.ra=00;36:*.wav=00;36:*.oga=00;36:*.opus=00;36:*.spx=00;36:*.xspf=00;36:'), ('GNOME_TERMINAL_SERVICE', ':1.315'), ('SSH_AGENT_LAUNCHER', 'gnome-keyring'), ('SSH_AUTH_SOCK', '/run/user/1000/keyring/ssh'), ('AMENT_PREFIX_PATH', '/home/imml/git/ROB_534_Project/install/harvest_interfaces:/opt/ros/humble'), ('SHELL', '/bin/bash'), ('QT_ACCESSIBILITY', '1'), ('GDMSESSION', 'ubuntu'), ('LESSCLOSE', '/usr/bin/lesspipe %s %s'), ('QT_IM_MODULE', 'ibus'), ('PWD', '/home/imml/git/ROB_534_Project/build/harvest_control'), ('LC_ALL', 'en_US.UTF-8'), ('XDG_CONFIG_DIRS', '/etc/xdg/xdg-ubuntu:/etc/xdg'), ('XDG_DATA_DIRS', '/usr/share/ubuntu:/usr/local/share/:/usr/share/:/var/lib/snapd/desktop'), ('PYTHONPATH', '/home/imml/git/ROB_534_Project/install/harvest_interfaces/local/lib/python3.10/dist-packages:/opt/ros/humble/lib/python3.10/site-packages:/opt/ros/humble/local/lib/python3.10/dist-packages'), ('COLCON', '1'), ('VTE_VERSION', '6800'), ('CMAKE_PREFIX_PATH', '/home/imml/git/ROB_534_Project/install/harvest_interfaces:/opt/ros/humble')]), 'shell': False}
[51.594408] (harvest_control) StdoutLine: {'line': b'-- Install configuration: ""\n'}
[51.595205] (harvest_control) StdoutLine: {'line': b'-- Execute custom install script\n'}
[51.595658] (harvest_control) StdoutLine: {'line': b'-- Symlinking: /home/imml/git/ROB_534_Project/install/harvest_control/share/harvest_control/environment/pythonpath.sh\n'}
[51.608445] (harvest_control) StdoutLine: {'line': b'-- Symlinking: /home/imml/git/ROB_534_Project/install/harvest_control/share/harvest_control/environment/pythonpath.dsv\n'}
[51.621687] (harvest_control) StdoutLine: {'line': b'-- Symlinking: /home/imml/git/ROB_534_Project/install/harvest_control/local/lib/python3.10/dist-packages/harvest_control-0.0.0-py3.10.egg-info/PKG-INFO\n'}
[51.634370] (-) TimerEvent: {}
[51.634759] (harvest_control) StdoutLine: {'line': b'-- Symlinking: /home/imml/git/ROB_534_Project/install/harvest_control/local/lib/python3.10/dist-packages/harvest_control-0.0.0-py3.10.egg-info/SOURCES.txt\n'}
[51.649439] (harvest_control) StdoutLine: {'line': b'-- Symlinking: /home/imml/git/ROB_534_Project/install/harvest_control/local/lib/python3.10/dist-packages/harvest_control-0.0.0-py3.10.egg-info/dependency_links.txt\n'}
[51.663890] (harvest_control) StdoutLine: {'line': b'-- Symlinking: /home/imml/git/ROB_534_Project/install/harvest_control/local/lib/python3.10/dist-packages/harvest_control-0.0.0-py3.10.egg-info/top_level.txt\n'}
[51.678883] (harvest_control) StdoutLine: {'line': b'-- Symlinking: /home/imml/git/ROB_534_Project/install/harvest_control/local/lib/python3.10/dist-packages/harvest_control/__init__.py\n'}
[51.696008] (harvest_control) StdoutLine: {'line': b'-- Symlinking: /home/imml/git/ROB_534_Project/install/harvest_control/lib/harvest_control/coordinate_to_trajectory.py\n'}
[51.712542] (harvest_control) StdoutLine: {'line': b'-- Symlinking: /home/imml/git/ROB_534_Project/install/harvest_control/lib/harvest_control/coordinate_to_trajectory_client.py\n'}
[51.725167] (harvest_control) StdoutLine: {'line': b'-- Symlinking: /home/imml/git/ROB_534_Project/install/harvest_control/lib/harvest_control/visual_servo.py\n'}
[51.734494] (-) TimerEvent: {}
[51.737207] (harvest_control) StdoutLine: {'line': b'-- Symlinking: /home/imml/git/ROB_534_Project/install/harvest_control/lib/harvest_control/event_detector.py\n'}
[51.749379] (harvest_control) StdoutLine: {'line': b'-- Symlinking: /home/imml/git/ROB_534_Project/install/harvest_control/lib/harvest_control/force_filter.py\n'}
[51.762030] (harvest_control) StdoutLine: {'line': b'-- Symlinking: /home/imml/git/ROB_534_Project/install/harvest_control/lib/harvest_control/heuristic_controller.py\n'}
[51.774579] (harvest_control) StdoutLine: {'line': b'-- Symlinking: /home/imml/git/ROB_534_Project/install/harvest_control/lib/harvest_control/linear_controller.py\n'}
[51.786910] (harvest_control) StdoutLine: {'line': b'-- Symlinking: /home/imml/git/ROB_534_Project/install/harvest_control/lib/harvest_control/pose_listener.py\n'}
[51.798692] (harvest_control) StdoutLine: {'line': b'-- Symlinking: /home/imml/git/ROB_534_Project/install/harvest_control/lib/harvest_control/pressure_averager.py\n'}
[51.810063] (harvest_control) StdoutLine: {'line': b'-- Symlinking: /home/imml/git/ROB_534_Project/install/harvest_control/lib/harvest_control/pull_twist_controller.py\n'}
[51.821868] (harvest_control) StdoutLine: {'line': b'-- Symlinking: /home/imml/git/ROB_534_Project/install/harvest_control/lib/harvest_control/trellis_wire_scan.py\n'}
[51.833488] (harvest_control) StdoutLine: {'line': b'-- Symlinking: /home/imml/git/ROB_534_Project/install/harvest_control/lib/harvest_control/get_manual_apple_locations.py\n'}
[51.834572] (-) TimerEvent: {}
[51.844520] (harvest_control) StdoutLine: {'line': b'-- Symlinking: /home/imml/git/ROB_534_Project/install/harvest_control/lib/harvest_control/generate_trellis_collision_obj.py\n'}
[51.855908] (harvest_control) StdoutLine: {'line': b'-- Symlinking: /home/imml/git/ROB_534_Project/install/harvest_control/lib/harvest_control/move_arm\n'}
[51.867993] (harvest_control) StdoutLine: {'line': b'-- Symlinking: /home/imml/git/ROB_534_Project/install/harvest_control/share/harvest_control/launch/arm_control.launch.py\n'}
[51.881270] (harvest_control) StdoutLine: {'line': b'-- Symlinking: /home/imml/git/ROB_534_Project/install/harvest_control/share/harvest_control/launch/arm_control_templating.launch.py\n'}
[51.895230] (harvest_control) StdoutLine: {'line': b'-- Symlinking: /home/imml/git/ROB_534_Project/install/harvest_control/share/harvest_control/resource/harvest_control\n'}
[51.908513] (harvest_control) StdoutLine: {'line': b'-- Symlinking: /home/imml/git/ROB_534_Project/install/harvest_control/share/harvest_control/resource/reachable_paths.npy\n'}
[51.920132] (harvest_control) StdoutLine: {'line': b'-- Symlinking: /home/imml/git/ROB_534_Project/install/harvest_control/share/harvest_control/resource/reachable_paths_fine.npy\n'}
[51.932067] (harvest_control) StdoutLine: {'line': b'-- Symlinking: /home/imml/git/ROB_534_Project/install/harvest_control/share/harvest_control/resource/reachable_voxel_centers.csv\n'}
[51.934652] (-) TimerEvent: {}
[51.943346] (harvest_control) StdoutLine: {'line': b'-- Symlinking: /home/imml/git/ROB_534_Project/install/harvest_control/share/harvest_control/resource/reachable_voxel_centers_fine.csv\n'}
[51.954516] (harvest_control) StdoutLine: {'line': b'-- Symlinking: /home/imml/git/ROB_534_Project/install/harvest_control/share/harvest_control/resource/tree_wire_mask.json\n'}
[51.966075] (harvest_control) StdoutLine: {'line': b'-- Symlinking: /home/imml/git/ROB_534_Project/install/harvest_control/share/harvest_control/resource/urdf/v_trellis_template.urdf\n'}
[51.976879] (harvest_control) StdoutLine: {'line': b'-- Symlinking: /home/imml/git/ROB_534_Project/install/harvest_control/share/harvest_control/resource/urdf/v_trellis_template.xacro\n'}
[51.987826] (harvest_control) StdoutLine: {'line': b'-- Symlinking: /home/imml/git/ROB_534_Project/install/harvest_control/share/harvest_control/resource/voxel_ik_data.csv\n'}
[51.998597] (harvest_control) StdoutLine: {'line': b'-- Symlinking: /home/imml/git/ROB_534_Project/install/harvest_control/share/harvest_control/resource/voxel_ik_data_fine.csv\n'}
[52.009637] (harvest_control) StdoutLine: {'line': b'-- Symlinking: /home/imml/git/ROB_534_Project/install/harvest_control/share/ament_index/resource_index/package_run_dependencies/harvest_control\n'}
[52.020247] (harvest_control) StdoutLine: {'line': b'-- Symlinking: /home/imml/git/ROB_534_Project/install/harvest_control/share/ament_index/resource_index/parent_prefix_path/harvest_control\n'}
[52.031358] (harvest_control) StdoutLine: {'line': b'-- Symlinking: /home/imml/git/ROB_534_Project/install/harvest_control/share/harvest_control/environment/ament_prefix_path.sh\n'}
[52.034758] (-) TimerEvent: {}
[52.041924] (harvest_control) StdoutLine: {'line': b'-- Symlinking: /home/imml/git/ROB_534_Project/install/harvest_control/share/harvest_control/environment/ament_prefix_path.dsv\n'}
[52.052952] (harvest_control) StdoutLine: {'line': b'-- Symlinking: /home/imml/git/ROB_534_Project/install/harvest_control/share/harvest_control/environment/path.sh\n'}
[52.063863] (harvest_control) StdoutLine: {'line': b'-- Symlinking: /home/imml/git/ROB_534_Project/install/harvest_control/share/harvest_control/environment/path.dsv\n'}
[52.074702] (harvest_control) StdoutLine: {'line': b'-- Symlinking: /home/imml/git/ROB_534_Project/install/harvest_control/share/harvest_control/local_setup.bash\n'}
[52.086010] (harvest_control) StdoutLine: {'line': b'-- Symlinking: /home/imml/git/ROB_534_Project/install/harvest_control/share/harvest_control/local_setup.sh\n'}
[52.097357] (harvest_control) StdoutLine: {'line': b'-- Symlinking: /home/imml/git/ROB_534_Project/install/harvest_control/share/harvest_control/local_setup.zsh\n'}
[52.108431] (harvest_control) StdoutLine: {'line': b'-- Symlinking: /home/imml/git/ROB_534_Project/install/harvest_control/share/harvest_control/local_setup.dsv\n'}
[52.120939] (harvest_control) StdoutLine: {'line': b'-- Symlinking: /home/imml/git/ROB_534_Project/install/harvest_control/share/harvest_control/package.dsv\n'}
[52.132505] (harvest_control) StdoutLine: {'line': b'-- Symlinking: /home/imml/git/ROB_534_Project/install/harvest_control/share/ament_index/resource_index/packages/harvest_control\n'}
[52.134858] (-) TimerEvent: {}
[52.143819] (harvest_control) StdoutLine: {'line': b'-- Symlinking: /home/imml/git/ROB_534_Project/install/harvest_control/share/harvest_control/cmake/harvest_controlConfig.cmake\n'}
[52.154705] (harvest_control) StdoutLine: {'line': b'-- Symlinking: /home/imml/git/ROB_534_Project/install/harvest_control/share/harvest_control/cmake/harvest_controlConfig-version.cmake\n'}
[52.166699] (harvest_control) StdoutLine: {'line': b'-- Symlinking: /home/imml/git/ROB_534_Project/install/harvest_control/share/harvest_control/package.xml\n'}
[52.212201] (harvest_control) StdoutLine: {'line': b"Listing '/home/imml/git/ROB_534_Project/install/harvest_control/local/lib/python3.10/dist-packages/harvest_control'...\n"}
[52.212446] (harvest_control) StdoutLine: {'line': b"Compiling '/home/imml/git/ROB_534_Project/install/harvest_control/local/lib/python3.10/dist-packages/harvest_control/__init__.py'...\n"}
[52.222784] (harvest_control) CommandEnded: {'returncode': 0}
[52.234949] (-) TimerEvent: {}
[52.236327] (harvest_control) JobEnded: {'identifier': 'harvest_control', 'rc': 0}
[52.335144] (-) TimerEvent: {}
[52.435729] (-) TimerEvent: {}
[52.536120] (-) TimerEvent: {}
[52.636566] (-) TimerEvent: {}
[52.736939] (-) TimerEvent: {}
[52.837398] (-) TimerEvent: {}
[52.937782] (-) TimerEvent: {}
[53.038166] (-) TimerEvent: {}
[53.138565] (-) TimerEvent: {}
[53.238925] (-) TimerEvent: {}
[53.339248] (-) TimerEvent: {}
[53.439663] (-) TimerEvent: {}
[53.540092] (-) TimerEvent: {}
[53.640536] (-) TimerEvent: {}
[53.741056] (-) TimerEvent: {}
[53.841461] (-) TimerEvent: {}
[53.941909] (-) TimerEvent: {}
[54.042320] (-) TimerEvent: {}
[54.142810] (-) TimerEvent: {}
[54.243225] (-) TimerEvent: {}
[54.343837] (-) TimerEvent: {}
[54.444258] (-) TimerEvent: {}
[54.544849] (-) TimerEvent: {}
[54.645285] (-) TimerEvent: {}
[54.745660] (-) TimerEvent: {}
[54.846055] (-) TimerEvent: {}
[54.946458] (-) TimerEvent: {}
[55.046877] (-) TimerEvent: {}
[55.147257] (-) TimerEvent: {}
[55.247895] (-) TimerEvent: {}
[55.348939] (-) TimerEvent: {}
[55.449314] (-) TimerEvent: {}
[55.549693] (-) TimerEvent: {}
[55.650091] (-) TimerEvent: {}
[55.750553] (-) TimerEvent: {}
[55.851088] (-) TimerEvent: {}
[55.951561] (-) TimerEvent: {}
[56.052144] (-) TimerEvent: {}
[56.152552] (-) TimerEvent: {}
[56.253076] (-) TimerEvent: {}
[56.353560] (-) TimerEvent: {}
[56.453958] (-) TimerEvent: {}
[56.554351] (-) TimerEvent: {}
[56.654615] (-) TimerEvent: {}
[56.754907] (-) TimerEvent: {}
[56.855219] (-) TimerEvent: {}
[56.955525] (-) TimerEvent: {}
[57.055808] (-) TimerEvent: {}
[57.156081] (-) TimerEvent: {}
[57.256373] (-) TimerEvent: {}
[57.356650] (-) TimerEvent: {}
[57.456913] (-) TimerEvent: {}
[57.557329] (-) TimerEvent: {}
[57.657618] (-) TimerEvent: {}
[57.757995] (-) TimerEvent: {}
[57.858342] (-) TimerEvent: {}
[57.958757] (-) TimerEvent: {}
[58.059271] (-) TimerEvent: {}
[58.159544] (-) TimerEvent: {}
[58.259852] (-) TimerEvent: {}
[58.360148] (-) TimerEvent: {}
[58.460478] (-) TimerEvent: {}
[58.560757] (-) TimerEvent: {}
[58.661040] (-) TimerEvent: {}
[58.761327] (-) TimerEvent: {}
[58.861607] (-) TimerEvent: {}
[58.961896] (-) TimerEvent: {}
[59.062180] (-) TimerEvent: {}
[59.162479] (-) TimerEvent: {}
[59.262835] (-) TimerEvent: {}
[59.363401] (-) TimerEvent: {}
[59.463931] (-) TimerEvent: {}
[59.564288] (-) TimerEvent: {}
[59.664800] (-) TimerEvent: {}
[59.765282] (-) TimerEvent: {}
[59.865875] (-) TimerEvent: {}
[59.961795] (ur_robot_driver) StdoutLine: {'line': b'[ 80%] \x1b[32m\x1b[1mLinking CXX executable urscript_interface\x1b[0m\n'}
[59.966052] (-) TimerEvent: {}
[60.066616] (-) TimerEvent: {}
[60.167055] (-) TimerEvent: {}
[60.267632] (-) TimerEvent: {}
[60.344134] (ur_robot_driver) StdoutLine: {'line': b'[ 80%] Built target urscript_interface\n'}
[60.367845] (-) TimerEvent: {}
[60.468457] (-) TimerEvent: {}
[60.568740] (-) TimerEvent: {}
[60.669055] (-) TimerEvent: {}
[60.769464] (-) TimerEvent: {}
[60.869788] (-) TimerEvent: {}
[60.970139] (-) TimerEvent: {}
[61.070526] (-) TimerEvent: {}
[61.171088] (-) TimerEvent: {}
[61.271342] (-) TimerEvent: {}
[61.371750] (-) TimerEvent: {}
[61.472022] (-) TimerEvent: {}
[61.572331] (-) TimerEvent: {}
[61.672653] (-) TimerEvent: {}
[61.772954] (-) TimerEvent: {}
[61.873283] (-) TimerEvent: {}
[61.973620] (-) TimerEvent: {}
[62.074116] (-) TimerEvent: {}
[62.174504] (-) TimerEvent: {}
[62.275094] (-) TimerEvent: {}
[62.375576] (-) TimerEvent: {}
[62.475981] (-) TimerEvent: {}
[62.576331] (-) TimerEvent: {}
[62.676665] (-) TimerEvent: {}
[62.777033] (-) TimerEvent: {}
[62.877512] (-) TimerEvent: {}
[62.977799] (-) TimerEvent: {}
[63.078194] (-) TimerEvent: {}
[63.175250] (ur_robot_driver) StdoutLine: {'line': b'[ 86%] \x1b[32m\x1b[1mLinking CXX executable controller_stopper_node\x1b[0m\n'}
[63.178262] (-) TimerEvent: {}
[63.278617] (-) TimerEvent: {}
[63.379177] (-) TimerEvent: {}
[63.479530] (-) TimerEvent: {}
[63.552030] (ur_robot_driver) StdoutLine: {'line': b'[ 86%] Built target controller_stopper_node\n'}
[63.579630] (-) TimerEvent: {}
[63.679922] (-) TimerEvent: {}
[63.780211] (-) TimerEvent: {}
[63.880613] (-) TimerEvent: {}
[63.980892] (-) TimerEvent: {}
[64.081183] (-) TimerEvent: {}
[64.181490] (-) TimerEvent: {}
[64.281960] (-) TimerEvent: {}
[64.382290] (-) TimerEvent: {}
[64.482666] (-) TimerEvent: {}
[64.582968] (-) TimerEvent: {}
[64.683292] (-) TimerEvent: {}
[64.783660] (-) TimerEvent: {}
[64.884082] (-) TimerEvent: {}
[64.984758] (-) TimerEvent: {}
[65.085205] (-) TimerEvent: {}
[65.185769] (-) TimerEvent: {}
[65.286220] (-) TimerEvent: {}
[65.386881] (-) TimerEvent: {}
[65.487292] (-) TimerEvent: {}
[65.579223] (ur_robot_driver) StdoutLine: {'line': b'[ 93%] \x1b[32m\x1b[1mLinking CXX executable dashboard_client\x1b[0m\n'}
[65.587318] (-) TimerEvent: {}
[65.687598] (-) TimerEvent: {}
[65.788033] (-) TimerEvent: {}
[65.792868] (ur_robot_driver) StdoutLine: {'line': b'[100%] \x1b[32m\x1b[1mLinking CXX shared library libur_robot_driver_plugin.so\x1b[0m\n'}
[65.888095] (-) TimerEvent: {}
[65.895623] (ur_robot_driver) StdoutLine: {'line': b'[100%] Built target dashboard_client\n'}
[65.988198] (-) TimerEvent: {}
[66.088482] (-) TimerEvent: {}
[66.157818] (ur_robot_driver) StdoutLine: {'line': b'[100%] Built target ur_robot_driver_plugin\n'}
[66.168981] (ur_robot_driver) CommandEnded: {'returncode': 0}
[66.169606] (ur_robot_driver) JobProgress: {'identifier': 'ur_robot_driver', 'progress': 'install'}
[66.170026] (ur_robot_driver) Command: {'cmd': ['/usr/bin/cmake', '--install', '/home/imml/git/ROB_534_Project/build/ur_robot_driver'], 'cwd': '/home/imml/git/ROB_534_Project/build/ur_robot_driver', 'env': OrderedDict([('LESSOPEN', '| /usr/bin/lesspipe %s'), ('USER', 'imml'), ('XDG_SESSION_TYPE', 'wayland'), ('SHLVL', '1'), ('LD_LIBRARY_PATH', '/home/imml/git/ROB_534_Project/install/ur_controllers/lib:/home/imml/git/ROB_534_Project/install/ur_dashboard_msgs/lib:/opt/ros/humble/opt/rviz_ogre_vendor/lib:/opt/ros/humble/lib/x86_64-linux-gnu:/opt/ros/humble/lib'), ('HOME', '/home/imml'), ('OLDPWD', '/home/imml'), ('DESKTOP_SESSION', 'ubuntu'), ('ROS_PYTHON_VERSION', '3'), ('GNOME_SHELL_SESSION_MODE', 'ubuntu'), ('GTK_MODULES', 'gail:atk-bridge'), ('SYSTEMD_EXEC_PID', '35967'), ('DBUS_SESSION_BUS_ADDRESS', 'unix:path=/run/user/1000/bus'), ('COLORTERM', 'truecolor'), ('IM_CONFIG_PHASE', '1'), ('WAYLAND_DISPLAY', 'wayland-0'), ('ROS_DISTRO', 'humble'), ('LOGNAME', 'imml'), ('_', '/usr/bin/colcon'), ('ROS_VERSION', '2'), ('XDG_SESSION_CLASS', 'user'), ('USERNAME', 'imml'), ('TERM', 'xterm-256color'), ('GNOME_DESKTOP_SESSION_ID', 'this-is-deprecated'), ('ROS_LOCALHOST_ONLY', '0'), ('PATH', '/opt/ros/humble/bin:/home/imml/.local/bin:/usr/local/sbin:/usr/local/bin:/usr/sbin:/usr/bin:/sbin:/bin:/usr/games:/usr/local/games:/snap/bin:/snap/bin'), ('SESSION_MANAGER', 'local/imml-ROG-Zephyrus:@/tmp/.ICE-unix/1689,unix/imml-ROG-Zephyrus:/tmp/.ICE-unix/1689'), ('XDG_MENU_PREFIX', 'gnome-'), ('GNOME_TERMINAL_SCREEN', '/org/gnome/Terminal/screen/00ec7be0_5807_4f11_8254_b2b90de30782'), ('GNOME_SETUP_DISPLAY', ':1'), ('XDG_RUNTIME_DIR', '/run/user/1000'), ('DISPLAY', ':0'), ('LANG', 'en_US.UTF-8'), ('XDG_CURRENT_DESKTOP', 'ubuntu:GNOME'), ('XMODIFIERS', '@im=ibus'), ('XDG_SESSION_DESKTOP', 'ubuntu'), ('XAUTHORITY', '/run/user/1000/.mutter-Xwaylandauth.48T012'), ('LS_COLORS', 'rs=0:di=01;34:ln=01;36:mh=00:pi=40;33:so=01;35:do=01;35:bd=40;33;01:cd=40;33;01:or=40;31;01:mi=00:su=37;41:sg=30;43:ca=30;41:tw=30;42:ow=34;42:st=37;44:ex=01;32:*.tar=01;31:*.tgz=01;31:*.arc=01;31:*.arj=01;31:*.taz=01;31:*.lha=01;31:*.lz4=01;31:*.lzh=01;31:*.lzma=01;31:*.tlz=01;31:*.txz=01;31:*.tzo=01;31:*.t7z=01;31:*.zip=01;31:*.z=01;31:*.dz=01;31:*.gz=01;31:*.lrz=01;31:*.lz=01;31:*.lzo=01;31:*.xz=01;31:*.zst=01;31:*.tzst=01;31:*.bz2=01;31:*.bz=01;31:*.tbz=01;31:*.tbz2=01;31:*.tz=01;31:*.deb=01;31:*.rpm=01;31:*.jar=01;31:*.war=01;31:*.ear=01;31:*.sar=01;31:*.rar=01;31:*.alz=01;31:*.ace=01;31:*.zoo=01;31:*.cpio=01;31:*.7z=01;31:*.rz=01;31:*.cab=01;31:*.wim=01;31:*.swm=01;31:*.dwm=01;31:*.esd=01;31:*.jpg=01;35:*.jpeg=01;35:*.mjpg=01;35:*.mjpeg=01;35:*.gif=01;35:*.bmp=01;35:*.pbm=01;35:*.pgm=01;35:*.ppm=01;35:*.tga=01;35:*.xbm=01;35:*.xpm=01;35:*.tif=01;35:*.tiff=01;35:*.png=01;35:*.svg=01;35:*.svgz=01;35:*.mng=01;35:*.pcx=01;35:*.mov=01;35:*.mpg=01;35:*.mpeg=01;35:*.m2v=01;35:*.mkv=01;35:*.webm=01;35:*.webp=01;35:*.ogm=01;35:*.mp4=01;35:*.m4v=01;35:*.mp4v=01;35:*.vob=01;35:*.qt=01;35:*.nuv=01;35:*.wmv=01;35:*.asf=01;35:*.rm=01;35:*.rmvb=01;35:*.flc=01;35:*.avi=01;35:*.fli=01;35:*.flv=01;35:*.gl=01;35:*.dl=01;35:*.xcf=01;35:*.xwd=01;35:*.yuv=01;35:*.cgm=01;35:*.emf=01;35:*.ogv=01;35:*.ogx=01;35:*.aac=00;36:*.au=00;36:*.flac=00;36:*.m4a=00;36:*.mid=00;36:*.midi=00;36:*.mka=00;36:*.mp3=00;36:*.mpc=00;36:*.ogg=00;36:*.ra=00;36:*.wav=00;36:*.oga=00;36:*.opus=00;36:*.spx=00;36:*.xspf=00;36:'), ('GNOME_TERMINAL_SERVICE', ':1.315'), ('SSH_AGENT_LAUNCHER', 'gnome-keyring'), ('SSH_AUTH_SOCK', '/run/user/1000/keyring/ssh'), ('AMENT_PREFIX_PATH', '/home/imml/git/ROB_534_Project/install/ur_controllers:/home/imml/git/ROB_534_Project/install/ur_description:/home/imml/git/ROB_534_Project/install/ur_dashboard_msgs:/opt/ros/humble'), ('SHELL', '/bin/bash'), ('QT_ACCESSIBILITY', '1'), ('GDMSESSION', 'ubuntu'), ('LESSCLOSE', '/usr/bin/lesspipe %s %s'), ('QT_IM_MODULE', 'ibus'), ('PWD', '/home/imml/git/ROB_534_Project/build/ur_robot_driver'), ('LC_ALL', 'en_US.UTF-8'), ('XDG_CONFIG_DIRS', '/etc/xdg/xdg-ubuntu:/etc/xdg'), ('XDG_DATA_DIRS', '/usr/share/ubuntu:/usr/local/share/:/usr/share/:/var/lib/snapd/desktop'), ('PYTHONPATH', '/home/imml/git/ROB_534_Project/install/ur_dashboard_msgs/local/lib/python3.10/dist-packages:/opt/ros/humble/lib/python3.10/site-packages:/opt/ros/humble/local/lib/python3.10/dist-packages'), ('COLCON', '1'), ('VTE_VERSION', '6800'), ('CMAKE_PREFIX_PATH', '/home/imml/git/ROB_534_Project/install/ur_controllers:/home/imml/git/ROB_534_Project/install/ur_description:/home/imml/git/ROB_534_Project/install/ur_dashboard_msgs:/opt/ros/humble')]), 'shell': False}
[66.177592] (ur_robot_driver) StdoutLine: {'line': b'-- Install configuration: "RelWithDebInfo"\n'}
[66.178005] (ur_robot_driver) StdoutLine: {'line': b'-- Execute custom install script\n'}
[66.178239] (ur_robot_driver) StdoutLine: {'line': b'-- Symlinking: /home/imml/git/ROB_534_Project/install/ur_robot_driver/share/ur_robot_driver//hardware_interface_plugin.xml\n'}
[66.187309] (ur_robot_driver) StdoutLine: {'line': b'-- Symlinking: /home/imml/git/ROB_534_Project/install/ur_robot_driver/lib/ur_robot_driver/dashboard_client\n'}
[66.188550] (-) TimerEvent: {}
[66.195468] (ur_robot_driver) StdoutLine: {'line': b'-- Symlinking: /home/imml/git/ROB_534_Project/install/ur_robot_driver/lib/ur_robot_driver/ur_ros2_control_node\n'}
[66.204007] (ur_robot_driver) StdoutLine: {'line': b'-- Symlinking: /home/imml/git/ROB_534_Project/install/ur_robot_driver/lib/ur_robot_driver/controller_stopper_node\n'}
[66.212394] (ur_robot_driver) StdoutLine: {'line': b'-- Symlinking: /home/imml/git/ROB_534_Project/install/ur_robot_driver/lib/ur_robot_driver/urscript_interface\n'}
[66.220818] (ur_robot_driver) StdoutLine: {'line': b'-- Symlinking: /home/imml/git/ROB_534_Project/install/ur_robot_driver/lib/libur_robot_driver_plugin.so\n'}
[66.229373] (ur_robot_driver) StdoutLine: {'line': b'-- Symlinking: /home/imml/git/ROB_534_Project/install/ur_robot_driver/include/ur_robot_driver/controller_stopper.hpp\n'}
[66.237680] (ur_robot_driver) StdoutLine: {'line': b'-- Symlinking: /home/imml/git/ROB_534_Project/install/ur_robot_driver/include/ur_robot_driver/dashboard_client_ros.hpp\n'}
[66.246246] (ur_robot_driver) StdoutLine: {'line': b'-- Symlinking: /home/imml/git/ROB_534_Project/install/ur_robot_driver/include/ur_robot_driver/hardware_interface.hpp\n'}
[66.254751] (ur_robot_driver) StdoutLine: {'line': b'-- Symlinking: /home/imml/git/ROB_534_Project/install/ur_robot_driver/include/ur_robot_driver/urcl_log_handler.hpp\n'}
[66.265898] (ur_robot_driver) StdoutLine: {'line': b'-- Symlinking: /home/imml/git/ROB_534_Project/install/ur_robot_driver/share/ur_robot_driver/environment/library_path.sh\n'}
[66.276815] (ur_robot_driver) StdoutLine: {'line': b'-- Symlinking: /home/imml/git/ROB_534_Project/install/ur_robot_driver/share/ur_robot_driver/environment/library_path.dsv\n'}
[66.286864] (ur_robot_driver) StdoutLine: {'line': b'-- Up-to-date symlink: /home/imml/git/ROB_534_Project/install/ur_robot_driver/include/ur_robot_driver/controller_stopper.hpp\n'}
[66.287235] (ur_robot_driver) StdoutLine: {'line': b'-- Up-to-date symlink: /home/imml/git/ROB_534_Project/install/ur_robot_driver/include/ur_robot_driver/dashboard_client_ros.hpp\n'}
[66.287309] (ur_robot_driver) StdoutLine: {'line': b'-- Up-to-date symlink: /home/imml/git/ROB_534_Project/install/ur_robot_driver/include/ur_robot_driver/hardware_interface.hpp\n'}
[66.287385] (ur_robot_driver) StdoutLine: {'line': b'-- Up-to-date symlink: /home/imml/git/ROB_534_Project/install/ur_robot_driver/include/ur_robot_driver/urcl_log_handler.hpp\n'}
[66.287432] (ur_robot_driver) StdoutLine: {'line': b'-- Symlinking: /home/imml/git/ROB_534_Project/install/ur_robot_driver/share/ur_robot_driver/environment/pythonpath.sh\n'}
[66.288618] (-) TimerEvent: {}
[66.296214] (ur_robot_driver) StdoutLine: {'line': b'-- Symlinking: /home/imml/git/ROB_534_Project/install/ur_robot_driver/share/ur_robot_driver/environment/pythonpath.dsv\n'}
[66.304499] (ur_robot_driver) StdoutLine: {'line': b'-- Symlinking: /home/imml/git/ROB_534_Project/install/ur_robot_driver/local/lib/python3.10/dist-packages/ur_robot_driver-2.2.15-py3.10.egg-info/PKG-INFO\n'}
[66.312153] (ur_robot_driver) StdoutLine: {'line': b'-- Symlinking: /home/imml/git/ROB_534_Project/install/ur_robot_driver/local/lib/python3.10/dist-packages/ur_robot_driver-2.2.15-py3.10.egg-info/SOURCES.txt\n'}
[66.320970] (ur_robot_driver) StdoutLine: {'line': b'-- Symlinking: /home/imml/git/ROB_534_Project/install/ur_robot_driver/local/lib/python3.10/dist-packages/ur_robot_driver-2.2.15-py3.10.egg-info/dependency_links.txt\n'}
[66.329552] (ur_robot_driver) StdoutLine: {'line': b'-- Symlinking: /home/imml/git/ROB_534_Project/install/ur_robot_driver/local/lib/python3.10/dist-packages/ur_robot_driver-2.2.15-py3.10.egg-info/top_level.txt\n'}
[66.338468] (ur_robot_driver) StdoutLine: {'line': b'-- Symlinking: /home/imml/git/ROB_534_Project/install/ur_robot_driver/local/lib/python3.10/dist-packages/ur_robot_driver/__init__.py\n'}
[66.346691] (ur_robot_driver) StdoutLine: {'line': b'-- Symlinking: /home/imml/git/ROB_534_Project/install/ur_robot_driver/lib/ur_robot_driver/tool_communication.py\n'}
[66.354765] (ur_robot_driver) StdoutLine: {'line': b'-- Symlinking: /home/imml/git/ROB_534_Project/install/ur_robot_driver/bin/wait_dashboard_server.sh\n'}
[66.363106] (ur_robot_driver) StdoutLine: {'line': b'-- Symlinking: /home/imml/git/ROB_534_Project/install/ur_robot_driver/lib/ur_robot_driver/start_ursim.sh\n'}
[66.379392] (ur_robot_driver) StdoutLine: {'line': b'-- Symlinking: /home/imml/git/ROB_534_Project/install/ur_robot_driver/share/ur_robot_driver/config/test_goal_publishers_config.yaml\n'}
[66.388074] (ur_robot_driver) StdoutLine: {'line': b'-- Symlinking: /home/imml/git/ROB_534_Project/install/ur_robot_driver/share/ur_robot_driver/config/test_velocity_goal_publishers_config.yaml\n'}
[66.388681] (-) TimerEvent: {}
[66.395848] (ur_robot_driver) StdoutLine: {'line': b'-- Symlinking: /home/imml/git/ROB_534_Project/install/ur_robot_driver/share/ur_robot_driver/config/ur10_update_rate.yaml\n'}
[66.404126] (ur_robot_driver) StdoutLine: {'line': b'-- Symlinking: /home/imml/git/ROB_534_Project/install/ur_robot_driver/share/ur_robot_driver/config/ur10e_update_rate.yaml\n'}
[66.413037] (ur_robot_driver) StdoutLine: {'line': b'-- Symlinking: /home/imml/git/ROB_534_Project/install/ur_robot_driver/share/ur_robot_driver/config/ur16e_update_rate.yaml\n'}
[66.421900] (ur_robot_driver) StdoutLine: {'line': b'-- Symlinking: /home/imml/git/ROB_534_Project/install/ur_robot_driver/share/ur_robot_driver/config/ur20_update_rate.yaml\n'}
[66.430395] (ur_robot_driver) StdoutLine: {'line': b'-- Symlinking: /home/imml/git/ROB_534_Project/install/ur_robot_driver/share/ur_robot_driver/config/ur30_update_rate.yaml\n'}
[66.439836] (ur_robot_driver) StdoutLine: {'line': b'-- Symlinking: /home/imml/git/ROB_534_Project/install/ur_robot_driver/share/ur_robot_driver/config/ur3_update_rate.yaml\n'}
[66.447978] (ur_robot_driver) StdoutLine: {'line': b'-- Symlinking: /home/imml/git/ROB_534_Project/install/ur_robot_driver/share/ur_robot_driver/config/ur3e_update_rate.yaml\n'}
[66.456785] (ur_robot_driver) StdoutLine: {'line': b'-- Symlinking: /home/imml/git/ROB_534_Project/install/ur_robot_driver/share/ur_robot_driver/config/ur5_update_rate.yaml\n'}
[66.465186] (ur_robot_driver) StdoutLine: {'line': b'-- Symlinking: /home/imml/git/ROB_534_Project/install/ur_robot_driver/share/ur_robot_driver/config/ur5e_update_rate.yaml\n'}
[66.473993] (ur_robot_driver) StdoutLine: {'line': b'-- Symlinking: /home/imml/git/ROB_534_Project/install/ur_robot_driver/share/ur_robot_driver/config/ur_controllers.yaml\n'}
[66.484012] (ur_robot_driver) StdoutLine: {'line': b'-- Symlinking: /home/imml/git/ROB_534_Project/install/ur_robot_driver/share/ur_robot_driver/launch/test_forward_velocity_controller.launch.py\n'}
[66.488773] (-) TimerEvent: {}
[66.492867] (ur_robot_driver) StdoutLine: {'line': b'-- Symlinking: /home/imml/git/ROB_534_Project/install/ur_robot_driver/share/ur_robot_driver/launch/test_joint_trajectory_controller.launch.py\n'}
[66.502219] (ur_robot_driver) StdoutLine: {'line': b'-- Symlinking: /home/imml/git/ROB_534_Project/install/ur_robot_driver/share/ur_robot_driver/launch/test_scaled_joint_trajectory_controller.launch.py\n'}
[66.511589] (ur_robot_driver) StdoutLine: {'line': b'-- Symlinking: /home/imml/git/ROB_534_Project/install/ur_robot_driver/share/ur_robot_driver/launch/ur10.launch.py\n'}
[66.520936] (ur_robot_driver) StdoutLine: {'line': b'-- Symlinking: /home/imml/git/ROB_534_Project/install/ur_robot_driver/share/ur_robot_driver/launch/ur10e.launch.py\n'}
[66.530778] (ur_robot_driver) StdoutLine: {'line': b'-- Symlinking: /home/imml/git/ROB_534_Project/install/ur_robot_driver/share/ur_robot_driver/launch/ur16e.launch.py\n'}
[66.540421] (ur_robot_driver) StdoutLine: {'line': b'-- Symlinking: /home/imml/git/ROB_534_Project/install/ur_robot_driver/share/ur_robot_driver/launch/ur20.launch.py\n'}
[66.548655] (ur_robot_driver) StdoutLine: {'line': b'-- Symlinking: /home/imml/git/ROB_534_Project/install/ur_robot_driver/share/ur_robot_driver/launch/ur3.launch.py\n'}
[66.557230] (ur_robot_driver) StdoutLine: {'line': b'-- Symlinking: /home/imml/git/ROB_534_Project/install/ur_robot_driver/share/ur_robot_driver/launch/ur30.launch.py\n'}
[66.567276] (ur_robot_driver) StdoutLine: {'line': b'-- Symlinking: /home/imml/git/ROB_534_Project/install/ur_robot_driver/share/ur_robot_driver/launch/ur3e.launch.py\n'}
[66.576573] (ur_robot_driver) StdoutLine: {'line': b'-- Symlinking: /home/imml/git/ROB_534_Project/install/ur_robot_driver/share/ur_robot_driver/launch/ur5.launch.py\n'}
[66.586750] (ur_robot_driver) StdoutLine: {'line': b'-- Symlinking: /home/imml/git/ROB_534_Project/install/ur_robot_driver/share/ur_robot_driver/launch/ur5e.launch.py\n'}
[66.588830] (-) TimerEvent: {}
[66.596344] (ur_robot_driver) StdoutLine: {'line': b'-- Symlinking: /home/imml/git/ROB_534_Project/install/ur_robot_driver/share/ur_robot_driver/launch/ur_control.launch.py\n'}
[66.605751] (ur_robot_driver) StdoutLine: {'line': b'-- Symlinking: /home/imml/git/ROB_534_Project/install/ur_robot_driver/share/ur_robot_driver/launch/ur_control_custom_hw.launch.py\n'}
[66.615842] (ur_robot_driver) StdoutLine: {'line': b'-- Symlinking: /home/imml/git/ROB_534_Project/install/ur_robot_driver/share/ur_robot_driver/launch/ur_dashboard_client.launch.py\n'}
[66.625434] (ur_robot_driver) StdoutLine: {'line': b'-- Symlinking: /home/imml/git/ROB_534_Project/install/ur_robot_driver/share/ament_index/resource_index/package_run_dependencies/ur_robot_driver\n'}
[66.635933] (ur_robot_driver) StdoutLine: {'line': b'-- Symlinking: /home/imml/git/ROB_534_Project/install/ur_robot_driver/share/ament_index/resource_index/parent_prefix_path/ur_robot_driver\n'}
[66.644821] (ur_robot_driver) StdoutLine: {'line': b'-- Symlinking: /home/imml/git/ROB_534_Project/install/ur_robot_driver/share/ur_robot_driver/environment/ament_prefix_path.sh\n'}
[66.653712] (ur_robot_driver) StdoutLine: {'line': b'-- Symlinking: /home/imml/git/ROB_534_Project/install/ur_robot_driver/share/ur_robot_driver/environment/ament_prefix_path.dsv\n'}
[66.662505] (ur_robot_driver) StdoutLine: {'line': b'-- Symlinking: /home/imml/git/ROB_534_Project/install/ur_robot_driver/share/ur_robot_driver/environment/path.sh\n'}
[66.670763] (ur_robot_driver) StdoutLine: {'line': b'-- Symlinking: /home/imml/git/ROB_534_Project/install/ur_robot_driver/share/ur_robot_driver/environment/path.dsv\n'}
[66.679154] (ur_robot_driver) StdoutLine: {'line': b'-- Symlinking: /home/imml/git/ROB_534_Project/install/ur_robot_driver/share/ur_robot_driver/local_setup.bash\n'}
[66.687420] (ur_robot_driver) StdoutLine: {'line': b'-- Symlinking: /home/imml/git/ROB_534_Project/install/ur_robot_driver/share/ur_robot_driver/local_setup.sh\n'}
[66.688916] (-) TimerEvent: {}
[66.695792] (ur_robot_driver) StdoutLine: {'line': b'-- Symlinking: /home/imml/git/ROB_534_Project/install/ur_robot_driver/share/ur_robot_driver/local_setup.zsh\n'}
[66.705322] (ur_robot_driver) StdoutLine: {'line': b'-- Symlinking: /home/imml/git/ROB_534_Project/install/ur_robot_driver/share/ur_robot_driver/local_setup.dsv\n'}
[66.714072] (ur_robot_driver) StdoutLine: {'line': b'-- Symlinking: /home/imml/git/ROB_534_Project/install/ur_robot_driver/share/ur_robot_driver/package.dsv\n'}
[66.723505] (ur_robot_driver) StdoutLine: {'line': b'-- Symlinking: /home/imml/git/ROB_534_Project/install/ur_robot_driver/share/ament_index/resource_index/packages/ur_robot_driver\n'}
[66.733295] (ur_robot_driver) StdoutLine: {'line': b'-- Symlinking: /home/imml/git/ROB_534_Project/install/ur_robot_driver/share/ament_index/resource_index/hardware_interface__pluginlib__plugin/ur_robot_driver\n'}
[66.741936] (ur_robot_driver) StdoutLine: {'line': b'-- Symlinking: /home/imml/git/ROB_534_Project/install/ur_robot_driver/share/ur_robot_driver/cmake/ament_cmake_export_include_directories-extras.cmake\n'}
[66.750020] (ur_robot_driver) StdoutLine: {'line': b'-- Symlinking: /home/imml/git/ROB_534_Project/install/ur_robot_driver/share/ur_robot_driver/cmake/ament_cmake_export_libraries-extras.cmake\n'}
[66.759028] (ur_robot_driver) StdoutLine: {'line': b'-- Symlinking: /home/imml/git/ROB_534_Project/install/ur_robot_driver/share/ur_robot_driver/cmake/ament_cmake_export_dependencies-extras.cmake\n'}
[66.767946] (ur_robot_driver) StdoutLine: {'line': b'-- Symlinking: /home/imml/git/ROB_534_Project/install/ur_robot_driver/share/ur_robot_driver/cmake/ur_robot_driverConfig.cmake\n'}
[66.777510] (ur_robot_driver) StdoutLine: {'line': b'-- Symlinking: /home/imml/git/ROB_534_Project/install/ur_robot_driver/share/ur_robot_driver/cmake/ur_robot_driverConfig-version.cmake\n'}
[66.788506] (ur_robot_driver) StdoutLine: {'line': b'-- Symlinking: /home/imml/git/ROB_534_Project/install/ur_robot_driver/share/ur_robot_driver/package.xml\n'}
[66.788987] (-) TimerEvent: {}
[66.801110] (ur_robot_driver) StdoutLine: {'line': b'-- Installing: /home/imml/git/ROB_534_Project/install/ur_robot_driver/share/ur_robot_driver/resources\n'}
[66.801592] (ur_robot_driver) StdoutLine: {'line': b'-- Installing: /home/imml/git/ROB_534_Project/install/ur_robot_driver/share/ur_robot_driver/resources/externalcontrol-1.0.5.urcap\n'}
[66.801932] (ur_robot_driver) StdoutLine: {'line': b'-- Installing: /home/imml/git/ROB_534_Project/install/ur_robot_driver/share/ur_robot_driver/resources/rtde_input_recipe.txt\n'}
[66.802126] (ur_robot_driver) StdoutLine: {'line': b'-- Installing: /home/imml/git/ROB_534_Project/install/ur_robot_driver/share/ur_robot_driver/resources/rtde_output_recipe.txt\n'}
[66.802398] (ur_robot_driver) StdoutLine: {'line': b'-- Installing: /home/imml/git/ROB_534_Project/install/ur_robot_driver/share/ur_robot_driver/resources/ros_control.urscript\n'}
[66.802592] (ur_robot_driver) StdoutLine: {'line': b'-- Installing: /home/imml/git/ROB_534_Project/install/ur_robot_driver/share/ur_robot_driver/resources/rs485-1.0.urcap\n'}
[66.860898] (ur_robot_driver) StdoutLine: {'line': b"Listing '/home/imml/git/ROB_534_Project/install/ur_robot_driver/local/lib/python3.10/dist-packages/ur_robot_driver'...\n"}
[66.861090] (ur_robot_driver) StdoutLine: {'line': b"Compiling '/home/imml/git/ROB_534_Project/install/ur_robot_driver/local/lib/python3.10/dist-packages/ur_robot_driver/__init__.py'...\n"}
[66.868642] (ur_robot_driver) CommandEnded: {'returncode': 0}
[66.889081] (-) TimerEvent: {}
[66.891949] (ur_robot_driver) JobEnded: {'identifier': 'ur_robot_driver', 'rc': 0}
[66.894010] (ur_calibration) JobStarted: {'identifier': 'ur_calibration'}
[66.930839] (ur_calibration) JobProgress: {'identifier': 'ur_calibration', 'progress': 'cmake'}
[66.931512] (ur_calibration) Command: {'cmd': ['/usr/bin/cmake', '/home/imml/git/ROB_534_Project/harvest_hardware/Universal_Robots_ROS2_Driver/ur_calibration', '-DAMENT_CMAKE_SYMLINK_INSTALL=1', '-DCMAKE_INSTALL_PREFIX=/home/imml/git/ROB_534_Project/install/ur_calibration'], 'cwd': '/home/imml/git/ROB_534_Project/build/ur_calibration', 'env': OrderedDict([('LESSOPEN', '| /usr/bin/lesspipe %s'), ('USER', 'imml'), ('XDG_SESSION_TYPE', 'wayland'), ('SHLVL', '1'), ('LD_LIBRARY_PATH', '/home/imml/git/ROB_534_Project/install/ur_robot_driver/lib:/home/imml/git/ROB_534_Project/install/ur_controllers/lib:/home/imml/git/ROB_534_Project/install/ur_dashboard_msgs/lib:/opt/ros/humble/opt/rviz_ogre_vendor/lib:/opt/ros/humble/lib/x86_64-linux-gnu:/opt/ros/humble/lib'), ('HOME', '/home/imml'), ('OLDPWD', '/home/imml'), ('DESKTOP_SESSION', 'ubuntu'), ('ROS_PYTHON_VERSION', '3'), ('GNOME_SHELL_SESSION_MODE', 'ubuntu'), ('GTK_MODULES', 'gail:atk-bridge'), ('SYSTEMD_EXEC_PID', '35967'), ('DBUS_SESSION_BUS_ADDRESS', 'unix:path=/run/user/1000/bus'), ('COLORTERM', 'truecolor'), ('IM_CONFIG_PHASE', '1'), ('WAYLAND_DISPLAY', 'wayland-0'), ('ROS_DISTRO', 'humble'), ('LOGNAME', 'imml'), ('_', '/usr/bin/colcon'), ('ROS_VERSION', '2'), ('XDG_SESSION_CLASS', 'user'), ('USERNAME', 'imml'), ('TERM', 'xterm-256color'), ('GNOME_DESKTOP_SESSION_ID', 'this-is-deprecated'), ('ROS_LOCALHOST_ONLY', '0'), ('PATH', '/home/imml/git/ROB_534_Project/install/ur_robot_driver/bin:/opt/ros/humble/bin:/home/imml/.local/bin:/usr/local/sbin:/usr/local/bin:/usr/sbin:/usr/bin:/sbin:/bin:/usr/games:/usr/local/games:/snap/bin:/snap/bin'), ('SESSION_MANAGER', 'local/imml-ROG-Zephyrus:@/tmp/.ICE-unix/1689,unix/imml-ROG-Zephyrus:/tmp/.ICE-unix/1689'), ('XDG_MENU_PREFIX', 'gnome-'), ('GNOME_TERMINAL_SCREEN', '/org/gnome/Terminal/screen/00ec7be0_5807_4f11_8254_b2b90de30782'), ('GNOME_SETUP_DISPLAY', ':1'), ('XDG_RUNTIME_DIR', '/run/user/1000'), ('DISPLAY', ':0'), ('LANG', 'en_US.UTF-8'), ('XDG_CURRENT_DESKTOP', 'ubuntu:GNOME'), ('XMODIFIERS', '@im=ibus'), ('XDG_SESSION_DESKTOP', 'ubuntu'), ('XAUTHORITY', '/run/user/1000/.mutter-Xwaylandauth.48T012'), ('LS_COLORS', 'rs=0:di=01;34:ln=01;36:mh=00:pi=40;33:so=01;35:do=01;35:bd=40;33;01:cd=40;33;01:or=40;31;01:mi=00:su=37;41:sg=30;43:ca=30;41:tw=30;42:ow=34;42:st=37;44:ex=01;32:*.tar=01;31:*.tgz=01;31:*.arc=01;31:*.arj=01;31:*.taz=01;31:*.lha=01;31:*.lz4=01;31:*.lzh=01;31:*.lzma=01;31:*.tlz=01;31:*.txz=01;31:*.tzo=01;31:*.t7z=01;31:*.zip=01;31:*.z=01;31:*.dz=01;31:*.gz=01;31:*.lrz=01;31:*.lz=01;31:*.lzo=01;31:*.xz=01;31:*.zst=01;31:*.tzst=01;31:*.bz2=01;31:*.bz=01;31:*.tbz=01;31:*.tbz2=01;31:*.tz=01;31:*.deb=01;31:*.rpm=01;31:*.jar=01;31:*.war=01;31:*.ear=01;31:*.sar=01;31:*.rar=01;31:*.alz=01;31:*.ace=01;31:*.zoo=01;31:*.cpio=01;31:*.7z=01;31:*.rz=01;31:*.cab=01;31:*.wim=01;31:*.swm=01;31:*.dwm=01;31:*.esd=01;31:*.jpg=01;35:*.jpeg=01;35:*.mjpg=01;35:*.mjpeg=01;35:*.gif=01;35:*.bmp=01;35:*.pbm=01;35:*.pgm=01;35:*.ppm=01;35:*.tga=01;35:*.xbm=01;35:*.xpm=01;35:*.tif=01;35:*.tiff=01;35:*.png=01;35:*.svg=01;35:*.svgz=01;35:*.mng=01;35:*.pcx=01;35:*.mov=01;35:*.mpg=01;35:*.mpeg=01;35:*.m2v=01;35:*.mkv=01;35:*.webm=01;35:*.webp=01;35:*.ogm=01;35:*.mp4=01;35:*.m4v=01;35:*.mp4v=01;35:*.vob=01;35:*.qt=01;35:*.nuv=01;35:*.wmv=01;35:*.asf=01;35:*.rm=01;35:*.rmvb=01;35:*.flc=01;35:*.avi=01;35:*.fli=01;35:*.flv=01;35:*.gl=01;35:*.dl=01;35:*.xcf=01;35:*.xwd=01;35:*.yuv=01;35:*.cgm=01;35:*.emf=01;35:*.ogv=01;35:*.ogx=01;35:*.aac=00;36:*.au=00;36:*.flac=00;36:*.m4a=00;36:*.mid=00;36:*.midi=00;36:*.mka=00;36:*.mp3=00;36:*.mpc=00;36:*.ogg=00;36:*.ra=00;36:*.wav=00;36:*.oga=00;36:*.opus=00;36:*.spx=00;36:*.xspf=00;36:'), ('GNOME_TERMINAL_SERVICE', ':1.315'), ('SSH_AGENT_LAUNCHER', 'gnome-keyring'), ('SSH_AUTH_SOCK', '/run/user/1000/keyring/ssh'), ('AMENT_PREFIX_PATH', '/home/imml/git/ROB_534_Project/install/ur_robot_driver:/home/imml/git/ROB_534_Project/install/ur_controllers:/home/imml/git/ROB_534_Project/install/ur_description:/home/imml/git/ROB_534_Project/install/ur_dashboard_msgs:/opt/ros/humble'), ('SHELL', '/bin/bash'), ('QT_ACCESSIBILITY', '1'), ('GDMSESSION', 'ubuntu'), ('LESSCLOSE', '/usr/bin/lesspipe %s %s'), ('QT_IM_MODULE', 'ibus'), ('PWD', '/home/imml/git/ROB_534_Project/build/ur_calibration'), ('LC_ALL', 'en_US.UTF-8'), ('XDG_CONFIG_DIRS', '/etc/xdg/xdg-ubuntu:/etc/xdg'), ('XDG_DATA_DIRS', '/usr/share/ubuntu:/usr/local/share/:/usr/share/:/var/lib/snapd/desktop'), ('PYTHONPATH', '/home/imml/git/ROB_534_Project/install/ur_robot_driver/local/lib/python3.10/dist-packages:/home/imml/git/ROB_534_Project/install/ur_dashboard_msgs/local/lib/python3.10/dist-packages:/opt/ros/humble/lib/python3.10/site-packages:/opt/ros/humble/local/lib/python3.10/dist-packages'), ('COLCON', '1'), ('VTE_VERSION', '6800'), ('CMAKE_PREFIX_PATH', '/home/imml/git/ROB_534_Project/install/ur_robot_driver:/home/imml/git/ROB_534_Project/install/ur_controllers:/home/imml/git/ROB_534_Project/install/ur_description:/home/imml/git/ROB_534_Project/install/ur_dashboard_msgs:/opt/ros/humble')]), 'shell': False}
[66.989241] (-) TimerEvent: {}
[67.004353] (ur_calibration) StdoutLine: {'line': b'-- The C compiler identification is GNU 11.4.0\n'}
[67.072587] (ur_calibration) StdoutLine: {'line': b'-- The CXX compiler identification is GNU 11.4.0\n'}
[67.082015] (ur_calibration) StdoutLine: {'line': b'-- Detecting C compiler ABI info\n'}
[67.089368] (-) TimerEvent: {}
[67.171201] (ur_calibration) StdoutLine: {'line': b'-- Detecting C compiler ABI info - done\n'}
[67.177972] (ur_calibration) StdoutLine: {'line': b'-- Check for working C compiler: /usr/bin/cc - skipped\n'}
[67.178260] (ur_calibration) StdoutLine: {'line': b'-- Detecting C compile features\n'}
[67.178415] (ur_calibration) StdoutLine: {'line': b'-- Detecting C compile features - done\n'}
[67.181199] (ur_calibration) StdoutLine: {'line': b'-- Detecting CXX compiler ABI info\n'}
[67.189473] (-) TimerEvent: {}
[67.289759] (ur_calibration) StdoutLine: {'line': b'-- Detecting CXX compiler ABI info - done\n'}
[67.290047] (-) TimerEvent: {}
[67.295757] (ur_calibration) StdoutLine: {'line': b'-- Check for working CXX compiler: /usr/bin/c++ - skipped\n'}
[67.296069] (ur_calibration) StdoutLine: {'line': b'-- Detecting CXX compile features\n'}
[67.296398] (ur_calibration) StdoutLine: {'line': b'-- Detecting CXX compile features - done\n'}
[67.297214] (ur_calibration) StderrLine: {'line': b"\x1b[0mur_calibration: You did not request a specific build type: selecting 'RelWithDebInfo'.\x1b[0m\n"}
[67.299673] (ur_calibration) StdoutLine: {'line': b'-- Found ament_cmake: 1.3.11 (/opt/ros/humble/share/ament_cmake/cmake)\n'}
[67.390164] (-) TimerEvent: {}
[67.472551] (ur_calibration) StdoutLine: {'line': b'-- Found Python3: /usr/bin/python3 (found version "3.10.12") found components: Interpreter \n'}
[67.490274] (-) TimerEvent: {}
[67.541872] (ur_calibration) StdoutLine: {'line': b'-- Override CMake install command with custom implementation using symlinks instead of copying resources\n'}
[67.575939] (ur_calibration) StdoutLine: {'line': b'-- Found rclcpp: 16.0.11 (/opt/ros/humble/share/rclcpp/cmake)\n'}
[67.590406] (-) TimerEvent: {}
[67.622526] (ur_calibration) StdoutLine: {'line': b'-- Found rosidl_generator_c: 3.1.6 (/opt/ros/humble/share/rosidl_generator_c/cmake)\n'}
[67.628065] (ur_calibration) StdoutLine: {'line': b'-- Found rosidl_adapter: 3.1.6 (/opt/ros/humble/share/rosidl_adapter/cmake)\n'}
[67.636532] (ur_calibration) StdoutLine: {'line': b'-- Found rosidl_generator_cpp: 3.1.6 (/opt/ros/humble/share/rosidl_generator_cpp/cmake)\n'}
[67.648436] (ur_calibration) StdoutLine: {'line': b'-- Using all available rosidl_typesupport_c: rosidl_typesupport_fastrtps_c;rosidl_typesupport_introspection_c\n'}
[67.663996] (ur_calibration) StdoutLine: {'line': b'-- Using all available rosidl_typesupport_cpp: rosidl_typesupport_fastrtps_cpp;rosidl_typesupport_introspection_cpp\n'}
[67.690520] (-) TimerEvent: {}
[67.708312] (ur_calibration) StdoutLine: {'line': b'-- Found rmw_implementation_cmake: 6.1.2 (/opt/ros/humble/share/rmw_implementation_cmake/cmake)\n'}
[67.711416] (ur_calibration) StdoutLine: {'line': b'-- Found rmw_fastrtps_cpp: 6.2.7 (/opt/ros/humble/share/rmw_fastrtps_cpp/cmake)\n'}
[67.790666] (-) TimerEvent: {}
[67.825108] (ur_calibration) StdoutLine: {'line': b'-- Found OpenSSL: /usr/lib/x86_64-linux-gnu/libcrypto.so (found version "3.0.2")  \n'}
[67.858486] (ur_calibration) StdoutLine: {'line': b'-- Found FastRTPS: /opt/ros/humble/include  \n'}
[67.890882] (-) TimerEvent: {}
[67.905271] (ur_calibration) StdoutLine: {'line': b"-- Using RMW implementation 'rmw_fastrtps_cpp' as default\n"}
[67.914893] (ur_calibration) StdoutLine: {'line': b'-- Looking for pthread.h\n'}
[67.990945] (-) TimerEvent: {}
[67.998410] (ur_calibration) StdoutLine: {'line': b'-- Looking for pthread.h - found\n'}
[67.998771] (ur_calibration) StdoutLine: {'line': b'-- Performing Test CMAKE_HAVE_LIBC_PTHREAD\n'}
[68.075093] (ur_calibration) StdoutLine: {'line': b'-- Performing Test CMAKE_HAVE_LIBC_PTHREAD - Success\n'}
[68.076076] (ur_calibration) StdoutLine: {'line': b'-- Found Threads: TRUE  \n'}
[68.091094] (-) TimerEvent: {}
[68.117898] (ur_calibration) StdoutLine: {'line': b'-- Found ur_robot_driver: 2.2.15 (/home/imml/git/ROB_534_Project/install/ur_robot_driver/share/ur_robot_driver/cmake)\n'}
[68.191186] (-) TimerEvent: {}
[68.291465] (-) TimerEvent: {}
[68.310388] (ur_calibration) StdoutLine: {'line': b'-- Found eigen3_cmake_module: 0.1.1 (/opt/ros/humble/share/eigen3_cmake_module/cmake)\n'}
[68.311284] (ur_calibration) StdoutLine: {'line': b'-- Found Eigen3: TRUE (found version "3.4.0") \n'}
[68.311409] (ur_calibration) StdoutLine: {'line': b'-- Ensuring Eigen3 include directory is part of orocos-kdl CMake target\n'}
[68.391558] (-) TimerEvent: {}
[68.413621] (ur_calibration) StdoutLine: {'line': b'-- Found ament_cmake_gmock: 1.3.11 (/opt/ros/humble/share/ament_cmake_gmock/cmake)\n'}
[68.415830] (ur_calibration) StdoutLine: {'line': b"-- Found gmock sources under '/opt/ros/humble/src/gmock_vendor': C++ tests using 'Google Mock' will be built\n"}
[68.421116] (ur_calibration) StdoutLine: {'line': b'-- Found ament_cmake_gtest: 1.3.11 (/opt/ros/humble/share/ament_cmake_gtest/cmake)\n'}
[68.421719] (ur_calibration) StdoutLine: {'line': b"-- Found gtest sources under '/opt/ros/humble/src/gtest_vendor': C++ tests using 'Google Test' will be built\n"}
[68.478811] (ur_calibration) StdoutLine: {'line': b'-- Configuring done\n'}
[68.491638] (-) TimerEvent: {}
[68.570995] (ur_calibration) StdoutLine: {'line': b'-- Generating done\n'}
[68.581815] (ur_calibration) StdoutLine: {'line': b'-- Build files have been written to: /home/imml/git/ROB_534_Project/build/ur_calibration\n'}
[68.591735] (-) TimerEvent: {}
[68.600903] (ur_calibration) CommandEnded: {'returncode': 0}
[68.601495] (ur_calibration) JobProgress: {'identifier': 'ur_calibration', 'progress': 'build'}
[68.601877] (ur_calibration) Command: {'cmd': ['/usr/bin/cmake', '--build', '/home/imml/git/ROB_534_Project/build/ur_calibration', '--', '-j16', '-l16'], 'cwd': '/home/imml/git/ROB_534_Project/build/ur_calibration', 'env': OrderedDict([('LESSOPEN', '| /usr/bin/lesspipe %s'), ('USER', 'imml'), ('XDG_SESSION_TYPE', 'wayland'), ('SHLVL', '1'), ('LD_LIBRARY_PATH', '/home/imml/git/ROB_534_Project/install/ur_robot_driver/lib:/home/imml/git/ROB_534_Project/install/ur_controllers/lib:/home/imml/git/ROB_534_Project/install/ur_dashboard_msgs/lib:/opt/ros/humble/opt/rviz_ogre_vendor/lib:/opt/ros/humble/lib/x86_64-linux-gnu:/opt/ros/humble/lib'), ('HOME', '/home/imml'), ('OLDPWD', '/home/imml'), ('DESKTOP_SESSION', 'ubuntu'), ('ROS_PYTHON_VERSION', '3'), ('GNOME_SHELL_SESSION_MODE', 'ubuntu'), ('GTK_MODULES', 'gail:atk-bridge'), ('SYSTEMD_EXEC_PID', '35967'), ('DBUS_SESSION_BUS_ADDRESS', 'unix:path=/run/user/1000/bus'), ('COLORTERM', 'truecolor'), ('IM_CONFIG_PHASE', '1'), ('WAYLAND_DISPLAY', 'wayland-0'), ('ROS_DISTRO', 'humble'), ('LOGNAME', 'imml'), ('_', '/usr/bin/colcon'), ('ROS_VERSION', '2'), ('XDG_SESSION_CLASS', 'user'), ('USERNAME', 'imml'), ('TERM', 'xterm-256color'), ('GNOME_DESKTOP_SESSION_ID', 'this-is-deprecated'), ('ROS_LOCALHOST_ONLY', '0'), ('PATH', '/home/imml/git/ROB_534_Project/install/ur_robot_driver/bin:/opt/ros/humble/bin:/home/imml/.local/bin:/usr/local/sbin:/usr/local/bin:/usr/sbin:/usr/bin:/sbin:/bin:/usr/games:/usr/local/games:/snap/bin:/snap/bin'), ('SESSION_MANAGER', 'local/imml-ROG-Zephyrus:@/tmp/.ICE-unix/1689,unix/imml-ROG-Zephyrus:/tmp/.ICE-unix/1689'), ('XDG_MENU_PREFIX', 'gnome-'), ('GNOME_TERMINAL_SCREEN', '/org/gnome/Terminal/screen/00ec7be0_5807_4f11_8254_b2b90de30782'), ('GNOME_SETUP_DISPLAY', ':1'), ('XDG_RUNTIME_DIR', '/run/user/1000'), ('DISPLAY', ':0'), ('LANG', 'en_US.UTF-8'), ('XDG_CURRENT_DESKTOP', 'ubuntu:GNOME'), ('XMODIFIERS', '@im=ibus'), ('XDG_SESSION_DESKTOP', 'ubuntu'), ('XAUTHORITY', '/run/user/1000/.mutter-Xwaylandauth.48T012'), ('LS_COLORS', 'rs=0:di=01;34:ln=01;36:mh=00:pi=40;33:so=01;35:do=01;35:bd=40;33;01:cd=40;33;01:or=40;31;01:mi=00:su=37;41:sg=30;43:ca=30;41:tw=30;42:ow=34;42:st=37;44:ex=01;32:*.tar=01;31:*.tgz=01;31:*.arc=01;31:*.arj=01;31:*.taz=01;31:*.lha=01;31:*.lz4=01;31:*.lzh=01;31:*.lzma=01;31:*.tlz=01;31:*.txz=01;31:*.tzo=01;31:*.t7z=01;31:*.zip=01;31:*.z=01;31:*.dz=01;31:*.gz=01;31:*.lrz=01;31:*.lz=01;31:*.lzo=01;31:*.xz=01;31:*.zst=01;31:*.tzst=01;31:*.bz2=01;31:*.bz=01;31:*.tbz=01;31:*.tbz2=01;31:*.tz=01;31:*.deb=01;31:*.rpm=01;31:*.jar=01;31:*.war=01;31:*.ear=01;31:*.sar=01;31:*.rar=01;31:*.alz=01;31:*.ace=01;31:*.zoo=01;31:*.cpio=01;31:*.7z=01;31:*.rz=01;31:*.cab=01;31:*.wim=01;31:*.swm=01;31:*.dwm=01;31:*.esd=01;31:*.jpg=01;35:*.jpeg=01;35:*.mjpg=01;35:*.mjpeg=01;35:*.gif=01;35:*.bmp=01;35:*.pbm=01;35:*.pgm=01;35:*.ppm=01;35:*.tga=01;35:*.xbm=01;35:*.xpm=01;35:*.tif=01;35:*.tiff=01;35:*.png=01;35:*.svg=01;35:*.svgz=01;35:*.mng=01;35:*.pcx=01;35:*.mov=01;35:*.mpg=01;35:*.mpeg=01;35:*.m2v=01;35:*.mkv=01;35:*.webm=01;35:*.webp=01;35:*.ogm=01;35:*.mp4=01;35:*.m4v=01;35:*.mp4v=01;35:*.vob=01;35:*.qt=01;35:*.nuv=01;35:*.wmv=01;35:*.asf=01;35:*.rm=01;35:*.rmvb=01;35:*.flc=01;35:*.avi=01;35:*.fli=01;35:*.flv=01;35:*.gl=01;35:*.dl=01;35:*.xcf=01;35:*.xwd=01;35:*.yuv=01;35:*.cgm=01;35:*.emf=01;35:*.ogv=01;35:*.ogx=01;35:*.aac=00;36:*.au=00;36:*.flac=00;36:*.m4a=00;36:*.mid=00;36:*.midi=00;36:*.mka=00;36:*.mp3=00;36:*.mpc=00;36:*.ogg=00;36:*.ra=00;36:*.wav=00;36:*.oga=00;36:*.opus=00;36:*.spx=00;36:*.xspf=00;36:'), ('GNOME_TERMINAL_SERVICE', ':1.315'), ('SSH_AGENT_LAUNCHER', 'gnome-keyring'), ('SSH_AUTH_SOCK', '/run/user/1000/keyring/ssh'), ('AMENT_PREFIX_PATH', '/home/imml/git/ROB_534_Project/install/ur_robot_driver:/home/imml/git/ROB_534_Project/install/ur_controllers:/home/imml/git/ROB_534_Project/install/ur_description:/home/imml/git/ROB_534_Project/install/ur_dashboard_msgs:/opt/ros/humble'), ('SHELL', '/bin/bash'), ('QT_ACCESSIBILITY', '1'), ('GDMSESSION', 'ubuntu'), ('LESSCLOSE', '/usr/bin/lesspipe %s %s'), ('QT_IM_MODULE', 'ibus'), ('PWD', '/home/imml/git/ROB_534_Project/build/ur_calibration'), ('LC_ALL', 'en_US.UTF-8'), ('XDG_CONFIG_DIRS', '/etc/xdg/xdg-ubuntu:/etc/xdg'), ('XDG_DATA_DIRS', '/usr/share/ubuntu:/usr/local/share/:/usr/share/:/var/lib/snapd/desktop'), ('PYTHONPATH', '/home/imml/git/ROB_534_Project/install/ur_robot_driver/local/lib/python3.10/dist-packages:/home/imml/git/ROB_534_Project/install/ur_dashboard_msgs/local/lib/python3.10/dist-packages:/opt/ros/humble/lib/python3.10/site-packages:/opt/ros/humble/local/lib/python3.10/dist-packages'), ('COLCON', '1'), ('VTE_VERSION', '6800'), ('CMAKE_PREFIX_PATH', '/home/imml/git/ROB_534_Project/install/ur_robot_driver:/home/imml/git/ROB_534_Project/install/ur_controllers:/home/imml/git/ROB_534_Project/install/ur_description:/home/imml/git/ROB_534_Project/install/ur_dashboard_msgs:/opt/ros/humble')]), 'shell': False}
[68.659333] (ur_calibration) StdoutLine: {'line': b'[ 41%] \x1b[32mBuilding CXX object gmock/CMakeFiles/gmock_main.dir/src/gmock_main.cc.o\x1b[0m\n'}
[68.659619] (ur_calibration) StdoutLine: {'line': b'[ 41%] \x1b[32mBuilding CXX object CMakeFiles/calibration.dir/src/calibration_consumer.cpp.o\x1b[0m\n'}
[68.659686] (ur_calibration) StdoutLine: {'line': b'[ 41%] \x1b[32mBuilding CXX object CMakeFiles/calibration.dir/src/calibration.cpp.o\x1b[0m\n'}
[68.659743] (ur_calibration) StdoutLine: {'line': b'[ 41%] \x1b[32mBuilding CXX object gmock/CMakeFiles/gmock.dir/src/gmock-all.cc.o\x1b[0m\n'}
[68.659797] (ur_calibration) StdoutLine: {'line': b'[ 41%] \x1b[32mBuilding CXX object gmock/CMakeFiles/gmock.dir/opt/ros/humble/src/gtest_vendor/src/gtest-all.cc.o\x1b[0m\n'}
[68.691838] (-) TimerEvent: {}
[68.792143] (-) TimerEvent: {}
[68.892642] (-) TimerEvent: {}
[68.993081] (-) TimerEvent: {}
[69.093596] (-) TimerEvent: {}
[69.193962] (-) TimerEvent: {}
[69.294366] (-) TimerEvent: {}
[69.394809] (-) TimerEvent: {}
[69.495243] (-) TimerEvent: {}
[69.595690] (-) TimerEvent: {}
[69.696174] (-) TimerEvent: {}
[69.796659] (-) TimerEvent: {}
[69.897104] (-) TimerEvent: {}
[69.979160] (ur_calibration) StdoutLine: {'line': b'[ 50%] \x1b[32m\x1b[1mLinking CXX static library libgmock_main.a\x1b[0m\n'}
[69.997187] (-) TimerEvent: {}
[70.020577] (ur_calibration) StdoutLine: {'line': b'[ 50%] Built target gmock_main\n'}
[70.097312] (-) TimerEvent: {}
[70.197669] (-) TimerEvent: {}
[70.297995] (-) TimerEvent: {}
[70.398323] (-) TimerEvent: {}
[70.498673] (-) TimerEvent: {}
[70.599047] (-) TimerEvent: {}
[70.699480] (-) TimerEvent: {}
[70.799841] (-) TimerEvent: {}
[70.900253] (-) TimerEvent: {}
[71.000672] (-) TimerEvent: {}
[71.101060] (-) TimerEvent: {}
[71.201464] (-) TimerEvent: {}
[71.301942] (-) TimerEvent: {}
[71.402365] (-) TimerEvent: {}
[71.502820] (-) TimerEvent: {}
[71.603216] (-) TimerEvent: {}
[71.703682] (-) TimerEvent: {}
[71.804089] (-) TimerEvent: {}
[71.904455] (-) TimerEvent: {}
[72.004852] (-) TimerEvent: {}
[72.105225] (-) TimerEvent: {}
[72.205542] (-) TimerEvent: {}
[72.305878] (-) TimerEvent: {}
[72.406275] (-) TimerEvent: {}
[72.506577] (-) TimerEvent: {}
[72.606947] (-) TimerEvent: {}
[72.707245] (-) TimerEvent: {}
[72.807548] (-) TimerEvent: {}
[72.907837] (-) TimerEvent: {}
[73.008219] (-) TimerEvent: {}
[73.108633] (-) TimerEvent: {}
[73.209025] (-) TimerEvent: {}
[73.309560] (-) TimerEvent: {}
[73.409916] (-) TimerEvent: {}
[73.510465] (-) TimerEvent: {}
[73.610752] (-) TimerEvent: {}
[73.711132] (-) TimerEvent: {}
[73.811506] (-) TimerEvent: {}
[73.911830] (-) TimerEvent: {}
[74.012137] (-) TimerEvent: {}
[74.112536] (-) TimerEvent: {}
[74.213103] (-) TimerEvent: {}
[74.313507] (-) TimerEvent: {}
[74.414061] (-) TimerEvent: {}
[74.514521] (-) TimerEvent: {}
[74.615075] (-) TimerEvent: {}
[74.715460] (-) TimerEvent: {}
[74.815824] (-) TimerEvent: {}
[74.916134] (-) TimerEvent: {}
[75.016470] (-) TimerEvent: {}
[75.116791] (-) TimerEvent: {}
[75.217161] (-) TimerEvent: {}
[75.317553] (-) TimerEvent: {}
[75.418013] (-) TimerEvent: {}
[75.518621] (-) TimerEvent: {}
[75.619047] (-) TimerEvent: {}
[75.719661] (-) TimerEvent: {}
[75.820028] (-) TimerEvent: {}
[75.920537] (-) TimerEvent: {}
[76.020845] (-) TimerEvent: {}
[76.121293] (-) TimerEvent: {}
[76.221577] (-) TimerEvent: {}
[76.321865] (-) TimerEvent: {}
[76.422141] (-) TimerEvent: {}
[76.522479] (-) TimerEvent: {}
[76.622846] (-) TimerEvent: {}
[76.650554] (ur_calibration) StdoutLine: {'line': b'[ 58%] \x1b[32m\x1b[1mLinking CXX static library libgmock.a\x1b[0m\n'}
[76.722961] (-) TimerEvent: {}
[76.774326] (ur_calibration) StdoutLine: {'line': b'[ 58%] Built target gmock\n'}
[76.823053] (-) TimerEvent: {}
[76.923323] (-) TimerEvent: {}
[76.939222] (ur_calibration) StdoutLine: {'line': b'[ 66%] \x1b[32m\x1b[1mLinking CXX static library libcalibration.a\x1b[0m\n'}
[77.023515] (-) TimerEvent: {}
[77.047076] (ur_calibration) StdoutLine: {'line': b'[ 66%] Built target calibration\n'}
[77.067930] (ur_calibration) StdoutLine: {'line': b'[ 83%] \x1b[32mBuilding CXX object CMakeFiles/calibration_test.dir/test/calibration_test.cpp.o\x1b[0m\n'}
[77.068100] (ur_calibration) StdoutLine: {'line': b'[ 83%] \x1b[32mBuilding CXX object CMakeFiles/calibration_correction.dir/src/calibration_correction.cpp.o\x1b[0m\n'}
[77.123575] (-) TimerEvent: {}
[77.223855] (-) TimerEvent: {}
[77.324144] (-) TimerEvent: {}
[77.424477] (-) TimerEvent: {}
[77.524899] (-) TimerEvent: {}
[77.625150] (-) TimerEvent: {}
[77.725461] (-) TimerEvent: {}
[77.825734] (-) TimerEvent: {}
[77.926078] (-) TimerEvent: {}
[78.026582] (-) TimerEvent: {}
[78.126975] (-) TimerEvent: {}
[78.227528] (-) TimerEvent: {}
[78.327871] (-) TimerEvent: {}
[78.428408] (-) TimerEvent: {}
[78.528696] (-) TimerEvent: {}
[78.629028] (-) TimerEvent: {}
[78.729302] (-) TimerEvent: {}
[78.829570] (-) TimerEvent: {}
[78.929853] (-) TimerEvent: {}
[79.030126] (-) TimerEvent: {}
[79.130423] (-) TimerEvent: {}
[79.230712] (-) TimerEvent: {}
[79.331031] (-) TimerEvent: {}
[79.431490] (-) TimerEvent: {}
[79.531901] (-) TimerEvent: {}
[79.632288] (-) TimerEvent: {}
[79.732578] (-) TimerEvent: {}
[79.832921] (-) TimerEvent: {}
[79.933193] (-) TimerEvent: {}
[80.033478] (-) TimerEvent: {}
[80.133772] (-) TimerEvent: {}
[80.234061] (-) TimerEvent: {}
[80.334359] (-) TimerEvent: {}
[80.434682] (-) TimerEvent: {}
[80.534968] (-) TimerEvent: {}
[80.635259] (-) TimerEvent: {}
[80.735600] (-) TimerEvent: {}
[80.835996] (-) TimerEvent: {}
[80.936388] (-) TimerEvent: {}
[81.036670] (-) TimerEvent: {}
[81.136938] (-) TimerEvent: {}
[81.237256] (-) TimerEvent: {}
[81.337671] (-) TimerEvent: {}
[81.437958] (-) TimerEvent: {}
[81.538247] (-) TimerEvent: {}
[81.638522] (-) TimerEvent: {}
[81.738793] (-) TimerEvent: {}
[81.839076] (-) TimerEvent: {}
[81.939508] (-) TimerEvent: {}
[82.040011] (-) TimerEvent: {}
[82.140297] (-) TimerEvent: {}
[82.240552] (-) TimerEvent: {}
[82.340816] (-) TimerEvent: {}
[82.441097] (-) TimerEvent: {}
[82.498185] (ur_calibration) StdoutLine: {'line': b'[ 91%] \x1b[32m\x1b[1mLinking CXX executable calibration_correction\x1b[0m\n'}
[82.541196] (-) TimerEvent: {}
[82.641555] (-) TimerEvent: {}
[82.742021] (-) TimerEvent: {}
[82.795508] (ur_calibration) StdoutLine: {'line': b'[ 91%] Built target calibration_correction\n'}
[82.842244] (-) TimerEvent: {}
[82.942783] (-) TimerEvent: {}
[83.043095] (-) TimerEvent: {}
[83.143496] (-) TimerEvent: {}
[83.243755] (-) TimerEvent: {}
[83.344082] (-) TimerEvent: {}
[83.444355] (-) TimerEvent: {}
[83.544631] (-) TimerEvent: {}
[83.644878] (-) TimerEvent: {}
[83.745243] (-) TimerEvent: {}
[83.845686] (-) TimerEvent: {}
[83.946059] (-) TimerEvent: {}
[83.979118] (ur_calibration) StdoutLine: {'line': b'[100%] \x1b[32m\x1b[1mLinking CXX executable calibration_test\x1b[0m\n'}
[84.046117] (-) TimerEvent: {}
[84.146388] (-) TimerEvent: {}
[84.246655] (-) TimerEvent: {}
[84.276940] (ur_calibration) StdoutLine: {'line': b'[100%] Built target calibration_test\n'}
[84.288795] (ur_calibration) CommandEnded: {'returncode': 0}
[84.289396] (ur_calibration) JobProgress: {'identifier': 'ur_calibration', 'progress': 'install'}
[84.289755] (ur_calibration) Command: {'cmd': ['/usr/bin/cmake', '--install', '/home/imml/git/ROB_534_Project/build/ur_calibration'], 'cwd': '/home/imml/git/ROB_534_Project/build/ur_calibration', 'env': OrderedDict([('LESSOPEN', '| /usr/bin/lesspipe %s'), ('USER', 'imml'), ('XDG_SESSION_TYPE', 'wayland'), ('SHLVL', '1'), ('LD_LIBRARY_PATH', '/home/imml/git/ROB_534_Project/install/ur_robot_driver/lib:/home/imml/git/ROB_534_Project/install/ur_controllers/lib:/home/imml/git/ROB_534_Project/install/ur_dashboard_msgs/lib:/opt/ros/humble/opt/rviz_ogre_vendor/lib:/opt/ros/humble/lib/x86_64-linux-gnu:/opt/ros/humble/lib'), ('HOME', '/home/imml'), ('OLDPWD', '/home/imml'), ('DESKTOP_SESSION', 'ubuntu'), ('ROS_PYTHON_VERSION', '3'), ('GNOME_SHELL_SESSION_MODE', 'ubuntu'), ('GTK_MODULES', 'gail:atk-bridge'), ('SYSTEMD_EXEC_PID', '35967'), ('DBUS_SESSION_BUS_ADDRESS', 'unix:path=/run/user/1000/bus'), ('COLORTERM', 'truecolor'), ('IM_CONFIG_PHASE', '1'), ('WAYLAND_DISPLAY', 'wayland-0'), ('ROS_DISTRO', 'humble'), ('LOGNAME', 'imml'), ('_', '/usr/bin/colcon'), ('ROS_VERSION', '2'), ('XDG_SESSION_CLASS', 'user'), ('USERNAME', 'imml'), ('TERM', 'xterm-256color'), ('GNOME_DESKTOP_SESSION_ID', 'this-is-deprecated'), ('ROS_LOCALHOST_ONLY', '0'), ('PATH', '/home/imml/git/ROB_534_Project/install/ur_robot_driver/bin:/opt/ros/humble/bin:/home/imml/.local/bin:/usr/local/sbin:/usr/local/bin:/usr/sbin:/usr/bin:/sbin:/bin:/usr/games:/usr/local/games:/snap/bin:/snap/bin'), ('SESSION_MANAGER', 'local/imml-ROG-Zephyrus:@/tmp/.ICE-unix/1689,unix/imml-ROG-Zephyrus:/tmp/.ICE-unix/1689'), ('XDG_MENU_PREFIX', 'gnome-'), ('GNOME_TERMINAL_SCREEN', '/org/gnome/Terminal/screen/00ec7be0_5807_4f11_8254_b2b90de30782'), ('GNOME_SETUP_DISPLAY', ':1'), ('XDG_RUNTIME_DIR', '/run/user/1000'), ('DISPLAY', ':0'), ('LANG', 'en_US.UTF-8'), ('XDG_CURRENT_DESKTOP', 'ubuntu:GNOME'), ('XMODIFIERS', '@im=ibus'), ('XDG_SESSION_DESKTOP', 'ubuntu'), ('XAUTHORITY', '/run/user/1000/.mutter-Xwaylandauth.48T012'), ('LS_COLORS', 'rs=0:di=01;34:ln=01;36:mh=00:pi=40;33:so=01;35:do=01;35:bd=40;33;01:cd=40;33;01:or=40;31;01:mi=00:su=37;41:sg=30;43:ca=30;41:tw=30;42:ow=34;42:st=37;44:ex=01;32:*.tar=01;31:*.tgz=01;31:*.arc=01;31:*.arj=01;31:*.taz=01;31:*.lha=01;31:*.lz4=01;31:*.lzh=01;31:*.lzma=01;31:*.tlz=01;31:*.txz=01;31:*.tzo=01;31:*.t7z=01;31:*.zip=01;31:*.z=01;31:*.dz=01;31:*.gz=01;31:*.lrz=01;31:*.lz=01;31:*.lzo=01;31:*.xz=01;31:*.zst=01;31:*.tzst=01;31:*.bz2=01;31:*.bz=01;31:*.tbz=01;31:*.tbz2=01;31:*.tz=01;31:*.deb=01;31:*.rpm=01;31:*.jar=01;31:*.war=01;31:*.ear=01;31:*.sar=01;31:*.rar=01;31:*.alz=01;31:*.ace=01;31:*.zoo=01;31:*.cpio=01;31:*.7z=01;31:*.rz=01;31:*.cab=01;31:*.wim=01;31:*.swm=01;31:*.dwm=01;31:*.esd=01;31:*.jpg=01;35:*.jpeg=01;35:*.mjpg=01;35:*.mjpeg=01;35:*.gif=01;35:*.bmp=01;35:*.pbm=01;35:*.pgm=01;35:*.ppm=01;35:*.tga=01;35:*.xbm=01;35:*.xpm=01;35:*.tif=01;35:*.tiff=01;35:*.png=01;35:*.svg=01;35:*.svgz=01;35:*.mng=01;35:*.pcx=01;35:*.mov=01;35:*.mpg=01;35:*.mpeg=01;35:*.m2v=01;35:*.mkv=01;35:*.webm=01;35:*.webp=01;35:*.ogm=01;35:*.mp4=01;35:*.m4v=01;35:*.mp4v=01;35:*.vob=01;35:*.qt=01;35:*.nuv=01;35:*.wmv=01;35:*.asf=01;35:*.rm=01;35:*.rmvb=01;35:*.flc=01;35:*.avi=01;35:*.fli=01;35:*.flv=01;35:*.gl=01;35:*.dl=01;35:*.xcf=01;35:*.xwd=01;35:*.yuv=01;35:*.cgm=01;35:*.emf=01;35:*.ogv=01;35:*.ogx=01;35:*.aac=00;36:*.au=00;36:*.flac=00;36:*.m4a=00;36:*.mid=00;36:*.midi=00;36:*.mka=00;36:*.mp3=00;36:*.mpc=00;36:*.ogg=00;36:*.ra=00;36:*.wav=00;36:*.oga=00;36:*.opus=00;36:*.spx=00;36:*.xspf=00;36:'), ('GNOME_TERMINAL_SERVICE', ':1.315'), ('SSH_AGENT_LAUNCHER', 'gnome-keyring'), ('SSH_AUTH_SOCK', '/run/user/1000/keyring/ssh'), ('AMENT_PREFIX_PATH', '/home/imml/git/ROB_534_Project/install/ur_robot_driver:/home/imml/git/ROB_534_Project/install/ur_controllers:/home/imml/git/ROB_534_Project/install/ur_description:/home/imml/git/ROB_534_Project/install/ur_dashboard_msgs:/opt/ros/humble'), ('SHELL', '/bin/bash'), ('QT_ACCESSIBILITY', '1'), ('GDMSESSION', 'ubuntu'), ('LESSCLOSE', '/usr/bin/lesspipe %s %s'), ('QT_IM_MODULE', 'ibus'), ('PWD', '/home/imml/git/ROB_534_Project/build/ur_calibration'), ('LC_ALL', 'en_US.UTF-8'), ('XDG_CONFIG_DIRS', '/etc/xdg/xdg-ubuntu:/etc/xdg'), ('XDG_DATA_DIRS', '/usr/share/ubuntu:/usr/local/share/:/usr/share/:/var/lib/snapd/desktop'), ('PYTHONPATH', '/home/imml/git/ROB_534_Project/install/ur_robot_driver/local/lib/python3.10/dist-packages:/home/imml/git/ROB_534_Project/install/ur_dashboard_msgs/local/lib/python3.10/dist-packages:/opt/ros/humble/lib/python3.10/site-packages:/opt/ros/humble/local/lib/python3.10/dist-packages'), ('COLCON', '1'), ('VTE_VERSION', '6800'), ('CMAKE_PREFIX_PATH', '/home/imml/git/ROB_534_Project/install/ur_robot_driver:/home/imml/git/ROB_534_Project/install/ur_controllers:/home/imml/git/ROB_534_Project/install/ur_description:/home/imml/git/ROB_534_Project/install/ur_dashboard_msgs:/opt/ros/humble')]), 'shell': False}
[84.297870] (ur_calibration) StdoutLine: {'line': b'-- Install configuration: "RelWithDebInfo"\n'}
[84.298238] (ur_calibration) StdoutLine: {'line': b'-- Execute custom install script\n'}
[84.298524] (ur_calibration) StdoutLine: {'line': b'-- Symlinking: /home/imml/git/ROB_534_Project/install/ur_calibration/lib/ur_calibration/calibration_correction\n'}
[84.307374] (ur_calibration) StdoutLine: {'line': b'-- Symlinking: /home/imml/git/ROB_534_Project/install/ur_calibration/include/ur_calibration/calibration.hpp\n'}
[84.315782] (ur_calibration) StdoutLine: {'line': b'-- Symlinking: /home/imml/git/ROB_534_Project/install/ur_calibration/include/ur_calibration/calibration_consumer.hpp\n'}
[84.324912] (ur_calibration) StdoutLine: {'line': b'-- Symlinking: /home/imml/git/ROB_534_Project/install/ur_calibration/share/ur_calibration/launch/calibration_correction.launch.py\n'}
[84.334389] (ur_calibration) StdoutLine: {'line': b'-- Symlinking: /home/imml/git/ROB_534_Project/install/ur_calibration/share/ament_index/resource_index/package_run_dependencies/ur_calibration\n'}
[84.345168] (ur_calibration) StdoutLine: {'line': b'-- Symlinking: /home/imml/git/ROB_534_Project/install/ur_calibration/share/ament_index/resource_index/parent_prefix_path/ur_calibration\n'}
[84.346720] (-) TimerEvent: {}
[84.355039] (ur_calibration) StdoutLine: {'line': b'-- Symlinking: /home/imml/git/ROB_534_Project/install/ur_calibration/share/ur_calibration/environment/ament_prefix_path.sh\n'}
[84.364842] (ur_calibration) StdoutLine: {'line': b'-- Symlinking: /home/imml/git/ROB_534_Project/install/ur_calibration/share/ur_calibration/environment/ament_prefix_path.dsv\n'}
[84.373509] (ur_calibration) StdoutLine: {'line': b'-- Symlinking: /home/imml/git/ROB_534_Project/install/ur_calibration/share/ur_calibration/environment/path.sh\n'}
[84.381745] (ur_calibration) StdoutLine: {'line': b'-- Symlinking: /home/imml/git/ROB_534_Project/install/ur_calibration/share/ur_calibration/environment/path.dsv\n'}
[84.390700] (ur_calibration) StdoutLine: {'line': b'-- Symlinking: /home/imml/git/ROB_534_Project/install/ur_calibration/share/ur_calibration/local_setup.bash\n'}
[84.398591] (ur_calibration) StdoutLine: {'line': b'-- Symlinking: /home/imml/git/ROB_534_Project/install/ur_calibration/share/ur_calibration/local_setup.sh\n'}
[84.406958] (ur_calibration) StdoutLine: {'line': b'-- Symlinking: /home/imml/git/ROB_534_Project/install/ur_calibration/share/ur_calibration/local_setup.zsh\n'}
[84.415475] (ur_calibration) StdoutLine: {'line': b'-- Symlinking: /home/imml/git/ROB_534_Project/install/ur_calibration/share/ur_calibration/local_setup.dsv\n'}
[84.424189] (ur_calibration) StdoutLine: {'line': b'-- Symlinking: /home/imml/git/ROB_534_Project/install/ur_calibration/share/ur_calibration/package.dsv\n'}
[84.433462] (ur_calibration) StdoutLine: {'line': b'-- Symlinking: /home/imml/git/ROB_534_Project/install/ur_calibration/share/ament_index/resource_index/packages/ur_calibration\n'}
[84.442517] (ur_calibration) StdoutLine: {'line': b'-- Symlinking: /home/imml/git/ROB_534_Project/install/ur_calibration/share/ur_calibration/cmake/ament_cmake_export_include_directories-extras.cmake\n'}
[84.446811] (-) TimerEvent: {}
[84.451169] (ur_calibration) StdoutLine: {'line': b'-- Symlinking: /home/imml/git/ROB_534_Project/install/ur_calibration/share/ur_calibration/cmake/ament_cmake_export_dependencies-extras.cmake\n'}
[84.459401] (ur_calibration) StdoutLine: {'line': b'-- Symlinking: /home/imml/git/ROB_534_Project/install/ur_calibration/share/ur_calibration/cmake/ur_calibrationConfig.cmake\n'}
[84.467772] (ur_calibration) StdoutLine: {'line': b'-- Symlinking: /home/imml/git/ROB_534_Project/install/ur_calibration/share/ur_calibration/cmake/ur_calibrationConfig-version.cmake\n'}
[84.476601] (ur_calibration) StdoutLine: {'line': b'-- Symlinking: /home/imml/git/ROB_534_Project/install/ur_calibration/share/ur_calibration/package.xml\n'}
[84.487146] (ur_calibration) CommandEnded: {'returncode': 0}
[84.496643] (ur_calibration) JobEnded: {'identifier': 'ur_calibration', 'rc': 0}
[84.497493] (ur) JobStarted: {'identifier': 'ur'}
[84.510252] (ur) JobProgress: {'identifier': 'ur', 'progress': 'cmake'}
[84.511115] (ur) Command: {'cmd': ['/usr/bin/cmake', '/home/imml/git/ROB_534_Project/harvest_hardware/Universal_Robots_ROS2_Driver/ur', '-DAMENT_CMAKE_SYMLINK_INSTALL=1', '-DCMAKE_INSTALL_PREFIX=/home/imml/git/ROB_534_Project/install/ur'], 'cwd': '/home/imml/git/ROB_534_Project/build/ur', 'env': OrderedDict([('LESSOPEN', '| /usr/bin/lesspipe %s'), ('USER', 'imml'), ('XDG_SESSION_TYPE', 'wayland'), ('SHLVL', '1'), ('LD_LIBRARY_PATH', '/home/imml/git/ROB_534_Project/install/ur_robot_driver/lib:/home/imml/git/ROB_534_Project/install/ur_controllers/lib:/home/imml/git/ROB_534_Project/install/ur_dashboard_msgs/lib:/opt/ros/humble/opt/rviz_ogre_vendor/lib:/opt/ros/humble/lib/x86_64-linux-gnu:/opt/ros/humble/lib'), ('HOME', '/home/imml'), ('OLDPWD', '/home/imml'), ('DESKTOP_SESSION', 'ubuntu'), ('ROS_PYTHON_VERSION', '3'), ('GNOME_SHELL_SESSION_MODE', 'ubuntu'), ('GTK_MODULES', 'gail:atk-bridge'), ('SYSTEMD_EXEC_PID', '35967'), ('DBUS_SESSION_BUS_ADDRESS', 'unix:path=/run/user/1000/bus'), ('COLORTERM', 'truecolor'), ('IM_CONFIG_PHASE', '1'), ('WAYLAND_DISPLAY', 'wayland-0'), ('ROS_DISTRO', 'humble'), ('LOGNAME', 'imml'), ('_', '/usr/bin/colcon'), ('ROS_VERSION', '2'), ('XDG_SESSION_CLASS', 'user'), ('USERNAME', 'imml'), ('TERM', 'xterm-256color'), ('GNOME_DESKTOP_SESSION_ID', 'this-is-deprecated'), ('ROS_LOCALHOST_ONLY', '0'), ('PATH', '/home/imml/git/ROB_534_Project/install/ur_robot_driver/bin:/opt/ros/humble/bin:/home/imml/.local/bin:/usr/local/sbin:/usr/local/bin:/usr/sbin:/usr/bin:/sbin:/bin:/usr/games:/usr/local/games:/snap/bin:/snap/bin'), ('SESSION_MANAGER', 'local/imml-ROG-Zephyrus:@/tmp/.ICE-unix/1689,unix/imml-ROG-Zephyrus:/tmp/.ICE-unix/1689'), ('XDG_MENU_PREFIX', 'gnome-'), ('GNOME_TERMINAL_SCREEN', '/org/gnome/Terminal/screen/00ec7be0_5807_4f11_8254_b2b90de30782'), ('GNOME_SETUP_DISPLAY', ':1'), ('XDG_RUNTIME_DIR', '/run/user/1000'), ('DISPLAY', ':0'), ('LANG', 'en_US.UTF-8'), ('XDG_CURRENT_DESKTOP', 'ubuntu:GNOME'), ('XMODIFIERS', '@im=ibus'), ('XDG_SESSION_DESKTOP', 'ubuntu'), ('XAUTHORITY', '/run/user/1000/.mutter-Xwaylandauth.48T012'), ('LS_COLORS', 'rs=0:di=01;34:ln=01;36:mh=00:pi=40;33:so=01;35:do=01;35:bd=40;33;01:cd=40;33;01:or=40;31;01:mi=00:su=37;41:sg=30;43:ca=30;41:tw=30;42:ow=34;42:st=37;44:ex=01;32:*.tar=01;31:*.tgz=01;31:*.arc=01;31:*.arj=01;31:*.taz=01;31:*.lha=01;31:*.lz4=01;31:*.lzh=01;31:*.lzma=01;31:*.tlz=01;31:*.txz=01;31:*.tzo=01;31:*.t7z=01;31:*.zip=01;31:*.z=01;31:*.dz=01;31:*.gz=01;31:*.lrz=01;31:*.lz=01;31:*.lzo=01;31:*.xz=01;31:*.zst=01;31:*.tzst=01;31:*.bz2=01;31:*.bz=01;31:*.tbz=01;31:*.tbz2=01;31:*.tz=01;31:*.deb=01;31:*.rpm=01;31:*.jar=01;31:*.war=01;31:*.ear=01;31:*.sar=01;31:*.rar=01;31:*.alz=01;31:*.ace=01;31:*.zoo=01;31:*.cpio=01;31:*.7z=01;31:*.rz=01;31:*.cab=01;31:*.wim=01;31:*.swm=01;31:*.dwm=01;31:*.esd=01;31:*.jpg=01;35:*.jpeg=01;35:*.mjpg=01;35:*.mjpeg=01;35:*.gif=01;35:*.bmp=01;35:*.pbm=01;35:*.pgm=01;35:*.ppm=01;35:*.tga=01;35:*.xbm=01;35:*.xpm=01;35:*.tif=01;35:*.tiff=01;35:*.png=01;35:*.svg=01;35:*.svgz=01;35:*.mng=01;35:*.pcx=01;35:*.mov=01;35:*.mpg=01;35:*.mpeg=01;35:*.m2v=01;35:*.mkv=01;35:*.webm=01;35:*.webp=01;35:*.ogm=01;35:*.mp4=01;35:*.m4v=01;35:*.mp4v=01;35:*.vob=01;35:*.qt=01;35:*.nuv=01;35:*.wmv=01;35:*.asf=01;35:*.rm=01;35:*.rmvb=01;35:*.flc=01;35:*.avi=01;35:*.fli=01;35:*.flv=01;35:*.gl=01;35:*.dl=01;35:*.xcf=01;35:*.xwd=01;35:*.yuv=01;35:*.cgm=01;35:*.emf=01;35:*.ogv=01;35:*.ogx=01;35:*.aac=00;36:*.au=00;36:*.flac=00;36:*.m4a=00;36:*.mid=00;36:*.midi=00;36:*.mka=00;36:*.mp3=00;36:*.mpc=00;36:*.ogg=00;36:*.ra=00;36:*.wav=00;36:*.oga=00;36:*.opus=00;36:*.spx=00;36:*.xspf=00;36:'), ('GNOME_TERMINAL_SERVICE', ':1.315'), ('SSH_AGENT_LAUNCHER', 'gnome-keyring'), ('SSH_AUTH_SOCK', '/run/user/1000/keyring/ssh'), ('AMENT_PREFIX_PATH', '/home/imml/git/ROB_534_Project/install/ur_calibration:/home/imml/git/ROB_534_Project/install/ur_robot_driver:/home/imml/git/ROB_534_Project/install/ur_moveit_config:/home/imml/git/ROB_534_Project/install/ur_controllers:/home/imml/git/ROB_534_Project/install/ur_description:/home/imml/git/ROB_534_Project/install/ur_dashboard_msgs:/opt/ros/humble'), ('SHELL', '/bin/bash'), ('QT_ACCESSIBILITY', '1'), ('GDMSESSION', 'ubuntu'), ('LESSCLOSE', '/usr/bin/lesspipe %s %s'), ('QT_IM_MODULE', 'ibus'), ('PWD', '/home/imml/git/ROB_534_Project/build/ur'), ('LC_ALL', 'en_US.UTF-8'), ('XDG_CONFIG_DIRS', '/etc/xdg/xdg-ubuntu:/etc/xdg'), ('XDG_DATA_DIRS', '/usr/share/ubuntu:/usr/local/share/:/usr/share/:/var/lib/snapd/desktop'), ('PYTHONPATH', '/home/imml/git/ROB_534_Project/install/ur_robot_driver/local/lib/python3.10/dist-packages:/home/imml/git/ROB_534_Project/install/ur_moveit_config/local/lib/python3.10/dist-packages:/home/imml/git/ROB_534_Project/install/ur_dashboard_msgs/local/lib/python3.10/dist-packages:/opt/ros/humble/lib/python3.10/site-packages:/opt/ros/humble/local/lib/python3.10/dist-packages'), ('COLCON', '1'), ('VTE_VERSION', '6800'), ('CMAKE_PREFIX_PATH', '/home/imml/git/ROB_534_Project/install/ur_calibration:/home/imml/git/ROB_534_Project/install/ur_robot_driver:/home/imml/git/ROB_534_Project/install/ur_moveit_config:/home/imml/git/ROB_534_Project/install/ur_controllers:/home/imml/git/ROB_534_Project/install/ur_description:/home/imml/git/ROB_534_Project/install/ur_dashboard_msgs:/opt/ros/humble')]), 'shell': False}
[84.546903] (-) TimerEvent: {}
[84.561156] (ur) StdoutLine: {'line': b'-- The C compiler identification is GNU 11.4.0\n'}
[84.610689] (ur) StdoutLine: {'line': b'-- The CXX compiler identification is GNU 11.4.0\n'}
[84.617205] (ur) StdoutLine: {'line': b'-- Detecting C compiler ABI info\n'}
[84.647035] (-) TimerEvent: {}
[84.679459] (ur) StdoutLine: {'line': b'-- Detecting C compiler ABI info - done\n'}
[84.685209] (ur) StdoutLine: {'line': b'-- Check for working C compiler: /usr/bin/cc - skipped\n'}
[84.685403] (ur) StdoutLine: {'line': b'-- Detecting C compile features\n'}
[84.685678] (ur) StdoutLine: {'line': b'-- Detecting C compile features - done\n'}
[84.688034] (ur) StdoutLine: {'line': b'-- Detecting CXX compiler ABI info\n'}
[84.747114] (-) TimerEvent: {}
[84.764834] (ur) StdoutLine: {'line': b'-- Detecting CXX compiler ABI info - done\n'}
[84.770467] (ur) StdoutLine: {'line': b'-- Check for working CXX compiler: /usr/bin/c++ - skipped\n'}
[84.770640] (ur) StdoutLine: {'line': b'-- Detecting CXX compile features\n'}
[84.770964] (ur) StdoutLine: {'line': b'-- Detecting CXX compile features - done\n'}
[84.773763] (ur) StdoutLine: {'line': b'-- Found ament_cmake: 1.3.11 (/opt/ros/humble/share/ament_cmake/cmake)\n'}
[84.847212] (-) TimerEvent: {}
[84.907687] (ur) StdoutLine: {'line': b'-- Found Python3: /usr/bin/python3 (found version "3.10.12") found components: Interpreter \n'}
[84.947304] (-) TimerEvent: {}
[84.959921] (ur) StdoutLine: {'line': b'-- Override CMake install command with custom implementation using symlinks instead of copying resources\n'}
[85.000924] (ur) StdoutLine: {'line': b'-- Found ament_lint_auto: 0.12.11 (/opt/ros/humble/share/ament_lint_auto/cmake)\n'}
[85.047400] (-) TimerEvent: {}
[85.072830] (ur) StdoutLine: {'line': b"-- Added test 'lint_cmake' to check CMake code style\n"}
[85.073600] (ur) StdoutLine: {'line': b"-- Added test 'xmllint' to check XML markup files\n"}
[85.074998] (ur) StdoutLine: {'line': b'-- Configuring done\n'}
[85.078139] (ur) StdoutLine: {'line': b'-- Generating done\n'}
[85.080004] (ur) StdoutLine: {'line': b'-- Build files have been written to: /home/imml/git/ROB_534_Project/build/ur\n'}
[85.084653] (ur) CommandEnded: {'returncode': 0}
[85.085514] (ur) JobProgress: {'identifier': 'ur', 'progress': 'build'}
[85.085800] (ur) Command: {'cmd': ['/usr/bin/cmake', '--build', '/home/imml/git/ROB_534_Project/build/ur', '--', '-j16', '-l16'], 'cwd': '/home/imml/git/ROB_534_Project/build/ur', 'env': OrderedDict([('LESSOPEN', '| /usr/bin/lesspipe %s'), ('USER', 'imml'), ('XDG_SESSION_TYPE', 'wayland'), ('SHLVL', '1'), ('LD_LIBRARY_PATH', '/home/imml/git/ROB_534_Project/install/ur_robot_driver/lib:/home/imml/git/ROB_534_Project/install/ur_controllers/lib:/home/imml/git/ROB_534_Project/install/ur_dashboard_msgs/lib:/opt/ros/humble/opt/rviz_ogre_vendor/lib:/opt/ros/humble/lib/x86_64-linux-gnu:/opt/ros/humble/lib'), ('HOME', '/home/imml'), ('OLDPWD', '/home/imml'), ('DESKTOP_SESSION', 'ubuntu'), ('ROS_PYTHON_VERSION', '3'), ('GNOME_SHELL_SESSION_MODE', 'ubuntu'), ('GTK_MODULES', 'gail:atk-bridge'), ('SYSTEMD_EXEC_PID', '35967'), ('DBUS_SESSION_BUS_ADDRESS', 'unix:path=/run/user/1000/bus'), ('COLORTERM', 'truecolor'), ('IM_CONFIG_PHASE', '1'), ('WAYLAND_DISPLAY', 'wayland-0'), ('ROS_DISTRO', 'humble'), ('LOGNAME', 'imml'), ('_', '/usr/bin/colcon'), ('ROS_VERSION', '2'), ('XDG_SESSION_CLASS', 'user'), ('USERNAME', 'imml'), ('TERM', 'xterm-256color'), ('GNOME_DESKTOP_SESSION_ID', 'this-is-deprecated'), ('ROS_LOCALHOST_ONLY', '0'), ('PATH', '/home/imml/git/ROB_534_Project/install/ur_robot_driver/bin:/opt/ros/humble/bin:/home/imml/.local/bin:/usr/local/sbin:/usr/local/bin:/usr/sbin:/usr/bin:/sbin:/bin:/usr/games:/usr/local/games:/snap/bin:/snap/bin'), ('SESSION_MANAGER', 'local/imml-ROG-Zephyrus:@/tmp/.ICE-unix/1689,unix/imml-ROG-Zephyrus:/tmp/.ICE-unix/1689'), ('XDG_MENU_PREFIX', 'gnome-'), ('GNOME_TERMINAL_SCREEN', '/org/gnome/Terminal/screen/00ec7be0_5807_4f11_8254_b2b90de30782'), ('GNOME_SETUP_DISPLAY', ':1'), ('XDG_RUNTIME_DIR', '/run/user/1000'), ('DISPLAY', ':0'), ('LANG', 'en_US.UTF-8'), ('XDG_CURRENT_DESKTOP', 'ubuntu:GNOME'), ('XMODIFIERS', '@im=ibus'), ('XDG_SESSION_DESKTOP', 'ubuntu'), ('XAUTHORITY', '/run/user/1000/.mutter-Xwaylandauth.48T012'), ('LS_COLORS', 'rs=0:di=01;34:ln=01;36:mh=00:pi=40;33:so=01;35:do=01;35:bd=40;33;01:cd=40;33;01:or=40;31;01:mi=00:su=37;41:sg=30;43:ca=30;41:tw=30;42:ow=34;42:st=37;44:ex=01;32:*.tar=01;31:*.tgz=01;31:*.arc=01;31:*.arj=01;31:*.taz=01;31:*.lha=01;31:*.lz4=01;31:*.lzh=01;31:*.lzma=01;31:*.tlz=01;31:*.txz=01;31:*.tzo=01;31:*.t7z=01;31:*.zip=01;31:*.z=01;31:*.dz=01;31:*.gz=01;31:*.lrz=01;31:*.lz=01;31:*.lzo=01;31:*.xz=01;31:*.zst=01;31:*.tzst=01;31:*.bz2=01;31:*.bz=01;31:*.tbz=01;31:*.tbz2=01;31:*.tz=01;31:*.deb=01;31:*.rpm=01;31:*.jar=01;31:*.war=01;31:*.ear=01;31:*.sar=01;31:*.rar=01;31:*.alz=01;31:*.ace=01;31:*.zoo=01;31:*.cpio=01;31:*.7z=01;31:*.rz=01;31:*.cab=01;31:*.wim=01;31:*.swm=01;31:*.dwm=01;31:*.esd=01;31:*.jpg=01;35:*.jpeg=01;35:*.mjpg=01;35:*.mjpeg=01;35:*.gif=01;35:*.bmp=01;35:*.pbm=01;35:*.pgm=01;35:*.ppm=01;35:*.tga=01;35:*.xbm=01;35:*.xpm=01;35:*.tif=01;35:*.tiff=01;35:*.png=01;35:*.svg=01;35:*.svgz=01;35:*.mng=01;35:*.pcx=01;35:*.mov=01;35:*.mpg=01;35:*.mpeg=01;35:*.m2v=01;35:*.mkv=01;35:*.webm=01;35:*.webp=01;35:*.ogm=01;35:*.mp4=01;35:*.m4v=01;35:*.mp4v=01;35:*.vob=01;35:*.qt=01;35:*.nuv=01;35:*.wmv=01;35:*.asf=01;35:*.rm=01;35:*.rmvb=01;35:*.flc=01;35:*.avi=01;35:*.fli=01;35:*.flv=01;35:*.gl=01;35:*.dl=01;35:*.xcf=01;35:*.xwd=01;35:*.yuv=01;35:*.cgm=01;35:*.emf=01;35:*.ogv=01;35:*.ogx=01;35:*.aac=00;36:*.au=00;36:*.flac=00;36:*.m4a=00;36:*.mid=00;36:*.midi=00;36:*.mka=00;36:*.mp3=00;36:*.mpc=00;36:*.ogg=00;36:*.ra=00;36:*.wav=00;36:*.oga=00;36:*.opus=00;36:*.spx=00;36:*.xspf=00;36:'), ('GNOME_TERMINAL_SERVICE', ':1.315'), ('SSH_AGENT_LAUNCHER', 'gnome-keyring'), ('SSH_AUTH_SOCK', '/run/user/1000/keyring/ssh'), ('AMENT_PREFIX_PATH', '/home/imml/git/ROB_534_Project/install/ur_calibration:/home/imml/git/ROB_534_Project/install/ur_robot_driver:/home/imml/git/ROB_534_Project/install/ur_moveit_config:/home/imml/git/ROB_534_Project/install/ur_controllers:/home/imml/git/ROB_534_Project/install/ur_description:/home/imml/git/ROB_534_Project/install/ur_dashboard_msgs:/opt/ros/humble'), ('SHELL', '/bin/bash'), ('QT_ACCESSIBILITY', '1'), ('GDMSESSION', 'ubuntu'), ('LESSCLOSE', '/usr/bin/lesspipe %s %s'), ('QT_IM_MODULE', 'ibus'), ('PWD', '/home/imml/git/ROB_534_Project/build/ur'), ('LC_ALL', 'en_US.UTF-8'), ('XDG_CONFIG_DIRS', '/etc/xdg/xdg-ubuntu:/etc/xdg'), ('XDG_DATA_DIRS', '/usr/share/ubuntu:/usr/local/share/:/usr/share/:/var/lib/snapd/desktop'), ('PYTHONPATH', '/home/imml/git/ROB_534_Project/install/ur_robot_driver/local/lib/python3.10/dist-packages:/home/imml/git/ROB_534_Project/install/ur_moveit_config/local/lib/python3.10/dist-packages:/home/imml/git/ROB_534_Project/install/ur_dashboard_msgs/local/lib/python3.10/dist-packages:/opt/ros/humble/lib/python3.10/site-packages:/opt/ros/humble/local/lib/python3.10/dist-packages'), ('COLCON', '1'), ('VTE_VERSION', '6800'), ('CMAKE_PREFIX_PATH', '/home/imml/git/ROB_534_Project/install/ur_calibration:/home/imml/git/ROB_534_Project/install/ur_robot_driver:/home/imml/git/ROB_534_Project/install/ur_moveit_config:/home/imml/git/ROB_534_Project/install/ur_controllers:/home/imml/git/ROB_534_Project/install/ur_description:/home/imml/git/ROB_534_Project/install/ur_dashboard_msgs:/opt/ros/humble')]), 'shell': False}
[85.125905] (ur) CommandEnded: {'returncode': 0}
[85.126854] (ur) JobProgress: {'identifier': 'ur', 'progress': 'install'}
[85.127166] (ur) Command: {'cmd': ['/usr/bin/cmake', '--install', '/home/imml/git/ROB_534_Project/build/ur'], 'cwd': '/home/imml/git/ROB_534_Project/build/ur', 'env': OrderedDict([('LESSOPEN', '| /usr/bin/lesspipe %s'), ('USER', 'imml'), ('XDG_SESSION_TYPE', 'wayland'), ('SHLVL', '1'), ('LD_LIBRARY_PATH', '/home/imml/git/ROB_534_Project/install/ur_robot_driver/lib:/home/imml/git/ROB_534_Project/install/ur_controllers/lib:/home/imml/git/ROB_534_Project/install/ur_dashboard_msgs/lib:/opt/ros/humble/opt/rviz_ogre_vendor/lib:/opt/ros/humble/lib/x86_64-linux-gnu:/opt/ros/humble/lib'), ('HOME', '/home/imml'), ('OLDPWD', '/home/imml'), ('DESKTOP_SESSION', 'ubuntu'), ('ROS_PYTHON_VERSION', '3'), ('GNOME_SHELL_SESSION_MODE', 'ubuntu'), ('GTK_MODULES', 'gail:atk-bridge'), ('SYSTEMD_EXEC_PID', '35967'), ('DBUS_SESSION_BUS_ADDRESS', 'unix:path=/run/user/1000/bus'), ('COLORTERM', 'truecolor'), ('IM_CONFIG_PHASE', '1'), ('WAYLAND_DISPLAY', 'wayland-0'), ('ROS_DISTRO', 'humble'), ('LOGNAME', 'imml'), ('_', '/usr/bin/colcon'), ('ROS_VERSION', '2'), ('XDG_SESSION_CLASS', 'user'), ('USERNAME', 'imml'), ('TERM', 'xterm-256color'), ('GNOME_DESKTOP_SESSION_ID', 'this-is-deprecated'), ('ROS_LOCALHOST_ONLY', '0'), ('PATH', '/home/imml/git/ROB_534_Project/install/ur_robot_driver/bin:/opt/ros/humble/bin:/home/imml/.local/bin:/usr/local/sbin:/usr/local/bin:/usr/sbin:/usr/bin:/sbin:/bin:/usr/games:/usr/local/games:/snap/bin:/snap/bin'), ('SESSION_MANAGER', 'local/imml-ROG-Zephyrus:@/tmp/.ICE-unix/1689,unix/imml-ROG-Zephyrus:/tmp/.ICE-unix/1689'), ('XDG_MENU_PREFIX', 'gnome-'), ('GNOME_TERMINAL_SCREEN', '/org/gnome/Terminal/screen/00ec7be0_5807_4f11_8254_b2b90de30782'), ('GNOME_SETUP_DISPLAY', ':1'), ('XDG_RUNTIME_DIR', '/run/user/1000'), ('DISPLAY', ':0'), ('LANG', 'en_US.UTF-8'), ('XDG_CURRENT_DESKTOP', 'ubuntu:GNOME'), ('XMODIFIERS', '@im=ibus'), ('XDG_SESSION_DESKTOP', 'ubuntu'), ('XAUTHORITY', '/run/user/1000/.mutter-Xwaylandauth.48T012'), ('LS_COLORS', 'rs=0:di=01;34:ln=01;36:mh=00:pi=40;33:so=01;35:do=01;35:bd=40;33;01:cd=40;33;01:or=40;31;01:mi=00:su=37;41:sg=30;43:ca=30;41:tw=30;42:ow=34;42:st=37;44:ex=01;32:*.tar=01;31:*.tgz=01;31:*.arc=01;31:*.arj=01;31:*.taz=01;31:*.lha=01;31:*.lz4=01;31:*.lzh=01;31:*.lzma=01;31:*.tlz=01;31:*.txz=01;31:*.tzo=01;31:*.t7z=01;31:*.zip=01;31:*.z=01;31:*.dz=01;31:*.gz=01;31:*.lrz=01;31:*.lz=01;31:*.lzo=01;31:*.xz=01;31:*.zst=01;31:*.tzst=01;31:*.bz2=01;31:*.bz=01;31:*.tbz=01;31:*.tbz2=01;31:*.tz=01;31:*.deb=01;31:*.rpm=01;31:*.jar=01;31:*.war=01;31:*.ear=01;31:*.sar=01;31:*.rar=01;31:*.alz=01;31:*.ace=01;31:*.zoo=01;31:*.cpio=01;31:*.7z=01;31:*.rz=01;31:*.cab=01;31:*.wim=01;31:*.swm=01;31:*.dwm=01;31:*.esd=01;31:*.jpg=01;35:*.jpeg=01;35:*.mjpg=01;35:*.mjpeg=01;35:*.gif=01;35:*.bmp=01;35:*.pbm=01;35:*.pgm=01;35:*.ppm=01;35:*.tga=01;35:*.xbm=01;35:*.xpm=01;35:*.tif=01;35:*.tiff=01;35:*.png=01;35:*.svg=01;35:*.svgz=01;35:*.mng=01;35:*.pcx=01;35:*.mov=01;35:*.mpg=01;35:*.mpeg=01;35:*.m2v=01;35:*.mkv=01;35:*.webm=01;35:*.webp=01;35:*.ogm=01;35:*.mp4=01;35:*.m4v=01;35:*.mp4v=01;35:*.vob=01;35:*.qt=01;35:*.nuv=01;35:*.wmv=01;35:*.asf=01;35:*.rm=01;35:*.rmvb=01;35:*.flc=01;35:*.avi=01;35:*.fli=01;35:*.flv=01;35:*.gl=01;35:*.dl=01;35:*.xcf=01;35:*.xwd=01;35:*.yuv=01;35:*.cgm=01;35:*.emf=01;35:*.ogv=01;35:*.ogx=01;35:*.aac=00;36:*.au=00;36:*.flac=00;36:*.m4a=00;36:*.mid=00;36:*.midi=00;36:*.mka=00;36:*.mp3=00;36:*.mpc=00;36:*.ogg=00;36:*.ra=00;36:*.wav=00;36:*.oga=00;36:*.opus=00;36:*.spx=00;36:*.xspf=00;36:'), ('GNOME_TERMINAL_SERVICE', ':1.315'), ('SSH_AGENT_LAUNCHER', 'gnome-keyring'), ('SSH_AUTH_SOCK', '/run/user/1000/keyring/ssh'), ('AMENT_PREFIX_PATH', '/home/imml/git/ROB_534_Project/install/ur_calibration:/home/imml/git/ROB_534_Project/install/ur_robot_driver:/home/imml/git/ROB_534_Project/install/ur_moveit_config:/home/imml/git/ROB_534_Project/install/ur_controllers:/home/imml/git/ROB_534_Project/install/ur_description:/home/imml/git/ROB_534_Project/install/ur_dashboard_msgs:/opt/ros/humble'), ('SHELL', '/bin/bash'), ('QT_ACCESSIBILITY', '1'), ('GDMSESSION', 'ubuntu'), ('LESSCLOSE', '/usr/bin/lesspipe %s %s'), ('QT_IM_MODULE', 'ibus'), ('PWD', '/home/imml/git/ROB_534_Project/build/ur'), ('LC_ALL', 'en_US.UTF-8'), ('XDG_CONFIG_DIRS', '/etc/xdg/xdg-ubuntu:/etc/xdg'), ('XDG_DATA_DIRS', '/usr/share/ubuntu:/usr/local/share/:/usr/share/:/var/lib/snapd/desktop'), ('PYTHONPATH', '/home/imml/git/ROB_534_Project/install/ur_robot_driver/local/lib/python3.10/dist-packages:/home/imml/git/ROB_534_Project/install/ur_moveit_config/local/lib/python3.10/dist-packages:/home/imml/git/ROB_534_Project/install/ur_dashboard_msgs/local/lib/python3.10/dist-packages:/opt/ros/humble/lib/python3.10/site-packages:/opt/ros/humble/local/lib/python3.10/dist-packages'), ('COLCON', '1'), ('VTE_VERSION', '6800'), ('CMAKE_PREFIX_PATH', '/home/imml/git/ROB_534_Project/install/ur_calibration:/home/imml/git/ROB_534_Project/install/ur_robot_driver:/home/imml/git/ROB_534_Project/install/ur_moveit_config:/home/imml/git/ROB_534_Project/install/ur_controllers:/home/imml/git/ROB_534_Project/install/ur_description:/home/imml/git/ROB_534_Project/install/ur_dashboard_msgs:/opt/ros/humble')]), 'shell': False}
[85.135768] (ur) StdoutLine: {'line': b'-- Install configuration: ""\n'}
[85.136138] (ur) StdoutLine: {'line': b'-- Execute custom install script\n'}
[85.136432] (ur) StdoutLine: {'line': b'-- Symlinking: /home/imml/git/ROB_534_Project/install/ur/share/ament_index/resource_index/package_run_dependencies/ur\n'}
[85.145734] (ur) StdoutLine: {'line': b'-- Symlinking: /home/imml/git/ROB_534_Project/install/ur/share/ament_index/resource_index/parent_prefix_path/ur\n'}
[85.147466] (-) TimerEvent: {}
[85.156155] (ur) StdoutLine: {'line': b'-- Symlinking: /home/imml/git/ROB_534_Project/install/ur/share/ur/environment/ament_prefix_path.sh\n'}
[85.165963] (ur) StdoutLine: {'line': b'-- Symlinking: /home/imml/git/ROB_534_Project/install/ur/share/ur/environment/ament_prefix_path.dsv\n'}
[85.175953] (ur) StdoutLine: {'line': b'-- Symlinking: /home/imml/git/ROB_534_Project/install/ur/share/ur/environment/path.sh\n'}
[85.185555] (ur) StdoutLine: {'line': b'-- Symlinking: /home/imml/git/ROB_534_Project/install/ur/share/ur/environment/path.dsv\n'}
[85.194447] (ur) StdoutLine: {'line': b'-- Symlinking: /home/imml/git/ROB_534_Project/install/ur/share/ur/local_setup.bash\n'}
[85.203566] (ur) StdoutLine: {'line': b'-- Symlinking: /home/imml/git/ROB_534_Project/install/ur/share/ur/local_setup.sh\n'}
[85.212453] (ur) StdoutLine: {'line': b'-- Symlinking: /home/imml/git/ROB_534_Project/install/ur/share/ur/local_setup.zsh\n'}
[85.221258] (ur) StdoutLine: {'line': b'-- Symlinking: /home/imml/git/ROB_534_Project/install/ur/share/ur/local_setup.dsv\n'}
[85.229769] (ur) StdoutLine: {'line': b'-- Symlinking: /home/imml/git/ROB_534_Project/install/ur/share/ur/package.dsv\n'}
[85.239340] (ur) StdoutLine: {'line': b'-- Symlinking: /home/imml/git/ROB_534_Project/install/ur/share/ament_index/resource_index/packages/ur\n'}
[85.247552] (-) TimerEvent: {}
[85.248601] (ur) StdoutLine: {'line': b'-- Symlinking: /home/imml/git/ROB_534_Project/install/ur/share/ur/cmake/urConfig.cmake\n'}
[85.257402] (ur) StdoutLine: {'line': b'-- Symlinking: /home/imml/git/ROB_534_Project/install/ur/share/ur/cmake/urConfig-version.cmake\n'}
[85.265840] (ur) StdoutLine: {'line': b'-- Symlinking: /home/imml/git/ROB_534_Project/install/ur/share/ur/package.xml\n'}
[85.277967] (ur) CommandEnded: {'returncode': 0}
[85.288624] (ur) JobEnded: {'identifier': 'ur', 'rc': 0}
[85.289370] (-) EventReactorShutdown: {}
