[0.077s] DEBUG:colcon:Command line arguments: ['/usr/bin/colcon', 'build', '--symlink-install']
[0.077s] DEBUG:colcon:Parsed command line arguments: Namespace(log_base=None, log_level=None, verb_name='build', build_base='build', install_base='install', merge_install=False, symlink_install=True, test_result_base=None, continue_on_error=False, executor='parallel', parallel_workers=16, event_handlers=None, ignore_user_meta=False, metas=['./colcon.meta'], base_paths=['.'], packages_ignore=None, packages_ignore_regex=None, paths=None, packages_up_to=None, packages_up_to_regex=None, packages_above=None, packages_above_and_dependencies=None, packages_above_depth=None, packages_select_by_dep=None, packages_skip_by_dep=None, packages_skip_up_to=None, packages_select_build_failed=False, packages_skip_build_finished=False, packages_select_test_failures=False, packages_skip_test_passed=False, packages_select=None, packages_skip=None, packages_select_regex=None, packages_skip_regex=None, packages_start=None, packages_end=None, allow_overriding=[], cmake_args=None, cmake_target=None, cmake_target_skip_unavailable=False, cmake_clean_cache=False, cmake_clean_first=False, cmake_force_configure=False, ament_cmake_args=None, catkin_cmake_args=None, catkin_skip_building_tests=False, mixin_files=None, mixin=None, verb_parser=<colcon_mixin.mixin.mixin_argument.MixinArgumentDecorator object at 0x7d89c856a770>, verb_extension=<colcon_core.verb.build.BuildVerb object at 0x7d89c856a170>, main=<bound method BuildVerb.main of <colcon_core.verb.build.BuildVerb object at 0x7d89c856a170>>, mixin_verb=('build',))
[0.211s] Level 1:colcon.colcon_core.package_discovery:discover_packages(colcon_meta) check parameters
[0.211s] Level 1:colcon.colcon_core.package_discovery:discover_packages(recursive) check parameters
[0.211s] Level 1:colcon.colcon_core.package_discovery:discover_packages(ignore) check parameters
[0.211s] Level 1:colcon.colcon_core.package_discovery:discover_packages(path) check parameters
[0.211s] Level 1:colcon.colcon_core.package_discovery:discover_packages(colcon_meta) discover
[0.211s] Level 1:colcon.colcon_core.package_discovery:discover_packages(recursive) discover
[0.211s] INFO:colcon.colcon_core.package_discovery:Crawling recursively for packages in '/home/imml/git/ROB_534_Project'
[0.211s] Level 1:colcon.colcon_core.package_identification:_identify(.) by extensions ['ignore', 'ignore_ament_install']
[0.211s] Level 1:colcon.colcon_core.package_identification:_identify(.) by extension 'ignore'
[0.212s] Level 1:colcon.colcon_core.package_identification:_identify(.) by extension 'ignore_ament_install'
[0.212s] Level 1:colcon.colcon_core.package_identification:_identify(.) by extensions ['colcon_pkg']
[0.212s] Level 1:colcon.colcon_core.package_identification:_identify(.) by extension 'colcon_pkg'
[0.212s] Level 1:colcon.colcon_core.package_identification:_identify(.) by extensions ['colcon_meta']
[0.212s] Level 1:colcon.colcon_core.package_identification:_identify(.) by extension 'colcon_meta'
[0.212s] Level 1:colcon.colcon_core.package_identification:_identify(.) by extensions ['ros']
[0.212s] Level 1:colcon.colcon_core.package_identification:_identify(.) by extension 'ros'
[0.226s] Level 1:colcon.colcon_core.package_identification:_identify(.) by extensions ['cmake', 'python']
[0.226s] Level 1:colcon.colcon_core.package_identification:_identify(.) by extension 'cmake'
[0.226s] Level 1:colcon.colcon_core.package_identification:_identify(.) by extension 'python'
[0.226s] Level 1:colcon.colcon_core.package_identification:_identify(.) by extensions ['python_setup_py']
[0.226s] Level 1:colcon.colcon_core.package_identification:_identify(.) by extension 'python_setup_py'
[0.227s] Level 1:colcon.colcon_core.package_identification:_identify(build) by extensions ['ignore', 'ignore_ament_install']
[0.227s] Level 1:colcon.colcon_core.package_identification:_identify(build) by extension 'ignore'
[0.227s] Level 1:colcon.colcon_core.package_identification:_identify(build) ignored
[0.227s] Level 1:colcon.colcon_core.package_identification:_identify(data_saved) by extensions ['ignore', 'ignore_ament_install']
[0.227s] Level 1:colcon.colcon_core.package_identification:_identify(data_saved) by extension 'ignore'
[0.227s] Level 1:colcon.colcon_core.package_identification:_identify(data_saved) by extension 'ignore_ament_install'
[0.227s] Level 1:colcon.colcon_core.package_identification:_identify(data_saved) by extensions ['colcon_pkg']
[0.227s] Level 1:colcon.colcon_core.package_identification:_identify(data_saved) by extension 'colcon_pkg'
[0.227s] Level 1:colcon.colcon_core.package_identification:_identify(data_saved) by extensions ['colcon_meta']
[0.227s] Level 1:colcon.colcon_core.package_identification:_identify(data_saved) by extension 'colcon_meta'
[0.227s] Level 1:colcon.colcon_core.package_identification:_identify(data_saved) by extensions ['ros']
[0.227s] Level 1:colcon.colcon_core.package_identification:_identify(data_saved) by extension 'ros'
[0.227s] Level 1:colcon.colcon_core.package_identification:_identify(data_saved) by extensions ['cmake', 'python']
[0.227s] Level 1:colcon.colcon_core.package_identification:_identify(data_saved) by extension 'cmake'
[0.227s] Level 1:colcon.colcon_core.package_identification:_identify(data_saved) by extension 'python'
[0.227s] Level 1:colcon.colcon_core.package_identification:_identify(data_saved) by extensions ['python_setup_py']
[0.227s] Level 1:colcon.colcon_core.package_identification:_identify(data_saved) by extension 'python_setup_py'
[0.227s] Level 1:colcon.colcon_core.package_identification:_identify(harvest) by extensions ['ignore', 'ignore_ament_install']
[0.227s] Level 1:colcon.colcon_core.package_identification:_identify(harvest) by extension 'ignore'
[0.227s] Level 1:colcon.colcon_core.package_identification:_identify(harvest) by extension 'ignore_ament_install'
[0.228s] Level 1:colcon.colcon_core.package_identification:_identify(harvest) by extensions ['colcon_pkg']
[0.228s] Level 1:colcon.colcon_core.package_identification:_identify(harvest) by extension 'colcon_pkg'
[0.228s] Level 1:colcon.colcon_core.package_identification:_identify(harvest) by extensions ['colcon_meta']
[0.228s] Level 1:colcon.colcon_core.package_identification:_identify(harvest) by extension 'colcon_meta'
[0.228s] Level 1:colcon.colcon_core.package_identification:_identify(harvest) by extensions ['ros']
[0.228s] Level 1:colcon.colcon_core.package_identification:_identify(harvest) by extension 'ros'
[0.230s] DEBUG:colcon.colcon_core.package_identification:Package 'harvest' with type 'ros.ament_cmake' and name 'harvest'
[0.230s] Level 1:colcon.colcon_core.package_identification:_identify(harvest_control) by extensions ['ignore', 'ignore_ament_install']
[0.230s] Level 1:colcon.colcon_core.package_identification:_identify(harvest_control) by extension 'ignore'
[0.230s] Level 1:colcon.colcon_core.package_identification:_identify(harvest_control) by extension 'ignore_ament_install'
[0.230s] Level 1:colcon.colcon_core.package_identification:_identify(harvest_control) by extensions ['colcon_pkg']
[0.230s] Level 1:colcon.colcon_core.package_identification:_identify(harvest_control) by extension 'colcon_pkg'
[0.230s] Level 1:colcon.colcon_core.package_identification:_identify(harvest_control) by extensions ['colcon_meta']
[0.230s] Level 1:colcon.colcon_core.package_identification:_identify(harvest_control) by extension 'colcon_meta'
[0.230s] Level 1:colcon.colcon_core.package_identification:_identify(harvest_control) by extensions ['ros']
[0.230s] Level 1:colcon.colcon_core.package_identification:_identify(harvest_control) by extension 'ros'
[0.231s] DEBUG:colcon.colcon_core.package_identification:Package 'harvest_control' with type 'ros.ament_cmake' and name 'harvest_control'
[0.231s] Level 1:colcon.colcon_core.package_identification:_identify(harvest_hardware) by extensions ['ignore', 'ignore_ament_install']
[0.231s] Level 1:colcon.colcon_core.package_identification:_identify(harvest_hardware) by extension 'ignore'
[0.231s] Level 1:colcon.colcon_core.package_identification:_identify(harvest_hardware) by extension 'ignore_ament_install'
[0.231s] Level 1:colcon.colcon_core.package_identification:_identify(harvest_hardware) by extensions ['colcon_pkg']
[0.232s] Level 1:colcon.colcon_core.package_identification:_identify(harvest_hardware) by extension 'colcon_pkg'
[0.232s] Level 1:colcon.colcon_core.package_identification:_identify(harvest_hardware) by extensions ['colcon_meta']
[0.232s] Level 1:colcon.colcon_core.package_identification:_identify(harvest_hardware) by extension 'colcon_meta'
[0.232s] Level 1:colcon.colcon_core.package_identification:_identify(harvest_hardware) by extensions ['ros']
[0.232s] Level 1:colcon.colcon_core.package_identification:_identify(harvest_hardware) by extension 'ros'
[0.232s] Level 1:colcon.colcon_core.package_identification:_identify(harvest_hardware) by extensions ['cmake', 'python']
[0.232s] Level 1:colcon.colcon_core.package_identification:_identify(harvest_hardware) by extension 'cmake'
[0.232s] Level 1:colcon.colcon_core.package_identification:_identify(harvest_hardware) by extension 'python'
[0.232s] Level 1:colcon.colcon_core.package_identification:_identify(harvest_hardware) by extensions ['python_setup_py']
[0.232s] Level 1:colcon.colcon_core.package_identification:_identify(harvest_hardware) by extension 'python_setup_py'
[0.232s] Level 1:colcon.colcon_core.package_identification:_identify(harvest_hardware/Universal_Robots_ROS2_Description) by extensions ['ignore', 'ignore_ament_install']
[0.232s] Level 1:colcon.colcon_core.package_identification:_identify(harvest_hardware/Universal_Robots_ROS2_Description) by extension 'ignore'
[0.232s] Level 1:colcon.colcon_core.package_identification:_identify(harvest_hardware/Universal_Robots_ROS2_Description) by extension 'ignore_ament_install'
[0.232s] Level 1:colcon.colcon_core.package_identification:_identify(harvest_hardware/Universal_Robots_ROS2_Description) by extensions ['colcon_pkg']
[0.232s] Level 1:colcon.colcon_core.package_identification:_identify(harvest_hardware/Universal_Robots_ROS2_Description) by extension 'colcon_pkg'
[0.232s] Level 1:colcon.colcon_core.package_identification:_identify(harvest_hardware/Universal_Robots_ROS2_Description) by extensions ['colcon_meta']
[0.232s] Level 1:colcon.colcon_core.package_identification:_identify(harvest_hardware/Universal_Robots_ROS2_Description) by extension 'colcon_meta'
[0.232s] Level 1:colcon.colcon_core.package_identification:_identify(harvest_hardware/Universal_Robots_ROS2_Description) by extensions ['ros']
[0.232s] Level 1:colcon.colcon_core.package_identification:_identify(harvest_hardware/Universal_Robots_ROS2_Description) by extension 'ros'
[0.233s] DEBUG:colcon.colcon_core.package_identification:Package 'harvest_hardware/Universal_Robots_ROS2_Description' with type 'ros.ament_cmake' and name 'ur_description'
[0.233s] Level 1:colcon.colcon_core.package_identification:_identify(harvest_hardware/Universal_Robots_ROS2_Driver) by extensions ['ignore', 'ignore_ament_install']
[0.233s] Level 1:colcon.colcon_core.package_identification:_identify(harvest_hardware/Universal_Robots_ROS2_Driver) by extension 'ignore'
[0.233s] Level 1:colcon.colcon_core.package_identification:_identify(harvest_hardware/Universal_Robots_ROS2_Driver) by extension 'ignore_ament_install'
[0.233s] Level 1:colcon.colcon_core.package_identification:_identify(harvest_hardware/Universal_Robots_ROS2_Driver) by extensions ['colcon_pkg']
[0.233s] Level 1:colcon.colcon_core.package_identification:_identify(harvest_hardware/Universal_Robots_ROS2_Driver) by extension 'colcon_pkg'
[0.233s] Level 1:colcon.colcon_core.package_identification:_identify(harvest_hardware/Universal_Robots_ROS2_Driver) by extensions ['colcon_meta']
[0.233s] Level 1:colcon.colcon_core.package_identification:_identify(harvest_hardware/Universal_Robots_ROS2_Driver) by extension 'colcon_meta'
[0.233s] Level 1:colcon.colcon_core.package_identification:_identify(harvest_hardware/Universal_Robots_ROS2_Driver) by extensions ['ros']
[0.233s] Level 1:colcon.colcon_core.package_identification:_identify(harvest_hardware/Universal_Robots_ROS2_Driver) by extension 'ros'
[0.233s] Level 1:colcon.colcon_core.package_identification:_identify(harvest_hardware/Universal_Robots_ROS2_Driver) by extensions ['cmake', 'python']
[0.233s] Level 1:colcon.colcon_core.package_identification:_identify(harvest_hardware/Universal_Robots_ROS2_Driver) by extension 'cmake'
[0.233s] Level 1:colcon.colcon_core.package_identification:_identify(harvest_hardware/Universal_Robots_ROS2_Driver) by extension 'python'
[0.233s] Level 1:colcon.colcon_core.package_identification:_identify(harvest_hardware/Universal_Robots_ROS2_Driver) by extensions ['python_setup_py']
[0.233s] Level 1:colcon.colcon_core.package_identification:_identify(harvest_hardware/Universal_Robots_ROS2_Driver) by extension 'python_setup_py'
[0.233s] Level 1:colcon.colcon_core.package_identification:_identify(harvest_hardware/Universal_Robots_ROS2_Driver/ur) by extensions ['ignore', 'ignore_ament_install']
[0.233s] Level 1:colcon.colcon_core.package_identification:_identify(harvest_hardware/Universal_Robots_ROS2_Driver/ur) by extension 'ignore'
[0.233s] Level 1:colcon.colcon_core.package_identification:_identify(harvest_hardware/Universal_Robots_ROS2_Driver/ur) by extension 'ignore_ament_install'
[0.233s] Level 1:colcon.colcon_core.package_identification:_identify(harvest_hardware/Universal_Robots_ROS2_Driver/ur) by extensions ['colcon_pkg']
[0.233s] Level 1:colcon.colcon_core.package_identification:_identify(harvest_hardware/Universal_Robots_ROS2_Driver/ur) by extension 'colcon_pkg'
[0.233s] Level 1:colcon.colcon_core.package_identification:_identify(harvest_hardware/Universal_Robots_ROS2_Driver/ur) by extensions ['colcon_meta']
[0.233s] Level 1:colcon.colcon_core.package_identification:_identify(harvest_hardware/Universal_Robots_ROS2_Driver/ur) by extension 'colcon_meta'
[0.233s] Level 1:colcon.colcon_core.package_identification:_identify(harvest_hardware/Universal_Robots_ROS2_Driver/ur) by extensions ['ros']
[0.234s] Level 1:colcon.colcon_core.package_identification:_identify(harvest_hardware/Universal_Robots_ROS2_Driver/ur) by extension 'ros'
[0.234s] DEBUG:colcon.colcon_core.package_identification:Package 'harvest_hardware/Universal_Robots_ROS2_Driver/ur' with type 'ros.ament_cmake' and name 'ur'
[0.234s] Level 1:colcon.colcon_core.package_identification:_identify(harvest_hardware/Universal_Robots_ROS2_Driver/ur_bringup) by extensions ['ignore', 'ignore_ament_install']
[0.234s] Level 1:colcon.colcon_core.package_identification:_identify(harvest_hardware/Universal_Robots_ROS2_Driver/ur_bringup) by extension 'ignore'
[0.234s] Level 1:colcon.colcon_core.package_identification:_identify(harvest_hardware/Universal_Robots_ROS2_Driver/ur_bringup) by extension 'ignore_ament_install'
[0.234s] Level 1:colcon.colcon_core.package_identification:_identify(harvest_hardware/Universal_Robots_ROS2_Driver/ur_bringup) by extensions ['colcon_pkg']
[0.234s] Level 1:colcon.colcon_core.package_identification:_identify(harvest_hardware/Universal_Robots_ROS2_Driver/ur_bringup) by extension 'colcon_pkg'
[0.234s] Level 1:colcon.colcon_core.package_identification:_identify(harvest_hardware/Universal_Robots_ROS2_Driver/ur_bringup) by extensions ['colcon_meta']
[0.234s] Level 1:colcon.colcon_core.package_identification:_identify(harvest_hardware/Universal_Robots_ROS2_Driver/ur_bringup) by extension 'colcon_meta'
[0.234s] Level 1:colcon.colcon_core.package_identification:_identify(harvest_hardware/Universal_Robots_ROS2_Driver/ur_bringup) by extensions ['ros']
[0.234s] Level 1:colcon.colcon_core.package_identification:_identify(harvest_hardware/Universal_Robots_ROS2_Driver/ur_bringup) by extension 'ros'
[0.235s] DEBUG:colcon.colcon_core.package_identification:Package 'harvest_hardware/Universal_Robots_ROS2_Driver/ur_bringup' with type 'ros.ament_cmake' and name 'ur_bringup'
[0.235s] Level 1:colcon.colcon_core.package_identification:_identify(harvest_hardware/Universal_Robots_ROS2_Driver/ur_calibration) by extensions ['ignore', 'ignore_ament_install']
[0.235s] Level 1:colcon.colcon_core.package_identification:_identify(harvest_hardware/Universal_Robots_ROS2_Driver/ur_calibration) by extension 'ignore'
[0.235s] Level 1:colcon.colcon_core.package_identification:_identify(harvest_hardware/Universal_Robots_ROS2_Driver/ur_calibration) by extension 'ignore_ament_install'
[0.235s] Level 1:colcon.colcon_core.package_identification:_identify(harvest_hardware/Universal_Robots_ROS2_Driver/ur_calibration) by extensions ['colcon_pkg']
[0.235s] Level 1:colcon.colcon_core.package_identification:_identify(harvest_hardware/Universal_Robots_ROS2_Driver/ur_calibration) by extension 'colcon_pkg'
[0.235s] Level 1:colcon.colcon_core.package_identification:_identify(harvest_hardware/Universal_Robots_ROS2_Driver/ur_calibration) by extensions ['colcon_meta']
[0.235s] Level 1:colcon.colcon_core.package_identification:_identify(harvest_hardware/Universal_Robots_ROS2_Driver/ur_calibration) by extension 'colcon_meta'
[0.235s] Level 1:colcon.colcon_core.package_identification:_identify(harvest_hardware/Universal_Robots_ROS2_Driver/ur_calibration) by extensions ['ros']
[0.235s] Level 1:colcon.colcon_core.package_identification:_identify(harvest_hardware/Universal_Robots_ROS2_Driver/ur_calibration) by extension 'ros'
[0.236s] DEBUG:colcon.colcon_core.package_identification:Package 'harvest_hardware/Universal_Robots_ROS2_Driver/ur_calibration' with type 'ros.ament_cmake' and name 'ur_calibration'
[0.236s] Level 1:colcon.colcon_core.package_identification:_identify(harvest_hardware/Universal_Robots_ROS2_Driver/ur_controllers) by extensions ['ignore', 'ignore_ament_install']
[0.236s] Level 1:colcon.colcon_core.package_identification:_identify(harvest_hardware/Universal_Robots_ROS2_Driver/ur_controllers) by extension 'ignore'
[0.236s] Level 1:colcon.colcon_core.package_identification:_identify(harvest_hardware/Universal_Robots_ROS2_Driver/ur_controllers) by extension 'ignore_ament_install'
[0.236s] Level 1:colcon.colcon_core.package_identification:_identify(harvest_hardware/Universal_Robots_ROS2_Driver/ur_controllers) by extensions ['colcon_pkg']
[0.236s] Level 1:colcon.colcon_core.package_identification:_identify(harvest_hardware/Universal_Robots_ROS2_Driver/ur_controllers) by extension 'colcon_pkg'
[0.236s] Level 1:colcon.colcon_core.package_identification:_identify(harvest_hardware/Universal_Robots_ROS2_Driver/ur_controllers) by extensions ['colcon_meta']
[0.236s] Level 1:colcon.colcon_core.package_identification:_identify(harvest_hardware/Universal_Robots_ROS2_Driver/ur_controllers) by extension 'colcon_meta'
[0.236s] Level 1:colcon.colcon_core.package_identification:_identify(harvest_hardware/Universal_Robots_ROS2_Driver/ur_controllers) by extensions ['ros']
[0.236s] Level 1:colcon.colcon_core.package_identification:_identify(harvest_hardware/Universal_Robots_ROS2_Driver/ur_controllers) by extension 'ros'
[0.237s] DEBUG:colcon.colcon_core.package_identification:Package 'harvest_hardware/Universal_Robots_ROS2_Driver/ur_controllers' with type 'ros.ament_cmake' and name 'ur_controllers'
[0.237s] Level 1:colcon.colcon_core.package_identification:_identify(harvest_hardware/Universal_Robots_ROS2_Driver/ur_dashboard_msgs) by extensions ['ignore', 'ignore_ament_install']
[0.237s] Level 1:colcon.colcon_core.package_identification:_identify(harvest_hardware/Universal_Robots_ROS2_Driver/ur_dashboard_msgs) by extension 'ignore'
[0.237s] Level 1:colcon.colcon_core.package_identification:_identify(harvest_hardware/Universal_Robots_ROS2_Driver/ur_dashboard_msgs) by extension 'ignore_ament_install'
[0.237s] Level 1:colcon.colcon_core.package_identification:_identify(harvest_hardware/Universal_Robots_ROS2_Driver/ur_dashboard_msgs) by extensions ['colcon_pkg']
[0.237s] Level 1:colcon.colcon_core.package_identification:_identify(harvest_hardware/Universal_Robots_ROS2_Driver/ur_dashboard_msgs) by extension 'colcon_pkg'
[0.237s] Level 1:colcon.colcon_core.package_identification:_identify(harvest_hardware/Universal_Robots_ROS2_Driver/ur_dashboard_msgs) by extensions ['colcon_meta']
[0.237s] Level 1:colcon.colcon_core.package_identification:_identify(harvest_hardware/Universal_Robots_ROS2_Driver/ur_dashboard_msgs) by extension 'colcon_meta'
[0.237s] Level 1:colcon.colcon_core.package_identification:_identify(harvest_hardware/Universal_Robots_ROS2_Driver/ur_dashboard_msgs) by extensions ['ros']
[0.237s] Level 1:colcon.colcon_core.package_identification:_identify(harvest_hardware/Universal_Robots_ROS2_Driver/ur_dashboard_msgs) by extension 'ros'
[0.238s] DEBUG:colcon.colcon_core.package_identification:Package 'harvest_hardware/Universal_Robots_ROS2_Driver/ur_dashboard_msgs' with type 'ros.ament_cmake' and name 'ur_dashboard_msgs'
[0.238s] Level 1:colcon.colcon_core.package_identification:_identify(harvest_hardware/Universal_Robots_ROS2_Driver/ur_moveit_config) by extensions ['ignore', 'ignore_ament_install']
[0.238s] Level 1:colcon.colcon_core.package_identification:_identify(harvest_hardware/Universal_Robots_ROS2_Driver/ur_moveit_config) by extension 'ignore'
[0.238s] Level 1:colcon.colcon_core.package_identification:_identify(harvest_hardware/Universal_Robots_ROS2_Driver/ur_moveit_config) by extension 'ignore_ament_install'
[0.238s] Level 1:colcon.colcon_core.package_identification:_identify(harvest_hardware/Universal_Robots_ROS2_Driver/ur_moveit_config) by extensions ['colcon_pkg']
[0.238s] Level 1:colcon.colcon_core.package_identification:_identify(harvest_hardware/Universal_Robots_ROS2_Driver/ur_moveit_config) by extension 'colcon_pkg'
[0.238s] Level 1:colcon.colcon_core.package_identification:_identify(harvest_hardware/Universal_Robots_ROS2_Driver/ur_moveit_config) by extensions ['colcon_meta']
[0.238s] Level 1:colcon.colcon_core.package_identification:_identify(harvest_hardware/Universal_Robots_ROS2_Driver/ur_moveit_config) by extension 'colcon_meta'
[0.238s] Level 1:colcon.colcon_core.package_identification:_identify(harvest_hardware/Universal_Robots_ROS2_Driver/ur_moveit_config) by extensions ['ros']
[0.238s] Level 1:colcon.colcon_core.package_identification:_identify(harvest_hardware/Universal_Robots_ROS2_Driver/ur_moveit_config) by extension 'ros'
[0.239s] DEBUG:colcon.colcon_core.package_identification:Package 'harvest_hardware/Universal_Robots_ROS2_Driver/ur_moveit_config' with type 'ros.ament_cmake' and name 'ur_moveit_config'
[0.239s] Level 1:colcon.colcon_core.package_identification:_identify(harvest_hardware/Universal_Robots_ROS2_Driver/ur_robot_driver) by extensions ['ignore', 'ignore_ament_install']
[0.239s] Level 1:colcon.colcon_core.package_identification:_identify(harvest_hardware/Universal_Robots_ROS2_Driver/ur_robot_driver) by extension 'ignore'
[0.239s] Level 1:colcon.colcon_core.package_identification:_identify(harvest_hardware/Universal_Robots_ROS2_Driver/ur_robot_driver) by extension 'ignore_ament_install'
[0.239s] Level 1:colcon.colcon_core.package_identification:_identify(harvest_hardware/Universal_Robots_ROS2_Driver/ur_robot_driver) by extensions ['colcon_pkg']
[0.239s] Level 1:colcon.colcon_core.package_identification:_identify(harvest_hardware/Universal_Robots_ROS2_Driver/ur_robot_driver) by extension 'colcon_pkg'
[0.239s] Level 1:colcon.colcon_core.package_identification:_identify(harvest_hardware/Universal_Robots_ROS2_Driver/ur_robot_driver) by extensions ['colcon_meta']
[0.239s] Level 1:colcon.colcon_core.package_identification:_identify(harvest_hardware/Universal_Robots_ROS2_Driver/ur_robot_driver) by extension 'colcon_meta'
[0.239s] Level 1:colcon.colcon_core.package_identification:_identify(harvest_hardware/Universal_Robots_ROS2_Driver/ur_robot_driver) by extensions ['ros']
[0.239s] Level 1:colcon.colcon_core.package_identification:_identify(harvest_hardware/Universal_Robots_ROS2_Driver/ur_robot_driver) by extension 'ros'
[0.240s] DEBUG:colcon.colcon_core.package_identification:Package 'harvest_hardware/Universal_Robots_ROS2_Driver/ur_robot_driver' with type 'ros.ament_cmake' and name 'ur_robot_driver'
[0.240s] Level 1:colcon.colcon_core.package_identification:_identify(harvest_hardware/realsense-ros) by extensions ['ignore', 'ignore_ament_install']
[0.241s] Level 1:colcon.colcon_core.package_identification:_identify(harvest_hardware/realsense-ros) by extension 'ignore'
[0.241s] Level 1:colcon.colcon_core.package_identification:_identify(harvest_hardware/realsense-ros) by extension 'ignore_ament_install'
[0.241s] Level 1:colcon.colcon_core.package_identification:_identify(harvest_hardware/realsense-ros) by extensions ['colcon_pkg']
[0.241s] Level 1:colcon.colcon_core.package_identification:_identify(harvest_hardware/realsense-ros) by extension 'colcon_pkg'
[0.241s] Level 1:colcon.colcon_core.package_identification:_identify(harvest_hardware/realsense-ros) by extensions ['colcon_meta']
[0.241s] Level 1:colcon.colcon_core.package_identification:_identify(harvest_hardware/realsense-ros) by extension 'colcon_meta'
[0.241s] Level 1:colcon.colcon_core.package_identification:_identify(harvest_hardware/realsense-ros) by extensions ['ros']
[0.241s] Level 1:colcon.colcon_core.package_identification:_identify(harvest_hardware/realsense-ros) by extension 'ros'
[0.241s] Level 1:colcon.colcon_core.package_identification:_identify(harvest_hardware/realsense-ros) by extensions ['cmake', 'python']
[0.241s] Level 1:colcon.colcon_core.package_identification:_identify(harvest_hardware/realsense-ros) by extension 'cmake'
[0.241s] Level 1:colcon.colcon_core.package_identification:_identify(harvest_hardware/realsense-ros) by extension 'python'
[0.241s] Level 1:colcon.colcon_core.package_identification:_identify(harvest_hardware/realsense-ros) by extensions ['python_setup_py']
[0.241s] Level 1:colcon.colcon_core.package_identification:_identify(harvest_hardware/realsense-ros) by extension 'python_setup_py'
[0.241s] Level 1:colcon.colcon_core.package_identification:_identify(harvest_hardware/realsense-ros/realsense2_camera) by extensions ['ignore', 'ignore_ament_install']
[0.241s] Level 1:colcon.colcon_core.package_identification:_identify(harvest_hardware/realsense-ros/realsense2_camera) by extension 'ignore'
[0.241s] Level 1:colcon.colcon_core.package_identification:_identify(harvest_hardware/realsense-ros/realsense2_camera) by extension 'ignore_ament_install'
[0.241s] Level 1:colcon.colcon_core.package_identification:_identify(harvest_hardware/realsense-ros/realsense2_camera) by extensions ['colcon_pkg']
[0.241s] Level 1:colcon.colcon_core.package_identification:_identify(harvest_hardware/realsense-ros/realsense2_camera) by extension 'colcon_pkg'
[0.241s] Level 1:colcon.colcon_core.package_identification:_identify(harvest_hardware/realsense-ros/realsense2_camera) by extensions ['colcon_meta']
[0.241s] Level 1:colcon.colcon_core.package_identification:_identify(harvest_hardware/realsense-ros/realsense2_camera) by extension 'colcon_meta'
[0.241s] Level 1:colcon.colcon_core.package_identification:_identify(harvest_hardware/realsense-ros/realsense2_camera) by extensions ['ros']
[0.241s] Level 1:colcon.colcon_core.package_identification:_identify(harvest_hardware/realsense-ros/realsense2_camera) by extension 'ros'
[0.245s] DEBUG:colcon.colcon_core.package_identification:Package 'harvest_hardware/realsense-ros/realsense2_camera' with type 'ros.ament_cmake' and name 'realsense2_camera'
[0.245s] Level 1:colcon.colcon_core.package_identification:_identify(harvest_hardware/realsense-ros/realsense2_camera_msgs) by extensions ['ignore', 'ignore_ament_install']
[0.245s] Level 1:colcon.colcon_core.package_identification:_identify(harvest_hardware/realsense-ros/realsense2_camera_msgs) by extension 'ignore'
[0.245s] Level 1:colcon.colcon_core.package_identification:_identify(harvest_hardware/realsense-ros/realsense2_camera_msgs) by extension 'ignore_ament_install'
[0.246s] Level 1:colcon.colcon_core.package_identification:_identify(harvest_hardware/realsense-ros/realsense2_camera_msgs) by extensions ['colcon_pkg']
[0.246s] Level 1:colcon.colcon_core.package_identification:_identify(harvest_hardware/realsense-ros/realsense2_camera_msgs) by extension 'colcon_pkg'
[0.246s] Level 1:colcon.colcon_core.package_identification:_identify(harvest_hardware/realsense-ros/realsense2_camera_msgs) by extensions ['colcon_meta']
[0.246s] Level 1:colcon.colcon_core.package_identification:_identify(harvest_hardware/realsense-ros/realsense2_camera_msgs) by extension 'colcon_meta'
[0.246s] Level 1:colcon.colcon_core.package_identification:_identify(harvest_hardware/realsense-ros/realsense2_camera_msgs) by extensions ['ros']
[0.246s] Level 1:colcon.colcon_core.package_identification:_identify(harvest_hardware/realsense-ros/realsense2_camera_msgs) by extension 'ros'
[0.246s] DEBUG:colcon.colcon_core.package_identification:Package 'harvest_hardware/realsense-ros/realsense2_camera_msgs' with type 'ros.ament_cmake' and name 'realsense2_camera_msgs'
[0.246s] Level 1:colcon.colcon_core.package_identification:_identify(harvest_hardware/realsense-ros/realsense2_description) by extensions ['ignore', 'ignore_ament_install']
[0.246s] Level 1:colcon.colcon_core.package_identification:_identify(harvest_hardware/realsense-ros/realsense2_description) by extension 'ignore'
[0.246s] Level 1:colcon.colcon_core.package_identification:_identify(harvest_hardware/realsense-ros/realsense2_description) by extension 'ignore_ament_install'
[0.246s] Level 1:colcon.colcon_core.package_identification:_identify(harvest_hardware/realsense-ros/realsense2_description) by extensions ['colcon_pkg']
[0.246s] Level 1:colcon.colcon_core.package_identification:_identify(harvest_hardware/realsense-ros/realsense2_description) by extension 'colcon_pkg'
[0.246s] Level 1:colcon.colcon_core.package_identification:_identify(harvest_hardware/realsense-ros/realsense2_description) by extensions ['colcon_meta']
[0.246s] Level 1:colcon.colcon_core.package_identification:_identify(harvest_hardware/realsense-ros/realsense2_description) by extension 'colcon_meta'
[0.246s] Level 1:colcon.colcon_core.package_identification:_identify(harvest_hardware/realsense-ros/realsense2_description) by extensions ['ros']
[0.246s] Level 1:colcon.colcon_core.package_identification:_identify(harvest_hardware/realsense-ros/realsense2_description) by extension 'ros'
[0.247s] DEBUG:colcon.colcon_core.package_identification:Package 'harvest_hardware/realsense-ros/realsense2_description' with type 'ros.ament_cmake' and name 'realsense2_description'
[0.247s] Level 1:colcon.colcon_core.package_identification:_identify(harvest_hardware/realsense-ros/scripts) by extensions ['ignore', 'ignore_ament_install']
[0.247s] Level 1:colcon.colcon_core.package_identification:_identify(harvest_hardware/realsense-ros/scripts) by extension 'ignore'
[0.247s] Level 1:colcon.colcon_core.package_identification:_identify(harvest_hardware/realsense-ros/scripts) by extension 'ignore_ament_install'
[0.247s] Level 1:colcon.colcon_core.package_identification:_identify(harvest_hardware/realsense-ros/scripts) by extensions ['colcon_pkg']
[0.247s] Level 1:colcon.colcon_core.package_identification:_identify(harvest_hardware/realsense-ros/scripts) by extension 'colcon_pkg'
[0.247s] Level 1:colcon.colcon_core.package_identification:_identify(harvest_hardware/realsense-ros/scripts) by extensions ['colcon_meta']
[0.247s] Level 1:colcon.colcon_core.package_identification:_identify(harvest_hardware/realsense-ros/scripts) by extension 'colcon_meta'
[0.247s] Level 1:colcon.colcon_core.package_identification:_identify(harvest_hardware/realsense-ros/scripts) by extensions ['ros']
[0.247s] Level 1:colcon.colcon_core.package_identification:_identify(harvest_hardware/realsense-ros/scripts) by extension 'ros'
[0.247s] Level 1:colcon.colcon_core.package_identification:_identify(harvest_hardware/realsense-ros/scripts) by extensions ['cmake', 'python']
[0.247s] Level 1:colcon.colcon_core.package_identification:_identify(harvest_hardware/realsense-ros/scripts) by extension 'cmake'
[0.247s] Level 1:colcon.colcon_core.package_identification:_identify(harvest_hardware/realsense-ros/scripts) by extension 'python'
[0.247s] Level 1:colcon.colcon_core.package_identification:_identify(harvest_hardware/realsense-ros/scripts) by extensions ['python_setup_py']
[0.247s] Level 1:colcon.colcon_core.package_identification:_identify(harvest_hardware/realsense-ros/scripts) by extension 'python_setup_py'
[0.247s] Level 1:colcon.colcon_core.package_identification:_identify(harvest_hardware/ur5e_custom_hardware) by extensions ['ignore', 'ignore_ament_install']
[0.247s] Level 1:colcon.colcon_core.package_identification:_identify(harvest_hardware/ur5e_custom_hardware) by extension 'ignore'
[0.248s] Level 1:colcon.colcon_core.package_identification:_identify(harvest_hardware/ur5e_custom_hardware) by extension 'ignore_ament_install'
[0.248s] Level 1:colcon.colcon_core.package_identification:_identify(harvest_hardware/ur5e_custom_hardware) by extensions ['colcon_pkg']
[0.248s] Level 1:colcon.colcon_core.package_identification:_identify(harvest_hardware/ur5e_custom_hardware) by extension 'colcon_pkg'
[0.248s] Level 1:colcon.colcon_core.package_identification:_identify(harvest_hardware/ur5e_custom_hardware) by extensions ['colcon_meta']
[0.248s] Level 1:colcon.colcon_core.package_identification:_identify(harvest_hardware/ur5e_custom_hardware) by extension 'colcon_meta'
[0.248s] Level 1:colcon.colcon_core.package_identification:_identify(harvest_hardware/ur5e_custom_hardware) by extensions ['ros']
[0.248s] Level 1:colcon.colcon_core.package_identification:_identify(harvest_hardware/ur5e_custom_hardware) by extension 'ros'
[0.248s] DEBUG:colcon.colcon_core.package_identification:Package 'harvest_hardware/ur5e_custom_hardware' with type 'ros.ament_python' and name 'ur5e_custom_hardware'
[0.248s] Level 1:colcon.colcon_core.package_identification:_identify(harvest_interfaces) by extensions ['ignore', 'ignore_ament_install']
[0.248s] Level 1:colcon.colcon_core.package_identification:_identify(harvest_interfaces) by extension 'ignore'
[0.248s] Level 1:colcon.colcon_core.package_identification:_identify(harvest_interfaces) by extension 'ignore_ament_install'
[0.248s] Level 1:colcon.colcon_core.package_identification:_identify(harvest_interfaces) by extensions ['colcon_pkg']
[0.248s] Level 1:colcon.colcon_core.package_identification:_identify(harvest_interfaces) by extension 'colcon_pkg'
[0.248s] Level 1:colcon.colcon_core.package_identification:_identify(harvest_interfaces) by extensions ['colcon_meta']
[0.248s] Level 1:colcon.colcon_core.package_identification:_identify(harvest_interfaces) by extension 'colcon_meta'
[0.249s] Level 1:colcon.colcon_core.package_identification:_identify(harvest_interfaces) by extensions ['ros']
[0.249s] Level 1:colcon.colcon_core.package_identification:_identify(harvest_interfaces) by extension 'ros'
[0.249s] DEBUG:colcon.colcon_core.package_identification:Package 'harvest_interfaces' with type 'ros.ament_cmake' and name 'harvest_interfaces'
[0.249s] Level 1:colcon.colcon_core.package_identification:_identify(harvest_vision) by extensions ['ignore', 'ignore_ament_install']
[0.249s] Level 1:colcon.colcon_core.package_identification:_identify(harvest_vision) by extension 'ignore'
[0.249s] Level 1:colcon.colcon_core.package_identification:_identify(harvest_vision) by extension 'ignore_ament_install'
[0.249s] Level 1:colcon.colcon_core.package_identification:_identify(harvest_vision) by extensions ['colcon_pkg']
[0.249s] Level 1:colcon.colcon_core.package_identification:_identify(harvest_vision) by extension 'colcon_pkg'
[0.249s] Level 1:colcon.colcon_core.package_identification:_identify(harvest_vision) by extensions ['colcon_meta']
[0.249s] Level 1:colcon.colcon_core.package_identification:_identify(harvest_vision) by extension 'colcon_meta'
[0.249s] Level 1:colcon.colcon_core.package_identification:_identify(harvest_vision) by extensions ['ros']
[0.249s] Level 1:colcon.colcon_core.package_identification:_identify(harvest_vision) by extension 'ros'
[0.250s] DEBUG:colcon.colcon_core.package_identification:Package 'harvest_vision' with type 'ros.ament_python' and name 'harvest_vision'
[0.250s] Level 1:colcon.colcon_core.package_identification:_identify(install) by extensions ['ignore', 'ignore_ament_install']
[0.250s] Level 1:colcon.colcon_core.package_identification:_identify(install) by extension 'ignore'
[0.250s] Level 1:colcon.colcon_core.package_identification:_identify(install) ignored
[0.250s] Level 1:colcon.colcon_core.package_identification:_identify(log) by extensions ['ignore', 'ignore_ament_install']
[0.250s] Level 1:colcon.colcon_core.package_identification:_identify(log) by extension 'ignore'
[0.250s] Level 1:colcon.colcon_core.package_identification:_identify(log) ignored
[0.250s] Level 1:colcon.colcon_core.package_identification:_identify(project_code) by extensions ['ignore', 'ignore_ament_install']
[0.250s] Level 1:colcon.colcon_core.package_identification:_identify(project_code) by extension 'ignore'
[0.250s] Level 1:colcon.colcon_core.package_identification:_identify(project_code) by extension 'ignore_ament_install'
[0.250s] Level 1:colcon.colcon_core.package_identification:_identify(project_code) by extensions ['colcon_pkg']
[0.250s] Level 1:colcon.colcon_core.package_identification:_identify(project_code) by extension 'colcon_pkg'
[0.250s] Level 1:colcon.colcon_core.package_identification:_identify(project_code) by extensions ['colcon_meta']
[0.250s] Level 1:colcon.colcon_core.package_identification:_identify(project_code) by extension 'colcon_meta'
[0.251s] Level 1:colcon.colcon_core.package_identification:_identify(project_code) by extensions ['ros']
[0.251s] Level 1:colcon.colcon_core.package_identification:_identify(project_code) by extension 'ros'
[0.251s] Level 1:colcon.colcon_core.package_identification:_identify(project_code) by extensions ['cmake', 'python']
[0.251s] Level 1:colcon.colcon_core.package_identification:_identify(project_code) by extension 'cmake'
[0.251s] Level 1:colcon.colcon_core.package_identification:_identify(project_code) by extension 'python'
[0.251s] Level 1:colcon.colcon_core.package_identification:_identify(project_code) by extensions ['python_setup_py']
[0.251s] Level 1:colcon.colcon_core.package_identification:_identify(project_code) by extension 'python_setup_py'
[0.251s] Level 1:colcon.colcon_core.package_identification:_identify(project_code/images) by extensions ['ignore', 'ignore_ament_install']
[0.251s] Level 1:colcon.colcon_core.package_identification:_identify(project_code/images) by extension 'ignore'
[0.251s] Level 1:colcon.colcon_core.package_identification:_identify(project_code/images) by extension 'ignore_ament_install'
[0.251s] Level 1:colcon.colcon_core.package_identification:_identify(project_code/images) by extensions ['colcon_pkg']
[0.251s] Level 1:colcon.colcon_core.package_identification:_identify(project_code/images) by extension 'colcon_pkg'
[0.251s] Level 1:colcon.colcon_core.package_identification:_identify(project_code/images) by extensions ['colcon_meta']
[0.251s] Level 1:colcon.colcon_core.package_identification:_identify(project_code/images) by extension 'colcon_meta'
[0.251s] Level 1:colcon.colcon_core.package_identification:_identify(project_code/images) by extensions ['ros']
[0.251s] Level 1:colcon.colcon_core.package_identification:_identify(project_code/images) by extension 'ros'
[0.251s] Level 1:colcon.colcon_core.package_identification:_identify(project_code/images) by extensions ['cmake', 'python']
[0.251s] Level 1:colcon.colcon_core.package_identification:_identify(project_code/images) by extension 'cmake'
[0.251s] Level 1:colcon.colcon_core.package_identification:_identify(project_code/images) by extension 'python'
[0.251s] Level 1:colcon.colcon_core.package_identification:_identify(project_code/images) by extensions ['python_setup_py']
[0.251s] Level 1:colcon.colcon_core.package_identification:_identify(project_code/images) by extension 'python_setup_py'
[0.251s] Level 1:colcon.colcon_core.package_identification:_identify(project_code/scripts) by extensions ['ignore', 'ignore_ament_install']
[0.251s] Level 1:colcon.colcon_core.package_identification:_identify(project_code/scripts) by extension 'ignore'
[0.251s] Level 1:colcon.colcon_core.package_identification:_identify(project_code/scripts) by extension 'ignore_ament_install'
[0.251s] Level 1:colcon.colcon_core.package_identification:_identify(project_code/scripts) by extensions ['colcon_pkg']
[0.251s] Level 1:colcon.colcon_core.package_identification:_identify(project_code/scripts) by extension 'colcon_pkg'
[0.251s] Level 1:colcon.colcon_core.package_identification:_identify(project_code/scripts) by extensions ['colcon_meta']
[0.251s] Level 1:colcon.colcon_core.package_identification:_identify(project_code/scripts) by extension 'colcon_meta'
[0.251s] Level 1:colcon.colcon_core.package_identification:_identify(project_code/scripts) by extensions ['ros']
[0.251s] Level 1:colcon.colcon_core.package_identification:_identify(project_code/scripts) by extension 'ros'
[0.252s] Level 1:colcon.colcon_core.package_identification:_identify(project_code/scripts) by extensions ['cmake', 'python']
[0.252s] Level 1:colcon.colcon_core.package_identification:_identify(project_code/scripts) by extension 'cmake'
[0.252s] Level 1:colcon.colcon_core.package_identification:_identify(project_code/scripts) by extension 'python'
[0.252s] Level 1:colcon.colcon_core.package_identification:_identify(project_code/scripts) by extensions ['python_setup_py']
[0.252s] Level 1:colcon.colcon_core.package_identification:_identify(project_code/scripts) by extension 'python_setup_py'
[0.252s] Level 1:colcon.colcon_core.package_discovery:discover_packages(recursive) using defaults
[0.252s] Level 1:colcon.colcon_core.package_discovery:discover_packages(ignore) discover
[0.252s] Level 1:colcon.colcon_core.package_discovery:discover_packages(ignore) using defaults
[0.252s] Level 1:colcon.colcon_core.package_discovery:discover_packages(path) discover
[0.252s] Level 1:colcon.colcon_core.package_discovery:discover_packages(path) using defaults
[0.269s] Level 1:colcon.colcon_core.package_discovery:discover_packages(prefix_path) check parameters
[0.269s] Level 1:colcon.colcon_core.package_discovery:discover_packages(prefix_path) discover
[0.271s] DEBUG:colcon.colcon_installed_package_information.package_discovery:Found 388 installed packages in /opt/ros/humble
[0.272s] Level 1:colcon.colcon_core.package_discovery:discover_packages(prefix_path) using defaults
[0.304s] Level 5:colcon.colcon_core.verb:set package 'harvest_interfaces' build argument 'cmake_args' from command line to 'None'
[0.304s] Level 5:colcon.colcon_core.verb:set package 'harvest_interfaces' build argument 'cmake_target' from command line to 'None'
[0.304s] Level 5:colcon.colcon_core.verb:set package 'harvest_interfaces' build argument 'cmake_target_skip_unavailable' from command line to 'False'
[0.304s] Level 5:colcon.colcon_core.verb:set package 'harvest_interfaces' build argument 'cmake_clean_cache' from command line to 'False'
[0.304s] Level 5:colcon.colcon_core.verb:set package 'harvest_interfaces' build argument 'cmake_clean_first' from command line to 'False'
[0.304s] Level 5:colcon.colcon_core.verb:set package 'harvest_interfaces' build argument 'cmake_force_configure' from command line to 'False'
[0.304s] Level 5:colcon.colcon_core.verb:set package 'harvest_interfaces' build argument 'ament_cmake_args' from command line to 'None'
[0.304s] Level 5:colcon.colcon_core.verb:set package 'harvest_interfaces' build argument 'catkin_cmake_args' from command line to 'None'
[0.304s] Level 5:colcon.colcon_core.verb:set package 'harvest_interfaces' build argument 'catkin_skip_building_tests' from command line to 'False'
[0.305s] DEBUG:colcon.colcon_core.verb:Building package 'harvest_interfaces' with the following arguments: {'ament_cmake_args': None, 'build_base': '/home/imml/git/ROB_534_Project/build/harvest_interfaces', 'catkin_cmake_args': None, 'catkin_skip_building_tests': False, 'cmake_args': None, 'cmake_clean_cache': False, 'cmake_clean_first': False, 'cmake_force_configure': False, 'cmake_target': None, 'cmake_target_skip_unavailable': False, 'install_base': '/home/imml/git/ROB_534_Project/install/harvest_interfaces', 'merge_install': False, 'path': '/home/imml/git/ROB_534_Project/harvest_interfaces', 'symlink_install': True, 'test_result_base': None}
[0.305s] Level 5:colcon.colcon_core.verb:set package 'realsense2_camera_msgs' build argument 'cmake_args' from command line to 'None'
[0.305s] Level 5:colcon.colcon_core.verb:set package 'realsense2_camera_msgs' build argument 'cmake_target' from command line to 'None'
[0.305s] Level 5:colcon.colcon_core.verb:set package 'realsense2_camera_msgs' build argument 'cmake_target_skip_unavailable' from command line to 'False'
[0.305s] Level 5:colcon.colcon_core.verb:set package 'realsense2_camera_msgs' build argument 'cmake_clean_cache' from command line to 'False'
[0.305s] Level 5:colcon.colcon_core.verb:set package 'realsense2_camera_msgs' build argument 'cmake_clean_first' from command line to 'False'
[0.305s] Level 5:colcon.colcon_core.verb:set package 'realsense2_camera_msgs' build argument 'cmake_force_configure' from command line to 'False'
[0.305s] Level 5:colcon.colcon_core.verb:set package 'realsense2_camera_msgs' build argument 'ament_cmake_args' from command line to 'None'
[0.305s] Level 5:colcon.colcon_core.verb:set package 'realsense2_camera_msgs' build argument 'catkin_cmake_args' from command line to 'None'
[0.305s] Level 5:colcon.colcon_core.verb:set package 'realsense2_camera_msgs' build argument 'catkin_skip_building_tests' from command line to 'False'
[0.305s] DEBUG:colcon.colcon_core.verb:Building package 'realsense2_camera_msgs' with the following arguments: {'ament_cmake_args': None, 'build_base': '/home/imml/git/ROB_534_Project/build/realsense2_camera_msgs', 'catkin_cmake_args': None, 'catkin_skip_building_tests': False, 'cmake_args': None, 'cmake_clean_cache': False, 'cmake_clean_first': False, 'cmake_force_configure': False, 'cmake_target': None, 'cmake_target_skip_unavailable': False, 'install_base': '/home/imml/git/ROB_534_Project/install/realsense2_camera_msgs', 'merge_install': False, 'path': '/home/imml/git/ROB_534_Project/harvest_hardware/realsense-ros/realsense2_camera_msgs', 'symlink_install': True, 'test_result_base': None}
[0.305s] Level 5:colcon.colcon_core.verb:set package 'ur5e_custom_hardware' build argument 'cmake_args' from command line to 'None'
[0.305s] Level 5:colcon.colcon_core.verb:set package 'ur5e_custom_hardware' build argument 'cmake_target' from command line to 'None'
[0.305s] Level 5:colcon.colcon_core.verb:set package 'ur5e_custom_hardware' build argument 'cmake_target_skip_unavailable' from command line to 'False'
[0.305s] Level 5:colcon.colcon_core.verb:set package 'ur5e_custom_hardware' build argument 'cmake_clean_cache' from command line to 'False'
[0.305s] Level 5:colcon.colcon_core.verb:set package 'ur5e_custom_hardware' build argument 'cmake_clean_first' from command line to 'False'
[0.305s] Level 5:colcon.colcon_core.verb:set package 'ur5e_custom_hardware' build argument 'cmake_force_configure' from command line to 'False'
[0.305s] Level 5:colcon.colcon_core.verb:set package 'ur5e_custom_hardware' build argument 'ament_cmake_args' from command line to 'None'
[0.305s] Level 5:colcon.colcon_core.verb:set package 'ur5e_custom_hardware' build argument 'catkin_cmake_args' from command line to 'None'
[0.305s] Level 5:colcon.colcon_core.verb:set package 'ur5e_custom_hardware' build argument 'catkin_skip_building_tests' from command line to 'False'
[0.305s] DEBUG:colcon.colcon_core.verb:Building package 'ur5e_custom_hardware' with the following arguments: {'ament_cmake_args': None, 'build_base': '/home/imml/git/ROB_534_Project/build/ur5e_custom_hardware', 'catkin_cmake_args': None, 'catkin_skip_building_tests': False, 'cmake_args': None, 'cmake_clean_cache': False, 'cmake_clean_first': False, 'cmake_force_configure': False, 'cmake_target': None, 'cmake_target_skip_unavailable': False, 'install_base': '/home/imml/git/ROB_534_Project/install/ur5e_custom_hardware', 'merge_install': False, 'path': '/home/imml/git/ROB_534_Project/harvest_hardware/ur5e_custom_hardware', 'symlink_install': True, 'test_result_base': None}
[0.306s] Level 5:colcon.colcon_core.verb:set package 'ur_dashboard_msgs' build argument 'cmake_args' from command line to 'None'
[0.306s] Level 5:colcon.colcon_core.verb:set package 'ur_dashboard_msgs' build argument 'cmake_target' from command line to 'None'
[0.306s] Level 5:colcon.colcon_core.verb:set package 'ur_dashboard_msgs' build argument 'cmake_target_skip_unavailable' from command line to 'False'
[0.306s] Level 5:colcon.colcon_core.verb:set package 'ur_dashboard_msgs' build argument 'cmake_clean_cache' from command line to 'False'
[0.306s] Level 5:colcon.colcon_core.verb:set package 'ur_dashboard_msgs' build argument 'cmake_clean_first' from command line to 'False'
[0.306s] Level 5:colcon.colcon_core.verb:set package 'ur_dashboard_msgs' build argument 'cmake_force_configure' from command line to 'False'
[0.306s] Level 5:colcon.colcon_core.verb:set package 'ur_dashboard_msgs' build argument 'ament_cmake_args' from command line to 'None'
[0.306s] Level 5:colcon.colcon_core.verb:set package 'ur_dashboard_msgs' build argument 'catkin_cmake_args' from command line to 'None'
[0.306s] Level 5:colcon.colcon_core.verb:set package 'ur_dashboard_msgs' build argument 'catkin_skip_building_tests' from command line to 'False'
[0.306s] DEBUG:colcon.colcon_core.verb:Building package 'ur_dashboard_msgs' with the following arguments: {'ament_cmake_args': None, 'build_base': '/home/imml/git/ROB_534_Project/build/ur_dashboard_msgs', 'catkin_cmake_args': None, 'catkin_skip_building_tests': False, 'cmake_args': None, 'cmake_clean_cache': False, 'cmake_clean_first': False, 'cmake_force_configure': False, 'cmake_target': None, 'cmake_target_skip_unavailable': False, 'install_base': '/home/imml/git/ROB_534_Project/install/ur_dashboard_msgs', 'merge_install': False, 'path': '/home/imml/git/ROB_534_Project/harvest_hardware/Universal_Robots_ROS2_Driver/ur_dashboard_msgs', 'symlink_install': True, 'test_result_base': None}
[0.306s] Level 5:colcon.colcon_core.verb:set package 'ur_description' build argument 'cmake_args' from command line to 'None'
[0.306s] Level 5:colcon.colcon_core.verb:set package 'ur_description' build argument 'cmake_target' from command line to 'None'
[0.306s] Level 5:colcon.colcon_core.verb:set package 'ur_description' build argument 'cmake_target_skip_unavailable' from command line to 'False'
[0.306s] Level 5:colcon.colcon_core.verb:set package 'ur_description' build argument 'cmake_clean_cache' from command line to 'False'
[0.306s] Level 5:colcon.colcon_core.verb:set package 'ur_description' build argument 'cmake_clean_first' from command line to 'False'
[0.306s] Level 5:colcon.colcon_core.verb:set package 'ur_description' build argument 'cmake_force_configure' from command line to 'False'
[0.306s] Level 5:colcon.colcon_core.verb:set package 'ur_description' build argument 'ament_cmake_args' from command line to 'None'
[0.306s] Level 5:colcon.colcon_core.verb:set package 'ur_description' build argument 'catkin_cmake_args' from command line to 'None'
[0.306s] Level 5:colcon.colcon_core.verb:set package 'ur_description' build argument 'catkin_skip_building_tests' from command line to 'False'
[0.306s] DEBUG:colcon.colcon_core.verb:Building package 'ur_description' with the following arguments: {'ament_cmake_args': None, 'build_base': '/home/imml/git/ROB_534_Project/build/ur_description', 'catkin_cmake_args': None, 'catkin_skip_building_tests': False, 'cmake_args': None, 'cmake_clean_cache': False, 'cmake_clean_first': False, 'cmake_force_configure': False, 'cmake_target': None, 'cmake_target_skip_unavailable': False, 'install_base': '/home/imml/git/ROB_534_Project/install/ur_description', 'merge_install': False, 'path': '/home/imml/git/ROB_534_Project/harvest_hardware/Universal_Robots_ROS2_Description', 'symlink_install': True, 'test_result_base': None}
[0.306s] Level 5:colcon.colcon_core.verb:set package 'harvest' build argument 'cmake_args' from command line to 'None'
[0.306s] Level 5:colcon.colcon_core.verb:set package 'harvest' build argument 'cmake_target' from command line to 'None'
[0.306s] Level 5:colcon.colcon_core.verb:set package 'harvest' build argument 'cmake_target_skip_unavailable' from command line to 'False'
[0.306s] Level 5:colcon.colcon_core.verb:set package 'harvest' build argument 'cmake_clean_cache' from command line to 'False'
[0.306s] Level 5:colcon.colcon_core.verb:set package 'harvest' build argument 'cmake_clean_first' from command line to 'False'
[0.306s] Level 5:colcon.colcon_core.verb:set package 'harvest' build argument 'cmake_force_configure' from command line to 'False'
[0.306s] Level 5:colcon.colcon_core.verb:set package 'harvest' build argument 'ament_cmake_args' from command line to 'None'
[0.306s] Level 5:colcon.colcon_core.verb:set package 'harvest' build argument 'catkin_cmake_args' from command line to 'None'
[0.306s] Level 5:colcon.colcon_core.verb:set package 'harvest' build argument 'catkin_skip_building_tests' from command line to 'False'
[0.306s] DEBUG:colcon.colcon_core.verb:Building package 'harvest' with the following arguments: {'ament_cmake_args': None, 'build_base': '/home/imml/git/ROB_534_Project/build/harvest', 'catkin_cmake_args': None, 'catkin_skip_building_tests': False, 'cmake_args': None, 'cmake_clean_cache': False, 'cmake_clean_first': False, 'cmake_force_configure': False, 'cmake_target': None, 'cmake_target_skip_unavailable': False, 'install_base': '/home/imml/git/ROB_534_Project/install/harvest', 'merge_install': False, 'path': '/home/imml/git/ROB_534_Project/harvest', 'symlink_install': True, 'test_result_base': None}
[0.307s] Level 5:colcon.colcon_core.verb:set package 'harvest_control' build argument 'cmake_args' from command line to 'None'
[0.307s] Level 5:colcon.colcon_core.verb:set package 'harvest_control' build argument 'cmake_target' from command line to 'None'
[0.307s] Level 5:colcon.colcon_core.verb:set package 'harvest_control' build argument 'cmake_target_skip_unavailable' from command line to 'False'
[0.307s] Level 5:colcon.colcon_core.verb:set package 'harvest_control' build argument 'cmake_clean_cache' from command line to 'False'
[0.307s] Level 5:colcon.colcon_core.verb:set package 'harvest_control' build argument 'cmake_clean_first' from command line to 'False'
[0.307s] Level 5:colcon.colcon_core.verb:set package 'harvest_control' build argument 'cmake_force_configure' from command line to 'False'
[0.307s] Level 5:colcon.colcon_core.verb:set package 'harvest_control' build argument 'ament_cmake_args' from command line to 'None'
[0.307s] Level 5:colcon.colcon_core.verb:set package 'harvest_control' build argument 'catkin_cmake_args' from command line to 'None'
[0.307s] Level 5:colcon.colcon_core.verb:set package 'harvest_control' build argument 'catkin_skip_building_tests' from command line to 'False'
[0.307s] DEBUG:colcon.colcon_core.verb:Building package 'harvest_control' with the following arguments: {'ament_cmake_args': None, 'build_base': '/home/imml/git/ROB_534_Project/build/harvest_control', 'catkin_cmake_args': None, 'catkin_skip_building_tests': False, 'cmake_args': None, 'cmake_clean_cache': False, 'cmake_clean_first': False, 'cmake_force_configure': False, 'cmake_target': None, 'cmake_target_skip_unavailable': False, 'install_base': '/home/imml/git/ROB_534_Project/install/harvest_control', 'merge_install': False, 'path': '/home/imml/git/ROB_534_Project/harvest_control', 'symlink_install': True, 'test_result_base': None}
[0.307s] Level 5:colcon.colcon_core.verb:set package 'harvest_vision' build argument 'cmake_args' from command line to 'None'
[0.307s] Level 5:colcon.colcon_core.verb:set package 'harvest_vision' build argument 'cmake_target' from command line to 'None'
[0.307s] Level 5:colcon.colcon_core.verb:set package 'harvest_vision' build argument 'cmake_target_skip_unavailable' from command line to 'False'
[0.307s] Level 5:colcon.colcon_core.verb:set package 'harvest_vision' build argument 'cmake_clean_cache' from command line to 'False'
[0.307s] Level 5:colcon.colcon_core.verb:set package 'harvest_vision' build argument 'cmake_clean_first' from command line to 'False'
[0.307s] Level 5:colcon.colcon_core.verb:set package 'harvest_vision' build argument 'cmake_force_configure' from command line to 'False'
[0.307s] Level 5:colcon.colcon_core.verb:set package 'harvest_vision' build argument 'ament_cmake_args' from command line to 'None'
[0.307s] Level 5:colcon.colcon_core.verb:set package 'harvest_vision' build argument 'catkin_cmake_args' from command line to 'None'
[0.307s] Level 5:colcon.colcon_core.verb:set package 'harvest_vision' build argument 'catkin_skip_building_tests' from command line to 'False'
[0.307s] DEBUG:colcon.colcon_core.verb:Building package 'harvest_vision' with the following arguments: {'ament_cmake_args': None, 'build_base': '/home/imml/git/ROB_534_Project/build/harvest_vision', 'catkin_cmake_args': None, 'catkin_skip_building_tests': False, 'cmake_args': None, 'cmake_clean_cache': False, 'cmake_clean_first': False, 'cmake_force_configure': False, 'cmake_target': None, 'cmake_target_skip_unavailable': False, 'install_base': '/home/imml/git/ROB_534_Project/install/harvest_vision', 'merge_install': False, 'path': '/home/imml/git/ROB_534_Project/harvest_vision', 'symlink_install': True, 'test_result_base': None}
[0.307s] Level 5:colcon.colcon_core.verb:set package 'realsense2_camera' build argument 'cmake_args' from command line to 'None'
[0.307s] Level 5:colcon.colcon_core.verb:set package 'realsense2_camera' build argument 'cmake_target' from command line to 'None'
[0.307s] Level 5:colcon.colcon_core.verb:set package 'realsense2_camera' build argument 'cmake_target_skip_unavailable' from command line to 'False'
[0.307s] Level 5:colcon.colcon_core.verb:set package 'realsense2_camera' build argument 'cmake_clean_cache' from command line to 'False'
[0.307s] Level 5:colcon.colcon_core.verb:set package 'realsense2_camera' build argument 'cmake_clean_first' from command line to 'False'
[0.307s] Level 5:colcon.colcon_core.verb:set package 'realsense2_camera' build argument 'cmake_force_configure' from command line to 'False'
[0.307s] Level 5:colcon.colcon_core.verb:set package 'realsense2_camera' build argument 'ament_cmake_args' from command line to 'None'
[0.307s] Level 5:colcon.colcon_core.verb:set package 'realsense2_camera' build argument 'catkin_cmake_args' from command line to 'None'
[0.307s] Level 5:colcon.colcon_core.verb:set package 'realsense2_camera' build argument 'catkin_skip_building_tests' from command line to 'False'
[0.307s] DEBUG:colcon.colcon_core.verb:Building package 'realsense2_camera' with the following arguments: {'ament_cmake_args': None, 'build_base': '/home/imml/git/ROB_534_Project/build/realsense2_camera', 'catkin_cmake_args': None, 'catkin_skip_building_tests': False, 'cmake_args': None, 'cmake_clean_cache': False, 'cmake_clean_first': False, 'cmake_force_configure': False, 'cmake_target': None, 'cmake_target_skip_unavailable': False, 'install_base': '/home/imml/git/ROB_534_Project/install/realsense2_camera', 'merge_install': False, 'path': '/home/imml/git/ROB_534_Project/harvest_hardware/realsense-ros/realsense2_camera', 'symlink_install': True, 'test_result_base': None}
[0.308s] Level 5:colcon.colcon_core.verb:set package 'realsense2_description' build argument 'cmake_args' from command line to 'None'
[0.308s] Level 5:colcon.colcon_core.verb:set package 'realsense2_description' build argument 'cmake_target' from command line to 'None'
[0.308s] Level 5:colcon.colcon_core.verb:set package 'realsense2_description' build argument 'cmake_target_skip_unavailable' from command line to 'False'
[0.308s] Level 5:colcon.colcon_core.verb:set package 'realsense2_description' build argument 'cmake_clean_cache' from command line to 'False'
[0.308s] Level 5:colcon.colcon_core.verb:set package 'realsense2_description' build argument 'cmake_clean_first' from command line to 'False'
[0.308s] Level 5:colcon.colcon_core.verb:set package 'realsense2_description' build argument 'cmake_force_configure' from command line to 'False'
[0.308s] Level 5:colcon.colcon_core.verb:set package 'realsense2_description' build argument 'ament_cmake_args' from command line to 'None'
[0.308s] Level 5:colcon.colcon_core.verb:set package 'realsense2_description' build argument 'catkin_cmake_args' from command line to 'None'
[0.308s] Level 5:colcon.colcon_core.verb:set package 'realsense2_description' build argument 'catkin_skip_building_tests' from command line to 'False'
[0.308s] DEBUG:colcon.colcon_core.verb:Building package 'realsense2_description' with the following arguments: {'ament_cmake_args': None, 'build_base': '/home/imml/git/ROB_534_Project/build/realsense2_description', 'catkin_cmake_args': None, 'catkin_skip_building_tests': False, 'cmake_args': None, 'cmake_clean_cache': False, 'cmake_clean_first': False, 'cmake_force_configure': False, 'cmake_target': None, 'cmake_target_skip_unavailable': False, 'install_base': '/home/imml/git/ROB_534_Project/install/realsense2_description', 'merge_install': False, 'path': '/home/imml/git/ROB_534_Project/harvest_hardware/realsense-ros/realsense2_description', 'symlink_install': True, 'test_result_base': None}
[0.308s] Level 5:colcon.colcon_core.verb:set package 'ur_controllers' build argument 'cmake_args' from command line to 'None'
[0.308s] Level 5:colcon.colcon_core.verb:set package 'ur_controllers' build argument 'cmake_target' from command line to 'None'
[0.308s] Level 5:colcon.colcon_core.verb:set package 'ur_controllers' build argument 'cmake_target_skip_unavailable' from command line to 'False'
[0.308s] Level 5:colcon.colcon_core.verb:set package 'ur_controllers' build argument 'cmake_clean_cache' from command line to 'False'
[0.308s] Level 5:colcon.colcon_core.verb:set package 'ur_controllers' build argument 'cmake_clean_first' from command line to 'False'
[0.308s] Level 5:colcon.colcon_core.verb:set package 'ur_controllers' build argument 'cmake_force_configure' from command line to 'False'
[0.308s] Level 5:colcon.colcon_core.verb:set package 'ur_controllers' build argument 'ament_cmake_args' from command line to 'None'
[0.308s] Level 5:colcon.colcon_core.verb:set package 'ur_controllers' build argument 'catkin_cmake_args' from command line to 'None'
[0.308s] Level 5:colcon.colcon_core.verb:set package 'ur_controllers' build argument 'catkin_skip_building_tests' from command line to 'False'
[0.308s] DEBUG:colcon.colcon_core.verb:Building package 'ur_controllers' with the following arguments: {'ament_cmake_args': None, 'build_base': '/home/imml/git/ROB_534_Project/build/ur_controllers', 'catkin_cmake_args': None, 'catkin_skip_building_tests': False, 'cmake_args': None, 'cmake_clean_cache': False, 'cmake_clean_first': False, 'cmake_force_configure': False, 'cmake_target': None, 'cmake_target_skip_unavailable': False, 'install_base': '/home/imml/git/ROB_534_Project/install/ur_controllers', 'merge_install': False, 'path': '/home/imml/git/ROB_534_Project/harvest_hardware/Universal_Robots_ROS2_Driver/ur_controllers', 'symlink_install': True, 'test_result_base': None}
[0.308s] Level 5:colcon.colcon_core.verb:set package 'ur_moveit_config' build argument 'cmake_args' from command line to 'None'
[0.308s] Level 5:colcon.colcon_core.verb:set package 'ur_moveit_config' build argument 'cmake_target' from command line to 'None'
[0.308s] Level 5:colcon.colcon_core.verb:set package 'ur_moveit_config' build argument 'cmake_target_skip_unavailable' from command line to 'False'
[0.308s] Level 5:colcon.colcon_core.verb:set package 'ur_moveit_config' build argument 'cmake_clean_cache' from command line to 'False'
[0.308s] Level 5:colcon.colcon_core.verb:set package 'ur_moveit_config' build argument 'cmake_clean_first' from command line to 'False'
[0.308s] Level 5:colcon.colcon_core.verb:set package 'ur_moveit_config' build argument 'cmake_force_configure' from command line to 'False'
[0.309s] Level 5:colcon.colcon_core.verb:set package 'ur_moveit_config' build argument 'ament_cmake_args' from command line to 'None'
[0.309s] Level 5:colcon.colcon_core.verb:set package 'ur_moveit_config' build argument 'catkin_cmake_args' from command line to 'None'
[0.309s] Level 5:colcon.colcon_core.verb:set package 'ur_moveit_config' build argument 'catkin_skip_building_tests' from command line to 'False'
[0.309s] DEBUG:colcon.colcon_core.verb:Building package 'ur_moveit_config' with the following arguments: {'ament_cmake_args': None, 'build_base': '/home/imml/git/ROB_534_Project/build/ur_moveit_config', 'catkin_cmake_args': None, 'catkin_skip_building_tests': False, 'cmake_args': None, 'cmake_clean_cache': False, 'cmake_clean_first': False, 'cmake_force_configure': False, 'cmake_target': None, 'cmake_target_skip_unavailable': False, 'install_base': '/home/imml/git/ROB_534_Project/install/ur_moveit_config', 'merge_install': False, 'path': '/home/imml/git/ROB_534_Project/harvest_hardware/Universal_Robots_ROS2_Driver/ur_moveit_config', 'symlink_install': True, 'test_result_base': None}
[0.309s] Level 5:colcon.colcon_core.verb:set package 'ur_bringup' build argument 'cmake_args' from command line to 'None'
[0.309s] Level 5:colcon.colcon_core.verb:set package 'ur_bringup' build argument 'cmake_target' from command line to 'None'
[0.309s] Level 5:colcon.colcon_core.verb:set package 'ur_bringup' build argument 'cmake_target_skip_unavailable' from command line to 'False'
[0.309s] Level 5:colcon.colcon_core.verb:set package 'ur_bringup' build argument 'cmake_clean_cache' from command line to 'False'
[0.309s] Level 5:colcon.colcon_core.verb:set package 'ur_bringup' build argument 'cmake_clean_first' from command line to 'False'
[0.309s] Level 5:colcon.colcon_core.verb:set package 'ur_bringup' build argument 'cmake_force_configure' from command line to 'False'
[0.309s] Level 5:colcon.colcon_core.verb:set package 'ur_bringup' build argument 'ament_cmake_args' from command line to 'None'
[0.309s] Level 5:colcon.colcon_core.verb:set package 'ur_bringup' build argument 'catkin_cmake_args' from command line to 'None'
[0.309s] Level 5:colcon.colcon_core.verb:set package 'ur_bringup' build argument 'catkin_skip_building_tests' from command line to 'False'
[0.309s] DEBUG:colcon.colcon_core.verb:Building package 'ur_bringup' with the following arguments: {'ament_cmake_args': None, 'build_base': '/home/imml/git/ROB_534_Project/build/ur_bringup', 'catkin_cmake_args': None, 'catkin_skip_building_tests': False, 'cmake_args': None, 'cmake_clean_cache': False, 'cmake_clean_first': False, 'cmake_force_configure': False, 'cmake_target': None, 'cmake_target_skip_unavailable': False, 'install_base': '/home/imml/git/ROB_534_Project/install/ur_bringup', 'merge_install': False, 'path': '/home/imml/git/ROB_534_Project/harvest_hardware/Universal_Robots_ROS2_Driver/ur_bringup', 'symlink_install': True, 'test_result_base': None}
[0.309s] Level 5:colcon.colcon_core.verb:set package 'ur_robot_driver' build argument 'cmake_args' from command line to 'None'
[0.309s] Level 5:colcon.colcon_core.verb:set package 'ur_robot_driver' build argument 'cmake_target' from command line to 'None'
[0.309s] Level 5:colcon.colcon_core.verb:set package 'ur_robot_driver' build argument 'cmake_target_skip_unavailable' from command line to 'False'
[0.309s] Level 5:colcon.colcon_core.verb:set package 'ur_robot_driver' build argument 'cmake_clean_cache' from command line to 'False'
[0.309s] Level 5:colcon.colcon_core.verb:set package 'ur_robot_driver' build argument 'cmake_clean_first' from command line to 'False'
[0.309s] Level 5:colcon.colcon_core.verb:set package 'ur_robot_driver' build argument 'cmake_force_configure' from command line to 'False'
[0.309s] Level 5:colcon.colcon_core.verb:set package 'ur_robot_driver' build argument 'ament_cmake_args' from command line to 'None'
[0.309s] Level 5:colcon.colcon_core.verb:set package 'ur_robot_driver' build argument 'catkin_cmake_args' from command line to 'None'
[0.309s] Level 5:colcon.colcon_core.verb:set package 'ur_robot_driver' build argument 'catkin_skip_building_tests' from command line to 'False'
[0.309s] DEBUG:colcon.colcon_core.verb:Building package 'ur_robot_driver' with the following arguments: {'ament_cmake_args': None, 'build_base': '/home/imml/git/ROB_534_Project/build/ur_robot_driver', 'catkin_cmake_args': None, 'catkin_skip_building_tests': False, 'cmake_args': None, 'cmake_clean_cache': False, 'cmake_clean_first': False, 'cmake_force_configure': False, 'cmake_target': None, 'cmake_target_skip_unavailable': False, 'install_base': '/home/imml/git/ROB_534_Project/install/ur_robot_driver', 'merge_install': False, 'path': '/home/imml/git/ROB_534_Project/harvest_hardware/Universal_Robots_ROS2_Driver/ur_robot_driver', 'symlink_install': True, 'test_result_base': None}
[0.310s] Level 5:colcon.colcon_core.verb:set package 'ur_calibration' build argument 'cmake_args' from command line to 'None'
[0.310s] Level 5:colcon.colcon_core.verb:set package 'ur_calibration' build argument 'cmake_target' from command line to 'None'
[0.310s] Level 5:colcon.colcon_core.verb:set package 'ur_calibration' build argument 'cmake_target_skip_unavailable' from command line to 'False'
[0.310s] Level 5:colcon.colcon_core.verb:set package 'ur_calibration' build argument 'cmake_clean_cache' from command line to 'False'
[0.310s] Level 5:colcon.colcon_core.verb:set package 'ur_calibration' build argument 'cmake_clean_first' from command line to 'False'
[0.310s] Level 5:colcon.colcon_core.verb:set package 'ur_calibration' build argument 'cmake_force_configure' from command line to 'False'
[0.310s] Level 5:colcon.colcon_core.verb:set package 'ur_calibration' build argument 'ament_cmake_args' from command line to 'None'
[0.310s] Level 5:colcon.colcon_core.verb:set package 'ur_calibration' build argument 'catkin_cmake_args' from command line to 'None'
[0.310s] Level 5:colcon.colcon_core.verb:set package 'ur_calibration' build argument 'catkin_skip_building_tests' from command line to 'False'
[0.310s] DEBUG:colcon.colcon_core.verb:Building package 'ur_calibration' with the following arguments: {'ament_cmake_args': None, 'build_base': '/home/imml/git/ROB_534_Project/build/ur_calibration', 'catkin_cmake_args': None, 'catkin_skip_building_tests': False, 'cmake_args': None, 'cmake_clean_cache': False, 'cmake_clean_first': False, 'cmake_force_configure': False, 'cmake_target': None, 'cmake_target_skip_unavailable': False, 'install_base': '/home/imml/git/ROB_534_Project/install/ur_calibration', 'merge_install': False, 'path': '/home/imml/git/ROB_534_Project/harvest_hardware/Universal_Robots_ROS2_Driver/ur_calibration', 'symlink_install': True, 'test_result_base': None}
[0.310s] Level 5:colcon.colcon_core.verb:set package 'ur' build argument 'cmake_args' from command line to 'None'
[0.310s] Level 5:colcon.colcon_core.verb:set package 'ur' build argument 'cmake_target' from command line to 'None'
[0.310s] Level 5:colcon.colcon_core.verb:set package 'ur' build argument 'cmake_target_skip_unavailable' from command line to 'False'
[0.310s] Level 5:colcon.colcon_core.verb:set package 'ur' build argument 'cmake_clean_cache' from command line to 'False'
[0.310s] Level 5:colcon.colcon_core.verb:set package 'ur' build argument 'cmake_clean_first' from command line to 'False'
[0.310s] Level 5:colcon.colcon_core.verb:set package 'ur' build argument 'cmake_force_configure' from command line to 'False'
[0.310s] Level 5:colcon.colcon_core.verb:set package 'ur' build argument 'ament_cmake_args' from command line to 'None'
[0.310s] Level 5:colcon.colcon_core.verb:set package 'ur' build argument 'catkin_cmake_args' from command line to 'None'
[0.310s] Level 5:colcon.colcon_core.verb:set package 'ur' build argument 'catkin_skip_building_tests' from command line to 'False'
[0.310s] DEBUG:colcon.colcon_core.verb:Building package 'ur' with the following arguments: {'ament_cmake_args': None, 'build_base': '/home/imml/git/ROB_534_Project/build/ur', 'catkin_cmake_args': None, 'catkin_skip_building_tests': False, 'cmake_args': None, 'cmake_clean_cache': False, 'cmake_clean_first': False, 'cmake_force_configure': False, 'cmake_target': None, 'cmake_target_skip_unavailable': False, 'install_base': '/home/imml/git/ROB_534_Project/install/ur', 'merge_install': False, 'path': '/home/imml/git/ROB_534_Project/harvest_hardware/Universal_Robots_ROS2_Driver/ur', 'symlink_install': True, 'test_result_base': None}
[0.310s] INFO:colcon.colcon_core.executor:Executing jobs using 'parallel' executor
[0.311s] DEBUG:colcon.colcon_parallel_executor.executor.parallel:run_until_complete
[0.311s] INFO:colcon.colcon_ros.task.ament_cmake.build:Building ROS package in '/home/imml/git/ROB_534_Project/harvest_hardware/Universal_Robots_ROS2_Driver/ur_dashboard_msgs' with build type 'ament_cmake'
[0.311s] INFO:colcon.colcon_cmake.task.cmake.build:Building CMake package in '/home/imml/git/ROB_534_Project/harvest_hardware/Universal_Robots_ROS2_Driver/ur_dashboard_msgs'
[0.313s] INFO:colcon.colcon_core.plugin_system:Skipping extension 'colcon_core.shell.bat': Not used on non-Windows systems
[0.313s] INFO:colcon.colcon_core.shell:Skip shell extension 'powershell' for command environment: Not usable outside of PowerShell
[0.313s] DEBUG:colcon.colcon_core.shell:Skip shell extension 'dsv' for command environment
[0.316s] INFO:colcon.colcon_ros.task.ament_cmake.build:Building ROS package in '/home/imml/git/ROB_534_Project/harvest_hardware/Universal_Robots_ROS2_Description' with build type 'ament_cmake'
[0.316s] INFO:colcon.colcon_cmake.task.cmake.build:Building CMake package in '/home/imml/git/ROB_534_Project/harvest_hardware/Universal_Robots_ROS2_Description'
[0.316s] INFO:colcon.colcon_core.shell:Skip shell extension 'powershell' for command environment: Not usable outside of PowerShell
[0.316s] DEBUG:colcon.colcon_core.shell:Skip shell extension 'dsv' for command environment
[0.318s] INFO:colcon.colcon_ros.task.ament_cmake.build:Building ROS package in '/home/imml/git/ROB_534_Project/harvest_interfaces' with build type 'ament_cmake'
[0.318s] INFO:colcon.colcon_cmake.task.cmake.build:Building CMake package in '/home/imml/git/ROB_534_Project/harvest_interfaces'
[0.318s] INFO:colcon.colcon_core.shell:Skip shell extension 'powershell' for command environment: Not usable outside of PowerShell
[0.318s] DEBUG:colcon.colcon_core.shell:Skip shell extension 'dsv' for command environment
[0.320s] INFO:colcon.colcon_ros.task.ament_cmake.build:Building ROS package in '/home/imml/git/ROB_534_Project/harvest_hardware/realsense-ros/realsense2_camera_msgs' with build type 'ament_cmake'
[0.320s] INFO:colcon.colcon_cmake.task.cmake.build:Building CMake package in '/home/imml/git/ROB_534_Project/harvest_hardware/realsense-ros/realsense2_camera_msgs'
[0.321s] INFO:colcon.colcon_core.shell:Skip shell extension 'powershell' for command environment: Not usable outside of PowerShell
[0.321s] DEBUG:colcon.colcon_core.shell:Skip shell extension 'dsv' for command environment
[0.323s] INFO:colcon.colcon_ros.task.ament_python.build:Building ROS package in '/home/imml/git/ROB_534_Project/harvest_hardware/ur5e_custom_hardware' with build type 'ament_python'
[0.323s] Level 1:colcon.colcon_core.shell:create_environment_hook('ur5e_custom_hardware', 'ament_prefix_path')
[0.323s] INFO:colcon.colcon_core.shell:Creating environment hook '/home/imml/git/ROB_534_Project/install/ur5e_custom_hardware/share/ur5e_custom_hardware/hook/ament_prefix_path.ps1'
[0.324s] INFO:colcon.colcon_core.shell:Creating environment descriptor '/home/imml/git/ROB_534_Project/install/ur5e_custom_hardware/share/ur5e_custom_hardware/hook/ament_prefix_path.dsv'
[0.324s] INFO:colcon.colcon_core.shell:Creating environment hook '/home/imml/git/ROB_534_Project/install/ur5e_custom_hardware/share/ur5e_custom_hardware/hook/ament_prefix_path.sh'
[0.324s] INFO:colcon.colcon_core.shell:Skip shell extension 'powershell' for command environment: Not usable outside of PowerShell
[0.324s] DEBUG:colcon.colcon_core.shell:Skip shell extension 'dsv' for command environment
[0.330s] DEBUG:colcon.colcon_core.event_handler.log_command:Invoking command in '/home/imml/git/ROB_534_Project/build/ur_dashboard_msgs': CMAKE_PREFIX_PATH=/opt/ros/humble /usr/bin/cmake /home/imml/git/ROB_534_Project/harvest_hardware/Universal_Robots_ROS2_Driver/ur_dashboard_msgs -DAMENT_CMAKE_SYMLINK_INSTALL=1 -DCMAKE_INSTALL_PREFIX=/home/imml/git/ROB_534_Project/install/ur_dashboard_msgs
[0.331s] DEBUG:colcon.colcon_core.event_handler.log_command:Invoking command in '/home/imml/git/ROB_534_Project/build/ur_description': CMAKE_PREFIX_PATH=/opt/ros/humble /usr/bin/cmake /home/imml/git/ROB_534_Project/harvest_hardware/Universal_Robots_ROS2_Description -DAMENT_CMAKE_SYMLINK_INSTALL=1 -DCMAKE_INSTALL_PREFIX=/home/imml/git/ROB_534_Project/install/ur_description
[0.332s] DEBUG:colcon.colcon_core.event_handler.log_command:Invoking command in '/home/imml/git/ROB_534_Project/build/harvest_interfaces': CMAKE_PREFIX_PATH=/opt/ros/humble /usr/bin/cmake /home/imml/git/ROB_534_Project/harvest_interfaces -DAMENT_CMAKE_SYMLINK_INSTALL=1 -DCMAKE_INSTALL_PREFIX=/home/imml/git/ROB_534_Project/install/harvest_interfaces
[0.333s] DEBUG:colcon.colcon_core.event_handler.log_command:Invoking command in '/home/imml/git/ROB_534_Project/build/realsense2_camera_msgs': CMAKE_PREFIX_PATH=/opt/ros/humble /usr/bin/cmake /home/imml/git/ROB_534_Project/harvest_hardware/realsense-ros/realsense2_camera_msgs -DAMENT_CMAKE_SYMLINK_INSTALL=1 -DCMAKE_INSTALL_PREFIX=/home/imml/git/ROB_534_Project/install/realsense2_camera_msgs
[0.554s] INFO:colcon.colcon_core.task.python.build:Building Python package in '/home/imml/git/ROB_534_Project/harvest_hardware/ur5e_custom_hardware'
[0.555s] INFO:colcon.colcon_core.shell:Skip shell extension 'powershell' for command environment: Not usable outside of PowerShell
[0.555s] DEBUG:colcon.colcon_core.shell:Skip shell extension 'dsv' for command environment
[0.848s] DEBUG:colcon.colcon_core.event_handler.log_command:Invoking command in '/home/imml/git/ROB_534_Project/build/ur5e_custom_hardware': PYTHONPATH=/home/imml/git/ROB_534_Project/build/ur5e_custom_hardware/prefix_override:/usr/lib/python3/dist-packages/colcon_core/task/python/colcon_distutils_commands:/home/imml/git/ROB_534_Project/install/ur5e_custom_hardware/lib/python3.10/site-packages:${PYTHONPATH} /usr/bin/python3 -W ignore:setup.py install is deprecated -W ignore:easy_install command is deprecated setup.py develop --editable --build-directory /home/imml/git/ROB_534_Project/build/ur5e_custom_hardware/build --no-deps symlink_data
[1.260s] Level 1:colcon.colcon_core.shell:create_environment_hook('ur5e_custom_hardware', 'pythonpath_develop')
[1.260s] INFO:colcon.colcon_core.shell:Creating environment hook '/home/imml/git/ROB_534_Project/build/ur5e_custom_hardware/share/ur5e_custom_hardware/hook/pythonpath_develop.ps1'
[1.260s] DEBUG:colcon.colcon_core.event_handler.log_command:Invoked command in '/home/imml/git/ROB_534_Project/build/ur5e_custom_hardware' returned '0': PYTHONPATH=/home/imml/git/ROB_534_Project/build/ur5e_custom_hardware/prefix_override:/usr/lib/python3/dist-packages/colcon_core/task/python/colcon_distutils_commands:/home/imml/git/ROB_534_Project/install/ur5e_custom_hardware/lib/python3.10/site-packages:${PYTHONPATH} /usr/bin/python3 -W ignore:setup.py install is deprecated -W ignore:easy_install command is deprecated setup.py develop --editable --build-directory /home/imml/git/ROB_534_Project/build/ur5e_custom_hardware/build --no-deps symlink_data
[1.261s] INFO:colcon.colcon_core.shell:Creating environment descriptor '/home/imml/git/ROB_534_Project/build/ur5e_custom_hardware/share/ur5e_custom_hardware/hook/pythonpath_develop.dsv'
[1.261s] INFO:colcon.colcon_core.shell:Creating environment hook '/home/imml/git/ROB_534_Project/build/ur5e_custom_hardware/share/ur5e_custom_hardware/hook/pythonpath_develop.sh'
[1.263s] Level 1:colcon.colcon_core.environment:checking '/home/imml/git/ROB_534_Project/install/ur5e_custom_hardware' for CMake module files
[1.264s] Level 1:colcon.colcon_core.environment:checking '/home/imml/git/ROB_534_Project/install/ur5e_custom_hardware' for CMake config files
[1.264s] Level 1:colcon.colcon_core.environment:checking '/home/imml/git/ROB_534_Project/install/ur5e_custom_hardware/lib'
[1.264s] Level 1:colcon.colcon_core.environment:checking '/home/imml/git/ROB_534_Project/install/ur5e_custom_hardware/bin'
[1.265s] Level 1:colcon.colcon_core.environment:checking '/home/imml/git/ROB_534_Project/install/ur5e_custom_hardware/lib/pkgconfig/ur5e_custom_hardware.pc'
[1.265s] Level 1:colcon.colcon_core.environment:checking '/home/imml/git/ROB_534_Project/install/ur5e_custom_hardware/lib/python3.10/site-packages'
[1.265s] Level 1:colcon.colcon_core.shell:create_environment_hook('ur5e_custom_hardware', 'pythonpath')
[1.265s] INFO:colcon.colcon_core.shell:Creating environment hook '/home/imml/git/ROB_534_Project/install/ur5e_custom_hardware/share/ur5e_custom_hardware/hook/pythonpath.ps1'
[1.265s] INFO:colcon.colcon_core.shell:Creating environment descriptor '/home/imml/git/ROB_534_Project/install/ur5e_custom_hardware/share/ur5e_custom_hardware/hook/pythonpath.dsv'
[1.266s] INFO:colcon.colcon_core.shell:Creating environment hook '/home/imml/git/ROB_534_Project/install/ur5e_custom_hardware/share/ur5e_custom_hardware/hook/pythonpath.sh'
[1.266s] Level 1:colcon.colcon_core.environment:checking '/home/imml/git/ROB_534_Project/install/ur5e_custom_hardware/bin'
[1.266s] Level 1:colcon.colcon_core.environment:create_environment_scripts_only(ur5e_custom_hardware)
[1.266s] INFO:colcon.colcon_core.shell:Creating package script '/home/imml/git/ROB_534_Project/install/ur5e_custom_hardware/share/ur5e_custom_hardware/package.ps1'
[1.267s] INFO:colcon.colcon_core.shell:Creating package descriptor '/home/imml/git/ROB_534_Project/install/ur5e_custom_hardware/share/ur5e_custom_hardware/package.dsv'
[1.267s] INFO:colcon.colcon_core.shell:Creating package script '/home/imml/git/ROB_534_Project/install/ur5e_custom_hardware/share/ur5e_custom_hardware/package.sh'
[1.268s] INFO:colcon.colcon_core.shell:Creating package script '/home/imml/git/ROB_534_Project/install/ur5e_custom_hardware/share/ur5e_custom_hardware/package.bash'
[1.268s] INFO:colcon.colcon_core.shell:Creating package script '/home/imml/git/ROB_534_Project/install/ur5e_custom_hardware/share/ur5e_custom_hardware/package.zsh'
[1.269s] Level 1:colcon.colcon_core.environment:create_file_with_runtime_dependencies(/home/imml/git/ROB_534_Project/install/ur5e_custom_hardware/share/colcon-core/packages/ur5e_custom_hardware)
[1.634s] DEBUG:colcon.colcon_core.event_handler.log_command:Invoked command in '/home/imml/git/ROB_534_Project/build/ur_dashboard_msgs' returned '0': CMAKE_PREFIX_PATH=/opt/ros/humble /usr/bin/cmake /home/imml/git/ROB_534_Project/harvest_hardware/Universal_Robots_ROS2_Driver/ur_dashboard_msgs -DAMENT_CMAKE_SYMLINK_INSTALL=1 -DCMAKE_INSTALL_PREFIX=/home/imml/git/ROB_534_Project/install/ur_dashboard_msgs
[1.636s] DEBUG:colcon.colcon_core.event_handler.log_command:Invoking command in '/home/imml/git/ROB_534_Project/build/ur_dashboard_msgs': CMAKE_PREFIX_PATH=/opt/ros/humble /usr/bin/cmake --build /home/imml/git/ROB_534_Project/build/ur_dashboard_msgs -- -j16 -l16
[1.821s] DEBUG:colcon.colcon_core.event_handler.log_command:Invoked command in '/home/imml/git/ROB_534_Project/build/realsense2_camera_msgs' returned '0': CMAKE_PREFIX_PATH=/opt/ros/humble /usr/bin/cmake /home/imml/git/ROB_534_Project/harvest_hardware/realsense-ros/realsense2_camera_msgs -DAMENT_CMAKE_SYMLINK_INSTALL=1 -DCMAKE_INSTALL_PREFIX=/home/imml/git/ROB_534_Project/install/realsense2_camera_msgs
[1.823s] DEBUG:colcon.colcon_core.event_handler.log_command:Invoking command in '/home/imml/git/ROB_534_Project/build/realsense2_camera_msgs': CMAKE_PREFIX_PATH=/opt/ros/humble /usr/bin/cmake --build /home/imml/git/ROB_534_Project/build/realsense2_camera_msgs -- -j16 -l16
[2.358s] DEBUG:colcon.colcon_core.event_handler.log_command:Invoked command in '/home/imml/git/ROB_534_Project/build/harvest_interfaces' returned '0': CMAKE_PREFIX_PATH=/opt/ros/humble /usr/bin/cmake /home/imml/git/ROB_534_Project/harvest_interfaces -DAMENT_CMAKE_SYMLINK_INSTALL=1 -DCMAKE_INSTALL_PREFIX=/home/imml/git/ROB_534_Project/install/harvest_interfaces
[2.360s] DEBUG:colcon.colcon_core.event_handler.log_command:Invoking command in '/home/imml/git/ROB_534_Project/build/harvest_interfaces': CMAKE_PREFIX_PATH=/opt/ros/humble /usr/bin/cmake --build /home/imml/git/ROB_534_Project/build/harvest_interfaces -- -j16 -l16
[2.723s] DEBUG:colcon.colcon_core.event_handler.log_command:Invoked command in '/home/imml/git/ROB_534_Project/build/ur_description' returned '0': CMAKE_PREFIX_PATH=/opt/ros/humble /usr/bin/cmake /home/imml/git/ROB_534_Project/harvest_hardware/Universal_Robots_ROS2_Description -DAMENT_CMAKE_SYMLINK_INSTALL=1 -DCMAKE_INSTALL_PREFIX=/home/imml/git/ROB_534_Project/install/ur_description
[2.724s] DEBUG:colcon.colcon_core.event_handler.log_command:Invoking command in '/home/imml/git/ROB_534_Project/build/ur_description': CMAKE_PREFIX_PATH=/opt/ros/humble /usr/bin/cmake --build /home/imml/git/ROB_534_Project/build/ur_description -- -j16 -l16
[2.780s] DEBUG:colcon.colcon_core.event_handler.log_command:Invoked command in '/home/imml/git/ROB_534_Project/build/ur_description' returned '0': CMAKE_PREFIX_PATH=/opt/ros/humble /usr/bin/cmake --build /home/imml/git/ROB_534_Project/build/ur_description -- -j16 -l16
[2.792s] DEBUG:colcon.colcon_core.event_handler.log_command:Invoking command in '/home/imml/git/ROB_534_Project/build/ur_description': CMAKE_PREFIX_PATH=/opt/ros/humble /usr/bin/cmake --install /home/imml/git/ROB_534_Project/build/ur_description
[6.608s] Level 1:colcon.colcon_core.environment:create_environment_scripts_only(ur_description)
[6.608s] Level 1:colcon.colcon_core.environment:checking '/home/imml/git/ROB_534_Project/install/ur_description' for CMake module files
[6.609s] Level 1:colcon.colcon_core.environment:checking '/home/imml/git/ROB_534_Project/install/ur_description' for CMake config files
[6.617s] DEBUG:colcon.colcon_core.event_handler.log_command:Invoked command in '/home/imml/git/ROB_534_Project/build/ur_description' returned '0': CMAKE_PREFIX_PATH=/opt/ros/humble /usr/bin/cmake --install /home/imml/git/ROB_534_Project/build/ur_description
[6.618s] Level 1:colcon.colcon_core.shell:create_environment_hook('ur_description', 'cmake_prefix_path')
[6.618s] INFO:colcon.colcon_core.shell:Creating environment hook '/home/imml/git/ROB_534_Project/install/ur_description/share/ur_description/hook/cmake_prefix_path.ps1'
[6.619s] INFO:colcon.colcon_core.shell:Creating environment descriptor '/home/imml/git/ROB_534_Project/install/ur_description/share/ur_description/hook/cmake_prefix_path.dsv'
[6.619s] INFO:colcon.colcon_core.shell:Creating environment hook '/home/imml/git/ROB_534_Project/install/ur_description/share/ur_description/hook/cmake_prefix_path.sh'
[6.620s] Level 1:colcon.colcon_core.environment:checking '/home/imml/git/ROB_534_Project/install/ur_description/bin'
[6.620s] Level 1:colcon.colcon_core.environment:checking '/home/imml/git/ROB_534_Project/install/ur_description/lib/pkgconfig/ur_description.pc'
[6.621s] Level 1:colcon.colcon_core.environment:checking '/home/imml/git/ROB_534_Project/install/ur_description/lib/python3.10/site-packages'
[6.621s] Level 1:colcon.colcon_core.environment:checking '/home/imml/git/ROB_534_Project/install/ur_description/bin'
[6.622s] INFO:colcon.colcon_core.shell:Creating package script '/home/imml/git/ROB_534_Project/install/ur_description/share/ur_description/package.ps1'
[6.623s] INFO:colcon.colcon_core.shell:Creating package descriptor '/home/imml/git/ROB_534_Project/install/ur_description/share/ur_description/package.dsv'
[6.623s] INFO:colcon.colcon_core.shell:Creating package script '/home/imml/git/ROB_534_Project/install/ur_description/share/ur_description/package.sh'
[6.624s] INFO:colcon.colcon_core.shell:Creating package script '/home/imml/git/ROB_534_Project/install/ur_description/share/ur_description/package.bash'
[6.625s] INFO:colcon.colcon_core.shell:Creating package script '/home/imml/git/ROB_534_Project/install/ur_description/share/ur_description/package.zsh'
[6.625s] Level 1:colcon.colcon_core.environment:create_file_with_runtime_dependencies(/home/imml/git/ROB_534_Project/install/ur_description/share/colcon-core/packages/ur_description)
[6.631s] Level 1:colcon.colcon_core.environment:create_environment_scripts_only(ur_description)
[6.632s] Level 1:colcon.colcon_core.environment:checking '/home/imml/git/ROB_534_Project/install/ur_description' for CMake module files
[6.633s] Level 1:colcon.colcon_core.environment:checking '/home/imml/git/ROB_534_Project/install/ur_description' for CMake config files
[6.642s] Level 1:colcon.colcon_core.shell:create_environment_hook('ur_description', 'cmake_prefix_path')
[6.642s] INFO:colcon.colcon_core.shell:Creating environment hook '/home/imml/git/ROB_534_Project/install/ur_description/share/ur_description/hook/cmake_prefix_path.ps1'
[6.643s] INFO:colcon.colcon_core.shell:Creating environment descriptor '/home/imml/git/ROB_534_Project/install/ur_description/share/ur_description/hook/cmake_prefix_path.dsv'
[6.643s] INFO:colcon.colcon_core.shell:Creating environment hook '/home/imml/git/ROB_534_Project/install/ur_description/share/ur_description/hook/cmake_prefix_path.sh'
[6.648s] Level 1:colcon.colcon_core.environment:checking '/home/imml/git/ROB_534_Project/install/ur_description/bin'
[6.649s] Level 1:colcon.colcon_core.environment:checking '/home/imml/git/ROB_534_Project/install/ur_description/lib/pkgconfig/ur_description.pc'
[6.649s] Level 1:colcon.colcon_core.environment:checking '/home/imml/git/ROB_534_Project/install/ur_description/lib/python3.10/site-packages'
[6.649s] Level 1:colcon.colcon_core.environment:checking '/home/imml/git/ROB_534_Project/install/ur_description/bin'
[6.650s] INFO:colcon.colcon_core.shell:Creating package script '/home/imml/git/ROB_534_Project/install/ur_description/share/ur_description/package.ps1'
[6.650s] INFO:colcon.colcon_core.shell:Creating package descriptor '/home/imml/git/ROB_534_Project/install/ur_description/share/ur_description/package.dsv'
[6.652s] INFO:colcon.colcon_core.shell:Creating package script '/home/imml/git/ROB_534_Project/install/ur_description/share/ur_description/package.sh'
[6.655s] INFO:colcon.colcon_core.shell:Creating package script '/home/imml/git/ROB_534_Project/install/ur_description/share/ur_description/package.bash'
[6.656s] INFO:colcon.colcon_core.shell:Creating package script '/home/imml/git/ROB_534_Project/install/ur_description/share/ur_description/package.zsh'
[6.657s] Level 1:colcon.colcon_core.environment:create_file_with_runtime_dependencies(/home/imml/git/ROB_534_Project/install/ur_description/share/colcon-core/packages/ur_description)
[6.658s] INFO:colcon.colcon_ros.task.ament_cmake.build:Building ROS package in '/home/imml/git/ROB_534_Project/harvest_hardware/Universal_Robots_ROS2_Driver/ur_moveit_config' with build type 'ament_cmake'
[6.659s] INFO:colcon.colcon_cmake.task.cmake.build:Building CMake package in '/home/imml/git/ROB_534_Project/harvest_hardware/Universal_Robots_ROS2_Driver/ur_moveit_config'
[6.659s] INFO:colcon.colcon_core.shell:Skip shell extension 'powershell' for command environment: Not usable outside of PowerShell
[6.663s] DEBUG:colcon.colcon_core.shell:Skip shell extension 'dsv' for command environment
[6.698s] DEBUG:colcon.colcon_core.event_handler.log_command:Invoking command in '/home/imml/git/ROB_534_Project/build/ur_moveit_config': AMENT_PREFIX_PATH=/home/imml/git/ROB_534_Project/install/ur_description:${AMENT_PREFIX_PATH} CMAKE_PREFIX_PATH=/home/imml/git/ROB_534_Project/install/ur_description:/opt/ros/humble /usr/bin/cmake /home/imml/git/ROB_534_Project/harvest_hardware/Universal_Robots_ROS2_Driver/ur_moveit_config -DAMENT_CMAKE_SYMLINK_INSTALL=1 -DCMAKE_INSTALL_PREFIX=/home/imml/git/ROB_534_Project/install/ur_moveit_config
[7.772s] DEBUG:colcon.colcon_core.event_handler.log_command:Invoked command in '/home/imml/git/ROB_534_Project/build/realsense2_camera_msgs' returned '0': CMAKE_PREFIX_PATH=/opt/ros/humble /usr/bin/cmake --build /home/imml/git/ROB_534_Project/build/realsense2_camera_msgs -- -j16 -l16
[7.773s] DEBUG:colcon.colcon_core.event_handler.log_command:Invoking command in '/home/imml/git/ROB_534_Project/build/realsense2_camera_msgs': CMAKE_PREFIX_PATH=/opt/ros/humble /usr/bin/cmake --install /home/imml/git/ROB_534_Project/build/realsense2_camera_msgs
[8.964s] DEBUG:colcon.colcon_core.event_handler.log_command:Invoked command in '/home/imml/git/ROB_534_Project/build/ur_moveit_config' returned '0': AMENT_PREFIX_PATH=/home/imml/git/ROB_534_Project/install/ur_description:${AMENT_PREFIX_PATH} CMAKE_PREFIX_PATH=/home/imml/git/ROB_534_Project/install/ur_description:/opt/ros/humble /usr/bin/cmake /home/imml/git/ROB_534_Project/harvest_hardware/Universal_Robots_ROS2_Driver/ur_moveit_config -DAMENT_CMAKE_SYMLINK_INSTALL=1 -DCMAKE_INSTALL_PREFIX=/home/imml/git/ROB_534_Project/install/ur_moveit_config
[8.965s] DEBUG:colcon.colcon_core.event_handler.log_command:Invoking command in '/home/imml/git/ROB_534_Project/build/ur_moveit_config': AMENT_PREFIX_PATH=/home/imml/git/ROB_534_Project/install/ur_description:${AMENT_PREFIX_PATH} CMAKE_PREFIX_PATH=/home/imml/git/ROB_534_Project/install/ur_description:/opt/ros/humble /usr/bin/cmake --build /home/imml/git/ROB_534_Project/build/ur_moveit_config -- -j16 -l16
[9.957s] DEBUG:colcon.colcon_core.event_handler.log_command:Invoked command in '/home/imml/git/ROB_534_Project/build/ur_moveit_config' returned '0': AMENT_PREFIX_PATH=/home/imml/git/ROB_534_Project/install/ur_description:${AMENT_PREFIX_PATH} CMAKE_PREFIX_PATH=/home/imml/git/ROB_534_Project/install/ur_description:/opt/ros/humble /usr/bin/cmake --build /home/imml/git/ROB_534_Project/build/ur_moveit_config -- -j16 -l16
[9.958s] DEBUG:colcon.colcon_core.event_handler.log_command:Invoking command in '/home/imml/git/ROB_534_Project/build/ur_moveit_config': AMENT_PREFIX_PATH=/home/imml/git/ROB_534_Project/install/ur_description:${AMENT_PREFIX_PATH} CMAKE_PREFIX_PATH=/home/imml/git/ROB_534_Project/install/ur_description:/opt/ros/humble /usr/bin/cmake --install /home/imml/git/ROB_534_Project/build/ur_moveit_config
[11.012s] Level 1:colcon.colcon_core.environment:create_environment_scripts_only(ur_moveit_config)
[11.013s] Level 1:colcon.colcon_core.environment:checking '/home/imml/git/ROB_534_Project/install/ur_moveit_config' for CMake module files
[11.014s] Level 1:colcon.colcon_core.environment:checking '/home/imml/git/ROB_534_Project/install/ur_moveit_config' for CMake config files
[11.014s] Level 1:colcon.colcon_core.shell:create_environment_hook('ur_moveit_config', 'cmake_prefix_path')
[11.015s] INFO:colcon.colcon_core.shell:Creating environment hook '/home/imml/git/ROB_534_Project/install/ur_moveit_config/share/ur_moveit_config/hook/cmake_prefix_path.ps1'
[11.016s] DEBUG:colcon.colcon_core.event_handler.log_command:Invoked command in '/home/imml/git/ROB_534_Project/build/ur_moveit_config' returned '0': AMENT_PREFIX_PATH=/home/imml/git/ROB_534_Project/install/ur_description:${AMENT_PREFIX_PATH} CMAKE_PREFIX_PATH=/home/imml/git/ROB_534_Project/install/ur_description:/opt/ros/humble /usr/bin/cmake --install /home/imml/git/ROB_534_Project/build/ur_moveit_config
[11.017s] INFO:colcon.colcon_core.shell:Creating environment descriptor '/home/imml/git/ROB_534_Project/install/ur_moveit_config/share/ur_moveit_config/hook/cmake_prefix_path.dsv'
[11.017s] INFO:colcon.colcon_core.shell:Creating environment hook '/home/imml/git/ROB_534_Project/install/ur_moveit_config/share/ur_moveit_config/hook/cmake_prefix_path.sh'
[11.018s] Level 1:colcon.colcon_core.environment:checking '/home/imml/git/ROB_534_Project/install/ur_moveit_config/bin'
[11.018s] Level 1:colcon.colcon_core.environment:checking '/home/imml/git/ROB_534_Project/install/ur_moveit_config/lib/pkgconfig/ur_moveit_config.pc'
[11.019s] Level 1:colcon.colcon_core.environment:checking '/home/imml/git/ROB_534_Project/install/ur_moveit_config/lib/python3.10/site-packages'
[11.019s] Level 1:colcon.colcon_core.environment:checking '/home/imml/git/ROB_534_Project/install/ur_moveit_config/bin'
[11.019s] INFO:colcon.colcon_core.shell:Creating package script '/home/imml/git/ROB_534_Project/install/ur_moveit_config/share/ur_moveit_config/package.ps1'
[11.020s] INFO:colcon.colcon_core.shell:Creating package descriptor '/home/imml/git/ROB_534_Project/install/ur_moveit_config/share/ur_moveit_config/package.dsv'
[11.021s] INFO:colcon.colcon_core.shell:Creating package script '/home/imml/git/ROB_534_Project/install/ur_moveit_config/share/ur_moveit_config/package.sh'
[11.021s] INFO:colcon.colcon_core.shell:Creating package script '/home/imml/git/ROB_534_Project/install/ur_moveit_config/share/ur_moveit_config/package.bash'
[11.022s] INFO:colcon.colcon_core.shell:Creating package script '/home/imml/git/ROB_534_Project/install/ur_moveit_config/share/ur_moveit_config/package.zsh'
[11.022s] Level 1:colcon.colcon_core.environment:create_file_with_runtime_dependencies(/home/imml/git/ROB_534_Project/install/ur_moveit_config/share/colcon-core/packages/ur_moveit_config)
[11.023s] Level 1:colcon.colcon_core.environment:create_environment_scripts_only(ur_moveit_config)
[11.023s] Level 1:colcon.colcon_core.environment:checking '/home/imml/git/ROB_534_Project/install/ur_moveit_config' for CMake module files
[11.024s] Level 1:colcon.colcon_core.environment:checking '/home/imml/git/ROB_534_Project/install/ur_moveit_config' for CMake config files
[11.025s] Level 1:colcon.colcon_core.shell:create_environment_hook('ur_moveit_config', 'cmake_prefix_path')
[11.026s] INFO:colcon.colcon_core.shell:Creating environment hook '/home/imml/git/ROB_534_Project/install/ur_moveit_config/share/ur_moveit_config/hook/cmake_prefix_path.ps1'
[11.028s] INFO:colcon.colcon_core.shell:Creating environment descriptor '/home/imml/git/ROB_534_Project/install/ur_moveit_config/share/ur_moveit_config/hook/cmake_prefix_path.dsv'
[11.028s] INFO:colcon.colcon_core.shell:Creating environment hook '/home/imml/git/ROB_534_Project/install/ur_moveit_config/share/ur_moveit_config/hook/cmake_prefix_path.sh'
[11.029s] Level 1:colcon.colcon_core.environment:checking '/home/imml/git/ROB_534_Project/install/ur_moveit_config/bin'
[11.029s] Level 1:colcon.colcon_core.environment:checking '/home/imml/git/ROB_534_Project/install/ur_moveit_config/lib/pkgconfig/ur_moveit_config.pc'
[11.030s] Level 1:colcon.colcon_core.environment:checking '/home/imml/git/ROB_534_Project/install/ur_moveit_config/lib/python3.10/site-packages'
[11.030s] Level 1:colcon.colcon_core.environment:checking '/home/imml/git/ROB_534_Project/install/ur_moveit_config/bin'
[11.031s] INFO:colcon.colcon_core.shell:Creating package script '/home/imml/git/ROB_534_Project/install/ur_moveit_config/share/ur_moveit_config/package.ps1'
[11.031s] INFO:colcon.colcon_core.shell:Creating package descriptor '/home/imml/git/ROB_534_Project/install/ur_moveit_config/share/ur_moveit_config/package.dsv'
[11.032s] INFO:colcon.colcon_core.shell:Creating package script '/home/imml/git/ROB_534_Project/install/ur_moveit_config/share/ur_moveit_config/package.sh'
[11.033s] INFO:colcon.colcon_core.shell:Creating package script '/home/imml/git/ROB_534_Project/install/ur_moveit_config/share/ur_moveit_config/package.bash'
[11.033s] INFO:colcon.colcon_core.shell:Creating package script '/home/imml/git/ROB_534_Project/install/ur_moveit_config/share/ur_moveit_config/package.zsh'
[11.034s] Level 1:colcon.colcon_core.environment:create_file_with_runtime_dependencies(/home/imml/git/ROB_534_Project/install/ur_moveit_config/share/colcon-core/packages/ur_moveit_config)
[11.328s] Level 1:colcon.colcon_core.environment:create_environment_scripts_only(realsense2_camera_msgs)
[11.329s] Level 1:colcon.colcon_core.environment:checking '/home/imml/git/ROB_534_Project/install/realsense2_camera_msgs' for CMake module files
[11.329s] DEBUG:colcon.colcon_core.event_handler.log_command:Invoked command in '/home/imml/git/ROB_534_Project/build/realsense2_camera_msgs' returned '0': CMAKE_PREFIX_PATH=/opt/ros/humble /usr/bin/cmake --install /home/imml/git/ROB_534_Project/build/realsense2_camera_msgs
[11.330s] Level 1:colcon.colcon_core.environment:checking '/home/imml/git/ROB_534_Project/install/realsense2_camera_msgs' for CMake config files
[11.331s] Level 1:colcon.colcon_core.shell:create_environment_hook('realsense2_camera_msgs', 'cmake_prefix_path')
[11.331s] INFO:colcon.colcon_core.shell:Creating environment hook '/home/imml/git/ROB_534_Project/install/realsense2_camera_msgs/share/realsense2_camera_msgs/hook/cmake_prefix_path.ps1'
[11.331s] INFO:colcon.colcon_core.shell:Creating environment descriptor '/home/imml/git/ROB_534_Project/install/realsense2_camera_msgs/share/realsense2_camera_msgs/hook/cmake_prefix_path.dsv'
[11.332s] INFO:colcon.colcon_core.shell:Creating environment hook '/home/imml/git/ROB_534_Project/install/realsense2_camera_msgs/share/realsense2_camera_msgs/hook/cmake_prefix_path.sh'
[11.332s] Level 1:colcon.colcon_core.environment:checking '/home/imml/git/ROB_534_Project/install/realsense2_camera_msgs/lib'
[11.332s] Level 1:colcon.colcon_core.shell:create_environment_hook('realsense2_camera_msgs', 'ld_library_path_lib')
[11.332s] INFO:colcon.colcon_core.shell:Creating environment hook '/home/imml/git/ROB_534_Project/install/realsense2_camera_msgs/share/realsense2_camera_msgs/hook/ld_library_path_lib.ps1'
[11.333s] INFO:colcon.colcon_core.shell:Creating environment descriptor '/home/imml/git/ROB_534_Project/install/realsense2_camera_msgs/share/realsense2_camera_msgs/hook/ld_library_path_lib.dsv'
[11.333s] INFO:colcon.colcon_core.shell:Creating environment hook '/home/imml/git/ROB_534_Project/install/realsense2_camera_msgs/share/realsense2_camera_msgs/hook/ld_library_path_lib.sh'
[11.333s] Level 1:colcon.colcon_core.environment:checking '/home/imml/git/ROB_534_Project/install/realsense2_camera_msgs/bin'
[11.333s] Level 1:colcon.colcon_core.environment:checking '/home/imml/git/ROB_534_Project/install/realsense2_camera_msgs/lib/pkgconfig/realsense2_camera_msgs.pc'
[11.333s] Level 1:colcon.colcon_core.environment:checking '/home/imml/git/ROB_534_Project/install/realsense2_camera_msgs/lib/python3.10/site-packages'
[11.334s] Level 1:colcon.colcon_core.environment:checking '/home/imml/git/ROB_534_Project/install/realsense2_camera_msgs/bin'
[11.334s] INFO:colcon.colcon_core.shell:Creating package script '/home/imml/git/ROB_534_Project/install/realsense2_camera_msgs/share/realsense2_camera_msgs/package.ps1'
[11.334s] INFO:colcon.colcon_core.shell:Creating package descriptor '/home/imml/git/ROB_534_Project/install/realsense2_camera_msgs/share/realsense2_camera_msgs/package.dsv'
[11.335s] INFO:colcon.colcon_core.shell:Creating package script '/home/imml/git/ROB_534_Project/install/realsense2_camera_msgs/share/realsense2_camera_msgs/package.sh'
[11.335s] INFO:colcon.colcon_core.shell:Creating package script '/home/imml/git/ROB_534_Project/install/realsense2_camera_msgs/share/realsense2_camera_msgs/package.bash'
[11.335s] INFO:colcon.colcon_core.shell:Creating package script '/home/imml/git/ROB_534_Project/install/realsense2_camera_msgs/share/realsense2_camera_msgs/package.zsh'
[11.335s] Level 1:colcon.colcon_core.environment:create_file_with_runtime_dependencies(/home/imml/git/ROB_534_Project/install/realsense2_camera_msgs/share/colcon-core/packages/realsense2_camera_msgs)
[11.336s] Level 1:colcon.colcon_core.environment:create_environment_scripts_only(realsense2_camera_msgs)
[11.336s] Level 1:colcon.colcon_core.environment:checking '/home/imml/git/ROB_534_Project/install/realsense2_camera_msgs' for CMake module files
[11.337s] Level 1:colcon.colcon_core.environment:checking '/home/imml/git/ROB_534_Project/install/realsense2_camera_msgs' for CMake config files
[11.338s] Level 1:colcon.colcon_core.shell:create_environment_hook('realsense2_camera_msgs', 'cmake_prefix_path')
[11.338s] INFO:colcon.colcon_core.shell:Creating environment hook '/home/imml/git/ROB_534_Project/install/realsense2_camera_msgs/share/realsense2_camera_msgs/hook/cmake_prefix_path.ps1'
[11.338s] INFO:colcon.colcon_core.shell:Creating environment descriptor '/home/imml/git/ROB_534_Project/install/realsense2_camera_msgs/share/realsense2_camera_msgs/hook/cmake_prefix_path.dsv'
[11.338s] INFO:colcon.colcon_core.shell:Creating environment hook '/home/imml/git/ROB_534_Project/install/realsense2_camera_msgs/share/realsense2_camera_msgs/hook/cmake_prefix_path.sh'
[11.339s] Level 1:colcon.colcon_core.environment:checking '/home/imml/git/ROB_534_Project/install/realsense2_camera_msgs/lib'
[11.339s] Level 1:colcon.colcon_core.shell:create_environment_hook('realsense2_camera_msgs', 'ld_library_path_lib')
[11.339s] INFO:colcon.colcon_core.shell:Creating environment hook '/home/imml/git/ROB_534_Project/install/realsense2_camera_msgs/share/realsense2_camera_msgs/hook/ld_library_path_lib.ps1'
[11.339s] INFO:colcon.colcon_core.shell:Creating environment descriptor '/home/imml/git/ROB_534_Project/install/realsense2_camera_msgs/share/realsense2_camera_msgs/hook/ld_library_path_lib.dsv'
[11.340s] INFO:colcon.colcon_core.shell:Creating environment hook '/home/imml/git/ROB_534_Project/install/realsense2_camera_msgs/share/realsense2_camera_msgs/hook/ld_library_path_lib.sh'
[11.340s] Level 1:colcon.colcon_core.environment:checking '/home/imml/git/ROB_534_Project/install/realsense2_camera_msgs/bin'
[11.340s] Level 1:colcon.colcon_core.environment:checking '/home/imml/git/ROB_534_Project/install/realsense2_camera_msgs/lib/pkgconfig/realsense2_camera_msgs.pc'
[11.340s] Level 1:colcon.colcon_core.environment:checking '/home/imml/git/ROB_534_Project/install/realsense2_camera_msgs/lib/python3.10/site-packages'
[11.340s] Level 1:colcon.colcon_core.environment:checking '/home/imml/git/ROB_534_Project/install/realsense2_camera_msgs/bin'
[11.341s] INFO:colcon.colcon_core.shell:Creating package script '/home/imml/git/ROB_534_Project/install/realsense2_camera_msgs/share/realsense2_camera_msgs/package.ps1'
[11.341s] INFO:colcon.colcon_core.shell:Creating package descriptor '/home/imml/git/ROB_534_Project/install/realsense2_camera_msgs/share/realsense2_camera_msgs/package.dsv'
[11.341s] INFO:colcon.colcon_core.shell:Creating package script '/home/imml/git/ROB_534_Project/install/realsense2_camera_msgs/share/realsense2_camera_msgs/package.sh'
[11.342s] INFO:colcon.colcon_core.shell:Creating package script '/home/imml/git/ROB_534_Project/install/realsense2_camera_msgs/share/realsense2_camera_msgs/package.bash'
[11.342s] INFO:colcon.colcon_core.shell:Creating package script '/home/imml/git/ROB_534_Project/install/realsense2_camera_msgs/share/realsense2_camera_msgs/package.zsh'
[11.342s] Level 1:colcon.colcon_core.environment:create_file_with_runtime_dependencies(/home/imml/git/ROB_534_Project/install/realsense2_camera_msgs/share/colcon-core/packages/realsense2_camera_msgs)
[11.343s] INFO:colcon.colcon_ros.task.ament_cmake.build:Building ROS package in '/home/imml/git/ROB_534_Project/harvest_hardware/realsense-ros/realsense2_camera' with build type 'ament_cmake'
[11.343s] INFO:colcon.colcon_cmake.task.cmake.build:Building CMake package in '/home/imml/git/ROB_534_Project/harvest_hardware/realsense-ros/realsense2_camera'
[11.343s] INFO:colcon.colcon_core.shell:Skip shell extension 'powershell' for command environment: Not usable outside of PowerShell
[11.343s] DEBUG:colcon.colcon_core.shell:Skip shell extension 'dsv' for command environment
[11.346s] INFO:colcon.colcon_ros.task.ament_cmake.build:Building ROS package in '/home/imml/git/ROB_534_Project/harvest_hardware/realsense-ros/realsense2_description' with build type 'ament_cmake'
[11.346s] INFO:colcon.colcon_cmake.task.cmake.build:Building CMake package in '/home/imml/git/ROB_534_Project/harvest_hardware/realsense-ros/realsense2_description'
[11.346s] INFO:colcon.colcon_core.shell:Skip shell extension 'powershell' for command environment: Not usable outside of PowerShell
[11.346s] DEBUG:colcon.colcon_core.shell:Skip shell extension 'dsv' for command environment
[11.351s] DEBUG:colcon.colcon_core.event_handler.log_command:Invoking command in '/home/imml/git/ROB_534_Project/build/realsense2_camera': AMENT_PREFIX_PATH=/home/imml/git/ROB_534_Project/install/realsense2_camera_msgs:${AMENT_PREFIX_PATH} CMAKE_PREFIX_PATH=/home/imml/git/ROB_534_Project/install/realsense2_camera_msgs:/opt/ros/humble LD_LIBRARY_PATH=/home/imml/git/ROB_534_Project/install/realsense2_camera_msgs/lib:${LD_LIBRARY_PATH} PYTHONPATH=/home/imml/git/ROB_534_Project/install/realsense2_camera_msgs/local/lib/python3.10/dist-packages:${PYTHONPATH} /usr/bin/cmake /home/imml/git/ROB_534_Project/harvest_hardware/realsense-ros/realsense2_camera -DAMENT_CMAKE_SYMLINK_INSTALL=1 -DCMAKE_INSTALL_PREFIX=/home/imml/git/ROB_534_Project/install/realsense2_camera
[11.353s] DEBUG:colcon.colcon_core.event_handler.log_command:Invoking command in '/home/imml/git/ROB_534_Project/build/realsense2_description': AMENT_PREFIX_PATH=/home/imml/git/ROB_534_Project/install/realsense2_camera_msgs:${AMENT_PREFIX_PATH} CMAKE_PREFIX_PATH=/home/imml/git/ROB_534_Project/install/realsense2_camera_msgs:/opt/ros/humble LD_LIBRARY_PATH=/home/imml/git/ROB_534_Project/install/realsense2_camera_msgs/lib:${LD_LIBRARY_PATH} PYTHONPATH=/home/imml/git/ROB_534_Project/install/realsense2_camera_msgs/local/lib/python3.10/dist-packages:${PYTHONPATH} /usr/bin/cmake /home/imml/git/ROB_534_Project/harvest_hardware/realsense-ros/realsense2_description -DAMENT_CMAKE_SYMLINK_INSTALL=1 -DCMAKE_INSTALL_PREFIX=/home/imml/git/ROB_534_Project/install/realsense2_description
[11.864s] DEBUG:colcon.colcon_core.event_handler.log_command:Invoked command in '/home/imml/git/ROB_534_Project/build/realsense2_description' returned '0': AMENT_PREFIX_PATH=/home/imml/git/ROB_534_Project/install/realsense2_camera_msgs:${AMENT_PREFIX_PATH} CMAKE_PREFIX_PATH=/home/imml/git/ROB_534_Project/install/realsense2_camera_msgs:/opt/ros/humble LD_LIBRARY_PATH=/home/imml/git/ROB_534_Project/install/realsense2_camera_msgs/lib:${LD_LIBRARY_PATH} PYTHONPATH=/home/imml/git/ROB_534_Project/install/realsense2_camera_msgs/local/lib/python3.10/dist-packages:${PYTHONPATH} /usr/bin/cmake /home/imml/git/ROB_534_Project/harvest_hardware/realsense-ros/realsense2_description -DAMENT_CMAKE_SYMLINK_INSTALL=1 -DCMAKE_INSTALL_PREFIX=/home/imml/git/ROB_534_Project/install/realsense2_description
[11.865s] DEBUG:colcon.colcon_core.event_handler.log_command:Invoking command in '/home/imml/git/ROB_534_Project/build/realsense2_description': AMENT_PREFIX_PATH=/home/imml/git/ROB_534_Project/install/realsense2_camera_msgs:${AMENT_PREFIX_PATH} CMAKE_PREFIX_PATH=/home/imml/git/ROB_534_Project/install/realsense2_camera_msgs:/opt/ros/humble LD_LIBRARY_PATH=/home/imml/git/ROB_534_Project/install/realsense2_camera_msgs/lib:${LD_LIBRARY_PATH} PYTHONPATH=/home/imml/git/ROB_534_Project/install/realsense2_camera_msgs/local/lib/python3.10/dist-packages:${PYTHONPATH} /usr/bin/cmake --build /home/imml/git/ROB_534_Project/build/realsense2_description -- -j16 -l16
[11.899s] DEBUG:colcon.colcon_core.event_handler.log_command:Invoked command in '/home/imml/git/ROB_534_Project/build/realsense2_description' returned '0': AMENT_PREFIX_PATH=/home/imml/git/ROB_534_Project/install/realsense2_camera_msgs:${AMENT_PREFIX_PATH} CMAKE_PREFIX_PATH=/home/imml/git/ROB_534_Project/install/realsense2_camera_msgs:/opt/ros/humble LD_LIBRARY_PATH=/home/imml/git/ROB_534_Project/install/realsense2_camera_msgs/lib:${LD_LIBRARY_PATH} PYTHONPATH=/home/imml/git/ROB_534_Project/install/realsense2_camera_msgs/local/lib/python3.10/dist-packages:${PYTHONPATH} /usr/bin/cmake --build /home/imml/git/ROB_534_Project/build/realsense2_description -- -j16 -l16
[11.900s] DEBUG:colcon.colcon_core.event_handler.log_command:Invoking command in '/home/imml/git/ROB_534_Project/build/realsense2_description': AMENT_PREFIX_PATH=/home/imml/git/ROB_534_Project/install/realsense2_camera_msgs:${AMENT_PREFIX_PATH} CMAKE_PREFIX_PATH=/home/imml/git/ROB_534_Project/install/realsense2_camera_msgs:/opt/ros/humble LD_LIBRARY_PATH=/home/imml/git/ROB_534_Project/install/realsense2_camera_msgs/lib:${LD_LIBRARY_PATH} PYTHONPATH=/home/imml/git/ROB_534_Project/install/realsense2_camera_msgs/local/lib/python3.10/dist-packages:${PYTHONPATH} /usr/bin/cmake --install /home/imml/git/ROB_534_Project/build/realsense2_description
[12.232s] Level 1:colcon.colcon_core.environment:create_environment_scripts_only(realsense2_description)
[12.232s] Level 1:colcon.colcon_core.environment:checking '/home/imml/git/ROB_534_Project/install/realsense2_description' for CMake module files
[12.233s] DEBUG:colcon.colcon_core.event_handler.log_command:Invoked command in '/home/imml/git/ROB_534_Project/build/realsense2_description' returned '0': AMENT_PREFIX_PATH=/home/imml/git/ROB_534_Project/install/realsense2_camera_msgs:${AMENT_PREFIX_PATH} CMAKE_PREFIX_PATH=/home/imml/git/ROB_534_Project/install/realsense2_camera_msgs:/opt/ros/humble LD_LIBRARY_PATH=/home/imml/git/ROB_534_Project/install/realsense2_camera_msgs/lib:${LD_LIBRARY_PATH} PYTHONPATH=/home/imml/git/ROB_534_Project/install/realsense2_camera_msgs/local/lib/python3.10/dist-packages:${PYTHONPATH} /usr/bin/cmake --install /home/imml/git/ROB_534_Project/build/realsense2_description
[12.233s] Level 1:colcon.colcon_core.environment:checking '/home/imml/git/ROB_534_Project/install/realsense2_description' for CMake config files
[12.233s] Level 1:colcon.colcon_core.shell:create_environment_hook('realsense2_description', 'cmake_prefix_path')
[12.234s] INFO:colcon.colcon_core.shell:Creating environment hook '/home/imml/git/ROB_534_Project/install/realsense2_description/share/realsense2_description/hook/cmake_prefix_path.ps1'
[12.234s] INFO:colcon.colcon_core.shell:Creating environment descriptor '/home/imml/git/ROB_534_Project/install/realsense2_description/share/realsense2_description/hook/cmake_prefix_path.dsv'
[12.234s] INFO:colcon.colcon_core.shell:Creating environment hook '/home/imml/git/ROB_534_Project/install/realsense2_description/share/realsense2_description/hook/cmake_prefix_path.sh'
[12.235s] Level 1:colcon.colcon_core.environment:checking '/home/imml/git/ROB_534_Project/install/realsense2_description/bin'
[12.235s] Level 1:colcon.colcon_core.environment:checking '/home/imml/git/ROB_534_Project/install/realsense2_description/lib/pkgconfig/realsense2_description.pc'
[12.235s] Level 1:colcon.colcon_core.environment:checking '/home/imml/git/ROB_534_Project/install/realsense2_description/lib/python3.10/site-packages'
[12.235s] Level 1:colcon.colcon_core.environment:checking '/home/imml/git/ROB_534_Project/install/realsense2_description/bin'
[12.235s] INFO:colcon.colcon_core.shell:Creating package script '/home/imml/git/ROB_534_Project/install/realsense2_description/share/realsense2_description/package.ps1'
[12.236s] INFO:colcon.colcon_core.shell:Creating package descriptor '/home/imml/git/ROB_534_Project/install/realsense2_description/share/realsense2_description/package.dsv'
[12.236s] INFO:colcon.colcon_core.shell:Creating package script '/home/imml/git/ROB_534_Project/install/realsense2_description/share/realsense2_description/package.sh'
[12.236s] INFO:colcon.colcon_core.shell:Creating package script '/home/imml/git/ROB_534_Project/install/realsense2_description/share/realsense2_description/package.bash'
[12.237s] INFO:colcon.colcon_core.shell:Creating package script '/home/imml/git/ROB_534_Project/install/realsense2_description/share/realsense2_description/package.zsh'
[12.237s] Level 1:colcon.colcon_core.environment:create_file_with_runtime_dependencies(/home/imml/git/ROB_534_Project/install/realsense2_description/share/colcon-core/packages/realsense2_description)
[12.237s] Level 1:colcon.colcon_core.environment:create_environment_scripts_only(realsense2_description)
[12.238s] Level 1:colcon.colcon_core.environment:checking '/home/imml/git/ROB_534_Project/install/realsense2_description' for CMake module files
[12.238s] Level 1:colcon.colcon_core.environment:checking '/home/imml/git/ROB_534_Project/install/realsense2_description' for CMake config files
[12.238s] Level 1:colcon.colcon_core.shell:create_environment_hook('realsense2_description', 'cmake_prefix_path')
[12.238s] INFO:colcon.colcon_core.shell:Creating environment hook '/home/imml/git/ROB_534_Project/install/realsense2_description/share/realsense2_description/hook/cmake_prefix_path.ps1'
[12.239s] INFO:colcon.colcon_core.shell:Creating environment descriptor '/home/imml/git/ROB_534_Project/install/realsense2_description/share/realsense2_description/hook/cmake_prefix_path.dsv'
[12.239s] INFO:colcon.colcon_core.shell:Creating environment hook '/home/imml/git/ROB_534_Project/install/realsense2_description/share/realsense2_description/hook/cmake_prefix_path.sh'
[12.239s] Level 1:colcon.colcon_core.environment:checking '/home/imml/git/ROB_534_Project/install/realsense2_description/bin'
[12.239s] Level 1:colcon.colcon_core.environment:checking '/home/imml/git/ROB_534_Project/install/realsense2_description/lib/pkgconfig/realsense2_description.pc'
[12.240s] Level 1:colcon.colcon_core.environment:checking '/home/imml/git/ROB_534_Project/install/realsense2_description/lib/python3.10/site-packages'
[12.240s] Level 1:colcon.colcon_core.environment:checking '/home/imml/git/ROB_534_Project/install/realsense2_description/bin'
[12.240s] INFO:colcon.colcon_core.shell:Creating package script '/home/imml/git/ROB_534_Project/install/realsense2_description/share/realsense2_description/package.ps1'
[12.240s] INFO:colcon.colcon_core.shell:Creating package descriptor '/home/imml/git/ROB_534_Project/install/realsense2_description/share/realsense2_description/package.dsv'
[12.241s] INFO:colcon.colcon_core.shell:Creating package script '/home/imml/git/ROB_534_Project/install/realsense2_description/share/realsense2_description/package.sh'
[12.241s] INFO:colcon.colcon_core.shell:Creating package script '/home/imml/git/ROB_534_Project/install/realsense2_description/share/realsense2_description/package.bash'
[12.241s] INFO:colcon.colcon_core.shell:Creating package script '/home/imml/git/ROB_534_Project/install/realsense2_description/share/realsense2_description/package.zsh'
[12.241s] Level 1:colcon.colcon_core.environment:create_file_with_runtime_dependencies(/home/imml/git/ROB_534_Project/install/realsense2_description/share/colcon-core/packages/realsense2_description)
[13.219s] DEBUG:colcon.colcon_core.event_handler.log_command:Invoked command in '/home/imml/git/ROB_534_Project/build/ur_dashboard_msgs' returned '0': CMAKE_PREFIX_PATH=/opt/ros/humble /usr/bin/cmake --build /home/imml/git/ROB_534_Project/build/ur_dashboard_msgs -- -j16 -l16
[13.220s] DEBUG:colcon.colcon_core.event_handler.log_command:Invoking command in '/home/imml/git/ROB_534_Project/build/ur_dashboard_msgs': CMAKE_PREFIX_PATH=/opt/ros/humble /usr/bin/cmake --install /home/imml/git/ROB_534_Project/build/ur_dashboard_msgs
[14.156s] DEBUG:colcon.colcon_core.event_handler.log_command:Invoked command in '/home/imml/git/ROB_534_Project/build/harvest_interfaces' returned '0': CMAKE_PREFIX_PATH=/opt/ros/humble /usr/bin/cmake --build /home/imml/git/ROB_534_Project/build/harvest_interfaces -- -j16 -l16
[14.158s] DEBUG:colcon.colcon_core.event_handler.log_command:Invoking command in '/home/imml/git/ROB_534_Project/build/harvest_interfaces': CMAKE_PREFIX_PATH=/opt/ros/humble /usr/bin/cmake --install /home/imml/git/ROB_534_Project/build/harvest_interfaces
[15.626s] Level 1:colcon.colcon_core.environment:create_environment_scripts_only(ur_dashboard_msgs)
[15.626s] Level 1:colcon.colcon_core.environment:checking '/home/imml/git/ROB_534_Project/install/ur_dashboard_msgs' for CMake module files
[15.626s] DEBUG:colcon.colcon_core.event_handler.log_command:Invoked command in '/home/imml/git/ROB_534_Project/build/ur_dashboard_msgs' returned '0': CMAKE_PREFIX_PATH=/opt/ros/humble /usr/bin/cmake --install /home/imml/git/ROB_534_Project/build/ur_dashboard_msgs
[15.627s] Level 1:colcon.colcon_core.environment:checking '/home/imml/git/ROB_534_Project/install/ur_dashboard_msgs' for CMake config files
[15.629s] Level 1:colcon.colcon_core.shell:create_environment_hook('ur_dashboard_msgs', 'cmake_prefix_path')
[15.629s] INFO:colcon.colcon_core.shell:Creating environment hook '/home/imml/git/ROB_534_Project/install/ur_dashboard_msgs/share/ur_dashboard_msgs/hook/cmake_prefix_path.ps1'
[15.630s] INFO:colcon.colcon_core.shell:Creating environment descriptor '/home/imml/git/ROB_534_Project/install/ur_dashboard_msgs/share/ur_dashboard_msgs/hook/cmake_prefix_path.dsv'
[15.630s] INFO:colcon.colcon_core.shell:Creating environment hook '/home/imml/git/ROB_534_Project/install/ur_dashboard_msgs/share/ur_dashboard_msgs/hook/cmake_prefix_path.sh'
[15.630s] Level 1:colcon.colcon_core.environment:checking '/home/imml/git/ROB_534_Project/install/ur_dashboard_msgs/lib'
[15.630s] Level 1:colcon.colcon_core.shell:create_environment_hook('ur_dashboard_msgs', 'ld_library_path_lib')
[15.631s] INFO:colcon.colcon_core.shell:Creating environment hook '/home/imml/git/ROB_534_Project/install/ur_dashboard_msgs/share/ur_dashboard_msgs/hook/ld_library_path_lib.ps1'
[15.631s] INFO:colcon.colcon_core.shell:Creating environment descriptor '/home/imml/git/ROB_534_Project/install/ur_dashboard_msgs/share/ur_dashboard_msgs/hook/ld_library_path_lib.dsv'
[15.631s] INFO:colcon.colcon_core.shell:Creating environment hook '/home/imml/git/ROB_534_Project/install/ur_dashboard_msgs/share/ur_dashboard_msgs/hook/ld_library_path_lib.sh'
[15.631s] Level 1:colcon.colcon_core.environment:checking '/home/imml/git/ROB_534_Project/install/ur_dashboard_msgs/bin'
[15.631s] Level 1:colcon.colcon_core.environment:checking '/home/imml/git/ROB_534_Project/install/ur_dashboard_msgs/lib/pkgconfig/ur_dashboard_msgs.pc'
[15.632s] Level 1:colcon.colcon_core.environment:checking '/home/imml/git/ROB_534_Project/install/ur_dashboard_msgs/lib/python3.10/site-packages'
[15.632s] Level 1:colcon.colcon_core.environment:checking '/home/imml/git/ROB_534_Project/install/ur_dashboard_msgs/bin'
[15.632s] INFO:colcon.colcon_core.shell:Creating package script '/home/imml/git/ROB_534_Project/install/ur_dashboard_msgs/share/ur_dashboard_msgs/package.ps1'
[15.632s] INFO:colcon.colcon_core.shell:Creating package descriptor '/home/imml/git/ROB_534_Project/install/ur_dashboard_msgs/share/ur_dashboard_msgs/package.dsv'
[15.633s] INFO:colcon.colcon_core.shell:Creating package script '/home/imml/git/ROB_534_Project/install/ur_dashboard_msgs/share/ur_dashboard_msgs/package.sh'
[15.633s] INFO:colcon.colcon_core.shell:Creating package script '/home/imml/git/ROB_534_Project/install/ur_dashboard_msgs/share/ur_dashboard_msgs/package.bash'
[15.633s] INFO:colcon.colcon_core.shell:Creating package script '/home/imml/git/ROB_534_Project/install/ur_dashboard_msgs/share/ur_dashboard_msgs/package.zsh'
[15.633s] Level 1:colcon.colcon_core.environment:create_file_with_runtime_dependencies(/home/imml/git/ROB_534_Project/install/ur_dashboard_msgs/share/colcon-core/packages/ur_dashboard_msgs)
[15.634s] Level 1:colcon.colcon_core.environment:create_environment_scripts_only(ur_dashboard_msgs)
[15.634s] Level 1:colcon.colcon_core.environment:checking '/home/imml/git/ROB_534_Project/install/ur_dashboard_msgs' for CMake module files
[15.634s] Level 1:colcon.colcon_core.environment:checking '/home/imml/git/ROB_534_Project/install/ur_dashboard_msgs' for CMake config files
[15.637s] Level 1:colcon.colcon_core.shell:create_environment_hook('ur_dashboard_msgs', 'cmake_prefix_path')
[15.637s] INFO:colcon.colcon_core.shell:Creating environment hook '/home/imml/git/ROB_534_Project/install/ur_dashboard_msgs/share/ur_dashboard_msgs/hook/cmake_prefix_path.ps1'
[15.637s] INFO:colcon.colcon_core.shell:Creating environment descriptor '/home/imml/git/ROB_534_Project/install/ur_dashboard_msgs/share/ur_dashboard_msgs/hook/cmake_prefix_path.dsv'
[15.637s] INFO:colcon.colcon_core.shell:Creating environment hook '/home/imml/git/ROB_534_Project/install/ur_dashboard_msgs/share/ur_dashboard_msgs/hook/cmake_prefix_path.sh'
[15.638s] Level 1:colcon.colcon_core.environment:checking '/home/imml/git/ROB_534_Project/install/ur_dashboard_msgs/lib'
[15.638s] Level 1:colcon.colcon_core.shell:create_environment_hook('ur_dashboard_msgs', 'ld_library_path_lib')
[15.638s] INFO:colcon.colcon_core.shell:Creating environment hook '/home/imml/git/ROB_534_Project/install/ur_dashboard_msgs/share/ur_dashboard_msgs/hook/ld_library_path_lib.ps1'
[15.638s] INFO:colcon.colcon_core.shell:Creating environment descriptor '/home/imml/git/ROB_534_Project/install/ur_dashboard_msgs/share/ur_dashboard_msgs/hook/ld_library_path_lib.dsv'
[15.638s] INFO:colcon.colcon_core.shell:Creating environment hook '/home/imml/git/ROB_534_Project/install/ur_dashboard_msgs/share/ur_dashboard_msgs/hook/ld_library_path_lib.sh'
[15.639s] Level 1:colcon.colcon_core.environment:checking '/home/imml/git/ROB_534_Project/install/ur_dashboard_msgs/bin'
[15.639s] Level 1:colcon.colcon_core.environment:checking '/home/imml/git/ROB_534_Project/install/ur_dashboard_msgs/lib/pkgconfig/ur_dashboard_msgs.pc'
[15.639s] Level 1:colcon.colcon_core.environment:checking '/home/imml/git/ROB_534_Project/install/ur_dashboard_msgs/lib/python3.10/site-packages'
[15.639s] Level 1:colcon.colcon_core.environment:checking '/home/imml/git/ROB_534_Project/install/ur_dashboard_msgs/bin'
[15.639s] INFO:colcon.colcon_core.shell:Creating package script '/home/imml/git/ROB_534_Project/install/ur_dashboard_msgs/share/ur_dashboard_msgs/package.ps1'
[15.640s] INFO:colcon.colcon_core.shell:Creating package descriptor '/home/imml/git/ROB_534_Project/install/ur_dashboard_msgs/share/ur_dashboard_msgs/package.dsv'
[15.640s] INFO:colcon.colcon_core.shell:Creating package script '/home/imml/git/ROB_534_Project/install/ur_dashboard_msgs/share/ur_dashboard_msgs/package.sh'
[15.640s] INFO:colcon.colcon_core.shell:Creating package script '/home/imml/git/ROB_534_Project/install/ur_dashboard_msgs/share/ur_dashboard_msgs/package.bash'
[15.641s] INFO:colcon.colcon_core.shell:Creating package script '/home/imml/git/ROB_534_Project/install/ur_dashboard_msgs/share/ur_dashboard_msgs/package.zsh'
[15.641s] Level 1:colcon.colcon_core.environment:create_file_with_runtime_dependencies(/home/imml/git/ROB_534_Project/install/ur_dashboard_msgs/share/colcon-core/packages/ur_dashboard_msgs)
[15.641s] INFO:colcon.colcon_ros.task.ament_cmake.build:Building ROS package in '/home/imml/git/ROB_534_Project/harvest_hardware/Universal_Robots_ROS2_Driver/ur_controllers' with build type 'ament_cmake'
[15.641s] INFO:colcon.colcon_cmake.task.cmake.build:Building CMake package in '/home/imml/git/ROB_534_Project/harvest_hardware/Universal_Robots_ROS2_Driver/ur_controllers'
[15.641s] INFO:colcon.colcon_core.shell:Skip shell extension 'powershell' for command environment: Not usable outside of PowerShell
[15.641s] DEBUG:colcon.colcon_core.shell:Skip shell extension 'dsv' for command environment
[15.649s] DEBUG:colcon.colcon_core.event_handler.log_command:Invoking command in '/home/imml/git/ROB_534_Project/build/ur_controllers': AMENT_PREFIX_PATH=/home/imml/git/ROB_534_Project/install/ur_dashboard_msgs:${AMENT_PREFIX_PATH} CMAKE_PREFIX_PATH=/home/imml/git/ROB_534_Project/install/ur_dashboard_msgs:/opt/ros/humble LD_LIBRARY_PATH=/home/imml/git/ROB_534_Project/install/ur_dashboard_msgs/lib:${LD_LIBRARY_PATH} PYTHONPATH=/home/imml/git/ROB_534_Project/install/ur_dashboard_msgs/local/lib/python3.10/dist-packages:${PYTHONPATH} /usr/bin/cmake /home/imml/git/ROB_534_Project/harvest_hardware/Universal_Robots_ROS2_Driver/ur_controllers -DAMENT_CMAKE_SYMLINK_INSTALL=1 -DCMAKE_INSTALL_PREFIX=/home/imml/git/ROB_534_Project/install/ur_controllers
[16.516s] Level 1:colcon.colcon_core.environment:create_environment_scripts_only(harvest_interfaces)
[16.517s] Level 1:colcon.colcon_core.environment:checking '/home/imml/git/ROB_534_Project/install/harvest_interfaces' for CMake module files
[16.517s] DEBUG:colcon.colcon_core.event_handler.log_command:Invoked command in '/home/imml/git/ROB_534_Project/build/harvest_interfaces' returned '0': CMAKE_PREFIX_PATH=/opt/ros/humble /usr/bin/cmake --install /home/imml/git/ROB_534_Project/build/harvest_interfaces
[16.517s] Level 1:colcon.colcon_core.environment:checking '/home/imml/git/ROB_534_Project/install/harvest_interfaces' for CMake config files
[16.520s] Level 1:colcon.colcon_core.shell:create_environment_hook('harvest_interfaces', 'cmake_prefix_path')
[16.520s] INFO:colcon.colcon_core.shell:Creating environment hook '/home/imml/git/ROB_534_Project/install/harvest_interfaces/share/harvest_interfaces/hook/cmake_prefix_path.ps1'
[16.520s] INFO:colcon.colcon_core.shell:Creating environment descriptor '/home/imml/git/ROB_534_Project/install/harvest_interfaces/share/harvest_interfaces/hook/cmake_prefix_path.dsv'
[16.520s] INFO:colcon.colcon_core.shell:Creating environment hook '/home/imml/git/ROB_534_Project/install/harvest_interfaces/share/harvest_interfaces/hook/cmake_prefix_path.sh'
[16.521s] Level 1:colcon.colcon_core.environment:checking '/home/imml/git/ROB_534_Project/install/harvest_interfaces/lib'
[16.521s] Level 1:colcon.colcon_core.shell:create_environment_hook('harvest_interfaces', 'ld_library_path_lib')
[16.521s] INFO:colcon.colcon_core.shell:Creating environment hook '/home/imml/git/ROB_534_Project/install/harvest_interfaces/share/harvest_interfaces/hook/ld_library_path_lib.ps1'
[16.521s] INFO:colcon.colcon_core.shell:Creating environment descriptor '/home/imml/git/ROB_534_Project/install/harvest_interfaces/share/harvest_interfaces/hook/ld_library_path_lib.dsv'
[16.521s] INFO:colcon.colcon_core.shell:Creating environment hook '/home/imml/git/ROB_534_Project/install/harvest_interfaces/share/harvest_interfaces/hook/ld_library_path_lib.sh'
[16.522s] Level 1:colcon.colcon_core.environment:checking '/home/imml/git/ROB_534_Project/install/harvest_interfaces/bin'
[16.522s] Level 1:colcon.colcon_core.environment:checking '/home/imml/git/ROB_534_Project/install/harvest_interfaces/lib/pkgconfig/harvest_interfaces.pc'
[16.522s] Level 1:colcon.colcon_core.environment:checking '/home/imml/git/ROB_534_Project/install/harvest_interfaces/lib/python3.10/site-packages'
[16.522s] Level 1:colcon.colcon_core.environment:checking '/home/imml/git/ROB_534_Project/install/harvest_interfaces/bin'
[16.522s] INFO:colcon.colcon_core.shell:Creating package script '/home/imml/git/ROB_534_Project/install/harvest_interfaces/share/harvest_interfaces/package.ps1'
[16.522s] INFO:colcon.colcon_core.shell:Creating package descriptor '/home/imml/git/ROB_534_Project/install/harvest_interfaces/share/harvest_interfaces/package.dsv'
[16.523s] INFO:colcon.colcon_core.shell:Creating package script '/home/imml/git/ROB_534_Project/install/harvest_interfaces/share/harvest_interfaces/package.sh'
[16.523s] INFO:colcon.colcon_core.shell:Creating package script '/home/imml/git/ROB_534_Project/install/harvest_interfaces/share/harvest_interfaces/package.bash'
[16.523s] INFO:colcon.colcon_core.shell:Creating package script '/home/imml/git/ROB_534_Project/install/harvest_interfaces/share/harvest_interfaces/package.zsh'
[16.523s] Level 1:colcon.colcon_core.environment:create_file_with_runtime_dependencies(/home/imml/git/ROB_534_Project/install/harvest_interfaces/share/colcon-core/packages/harvest_interfaces)
[16.524s] Level 1:colcon.colcon_core.environment:create_environment_scripts_only(harvest_interfaces)
[16.524s] Level 1:colcon.colcon_core.environment:checking '/home/imml/git/ROB_534_Project/install/harvest_interfaces' for CMake module files
[16.524s] Level 1:colcon.colcon_core.environment:checking '/home/imml/git/ROB_534_Project/install/harvest_interfaces' for CMake config files
[16.526s] Level 1:colcon.colcon_core.shell:create_environment_hook('harvest_interfaces', 'cmake_prefix_path')
[16.527s] INFO:colcon.colcon_core.shell:Creating environment hook '/home/imml/git/ROB_534_Project/install/harvest_interfaces/share/harvest_interfaces/hook/cmake_prefix_path.ps1'
[16.527s] INFO:colcon.colcon_core.shell:Creating environment descriptor '/home/imml/git/ROB_534_Project/install/harvest_interfaces/share/harvest_interfaces/hook/cmake_prefix_path.dsv'
[16.527s] INFO:colcon.colcon_core.shell:Creating environment hook '/home/imml/git/ROB_534_Project/install/harvest_interfaces/share/harvest_interfaces/hook/cmake_prefix_path.sh'
[16.527s] Level 1:colcon.colcon_core.environment:checking '/home/imml/git/ROB_534_Project/install/harvest_interfaces/lib'
[16.528s] Level 1:colcon.colcon_core.shell:create_environment_hook('harvest_interfaces', 'ld_library_path_lib')
[16.528s] INFO:colcon.colcon_core.shell:Creating environment hook '/home/imml/git/ROB_534_Project/install/harvest_interfaces/share/harvest_interfaces/hook/ld_library_path_lib.ps1'
[16.528s] INFO:colcon.colcon_core.shell:Creating environment descriptor '/home/imml/git/ROB_534_Project/install/harvest_interfaces/share/harvest_interfaces/hook/ld_library_path_lib.dsv'
[16.528s] INFO:colcon.colcon_core.shell:Creating environment hook '/home/imml/git/ROB_534_Project/install/harvest_interfaces/share/harvest_interfaces/hook/ld_library_path_lib.sh'
[16.529s] Level 1:colcon.colcon_core.environment:checking '/home/imml/git/ROB_534_Project/install/harvest_interfaces/bin'
[16.529s] Level 1:colcon.colcon_core.environment:checking '/home/imml/git/ROB_534_Project/install/harvest_interfaces/lib/pkgconfig/harvest_interfaces.pc'
[16.529s] Level 1:colcon.colcon_core.environment:checking '/home/imml/git/ROB_534_Project/install/harvest_interfaces/lib/python3.10/site-packages'
[16.529s] Level 1:colcon.colcon_core.environment:checking '/home/imml/git/ROB_534_Project/install/harvest_interfaces/bin'
[16.529s] INFO:colcon.colcon_core.shell:Creating package script '/home/imml/git/ROB_534_Project/install/harvest_interfaces/share/harvest_interfaces/package.ps1'
[16.530s] INFO:colcon.colcon_core.shell:Creating package descriptor '/home/imml/git/ROB_534_Project/install/harvest_interfaces/share/harvest_interfaces/package.dsv'
[16.530s] INFO:colcon.colcon_core.shell:Creating package script '/home/imml/git/ROB_534_Project/install/harvest_interfaces/share/harvest_interfaces/package.sh'
[16.531s] INFO:colcon.colcon_core.shell:Creating package script '/home/imml/git/ROB_534_Project/install/harvest_interfaces/share/harvest_interfaces/package.bash'
[16.531s] INFO:colcon.colcon_core.shell:Creating package script '/home/imml/git/ROB_534_Project/install/harvest_interfaces/share/harvest_interfaces/package.zsh'
[16.531s] Level 1:colcon.colcon_core.environment:create_file_with_runtime_dependencies(/home/imml/git/ROB_534_Project/install/harvest_interfaces/share/colcon-core/packages/harvest_interfaces)
[16.531s] INFO:colcon.colcon_ros.task.ament_cmake.build:Building ROS package in '/home/imml/git/ROB_534_Project/harvest' with build type 'ament_cmake'
[16.531s] INFO:colcon.colcon_cmake.task.cmake.build:Building CMake package in '/home/imml/git/ROB_534_Project/harvest'
[16.532s] INFO:colcon.colcon_core.shell:Skip shell extension 'powershell' for command environment: Not usable outside of PowerShell
[16.532s] DEBUG:colcon.colcon_core.shell:Skip shell extension 'dsv' for command environment
[16.534s] INFO:colcon.colcon_ros.task.ament_cmake.build:Building ROS package in '/home/imml/git/ROB_534_Project/harvest_control' with build type 'ament_cmake'
[16.534s] INFO:colcon.colcon_cmake.task.cmake.build:Building CMake package in '/home/imml/git/ROB_534_Project/harvest_control'
[16.534s] INFO:colcon.colcon_core.shell:Skip shell extension 'powershell' for command environment: Not usable outside of PowerShell
[16.534s] DEBUG:colcon.colcon_core.shell:Skip shell extension 'dsv' for command environment
[16.537s] INFO:colcon.colcon_ros.task.ament_python.build:Building ROS package in '/home/imml/git/ROB_534_Project/harvest_vision' with build type 'ament_python'
[16.537s] Level 1:colcon.colcon_core.shell:create_environment_hook('harvest_vision', 'ament_prefix_path')
[16.537s] INFO:colcon.colcon_core.shell:Creating environment hook '/home/imml/git/ROB_534_Project/install/harvest_vision/share/harvest_vision/hook/ament_prefix_path.ps1'
[16.538s] INFO:colcon.colcon_core.shell:Creating environment descriptor '/home/imml/git/ROB_534_Project/install/harvest_vision/share/harvest_vision/hook/ament_prefix_path.dsv'
[16.538s] INFO:colcon.colcon_core.shell:Creating environment hook '/home/imml/git/ROB_534_Project/install/harvest_vision/share/harvest_vision/hook/ament_prefix_path.sh'
[16.538s] INFO:colcon.colcon_core.shell:Skip shell extension 'powershell' for command environment: Not usable outside of PowerShell
[16.538s] DEBUG:colcon.colcon_core.shell:Skip shell extension 'dsv' for command environment
[16.543s] DEBUG:colcon.colcon_core.event_handler.log_command:Invoking command in '/home/imml/git/ROB_534_Project/build/harvest': AMENT_PREFIX_PATH=/home/imml/git/ROB_534_Project/install/harvest_interfaces:${AMENT_PREFIX_PATH} CMAKE_PREFIX_PATH=/home/imml/git/ROB_534_Project/install/harvest_interfaces:/opt/ros/humble LD_LIBRARY_PATH=/home/imml/git/ROB_534_Project/install/harvest_interfaces/lib:${LD_LIBRARY_PATH} PYTHONPATH=/home/imml/git/ROB_534_Project/install/harvest_interfaces/local/lib/python3.10/dist-packages:${PYTHONPATH} /usr/bin/cmake /home/imml/git/ROB_534_Project/harvest -DAMENT_CMAKE_SYMLINK_INSTALL=1 -DCMAKE_INSTALL_PREFIX=/home/imml/git/ROB_534_Project/install/harvest
[16.546s] DEBUG:colcon.colcon_core.event_handler.log_command:Invoking command in '/home/imml/git/ROB_534_Project/build/harvest_control': AMENT_PREFIX_PATH=/home/imml/git/ROB_534_Project/install/harvest_interfaces:${AMENT_PREFIX_PATH} CMAKE_PREFIX_PATH=/home/imml/git/ROB_534_Project/install/harvest_interfaces:/opt/ros/humble LD_LIBRARY_PATH=/home/imml/git/ROB_534_Project/install/harvest_interfaces/lib:${LD_LIBRARY_PATH} PYTHONPATH=/home/imml/git/ROB_534_Project/install/harvest_interfaces/local/lib/python3.10/dist-packages:${PYTHONPATH} /usr/bin/cmake /home/imml/git/ROB_534_Project/harvest_control -DAMENT_CMAKE_SYMLINK_INSTALL=1 -DCMAKE_INSTALL_PREFIX=/home/imml/git/ROB_534_Project/install/harvest_control
[16.773s] INFO:colcon.colcon_core.task.python.build:Building Python package in '/home/imml/git/ROB_534_Project/harvest_vision'
[16.773s] INFO:colcon.colcon_core.shell:Skip shell extension 'powershell' for command environment: Not usable outside of PowerShell
[16.773s] DEBUG:colcon.colcon_core.shell:Skip shell extension 'dsv' for command environment
[16.807s] DEBUG:colcon.colcon_core.event_handler.log_command:Invoked command in '/home/imml/git/ROB_534_Project/build/ur_controllers' returned '0': AMENT_PREFIX_PATH=/home/imml/git/ROB_534_Project/install/ur_dashboard_msgs:${AMENT_PREFIX_PATH} CMAKE_PREFIX_PATH=/home/imml/git/ROB_534_Project/install/ur_dashboard_msgs:/opt/ros/humble LD_LIBRARY_PATH=/home/imml/git/ROB_534_Project/install/ur_dashboard_msgs/lib:${LD_LIBRARY_PATH} PYTHONPATH=/home/imml/git/ROB_534_Project/install/ur_dashboard_msgs/local/lib/python3.10/dist-packages:${PYTHONPATH} /usr/bin/cmake /home/imml/git/ROB_534_Project/harvest_hardware/Universal_Robots_ROS2_Driver/ur_controllers -DAMENT_CMAKE_SYMLINK_INSTALL=1 -DCMAKE_INSTALL_PREFIX=/home/imml/git/ROB_534_Project/install/ur_controllers
[16.809s] DEBUG:colcon.colcon_core.event_handler.log_command:Invoking command in '/home/imml/git/ROB_534_Project/build/ur_controllers': AMENT_PREFIX_PATH=/home/imml/git/ROB_534_Project/install/ur_dashboard_msgs:${AMENT_PREFIX_PATH} CMAKE_PREFIX_PATH=/home/imml/git/ROB_534_Project/install/ur_dashboard_msgs:/opt/ros/humble LD_LIBRARY_PATH=/home/imml/git/ROB_534_Project/install/ur_dashboard_msgs/lib:${LD_LIBRARY_PATH} PYTHONPATH=/home/imml/git/ROB_534_Project/install/ur_dashboard_msgs/local/lib/python3.10/dist-packages:${PYTHONPATH} /usr/bin/cmake --build /home/imml/git/ROB_534_Project/build/ur_controllers -- -j16 -l16
[17.112s] DEBUG:colcon.colcon_core.event_handler.log_command:Invoking command in '/home/imml/git/ROB_534_Project/build/harvest_vision': AMENT_PREFIX_PATH=/home/imml/git/ROB_534_Project/install/harvest_interfaces:${AMENT_PREFIX_PATH} CMAKE_PREFIX_PATH=/home/imml/git/ROB_534_Project/install/harvest_interfaces LD_LIBRARY_PATH=/home/imml/git/ROB_534_Project/install/harvest_interfaces/lib:${LD_LIBRARY_PATH} PYTHONPATH=/home/imml/git/ROB_534_Project/build/harvest_vision/prefix_override:/usr/lib/python3/dist-packages/colcon_core/task/python/colcon_distutils_commands:/home/imml/git/ROB_534_Project/install/harvest_vision/lib/python3.10/site-packages:/home/imml/git/ROB_534_Project/install/harvest_interfaces/local/lib/python3.10/dist-packages:${PYTHONPATH} /usr/bin/python3 -W ignore:setup.py install is deprecated -W ignore:easy_install command is deprecated setup.py develop --editable --build-directory /home/imml/git/ROB_534_Project/build/harvest_vision/build --no-deps symlink_data
[17.616s] Level 1:colcon.colcon_core.shell:create_environment_hook('harvest_vision', 'pythonpath_develop')
[17.617s] INFO:colcon.colcon_core.shell:Creating environment hook '/home/imml/git/ROB_534_Project/build/harvest_vision/share/harvest_vision/hook/pythonpath_develop.ps1'
[17.617s] DEBUG:colcon.colcon_core.event_handler.log_command:Invoked command in '/home/imml/git/ROB_534_Project/build/harvest_vision' returned '0': AMENT_PREFIX_PATH=/home/imml/git/ROB_534_Project/install/harvest_interfaces:${AMENT_PREFIX_PATH} CMAKE_PREFIX_PATH=/home/imml/git/ROB_534_Project/install/harvest_interfaces LD_LIBRARY_PATH=/home/imml/git/ROB_534_Project/install/harvest_interfaces/lib:${LD_LIBRARY_PATH} PYTHONPATH=/home/imml/git/ROB_534_Project/build/harvest_vision/prefix_override:/usr/lib/python3/dist-packages/colcon_core/task/python/colcon_distutils_commands:/home/imml/git/ROB_534_Project/install/harvest_vision/lib/python3.10/site-packages:/home/imml/git/ROB_534_Project/install/harvest_interfaces/local/lib/python3.10/dist-packages:${PYTHONPATH} /usr/bin/python3 -W ignore:setup.py install is deprecated -W ignore:easy_install command is deprecated setup.py develop --editable --build-directory /home/imml/git/ROB_534_Project/build/harvest_vision/build --no-deps symlink_data
[17.618s] INFO:colcon.colcon_core.shell:Creating environment descriptor '/home/imml/git/ROB_534_Project/build/harvest_vision/share/harvest_vision/hook/pythonpath_develop.dsv'
[17.619s] INFO:colcon.colcon_core.shell:Creating environment hook '/home/imml/git/ROB_534_Project/build/harvest_vision/share/harvest_vision/hook/pythonpath_develop.sh'
[17.620s] Level 1:colcon.colcon_core.environment:checking '/home/imml/git/ROB_534_Project/install/harvest_vision' for CMake module files
[17.621s] Level 1:colcon.colcon_core.environment:checking '/home/imml/git/ROB_534_Project/install/harvest_vision' for CMake config files
[17.622s] Level 1:colcon.colcon_core.environment:checking '/home/imml/git/ROB_534_Project/install/harvest_vision/lib'
[17.622s] Level 1:colcon.colcon_core.environment:checking '/home/imml/git/ROB_534_Project/install/harvest_vision/bin'
[17.623s] Level 1:colcon.colcon_core.environment:checking '/home/imml/git/ROB_534_Project/install/harvest_vision/lib/pkgconfig/harvest_vision.pc'
[17.623s] Level 1:colcon.colcon_core.environment:checking '/home/imml/git/ROB_534_Project/install/harvest_vision/lib/python3.10/site-packages'
[17.623s] Level 1:colcon.colcon_core.shell:create_environment_hook('harvest_vision', 'pythonpath')
[17.623s] INFO:colcon.colcon_core.shell:Creating environment hook '/home/imml/git/ROB_534_Project/install/harvest_vision/share/harvest_vision/hook/pythonpath.ps1'
[17.624s] INFO:colcon.colcon_core.shell:Creating environment descriptor '/home/imml/git/ROB_534_Project/install/harvest_vision/share/harvest_vision/hook/pythonpath.dsv'
[17.625s] INFO:colcon.colcon_core.shell:Creating environment hook '/home/imml/git/ROB_534_Project/install/harvest_vision/share/harvest_vision/hook/pythonpath.sh'
[17.625s] Level 1:colcon.colcon_core.environment:checking '/home/imml/git/ROB_534_Project/install/harvest_vision/bin'
[17.626s] Level 1:colcon.colcon_core.environment:create_environment_scripts_only(harvest_vision)
[17.626s] INFO:colcon.colcon_core.shell:Creating package script '/home/imml/git/ROB_534_Project/install/harvest_vision/share/harvest_vision/package.ps1'
[17.627s] INFO:colcon.colcon_core.shell:Creating package descriptor '/home/imml/git/ROB_534_Project/install/harvest_vision/share/harvest_vision/package.dsv'
[17.628s] INFO:colcon.colcon_core.shell:Creating package script '/home/imml/git/ROB_534_Project/install/harvest_vision/share/harvest_vision/package.sh'
[17.628s] INFO:colcon.colcon_core.shell:Creating package script '/home/imml/git/ROB_534_Project/install/harvest_vision/share/harvest_vision/package.bash'
[17.629s] INFO:colcon.colcon_core.shell:Creating package script '/home/imml/git/ROB_534_Project/install/harvest_vision/share/harvest_vision/package.zsh'
[17.629s] Level 1:colcon.colcon_core.environment:create_file_with_runtime_dependencies(/home/imml/git/ROB_534_Project/install/harvest_vision/share/colcon-core/packages/harvest_vision)
[18.337s] DEBUG:colcon.colcon_core.event_handler.log_command:Invoked command in '/home/imml/git/ROB_534_Project/build/harvest' returned '0': AMENT_PREFIX_PATH=/home/imml/git/ROB_534_Project/install/harvest_interfaces:${AMENT_PREFIX_PATH} CMAKE_PREFIX_PATH=/home/imml/git/ROB_534_Project/install/harvest_interfaces:/opt/ros/humble LD_LIBRARY_PATH=/home/imml/git/ROB_534_Project/install/harvest_interfaces/lib:${LD_LIBRARY_PATH} PYTHONPATH=/home/imml/git/ROB_534_Project/install/harvest_interfaces/local/lib/python3.10/dist-packages:${PYTHONPATH} /usr/bin/cmake /home/imml/git/ROB_534_Project/harvest -DAMENT_CMAKE_SYMLINK_INSTALL=1 -DCMAKE_INSTALL_PREFIX=/home/imml/git/ROB_534_Project/install/harvest
[18.339s] DEBUG:colcon.colcon_core.event_handler.log_command:Invoking command in '/home/imml/git/ROB_534_Project/build/harvest': AMENT_PREFIX_PATH=/home/imml/git/ROB_534_Project/install/harvest_interfaces:${AMENT_PREFIX_PATH} CMAKE_PREFIX_PATH=/home/imml/git/ROB_534_Project/install/harvest_interfaces:/opt/ros/humble LD_LIBRARY_PATH=/home/imml/git/ROB_534_Project/install/harvest_interfaces/lib:${LD_LIBRARY_PATH} PYTHONPATH=/home/imml/git/ROB_534_Project/install/harvest_interfaces/local/lib/python3.10/dist-packages:${PYTHONPATH} /usr/bin/cmake --build /home/imml/git/ROB_534_Project/build/harvest -- -j16 -l16
[18.396s] DEBUG:colcon.colcon_core.event_handler.log_command:Invoked command in '/home/imml/git/ROB_534_Project/build/harvest_control' returned '0': AMENT_PREFIX_PATH=/home/imml/git/ROB_534_Project/install/harvest_interfaces:${AMENT_PREFIX_PATH} CMAKE_PREFIX_PATH=/home/imml/git/ROB_534_Project/install/harvest_interfaces:/opt/ros/humble LD_LIBRARY_PATH=/home/imml/git/ROB_534_Project/install/harvest_interfaces/lib:${LD_LIBRARY_PATH} PYTHONPATH=/home/imml/git/ROB_534_Project/install/harvest_interfaces/local/lib/python3.10/dist-packages:${PYTHONPATH} /usr/bin/cmake /home/imml/git/ROB_534_Project/harvest_control -DAMENT_CMAKE_SYMLINK_INSTALL=1 -DCMAKE_INSTALL_PREFIX=/home/imml/git/ROB_534_Project/install/harvest_control
[18.398s] DEBUG:colcon.colcon_core.event_handler.log_command:Invoking command in '/home/imml/git/ROB_534_Project/build/harvest_control': AMENT_PREFIX_PATH=/home/imml/git/ROB_534_Project/install/harvest_interfaces:${AMENT_PREFIX_PATH} CMAKE_PREFIX_PATH=/home/imml/git/ROB_534_Project/install/harvest_interfaces:/opt/ros/humble LD_LIBRARY_PATH=/home/imml/git/ROB_534_Project/install/harvest_interfaces/lib:${LD_LIBRARY_PATH} PYTHONPATH=/home/imml/git/ROB_534_Project/install/harvest_interfaces/local/lib/python3.10/dist-packages:${PYTHONPATH} /usr/bin/cmake --build /home/imml/git/ROB_534_Project/build/harvest_control -- -j16 -l16
[18.685s] DEBUG:colcon.colcon_core.event_handler.log_command:Invoked command in '/home/imml/git/ROB_534_Project/build/harvest' returned '0': AMENT_PREFIX_PATH=/home/imml/git/ROB_534_Project/install/harvest_interfaces:${AMENT_PREFIX_PATH} CMAKE_PREFIX_PATH=/home/imml/git/ROB_534_Project/install/harvest_interfaces:/opt/ros/humble LD_LIBRARY_PATH=/home/imml/git/ROB_534_Project/install/harvest_interfaces/lib:${LD_LIBRARY_PATH} PYTHONPATH=/home/imml/git/ROB_534_Project/install/harvest_interfaces/local/lib/python3.10/dist-packages:${PYTHONPATH} /usr/bin/cmake --build /home/imml/git/ROB_534_Project/build/harvest -- -j16 -l16
[18.687s] DEBUG:colcon.colcon_core.event_handler.log_command:Invoking command in '/home/imml/git/ROB_534_Project/build/harvest': AMENT_PREFIX_PATH=/home/imml/git/ROB_534_Project/install/harvest_interfaces:${AMENT_PREFIX_PATH} CMAKE_PREFIX_PATH=/home/imml/git/ROB_534_Project/install/harvest_interfaces:/opt/ros/humble LD_LIBRARY_PATH=/home/imml/git/ROB_534_Project/install/harvest_interfaces/lib:${LD_LIBRARY_PATH} PYTHONPATH=/home/imml/git/ROB_534_Project/install/harvest_interfaces/local/lib/python3.10/dist-packages:${PYTHONPATH} /usr/bin/cmake --install /home/imml/git/ROB_534_Project/build/harvest
[19.082s] Level 1:colcon.colcon_core.environment:create_environment_scripts_only(harvest)
[19.083s] Level 1:colcon.colcon_core.environment:checking '/home/imml/git/ROB_534_Project/install/harvest' for CMake module files
[19.083s] DEBUG:colcon.colcon_core.event_handler.log_command:Invoked command in '/home/imml/git/ROB_534_Project/build/harvest' returned '0': AMENT_PREFIX_PATH=/home/imml/git/ROB_534_Project/install/harvest_interfaces:${AMENT_PREFIX_PATH} CMAKE_PREFIX_PATH=/home/imml/git/ROB_534_Project/install/harvest_interfaces:/opt/ros/humble LD_LIBRARY_PATH=/home/imml/git/ROB_534_Project/install/harvest_interfaces/lib:${LD_LIBRARY_PATH} PYTHONPATH=/home/imml/git/ROB_534_Project/install/harvest_interfaces/local/lib/python3.10/dist-packages:${PYTHONPATH} /usr/bin/cmake --install /home/imml/git/ROB_534_Project/build/harvest
[19.084s] Level 1:colcon.colcon_core.environment:checking '/home/imml/git/ROB_534_Project/install/harvest' for CMake config files
[19.085s] Level 1:colcon.colcon_core.shell:create_environment_hook('harvest', 'cmake_prefix_path')
[19.085s] INFO:colcon.colcon_core.shell:Creating environment hook '/home/imml/git/ROB_534_Project/install/harvest/share/harvest/hook/cmake_prefix_path.ps1'
[19.086s] INFO:colcon.colcon_core.shell:Creating environment descriptor '/home/imml/git/ROB_534_Project/install/harvest/share/harvest/hook/cmake_prefix_path.dsv'
[19.086s] INFO:colcon.colcon_core.shell:Creating environment hook '/home/imml/git/ROB_534_Project/install/harvest/share/harvest/hook/cmake_prefix_path.sh'
[19.087s] Level 1:colcon.colcon_core.environment:checking '/home/imml/git/ROB_534_Project/install/harvest/lib'
[19.087s] Level 1:colcon.colcon_core.environment:checking '/home/imml/git/ROB_534_Project/install/harvest/bin'
[19.087s] Level 1:colcon.colcon_core.environment:checking '/home/imml/git/ROB_534_Project/install/harvest/lib/pkgconfig/harvest.pc'
[19.087s] Level 1:colcon.colcon_core.environment:checking '/home/imml/git/ROB_534_Project/install/harvest/lib/python3.10/site-packages'
[19.087s] Level 1:colcon.colcon_core.environment:checking '/home/imml/git/ROB_534_Project/install/harvest/bin'
[19.088s] INFO:colcon.colcon_core.shell:Creating package script '/home/imml/git/ROB_534_Project/install/harvest/share/harvest/package.ps1'
[19.088s] INFO:colcon.colcon_core.shell:Creating package descriptor '/home/imml/git/ROB_534_Project/install/harvest/share/harvest/package.dsv'
[19.089s] INFO:colcon.colcon_core.shell:Creating package script '/home/imml/git/ROB_534_Project/install/harvest/share/harvest/package.sh'
[19.089s] INFO:colcon.colcon_core.shell:Creating package script '/home/imml/git/ROB_534_Project/install/harvest/share/harvest/package.bash'
[19.090s] INFO:colcon.colcon_core.shell:Creating package script '/home/imml/git/ROB_534_Project/install/harvest/share/harvest/package.zsh'
[19.090s] Level 1:colcon.colcon_core.environment:create_file_with_runtime_dependencies(/home/imml/git/ROB_534_Project/install/harvest/share/colcon-core/packages/harvest)
[19.091s] Level 1:colcon.colcon_core.environment:create_environment_scripts_only(harvest)
[19.091s] Level 1:colcon.colcon_core.environment:checking '/home/imml/git/ROB_534_Project/install/harvest' for CMake module files
[19.092s] Level 1:colcon.colcon_core.environment:checking '/home/imml/git/ROB_534_Project/install/harvest' for CMake config files
[19.093s] Level 1:colcon.colcon_core.shell:create_environment_hook('harvest', 'cmake_prefix_path')
[19.094s] INFO:colcon.colcon_core.shell:Creating environment hook '/home/imml/git/ROB_534_Project/install/harvest/share/harvest/hook/cmake_prefix_path.ps1'
[19.094s] INFO:colcon.colcon_core.shell:Creating environment descriptor '/home/imml/git/ROB_534_Project/install/harvest/share/harvest/hook/cmake_prefix_path.dsv'
[19.095s] INFO:colcon.colcon_core.shell:Creating environment hook '/home/imml/git/ROB_534_Project/install/harvest/share/harvest/hook/cmake_prefix_path.sh'
[19.095s] Level 1:colcon.colcon_core.environment:checking '/home/imml/git/ROB_534_Project/install/harvest/lib'
[19.096s] Level 1:colcon.colcon_core.environment:checking '/home/imml/git/ROB_534_Project/install/harvest/bin'
[19.096s] Level 1:colcon.colcon_core.environment:checking '/home/imml/git/ROB_534_Project/install/harvest/lib/pkgconfig/harvest.pc'
[19.096s] Level 1:colcon.colcon_core.environment:checking '/home/imml/git/ROB_534_Project/install/harvest/lib/python3.10/site-packages'
[19.096s] Level 1:colcon.colcon_core.environment:checking '/home/imml/git/ROB_534_Project/install/harvest/bin'
[19.097s] INFO:colcon.colcon_core.shell:Creating package script '/home/imml/git/ROB_534_Project/install/harvest/share/harvest/package.ps1'
[19.097s] INFO:colcon.colcon_core.shell:Creating package descriptor '/home/imml/git/ROB_534_Project/install/harvest/share/harvest/package.dsv'
[19.098s] INFO:colcon.colcon_core.shell:Creating package script '/home/imml/git/ROB_534_Project/install/harvest/share/harvest/package.sh'
[19.098s] INFO:colcon.colcon_core.shell:Creating package script '/home/imml/git/ROB_534_Project/install/harvest/share/harvest/package.bash'
[19.098s] INFO:colcon.colcon_core.shell:Creating package script '/home/imml/git/ROB_534_Project/install/harvest/share/harvest/package.zsh'
[19.099s] Level 1:colcon.colcon_core.environment:create_file_with_runtime_dependencies(/home/imml/git/ROB_534_Project/install/harvest/share/colcon-core/packages/harvest)
[22.456s] DEBUG:colcon.colcon_core.event_handler.log_command:Invoked command in '/home/imml/git/ROB_534_Project/build/realsense2_camera' returned '0': AMENT_PREFIX_PATH=/home/imml/git/ROB_534_Project/install/realsense2_camera_msgs:${AMENT_PREFIX_PATH} CMAKE_PREFIX_PATH=/home/imml/git/ROB_534_Project/install/realsense2_camera_msgs:/opt/ros/humble LD_LIBRARY_PATH=/home/imml/git/ROB_534_Project/install/realsense2_camera_msgs/lib:${LD_LIBRARY_PATH} PYTHONPATH=/home/imml/git/ROB_534_Project/install/realsense2_camera_msgs/local/lib/python3.10/dist-packages:${PYTHONPATH} /usr/bin/cmake /home/imml/git/ROB_534_Project/harvest_hardware/realsense-ros/realsense2_camera -DAMENT_CMAKE_SYMLINK_INSTALL=1 -DCMAKE_INSTALL_PREFIX=/home/imml/git/ROB_534_Project/install/realsense2_camera
[22.459s] DEBUG:colcon.colcon_core.event_handler.log_command:Invoking command in '/home/imml/git/ROB_534_Project/build/realsense2_camera': AMENT_PREFIX_PATH=/home/imml/git/ROB_534_Project/install/realsense2_camera_msgs:${AMENT_PREFIX_PATH} CMAKE_PREFIX_PATH=/home/imml/git/ROB_534_Project/install/realsense2_camera_msgs:/opt/ros/humble LD_LIBRARY_PATH=/home/imml/git/ROB_534_Project/install/realsense2_camera_msgs/lib:${LD_LIBRARY_PATH} PYTHONPATH=/home/imml/git/ROB_534_Project/install/realsense2_camera_msgs/local/lib/python3.10/dist-packages:${PYTHONPATH} /usr/bin/cmake --build /home/imml/git/ROB_534_Project/build/realsense2_camera -- -j16 -l16
[37.176s] DEBUG:colcon.colcon_core.event_handler.log_command:Invoked command in '/home/imml/git/ROB_534_Project/build/ur_controllers' returned '0': AMENT_PREFIX_PATH=/home/imml/git/ROB_534_Project/install/ur_dashboard_msgs:${AMENT_PREFIX_PATH} CMAKE_PREFIX_PATH=/home/imml/git/ROB_534_Project/install/ur_dashboard_msgs:/opt/ros/humble LD_LIBRARY_PATH=/home/imml/git/ROB_534_Project/install/ur_dashboard_msgs/lib:${LD_LIBRARY_PATH} PYTHONPATH=/home/imml/git/ROB_534_Project/install/ur_dashboard_msgs/local/lib/python3.10/dist-packages:${PYTHONPATH} /usr/bin/cmake --build /home/imml/git/ROB_534_Project/build/ur_controllers -- -j16 -l16
[37.181s] DEBUG:colcon.colcon_core.event_handler.log_command:Invoking command in '/home/imml/git/ROB_534_Project/build/ur_controllers': AMENT_PREFIX_PATH=/home/imml/git/ROB_534_Project/install/ur_dashboard_msgs:${AMENT_PREFIX_PATH} CMAKE_PREFIX_PATH=/home/imml/git/ROB_534_Project/install/ur_dashboard_msgs:/opt/ros/humble LD_LIBRARY_PATH=/home/imml/git/ROB_534_Project/install/ur_dashboard_msgs/lib:${LD_LIBRARY_PATH} PYTHONPATH=/home/imml/git/ROB_534_Project/install/ur_dashboard_msgs/local/lib/python3.10/dist-packages:${PYTHONPATH} /usr/bin/cmake --install /home/imml/git/ROB_534_Project/build/ur_controllers
[37.812s] Level 1:colcon.colcon_core.environment:create_environment_scripts_only(ur_controllers)
[37.813s] Level 1:colcon.colcon_core.environment:checking '/home/imml/git/ROB_534_Project/install/ur_controllers' for CMake module files
[37.814s] DEBUG:colcon.colcon_core.event_handler.log_command:Invoked command in '/home/imml/git/ROB_534_Project/build/ur_controllers' returned '0': AMENT_PREFIX_PATH=/home/imml/git/ROB_534_Project/install/ur_dashboard_msgs:${AMENT_PREFIX_PATH} CMAKE_PREFIX_PATH=/home/imml/git/ROB_534_Project/install/ur_dashboard_msgs:/opt/ros/humble LD_LIBRARY_PATH=/home/imml/git/ROB_534_Project/install/ur_dashboard_msgs/lib:${LD_LIBRARY_PATH} PYTHONPATH=/home/imml/git/ROB_534_Project/install/ur_dashboard_msgs/local/lib/python3.10/dist-packages:${PYTHONPATH} /usr/bin/cmake --install /home/imml/git/ROB_534_Project/build/ur_controllers
[37.815s] Level 1:colcon.colcon_core.environment:checking '/home/imml/git/ROB_534_Project/install/ur_controllers' for CMake config files
[37.815s] Level 1:colcon.colcon_core.shell:create_environment_hook('ur_controllers', 'cmake_prefix_path')
[37.816s] INFO:colcon.colcon_core.shell:Creating environment hook '/home/imml/git/ROB_534_Project/install/ur_controllers/share/ur_controllers/hook/cmake_prefix_path.ps1'
[37.817s] INFO:colcon.colcon_core.shell:Creating environment descriptor '/home/imml/git/ROB_534_Project/install/ur_controllers/share/ur_controllers/hook/cmake_prefix_path.dsv'
[37.818s] INFO:colcon.colcon_core.shell:Creating environment hook '/home/imml/git/ROB_534_Project/install/ur_controllers/share/ur_controllers/hook/cmake_prefix_path.sh'
[37.819s] Level 1:colcon.colcon_core.environment:checking '/home/imml/git/ROB_534_Project/install/ur_controllers/lib'
[37.819s] Level 1:colcon.colcon_core.shell:create_environment_hook('ur_controllers', 'ld_library_path_lib')
[37.820s] INFO:colcon.colcon_core.shell:Creating environment hook '/home/imml/git/ROB_534_Project/install/ur_controllers/share/ur_controllers/hook/ld_library_path_lib.ps1'
[37.821s] INFO:colcon.colcon_core.shell:Creating environment descriptor '/home/imml/git/ROB_534_Project/install/ur_controllers/share/ur_controllers/hook/ld_library_path_lib.dsv'
[37.821s] INFO:colcon.colcon_core.shell:Creating environment hook '/home/imml/git/ROB_534_Project/install/ur_controllers/share/ur_controllers/hook/ld_library_path_lib.sh'
[37.822s] Level 1:colcon.colcon_core.environment:checking '/home/imml/git/ROB_534_Project/install/ur_controllers/bin'
[37.822s] Level 1:colcon.colcon_core.environment:checking '/home/imml/git/ROB_534_Project/install/ur_controllers/lib/pkgconfig/ur_controllers.pc'
[37.823s] Level 1:colcon.colcon_core.environment:checking '/home/imml/git/ROB_534_Project/install/ur_controllers/lib/python3.10/site-packages'
[37.823s] Level 1:colcon.colcon_core.environment:checking '/home/imml/git/ROB_534_Project/install/ur_controllers/bin'
[37.824s] INFO:colcon.colcon_core.shell:Creating package script '/home/imml/git/ROB_534_Project/install/ur_controllers/share/ur_controllers/package.ps1'
[37.825s] INFO:colcon.colcon_core.shell:Creating package descriptor '/home/imml/git/ROB_534_Project/install/ur_controllers/share/ur_controllers/package.dsv'
[37.826s] INFO:colcon.colcon_core.shell:Creating package script '/home/imml/git/ROB_534_Project/install/ur_controllers/share/ur_controllers/package.sh'
[37.827s] INFO:colcon.colcon_core.shell:Creating package script '/home/imml/git/ROB_534_Project/install/ur_controllers/share/ur_controllers/package.bash'
[37.828s] INFO:colcon.colcon_core.shell:Creating package script '/home/imml/git/ROB_534_Project/install/ur_controllers/share/ur_controllers/package.zsh'
[37.829s] Level 1:colcon.colcon_core.environment:create_file_with_runtime_dependencies(/home/imml/git/ROB_534_Project/install/ur_controllers/share/colcon-core/packages/ur_controllers)
[37.830s] Level 1:colcon.colcon_core.environment:create_environment_scripts_only(ur_controllers)
[37.830s] Level 1:colcon.colcon_core.environment:checking '/home/imml/git/ROB_534_Project/install/ur_controllers' for CMake module files
[37.831s] Level 1:colcon.colcon_core.environment:checking '/home/imml/git/ROB_534_Project/install/ur_controllers' for CMake config files
[37.832s] Level 1:colcon.colcon_core.shell:create_environment_hook('ur_controllers', 'cmake_prefix_path')
[37.832s] INFO:colcon.colcon_core.shell:Creating environment hook '/home/imml/git/ROB_534_Project/install/ur_controllers/share/ur_controllers/hook/cmake_prefix_path.ps1'
[37.833s] INFO:colcon.colcon_core.shell:Creating environment descriptor '/home/imml/git/ROB_534_Project/install/ur_controllers/share/ur_controllers/hook/cmake_prefix_path.dsv'
[37.834s] INFO:colcon.colcon_core.shell:Creating environment hook '/home/imml/git/ROB_534_Project/install/ur_controllers/share/ur_controllers/hook/cmake_prefix_path.sh'
[37.835s] Level 1:colcon.colcon_core.environment:checking '/home/imml/git/ROB_534_Project/install/ur_controllers/lib'
[37.835s] Level 1:colcon.colcon_core.shell:create_environment_hook('ur_controllers', 'ld_library_path_lib')
[37.836s] INFO:colcon.colcon_core.shell:Creating environment hook '/home/imml/git/ROB_534_Project/install/ur_controllers/share/ur_controllers/hook/ld_library_path_lib.ps1'
[37.836s] INFO:colcon.colcon_core.shell:Creating environment descriptor '/home/imml/git/ROB_534_Project/install/ur_controllers/share/ur_controllers/hook/ld_library_path_lib.dsv'
[37.837s] INFO:colcon.colcon_core.shell:Creating environment hook '/home/imml/git/ROB_534_Project/install/ur_controllers/share/ur_controllers/hook/ld_library_path_lib.sh'
[37.838s] Level 1:colcon.colcon_core.environment:checking '/home/imml/git/ROB_534_Project/install/ur_controllers/bin'
[37.838s] Level 1:colcon.colcon_core.environment:checking '/home/imml/git/ROB_534_Project/install/ur_controllers/lib/pkgconfig/ur_controllers.pc'
[37.838s] Level 1:colcon.colcon_core.environment:checking '/home/imml/git/ROB_534_Project/install/ur_controllers/lib/python3.10/site-packages'
[37.838s] Level 1:colcon.colcon_core.environment:checking '/home/imml/git/ROB_534_Project/install/ur_controllers/bin'
[37.839s] INFO:colcon.colcon_core.shell:Creating package script '/home/imml/git/ROB_534_Project/install/ur_controllers/share/ur_controllers/package.ps1'
[37.840s] INFO:colcon.colcon_core.shell:Creating package descriptor '/home/imml/git/ROB_534_Project/install/ur_controllers/share/ur_controllers/package.dsv'
[37.841s] INFO:colcon.colcon_core.shell:Creating package script '/home/imml/git/ROB_534_Project/install/ur_controllers/share/ur_controllers/package.sh'
[37.842s] INFO:colcon.colcon_core.shell:Creating package script '/home/imml/git/ROB_534_Project/install/ur_controllers/share/ur_controllers/package.bash'
[37.842s] INFO:colcon.colcon_core.shell:Creating package script '/home/imml/git/ROB_534_Project/install/ur_controllers/share/ur_controllers/package.zsh'
[37.843s] Level 1:colcon.colcon_core.environment:create_file_with_runtime_dependencies(/home/imml/git/ROB_534_Project/install/ur_controllers/share/colcon-core/packages/ur_controllers)
[37.844s] INFO:colcon.colcon_ros.task.ament_cmake.build:Building ROS package in '/home/imml/git/ROB_534_Project/harvest_hardware/Universal_Robots_ROS2_Driver/ur_robot_driver' with build type 'ament_cmake'
[37.844s] INFO:colcon.colcon_cmake.task.cmake.build:Building CMake package in '/home/imml/git/ROB_534_Project/harvest_hardware/Universal_Robots_ROS2_Driver/ur_robot_driver'
[37.845s] INFO:colcon.colcon_core.shell:Skip shell extension 'powershell' for command environment: Not usable outside of PowerShell
[37.845s] DEBUG:colcon.colcon_core.shell:Skip shell extension 'dsv' for command environment
[37.855s] INFO:colcon.colcon_ros.task.ament_cmake.build:Building ROS package in '/home/imml/git/ROB_534_Project/harvest_hardware/Universal_Robots_ROS2_Driver/ur_bringup' with build type 'ament_cmake'
[37.856s] INFO:colcon.colcon_cmake.task.cmake.build:Building CMake package in '/home/imml/git/ROB_534_Project/harvest_hardware/Universal_Robots_ROS2_Driver/ur_bringup'
[37.857s] INFO:colcon.colcon_core.shell:Skip shell extension 'powershell' for command environment: Not usable outside of PowerShell
[37.857s] DEBUG:colcon.colcon_core.shell:Skip shell extension 'dsv' for command environment
[37.878s] DEBUG:colcon.colcon_core.event_handler.log_command:Invoking command in '/home/imml/git/ROB_534_Project/build/ur_robot_driver': AMENT_PREFIX_PATH=/home/imml/git/ROB_534_Project/install/ur_controllers:/home/imml/git/ROB_534_Project/install/ur_description:/home/imml/git/ROB_534_Project/install/ur_dashboard_msgs:${AMENT_PREFIX_PATH} CMAKE_PREFIX_PATH=/home/imml/git/ROB_534_Project/install/ur_controllers:/home/imml/git/ROB_534_Project/install/ur_description:/home/imml/git/ROB_534_Project/install/ur_dashboard_msgs:/opt/ros/humble LD_LIBRARY_PATH=/home/imml/git/ROB_534_Project/install/ur_controllers/lib:/home/imml/git/ROB_534_Project/install/ur_dashboard_msgs/lib:${LD_LIBRARY_PATH} PYTHONPATH=/home/imml/git/ROB_534_Project/install/ur_dashboard_msgs/local/lib/python3.10/dist-packages:${PYTHONPATH} /usr/bin/cmake /home/imml/git/ROB_534_Project/harvest_hardware/Universal_Robots_ROS2_Driver/ur_robot_driver -DAMENT_CMAKE_SYMLINK_INSTALL=1 -DCMAKE_INSTALL_PREFIX=/home/imml/git/ROB_534_Project/install/ur_robot_driver
[37.883s] DEBUG:colcon.colcon_core.event_handler.log_command:Invoking command in '/home/imml/git/ROB_534_Project/build/ur_bringup': AMENT_PREFIX_PATH=/home/imml/git/ROB_534_Project/install/ur_controllers:/home/imml/git/ROB_534_Project/install/ur_description:/home/imml/git/ROB_534_Project/install/ur_dashboard_msgs:${AMENT_PREFIX_PATH} CMAKE_PREFIX_PATH=/home/imml/git/ROB_534_Project/install/ur_controllers:/home/imml/git/ROB_534_Project/install/ur_description:/home/imml/git/ROB_534_Project/install/ur_dashboard_msgs:/opt/ros/humble LD_LIBRARY_PATH=/home/imml/git/ROB_534_Project/install/ur_controllers/lib:/home/imml/git/ROB_534_Project/install/ur_dashboard_msgs/lib:${LD_LIBRARY_PATH} PYTHONPATH=/home/imml/git/ROB_534_Project/install/ur_dashboard_msgs/local/lib/python3.10/dist-packages:${PYTHONPATH} /usr/bin/cmake /home/imml/git/ROB_534_Project/harvest_hardware/Universal_Robots_ROS2_Driver/ur_bringup -DAMENT_CMAKE_SYMLINK_INSTALL=1 -DCMAKE_INSTALL_PREFIX=/home/imml/git/ROB_534_Project/install/ur_bringup
[39.232s] DEBUG:colcon.colcon_core.event_handler.log_command:Invoked command in '/home/imml/git/ROB_534_Project/build/ur_bringup' returned '0': AMENT_PREFIX_PATH=/home/imml/git/ROB_534_Project/install/ur_controllers:/home/imml/git/ROB_534_Project/install/ur_description:/home/imml/git/ROB_534_Project/install/ur_dashboard_msgs:${AMENT_PREFIX_PATH} CMAKE_PREFIX_PATH=/home/imml/git/ROB_534_Project/install/ur_controllers:/home/imml/git/ROB_534_Project/install/ur_description:/home/imml/git/ROB_534_Project/install/ur_dashboard_msgs:/opt/ros/humble LD_LIBRARY_PATH=/home/imml/git/ROB_534_Project/install/ur_controllers/lib:/home/imml/git/ROB_534_Project/install/ur_dashboard_msgs/lib:${LD_LIBRARY_PATH} PYTHONPATH=/home/imml/git/ROB_534_Project/install/ur_dashboard_msgs/local/lib/python3.10/dist-packages:${PYTHONPATH} /usr/bin/cmake /home/imml/git/ROB_534_Project/harvest_hardware/Universal_Robots_ROS2_Driver/ur_bringup -DAMENT_CMAKE_SYMLINK_INSTALL=1 -DCMAKE_INSTALL_PREFIX=/home/imml/git/ROB_534_Project/install/ur_bringup
[39.233s] DEBUG:colcon.colcon_core.event_handler.log_command:Invoking command in '/home/imml/git/ROB_534_Project/build/ur_bringup': AMENT_PREFIX_PATH=/home/imml/git/ROB_534_Project/install/ur_controllers:/home/imml/git/ROB_534_Project/install/ur_description:/home/imml/git/ROB_534_Project/install/ur_dashboard_msgs:${AMENT_PREFIX_PATH} CMAKE_PREFIX_PATH=/home/imml/git/ROB_534_Project/install/ur_controllers:/home/imml/git/ROB_534_Project/install/ur_description:/home/imml/git/ROB_534_Project/install/ur_dashboard_msgs:/opt/ros/humble LD_LIBRARY_PATH=/home/imml/git/ROB_534_Project/install/ur_controllers/lib:/home/imml/git/ROB_534_Project/install/ur_dashboard_msgs/lib:${LD_LIBRARY_PATH} PYTHONPATH=/home/imml/git/ROB_534_Project/install/ur_dashboard_msgs/local/lib/python3.10/dist-packages:${PYTHONPATH} /usr/bin/cmake --build /home/imml/git/ROB_534_Project/build/ur_bringup -- -j16 -l16
[39.313s] DEBUG:colcon.colcon_core.event_handler.log_command:Invoked command in '/home/imml/git/ROB_534_Project/build/ur_bringup' returned '0': AMENT_PREFIX_PATH=/home/imml/git/ROB_534_Project/install/ur_controllers:/home/imml/git/ROB_534_Project/install/ur_description:/home/imml/git/ROB_534_Project/install/ur_dashboard_msgs:${AMENT_PREFIX_PATH} CMAKE_PREFIX_PATH=/home/imml/git/ROB_534_Project/install/ur_controllers:/home/imml/git/ROB_534_Project/install/ur_description:/home/imml/git/ROB_534_Project/install/ur_dashboard_msgs:/opt/ros/humble LD_LIBRARY_PATH=/home/imml/git/ROB_534_Project/install/ur_controllers/lib:/home/imml/git/ROB_534_Project/install/ur_dashboard_msgs/lib:${LD_LIBRARY_PATH} PYTHONPATH=/home/imml/git/ROB_534_Project/install/ur_dashboard_msgs/local/lib/python3.10/dist-packages:${PYTHONPATH} /usr/bin/cmake --build /home/imml/git/ROB_534_Project/build/ur_bringup -- -j16 -l16
[39.316s] DEBUG:colcon.colcon_core.event_handler.log_command:Invoking command in '/home/imml/git/ROB_534_Project/build/ur_bringup': AMENT_PREFIX_PATH=/home/imml/git/ROB_534_Project/install/ur_controllers:/home/imml/git/ROB_534_Project/install/ur_description:/home/imml/git/ROB_534_Project/install/ur_dashboard_msgs:${AMENT_PREFIX_PATH} CMAKE_PREFIX_PATH=/home/imml/git/ROB_534_Project/install/ur_controllers:/home/imml/git/ROB_534_Project/install/ur_description:/home/imml/git/ROB_534_Project/install/ur_dashboard_msgs:/opt/ros/humble LD_LIBRARY_PATH=/home/imml/git/ROB_534_Project/install/ur_controllers/lib:/home/imml/git/ROB_534_Project/install/ur_dashboard_msgs/lib:${LD_LIBRARY_PATH} PYTHONPATH=/home/imml/git/ROB_534_Project/install/ur_dashboard_msgs/local/lib/python3.10/dist-packages:${PYTHONPATH} /usr/bin/cmake --install /home/imml/git/ROB_534_Project/build/ur_bringup
[40.030s] Level 1:colcon.colcon_core.environment:create_environment_scripts_only(ur_bringup)
[40.030s] Level 1:colcon.colcon_core.environment:checking '/home/imml/git/ROB_534_Project/install/ur_bringup' for CMake module files
[40.031s] DEBUG:colcon.colcon_core.event_handler.log_command:Invoked command in '/home/imml/git/ROB_534_Project/build/ur_bringup' returned '0': AMENT_PREFIX_PATH=/home/imml/git/ROB_534_Project/install/ur_controllers:/home/imml/git/ROB_534_Project/install/ur_description:/home/imml/git/ROB_534_Project/install/ur_dashboard_msgs:${AMENT_PREFIX_PATH} CMAKE_PREFIX_PATH=/home/imml/git/ROB_534_Project/install/ur_controllers:/home/imml/git/ROB_534_Project/install/ur_description:/home/imml/git/ROB_534_Project/install/ur_dashboard_msgs:/opt/ros/humble LD_LIBRARY_PATH=/home/imml/git/ROB_534_Project/install/ur_controllers/lib:/home/imml/git/ROB_534_Project/install/ur_dashboard_msgs/lib:${LD_LIBRARY_PATH} PYTHONPATH=/home/imml/git/ROB_534_Project/install/ur_dashboard_msgs/local/lib/python3.10/dist-packages:${PYTHONPATH} /usr/bin/cmake --install /home/imml/git/ROB_534_Project/build/ur_bringup
[40.032s] Level 1:colcon.colcon_core.environment:checking '/home/imml/git/ROB_534_Project/install/ur_bringup' for CMake config files
[40.032s] Level 1:colcon.colcon_core.shell:create_environment_hook('ur_bringup', 'cmake_prefix_path')
[40.033s] INFO:colcon.colcon_core.shell:Creating environment hook '/home/imml/git/ROB_534_Project/install/ur_bringup/share/ur_bringup/hook/cmake_prefix_path.ps1'
[40.034s] INFO:colcon.colcon_core.shell:Creating environment descriptor '/home/imml/git/ROB_534_Project/install/ur_bringup/share/ur_bringup/hook/cmake_prefix_path.dsv'
[40.034s] INFO:colcon.colcon_core.shell:Creating environment hook '/home/imml/git/ROB_534_Project/install/ur_bringup/share/ur_bringup/hook/cmake_prefix_path.sh'
[40.035s] Level 1:colcon.colcon_core.environment:checking '/home/imml/git/ROB_534_Project/install/ur_bringup/lib'
[40.035s] Level 1:colcon.colcon_core.environment:checking '/home/imml/git/ROB_534_Project/install/ur_bringup/bin'
[40.036s] Level 1:colcon.colcon_core.environment:checking '/home/imml/git/ROB_534_Project/install/ur_bringup/lib/pkgconfig/ur_bringup.pc'
[40.036s] Level 1:colcon.colcon_core.environment:checking '/home/imml/git/ROB_534_Project/install/ur_bringup/lib/python3.10/site-packages'
[40.036s] Level 1:colcon.colcon_core.environment:checking '/home/imml/git/ROB_534_Project/install/ur_bringup/bin'
[40.036s] INFO:colcon.colcon_core.shell:Creating package script '/home/imml/git/ROB_534_Project/install/ur_bringup/share/ur_bringup/package.ps1'
[40.037s] INFO:colcon.colcon_core.shell:Creating package descriptor '/home/imml/git/ROB_534_Project/install/ur_bringup/share/ur_bringup/package.dsv'
[40.038s] INFO:colcon.colcon_core.shell:Creating package script '/home/imml/git/ROB_534_Project/install/ur_bringup/share/ur_bringup/package.sh'
[40.038s] INFO:colcon.colcon_core.shell:Creating package script '/home/imml/git/ROB_534_Project/install/ur_bringup/share/ur_bringup/package.bash'
[40.038s] INFO:colcon.colcon_core.shell:Creating package script '/home/imml/git/ROB_534_Project/install/ur_bringup/share/ur_bringup/package.zsh'
[40.039s] Level 1:colcon.colcon_core.environment:create_file_with_runtime_dependencies(/home/imml/git/ROB_534_Project/install/ur_bringup/share/colcon-core/packages/ur_bringup)
[40.040s] Level 1:colcon.colcon_core.environment:create_environment_scripts_only(ur_bringup)
[40.040s] Level 1:colcon.colcon_core.environment:checking '/home/imml/git/ROB_534_Project/install/ur_bringup' for CMake module files
[40.041s] Level 1:colcon.colcon_core.environment:checking '/home/imml/git/ROB_534_Project/install/ur_bringup' for CMake config files
[40.042s] Level 1:colcon.colcon_core.shell:create_environment_hook('ur_bringup', 'cmake_prefix_path')
[40.042s] INFO:colcon.colcon_core.shell:Creating environment hook '/home/imml/git/ROB_534_Project/install/ur_bringup/share/ur_bringup/hook/cmake_prefix_path.ps1'
[40.043s] INFO:colcon.colcon_core.shell:Creating environment descriptor '/home/imml/git/ROB_534_Project/install/ur_bringup/share/ur_bringup/hook/cmake_prefix_path.dsv'
[40.043s] INFO:colcon.colcon_core.shell:Creating environment hook '/home/imml/git/ROB_534_Project/install/ur_bringup/share/ur_bringup/hook/cmake_prefix_path.sh'
[40.044s] Level 1:colcon.colcon_core.environment:checking '/home/imml/git/ROB_534_Project/install/ur_bringup/lib'
[40.044s] Level 1:colcon.colcon_core.environment:checking '/home/imml/git/ROB_534_Project/install/ur_bringup/bin'
[40.044s] Level 1:colcon.colcon_core.environment:checking '/home/imml/git/ROB_534_Project/install/ur_bringup/lib/pkgconfig/ur_bringup.pc'
[40.045s] Level 1:colcon.colcon_core.environment:checking '/home/imml/git/ROB_534_Project/install/ur_bringup/lib/python3.10/site-packages'
[40.045s] Level 1:colcon.colcon_core.environment:checking '/home/imml/git/ROB_534_Project/install/ur_bringup/bin'
[40.045s] INFO:colcon.colcon_core.shell:Creating package script '/home/imml/git/ROB_534_Project/install/ur_bringup/share/ur_bringup/package.ps1'
[40.046s] INFO:colcon.colcon_core.shell:Creating package descriptor '/home/imml/git/ROB_534_Project/install/ur_bringup/share/ur_bringup/package.dsv'
[40.047s] INFO:colcon.colcon_core.shell:Creating package script '/home/imml/git/ROB_534_Project/install/ur_bringup/share/ur_bringup/package.sh'
[40.047s] INFO:colcon.colcon_core.shell:Creating package script '/home/imml/git/ROB_534_Project/install/ur_bringup/share/ur_bringup/package.bash'
[40.048s] INFO:colcon.colcon_core.shell:Creating package script '/home/imml/git/ROB_534_Project/install/ur_bringup/share/ur_bringup/package.zsh'
[40.049s] Level 1:colcon.colcon_core.environment:create_file_with_runtime_dependencies(/home/imml/git/ROB_534_Project/install/ur_bringup/share/colcon-core/packages/ur_bringup)
[41.216s] DEBUG:colcon.colcon_core.event_handler.log_command:Invoked command in '/home/imml/git/ROB_534_Project/build/ur_robot_driver' returned '0': AMENT_PREFIX_PATH=/home/imml/git/ROB_534_Project/install/ur_controllers:/home/imml/git/ROB_534_Project/install/ur_description:/home/imml/git/ROB_534_Project/install/ur_dashboard_msgs:${AMENT_PREFIX_PATH} CMAKE_PREFIX_PATH=/home/imml/git/ROB_534_Project/install/ur_controllers:/home/imml/git/ROB_534_Project/install/ur_description:/home/imml/git/ROB_534_Project/install/ur_dashboard_msgs:/opt/ros/humble LD_LIBRARY_PATH=/home/imml/git/ROB_534_Project/install/ur_controllers/lib:/home/imml/git/ROB_534_Project/install/ur_dashboard_msgs/lib:${LD_LIBRARY_PATH} PYTHONPATH=/home/imml/git/ROB_534_Project/install/ur_dashboard_msgs/local/lib/python3.10/dist-packages:${PYTHONPATH} /usr/bin/cmake /home/imml/git/ROB_534_Project/harvest_hardware/Universal_Robots_ROS2_Driver/ur_robot_driver -DAMENT_CMAKE_SYMLINK_INSTALL=1 -DCMAKE_INSTALL_PREFIX=/home/imml/git/ROB_534_Project/install/ur_robot_driver
[41.218s] DEBUG:colcon.colcon_core.event_handler.log_command:Invoking command in '/home/imml/git/ROB_534_Project/build/ur_robot_driver': AMENT_PREFIX_PATH=/home/imml/git/ROB_534_Project/install/ur_controllers:/home/imml/git/ROB_534_Project/install/ur_description:/home/imml/git/ROB_534_Project/install/ur_dashboard_msgs:${AMENT_PREFIX_PATH} CMAKE_PREFIX_PATH=/home/imml/git/ROB_534_Project/install/ur_controllers:/home/imml/git/ROB_534_Project/install/ur_description:/home/imml/git/ROB_534_Project/install/ur_dashboard_msgs:/opt/ros/humble LD_LIBRARY_PATH=/home/imml/git/ROB_534_Project/install/ur_controllers/lib:/home/imml/git/ROB_534_Project/install/ur_dashboard_msgs/lib:${LD_LIBRARY_PATH} PYTHONPATH=/home/imml/git/ROB_534_Project/install/ur_dashboard_msgs/local/lib/python3.10/dist-packages:${PYTHONPATH} /usr/bin/cmake --build /home/imml/git/ROB_534_Project/build/ur_robot_driver -- -j16 -l16
[50.546s] DEBUG:colcon.colcon_core.event_handler.log_command:Invoked command in '/home/imml/git/ROB_534_Project/build/realsense2_camera' returned '0': AMENT_PREFIX_PATH=/home/imml/git/ROB_534_Project/install/realsense2_camera_msgs:${AMENT_PREFIX_PATH} CMAKE_PREFIX_PATH=/home/imml/git/ROB_534_Project/install/realsense2_camera_msgs:/opt/ros/humble LD_LIBRARY_PATH=/home/imml/git/ROB_534_Project/install/realsense2_camera_msgs/lib:${LD_LIBRARY_PATH} PYTHONPATH=/home/imml/git/ROB_534_Project/install/realsense2_camera_msgs/local/lib/python3.10/dist-packages:${PYTHONPATH} /usr/bin/cmake --build /home/imml/git/ROB_534_Project/build/realsense2_camera -- -j16 -l16
[50.549s] DEBUG:colcon.colcon_core.event_handler.log_command:Invoking command in '/home/imml/git/ROB_534_Project/build/realsense2_camera': AMENT_PREFIX_PATH=/home/imml/git/ROB_534_Project/install/realsense2_camera_msgs:${AMENT_PREFIX_PATH} CMAKE_PREFIX_PATH=/home/imml/git/ROB_534_Project/install/realsense2_camera_msgs:/opt/ros/humble LD_LIBRARY_PATH=/home/imml/git/ROB_534_Project/install/realsense2_camera_msgs/lib:${LD_LIBRARY_PATH} PYTHONPATH=/home/imml/git/ROB_534_Project/install/realsense2_camera_msgs/local/lib/python3.10/dist-packages:${PYTHONPATH} /usr/bin/cmake --install /home/imml/git/ROB_534_Project/build/realsense2_camera
[51.509s] Level 1:colcon.colcon_core.environment:create_environment_scripts_only(realsense2_camera)
[51.510s] Level 1:colcon.colcon_core.environment:checking '/home/imml/git/ROB_534_Project/install/realsense2_camera' for CMake module files
[51.510s] DEBUG:colcon.colcon_core.event_handler.log_command:Invoked command in '/home/imml/git/ROB_534_Project/build/realsense2_camera' returned '0': AMENT_PREFIX_PATH=/home/imml/git/ROB_534_Project/install/realsense2_camera_msgs:${AMENT_PREFIX_PATH} CMAKE_PREFIX_PATH=/home/imml/git/ROB_534_Project/install/realsense2_camera_msgs:/opt/ros/humble LD_LIBRARY_PATH=/home/imml/git/ROB_534_Project/install/realsense2_camera_msgs/lib:${LD_LIBRARY_PATH} PYTHONPATH=/home/imml/git/ROB_534_Project/install/realsense2_camera_msgs/local/lib/python3.10/dist-packages:${PYTHONPATH} /usr/bin/cmake --install /home/imml/git/ROB_534_Project/build/realsense2_camera
[51.511s] Level 1:colcon.colcon_core.environment:checking '/home/imml/git/ROB_534_Project/install/realsense2_camera' for CMake config files
[51.512s] Level 1:colcon.colcon_core.shell:create_environment_hook('realsense2_camera', 'cmake_prefix_path')
[51.513s] INFO:colcon.colcon_core.shell:Creating environment hook '/home/imml/git/ROB_534_Project/install/realsense2_camera/share/realsense2_camera/hook/cmake_prefix_path.ps1'
[51.514s] INFO:colcon.colcon_core.shell:Creating environment descriptor '/home/imml/git/ROB_534_Project/install/realsense2_camera/share/realsense2_camera/hook/cmake_prefix_path.dsv'
[51.515s] INFO:colcon.colcon_core.shell:Creating environment hook '/home/imml/git/ROB_534_Project/install/realsense2_camera/share/realsense2_camera/hook/cmake_prefix_path.sh'
[51.515s] Level 1:colcon.colcon_core.environment:checking '/home/imml/git/ROB_534_Project/install/realsense2_camera/lib'
[51.516s] Level 1:colcon.colcon_core.shell:create_environment_hook('realsense2_camera', 'ld_library_path_lib')
[51.516s] INFO:colcon.colcon_core.shell:Creating environment hook '/home/imml/git/ROB_534_Project/install/realsense2_camera/share/realsense2_camera/hook/ld_library_path_lib.ps1'
[51.516s] INFO:colcon.colcon_core.shell:Creating environment descriptor '/home/imml/git/ROB_534_Project/install/realsense2_camera/share/realsense2_camera/hook/ld_library_path_lib.dsv'
[51.517s] INFO:colcon.colcon_core.shell:Creating environment hook '/home/imml/git/ROB_534_Project/install/realsense2_camera/share/realsense2_camera/hook/ld_library_path_lib.sh'
[51.517s] Level 1:colcon.colcon_core.environment:checking '/home/imml/git/ROB_534_Project/install/realsense2_camera/bin'
[51.517s] Level 1:colcon.colcon_core.environment:checking '/home/imml/git/ROB_534_Project/install/realsense2_camera/lib/pkgconfig/realsense2_camera.pc'
[51.518s] Level 1:colcon.colcon_core.environment:checking '/home/imml/git/ROB_534_Project/install/realsense2_camera/lib/python3.10/site-packages'
[51.518s] Level 1:colcon.colcon_core.environment:checking '/home/imml/git/ROB_534_Project/install/realsense2_camera/bin'
[51.519s] INFO:colcon.colcon_core.shell:Creating package script '/home/imml/git/ROB_534_Project/install/realsense2_camera/share/realsense2_camera/package.ps1'
[51.519s] INFO:colcon.colcon_core.shell:Creating package descriptor '/home/imml/git/ROB_534_Project/install/realsense2_camera/share/realsense2_camera/package.dsv'
[51.520s] INFO:colcon.colcon_core.shell:Creating package script '/home/imml/git/ROB_534_Project/install/realsense2_camera/share/realsense2_camera/package.sh'
[51.521s] INFO:colcon.colcon_core.shell:Creating package script '/home/imml/git/ROB_534_Project/install/realsense2_camera/share/realsense2_camera/package.bash'
[51.521s] INFO:colcon.colcon_core.shell:Creating package script '/home/imml/git/ROB_534_Project/install/realsense2_camera/share/realsense2_camera/package.zsh'
[51.522s] Level 1:colcon.colcon_core.environment:create_file_with_runtime_dependencies(/home/imml/git/ROB_534_Project/install/realsense2_camera/share/colcon-core/packages/realsense2_camera)
[51.523s] Level 1:colcon.colcon_core.environment:create_environment_scripts_only(realsense2_camera)
[51.523s] Level 1:colcon.colcon_core.environment:checking '/home/imml/git/ROB_534_Project/install/realsense2_camera' for CMake module files
[51.524s] Level 1:colcon.colcon_core.environment:checking '/home/imml/git/ROB_534_Project/install/realsense2_camera' for CMake config files
[51.526s] Level 1:colcon.colcon_core.shell:create_environment_hook('realsense2_camera', 'cmake_prefix_path')
[51.526s] INFO:colcon.colcon_core.shell:Creating environment hook '/home/imml/git/ROB_534_Project/install/realsense2_camera/share/realsense2_camera/hook/cmake_prefix_path.ps1'
[51.527s] INFO:colcon.colcon_core.shell:Creating environment descriptor '/home/imml/git/ROB_534_Project/install/realsense2_camera/share/realsense2_camera/hook/cmake_prefix_path.dsv'
[51.528s] INFO:colcon.colcon_core.shell:Creating environment hook '/home/imml/git/ROB_534_Project/install/realsense2_camera/share/realsense2_camera/hook/cmake_prefix_path.sh'
[51.528s] Level 1:colcon.colcon_core.environment:checking '/home/imml/git/ROB_534_Project/install/realsense2_camera/lib'
[51.529s] Level 1:colcon.colcon_core.shell:create_environment_hook('realsense2_camera', 'ld_library_path_lib')
[51.529s] INFO:colcon.colcon_core.shell:Creating environment hook '/home/imml/git/ROB_534_Project/install/realsense2_camera/share/realsense2_camera/hook/ld_library_path_lib.ps1'
[51.529s] INFO:colcon.colcon_core.shell:Creating environment descriptor '/home/imml/git/ROB_534_Project/install/realsense2_camera/share/realsense2_camera/hook/ld_library_path_lib.dsv'
[51.530s] INFO:colcon.colcon_core.shell:Creating environment hook '/home/imml/git/ROB_534_Project/install/realsense2_camera/share/realsense2_camera/hook/ld_library_path_lib.sh'
[51.530s] Level 1:colcon.colcon_core.environment:checking '/home/imml/git/ROB_534_Project/install/realsense2_camera/bin'
[51.531s] Level 1:colcon.colcon_core.environment:checking '/home/imml/git/ROB_534_Project/install/realsense2_camera/lib/pkgconfig/realsense2_camera.pc'
[51.531s] Level 1:colcon.colcon_core.environment:checking '/home/imml/git/ROB_534_Project/install/realsense2_camera/lib/python3.10/site-packages'
[51.531s] Level 1:colcon.colcon_core.environment:checking '/home/imml/git/ROB_534_Project/install/realsense2_camera/bin'
[51.532s] INFO:colcon.colcon_core.shell:Creating package script '/home/imml/git/ROB_534_Project/install/realsense2_camera/share/realsense2_camera/package.ps1'
[51.533s] INFO:colcon.colcon_core.shell:Creating package descriptor '/home/imml/git/ROB_534_Project/install/realsense2_camera/share/realsense2_camera/package.dsv'
[51.533s] INFO:colcon.colcon_core.shell:Creating package script '/home/imml/git/ROB_534_Project/install/realsense2_camera/share/realsense2_camera/package.sh'
[51.534s] INFO:colcon.colcon_core.shell:Creating package script '/home/imml/git/ROB_534_Project/install/realsense2_camera/share/realsense2_camera/package.bash'
[51.535s] INFO:colcon.colcon_core.shell:Creating package script '/home/imml/git/ROB_534_Project/install/realsense2_camera/share/realsense2_camera/package.zsh'
[51.535s] Level 1:colcon.colcon_core.environment:create_file_with_runtime_dependencies(/home/imml/git/ROB_534_Project/install/realsense2_camera/share/colcon-core/packages/realsense2_camera)
[51.890s] DEBUG:colcon.colcon_core.event_handler.log_command:Invoked command in '/home/imml/git/ROB_534_Project/build/harvest_control' returned '0': AMENT_PREFIX_PATH=/home/imml/git/ROB_534_Project/install/harvest_interfaces:${AMENT_PREFIX_PATH} CMAKE_PREFIX_PATH=/home/imml/git/ROB_534_Project/install/harvest_interfaces:/opt/ros/humble LD_LIBRARY_PATH=/home/imml/git/ROB_534_Project/install/harvest_interfaces/lib:${LD_LIBRARY_PATH} PYTHONPATH=/home/imml/git/ROB_534_Project/install/harvest_interfaces/local/lib/python3.10/dist-packages:${PYTHONPATH} /usr/bin/cmake --build /home/imml/git/ROB_534_Project/build/harvest_control -- -j16 -l16
[51.893s] DEBUG:colcon.colcon_core.event_handler.log_command:Invoking command in '/home/imml/git/ROB_534_Project/build/harvest_control': AMENT_PREFIX_PATH=/home/imml/git/ROB_534_Project/install/harvest_interfaces:${AMENT_PREFIX_PATH} CMAKE_PREFIX_PATH=/home/imml/git/ROB_534_Project/install/harvest_interfaces:/opt/ros/humble LD_LIBRARY_PATH=/home/imml/git/ROB_534_Project/install/harvest_interfaces/lib:${LD_LIBRARY_PATH} PYTHONPATH=/home/imml/git/ROB_534_Project/install/harvest_interfaces/local/lib/python3.10/dist-packages:${PYTHONPATH} /usr/bin/cmake --install /home/imml/git/ROB_534_Project/build/harvest_control
[52.533s] Level 1:colcon.colcon_core.environment:create_environment_scripts_only(harvest_control)
[52.534s] Level 1:colcon.colcon_core.environment:checking '/home/imml/git/ROB_534_Project/install/harvest_control' for CMake module files
[52.535s] DEBUG:colcon.colcon_core.event_handler.log_command:Invoked command in '/home/imml/git/ROB_534_Project/build/harvest_control' returned '0': AMENT_PREFIX_PATH=/home/imml/git/ROB_534_Project/install/harvest_interfaces:${AMENT_PREFIX_PATH} CMAKE_PREFIX_PATH=/home/imml/git/ROB_534_Project/install/harvest_interfaces:/opt/ros/humble LD_LIBRARY_PATH=/home/imml/git/ROB_534_Project/install/harvest_interfaces/lib:${LD_LIBRARY_PATH} PYTHONPATH=/home/imml/git/ROB_534_Project/install/harvest_interfaces/local/lib/python3.10/dist-packages:${PYTHONPATH} /usr/bin/cmake --install /home/imml/git/ROB_534_Project/build/harvest_control
[52.535s] Level 1:colcon.colcon_core.environment:checking '/home/imml/git/ROB_534_Project/install/harvest_control' for CMake config files
[52.536s] Level 1:colcon.colcon_core.shell:create_environment_hook('harvest_control', 'cmake_prefix_path')
[52.536s] INFO:colcon.colcon_core.shell:Creating environment hook '/home/imml/git/ROB_534_Project/install/harvest_control/share/harvest_control/hook/cmake_prefix_path.ps1'
[52.537s] INFO:colcon.colcon_core.shell:Creating environment descriptor '/home/imml/git/ROB_534_Project/install/harvest_control/share/harvest_control/hook/cmake_prefix_path.dsv'
[52.537s] INFO:colcon.colcon_core.shell:Creating environment hook '/home/imml/git/ROB_534_Project/install/harvest_control/share/harvest_control/hook/cmake_prefix_path.sh'
[52.538s] Level 1:colcon.colcon_core.environment:checking '/home/imml/git/ROB_534_Project/install/harvest_control/lib'
[52.538s] Level 1:colcon.colcon_core.environment:checking '/home/imml/git/ROB_534_Project/install/harvest_control/bin'
[52.538s] Level 1:colcon.colcon_core.environment:checking '/home/imml/git/ROB_534_Project/install/harvest_control/lib/pkgconfig/harvest_control.pc'
[52.538s] Level 1:colcon.colcon_core.environment:checking '/home/imml/git/ROB_534_Project/install/harvest_control/lib/python3.10/site-packages'
[52.538s] Level 1:colcon.colcon_core.environment:checking '/home/imml/git/ROB_534_Project/install/harvest_control/bin'
[52.539s] INFO:colcon.colcon_core.shell:Creating package script '/home/imml/git/ROB_534_Project/install/harvest_control/share/harvest_control/package.ps1'
[52.539s] INFO:colcon.colcon_core.shell:Creating package descriptor '/home/imml/git/ROB_534_Project/install/harvest_control/share/harvest_control/package.dsv'
[52.539s] INFO:colcon.colcon_core.shell:Creating package script '/home/imml/git/ROB_534_Project/install/harvest_control/share/harvest_control/package.sh'
[52.540s] INFO:colcon.colcon_core.shell:Creating package script '/home/imml/git/ROB_534_Project/install/harvest_control/share/harvest_control/package.bash'
[52.540s] INFO:colcon.colcon_core.shell:Creating package script '/home/imml/git/ROB_534_Project/install/harvest_control/share/harvest_control/package.zsh'
[52.540s] Level 1:colcon.colcon_core.environment:create_file_with_runtime_dependencies(/home/imml/git/ROB_534_Project/install/harvest_control/share/colcon-core/packages/harvest_control)
[52.541s] Level 1:colcon.colcon_core.environment:create_environment_scripts_only(harvest_control)
[52.541s] Level 1:colcon.colcon_core.environment:checking '/home/imml/git/ROB_534_Project/install/harvest_control' for CMake module files
[52.542s] Level 1:colcon.colcon_core.environment:checking '/home/imml/git/ROB_534_Project/install/harvest_control' for CMake config files
[52.543s] Level 1:colcon.colcon_core.shell:create_environment_hook('harvest_control', 'cmake_prefix_path')
[52.543s] INFO:colcon.colcon_core.shell:Creating environment hook '/home/imml/git/ROB_534_Project/install/harvest_control/share/harvest_control/hook/cmake_prefix_path.ps1'
[52.543s] INFO:colcon.colcon_core.shell:Creating environment descriptor '/home/imml/git/ROB_534_Project/install/harvest_control/share/harvest_control/hook/cmake_prefix_path.dsv'
[52.543s] INFO:colcon.colcon_core.shell:Creating environment hook '/home/imml/git/ROB_534_Project/install/harvest_control/share/harvest_control/hook/cmake_prefix_path.sh'
[52.544s] Level 1:colcon.colcon_core.environment:checking '/home/imml/git/ROB_534_Project/install/harvest_control/lib'
[52.544s] Level 1:colcon.colcon_core.environment:checking '/home/imml/git/ROB_534_Project/install/harvest_control/bin'
[52.544s] Level 1:colcon.colcon_core.environment:checking '/home/imml/git/ROB_534_Project/install/harvest_control/lib/pkgconfig/harvest_control.pc'
[52.544s] Level 1:colcon.colcon_core.environment:checking '/home/imml/git/ROB_534_Project/install/harvest_control/lib/python3.10/site-packages'
[52.544s] Level 1:colcon.colcon_core.environment:checking '/home/imml/git/ROB_534_Project/install/harvest_control/bin'
[52.545s] INFO:colcon.colcon_core.shell:Creating package script '/home/imml/git/ROB_534_Project/install/harvest_control/share/harvest_control/package.ps1'
[52.545s] INFO:colcon.colcon_core.shell:Creating package descriptor '/home/imml/git/ROB_534_Project/install/harvest_control/share/harvest_control/package.dsv'
[52.545s] INFO:colcon.colcon_core.shell:Creating package script '/home/imml/git/ROB_534_Project/install/harvest_control/share/harvest_control/package.sh'
[52.546s] INFO:colcon.colcon_core.shell:Creating package script '/home/imml/git/ROB_534_Project/install/harvest_control/share/harvest_control/package.bash'
[52.546s] INFO:colcon.colcon_core.shell:Creating package script '/home/imml/git/ROB_534_Project/install/harvest_control/share/harvest_control/package.zsh'
[52.547s] Level 1:colcon.colcon_core.environment:create_file_with_runtime_dependencies(/home/imml/git/ROB_534_Project/install/harvest_control/share/colcon-core/packages/harvest_control)
[66.480s] DEBUG:colcon.colcon_core.event_handler.log_command:Invoked command in '/home/imml/git/ROB_534_Project/build/ur_robot_driver' returned '0': AMENT_PREFIX_PATH=/home/imml/git/ROB_534_Project/install/ur_controllers:/home/imml/git/ROB_534_Project/install/ur_description:/home/imml/git/ROB_534_Project/install/ur_dashboard_msgs:${AMENT_PREFIX_PATH} CMAKE_PREFIX_PATH=/home/imml/git/ROB_534_Project/install/ur_controllers:/home/imml/git/ROB_534_Project/install/ur_description:/home/imml/git/ROB_534_Project/install/ur_dashboard_msgs:/opt/ros/humble LD_LIBRARY_PATH=/home/imml/git/ROB_534_Project/install/ur_controllers/lib:/home/imml/git/ROB_534_Project/install/ur_dashboard_msgs/lib:${LD_LIBRARY_PATH} PYTHONPATH=/home/imml/git/ROB_534_Project/install/ur_dashboard_msgs/local/lib/python3.10/dist-packages:${PYTHONPATH} /usr/bin/cmake --build /home/imml/git/ROB_534_Project/build/ur_robot_driver -- -j16 -l16
[66.482s] DEBUG:colcon.colcon_core.event_handler.log_command:Invoking command in '/home/imml/git/ROB_534_Project/build/ur_robot_driver': AMENT_PREFIX_PATH=/home/imml/git/ROB_534_Project/install/ur_controllers:/home/imml/git/ROB_534_Project/install/ur_description:/home/imml/git/ROB_534_Project/install/ur_dashboard_msgs:${AMENT_PREFIX_PATH} CMAKE_PREFIX_PATH=/home/imml/git/ROB_534_Project/install/ur_controllers:/home/imml/git/ROB_534_Project/install/ur_description:/home/imml/git/ROB_534_Project/install/ur_dashboard_msgs:/opt/ros/humble LD_LIBRARY_PATH=/home/imml/git/ROB_534_Project/install/ur_controllers/lib:/home/imml/git/ROB_534_Project/install/ur_dashboard_msgs/lib:${LD_LIBRARY_PATH} PYTHONPATH=/home/imml/git/ROB_534_Project/install/ur_dashboard_msgs/local/lib/python3.10/dist-packages:${PYTHONPATH} /usr/bin/cmake --install /home/imml/git/ROB_534_Project/build/ur_robot_driver
[67.179s] Level 1:colcon.colcon_core.environment:create_environment_scripts_only(ur_robot_driver)
[67.180s] Level 1:colcon.colcon_core.environment:checking '/home/imml/git/ROB_534_Project/install/ur_robot_driver' for CMake module files
[67.180s] DEBUG:colcon.colcon_core.event_handler.log_command:Invoked command in '/home/imml/git/ROB_534_Project/build/ur_robot_driver' returned '0': AMENT_PREFIX_PATH=/home/imml/git/ROB_534_Project/install/ur_controllers:/home/imml/git/ROB_534_Project/install/ur_description:/home/imml/git/ROB_534_Project/install/ur_dashboard_msgs:${AMENT_PREFIX_PATH} CMAKE_PREFIX_PATH=/home/imml/git/ROB_534_Project/install/ur_controllers:/home/imml/git/ROB_534_Project/install/ur_description:/home/imml/git/ROB_534_Project/install/ur_dashboard_msgs:/opt/ros/humble LD_LIBRARY_PATH=/home/imml/git/ROB_534_Project/install/ur_controllers/lib:/home/imml/git/ROB_534_Project/install/ur_dashboard_msgs/lib:${LD_LIBRARY_PATH} PYTHONPATH=/home/imml/git/ROB_534_Project/install/ur_dashboard_msgs/local/lib/python3.10/dist-packages:${PYTHONPATH} /usr/bin/cmake --install /home/imml/git/ROB_534_Project/build/ur_robot_driver
[67.181s] Level 1:colcon.colcon_core.environment:checking '/home/imml/git/ROB_534_Project/install/ur_robot_driver' for CMake config files
[67.181s] Level 1:colcon.colcon_core.shell:create_environment_hook('ur_robot_driver', 'cmake_prefix_path')
[67.182s] INFO:colcon.colcon_core.shell:Creating environment hook '/home/imml/git/ROB_534_Project/install/ur_robot_driver/share/ur_robot_driver/hook/cmake_prefix_path.ps1'
[67.182s] INFO:colcon.colcon_core.shell:Creating environment descriptor '/home/imml/git/ROB_534_Project/install/ur_robot_driver/share/ur_robot_driver/hook/cmake_prefix_path.dsv'
[67.183s] INFO:colcon.colcon_core.shell:Creating environment hook '/home/imml/git/ROB_534_Project/install/ur_robot_driver/share/ur_robot_driver/hook/cmake_prefix_path.sh'
[67.183s] Level 1:colcon.colcon_core.environment:checking '/home/imml/git/ROB_534_Project/install/ur_robot_driver/lib'
[67.183s] Level 1:colcon.colcon_core.shell:create_environment_hook('ur_robot_driver', 'ld_library_path_lib')
[67.183s] INFO:colcon.colcon_core.shell:Creating environment hook '/home/imml/git/ROB_534_Project/install/ur_robot_driver/share/ur_robot_driver/hook/ld_library_path_lib.ps1'
[67.184s] INFO:colcon.colcon_core.shell:Creating environment descriptor '/home/imml/git/ROB_534_Project/install/ur_robot_driver/share/ur_robot_driver/hook/ld_library_path_lib.dsv'
[67.184s] INFO:colcon.colcon_core.shell:Creating environment hook '/home/imml/git/ROB_534_Project/install/ur_robot_driver/share/ur_robot_driver/hook/ld_library_path_lib.sh'
[67.184s] Level 1:colcon.colcon_core.environment:checking '/home/imml/git/ROB_534_Project/install/ur_robot_driver/bin'
[67.184s] Level 1:colcon.colcon_core.shell:create_environment_hook('ur_robot_driver', 'path')
[67.185s] INFO:colcon.colcon_core.shell:Creating environment hook '/home/imml/git/ROB_534_Project/install/ur_robot_driver/share/ur_robot_driver/hook/path.ps1'
[67.185s] INFO:colcon.colcon_core.shell:Creating environment descriptor '/home/imml/git/ROB_534_Project/install/ur_robot_driver/share/ur_robot_driver/hook/path.dsv'
[67.185s] INFO:colcon.colcon_core.shell:Creating environment hook '/home/imml/git/ROB_534_Project/install/ur_robot_driver/share/ur_robot_driver/hook/path.sh'
[67.185s] Level 1:colcon.colcon_core.environment:checking '/home/imml/git/ROB_534_Project/install/ur_robot_driver/lib/pkgconfig/ur_robot_driver.pc'
[67.185s] Level 1:colcon.colcon_core.environment:checking '/home/imml/git/ROB_534_Project/install/ur_robot_driver/lib/python3.10/site-packages'
[67.186s] Level 1:colcon.colcon_core.environment:checking '/home/imml/git/ROB_534_Project/install/ur_robot_driver/bin'
[67.186s] Level 1:colcon.colcon_core.shell:create_environment_hook('ur_robot_driver', 'pythonscriptspath')
[67.186s] INFO:colcon.colcon_core.shell:Creating environment hook '/home/imml/git/ROB_534_Project/install/ur_robot_driver/share/ur_robot_driver/hook/pythonscriptspath.ps1'
[67.186s] INFO:colcon.colcon_core.shell:Creating environment descriptor '/home/imml/git/ROB_534_Project/install/ur_robot_driver/share/ur_robot_driver/hook/pythonscriptspath.dsv'
[67.186s] INFO:colcon.colcon_core.shell:Creating environment hook '/home/imml/git/ROB_534_Project/install/ur_robot_driver/share/ur_robot_driver/hook/pythonscriptspath.sh'
[67.187s] INFO:colcon.colcon_core.shell:Creating package script '/home/imml/git/ROB_534_Project/install/ur_robot_driver/share/ur_robot_driver/package.ps1'
[67.188s] INFO:colcon.colcon_core.shell:Creating package descriptor '/home/imml/git/ROB_534_Project/install/ur_robot_driver/share/ur_robot_driver/package.dsv'
[67.189s] INFO:colcon.colcon_core.shell:Creating package script '/home/imml/git/ROB_534_Project/install/ur_robot_driver/share/ur_robot_driver/package.sh'
[67.189s] INFO:colcon.colcon_core.shell:Creating package script '/home/imml/git/ROB_534_Project/install/ur_robot_driver/share/ur_robot_driver/package.bash'
[67.189s] INFO:colcon.colcon_core.shell:Creating package script '/home/imml/git/ROB_534_Project/install/ur_robot_driver/share/ur_robot_driver/package.zsh'
[67.190s] Level 1:colcon.colcon_core.environment:create_file_with_runtime_dependencies(/home/imml/git/ROB_534_Project/install/ur_robot_driver/share/colcon-core/packages/ur_robot_driver)
[67.191s] Level 1:colcon.colcon_core.environment:create_environment_scripts_only(ur_robot_driver)
[67.191s] Level 1:colcon.colcon_core.environment:checking '/home/imml/git/ROB_534_Project/install/ur_robot_driver' for CMake module files
[67.192s] Level 1:colcon.colcon_core.environment:checking '/home/imml/git/ROB_534_Project/install/ur_robot_driver' for CMake config files
[67.193s] Level 1:colcon.colcon_core.shell:create_environment_hook('ur_robot_driver', 'cmake_prefix_path')
[67.193s] INFO:colcon.colcon_core.shell:Creating environment hook '/home/imml/git/ROB_534_Project/install/ur_robot_driver/share/ur_robot_driver/hook/cmake_prefix_path.ps1'
[67.194s] INFO:colcon.colcon_core.shell:Creating environment descriptor '/home/imml/git/ROB_534_Project/install/ur_robot_driver/share/ur_robot_driver/hook/cmake_prefix_path.dsv'
[67.194s] INFO:colcon.colcon_core.shell:Creating environment hook '/home/imml/git/ROB_534_Project/install/ur_robot_driver/share/ur_robot_driver/hook/cmake_prefix_path.sh'
[67.195s] Level 1:colcon.colcon_core.environment:checking '/home/imml/git/ROB_534_Project/install/ur_robot_driver/lib'
[67.195s] Level 1:colcon.colcon_core.shell:create_environment_hook('ur_robot_driver', 'ld_library_path_lib')
[67.195s] INFO:colcon.colcon_core.shell:Creating environment hook '/home/imml/git/ROB_534_Project/install/ur_robot_driver/share/ur_robot_driver/hook/ld_library_path_lib.ps1'
[67.195s] INFO:colcon.colcon_core.shell:Creating environment descriptor '/home/imml/git/ROB_534_Project/install/ur_robot_driver/share/ur_robot_driver/hook/ld_library_path_lib.dsv'
[67.195s] INFO:colcon.colcon_core.shell:Creating environment hook '/home/imml/git/ROB_534_Project/install/ur_robot_driver/share/ur_robot_driver/hook/ld_library_path_lib.sh'
[67.196s] Level 1:colcon.colcon_core.environment:checking '/home/imml/git/ROB_534_Project/install/ur_robot_driver/bin'
[67.196s] Level 1:colcon.colcon_core.shell:create_environment_hook('ur_robot_driver', 'path')
[67.196s] INFO:colcon.colcon_core.shell:Creating environment hook '/home/imml/git/ROB_534_Project/install/ur_robot_driver/share/ur_robot_driver/hook/path.ps1'
[67.197s] INFO:colcon.colcon_core.shell:Creating environment descriptor '/home/imml/git/ROB_534_Project/install/ur_robot_driver/share/ur_robot_driver/hook/path.dsv'
[67.197s] INFO:colcon.colcon_core.shell:Creating environment hook '/home/imml/git/ROB_534_Project/install/ur_robot_driver/share/ur_robot_driver/hook/path.sh'
[67.198s] Level 1:colcon.colcon_core.environment:checking '/home/imml/git/ROB_534_Project/install/ur_robot_driver/lib/pkgconfig/ur_robot_driver.pc'
[67.198s] Level 1:colcon.colcon_core.environment:checking '/home/imml/git/ROB_534_Project/install/ur_robot_driver/lib/python3.10/site-packages'
[67.198s] Level 1:colcon.colcon_core.environment:checking '/home/imml/git/ROB_534_Project/install/ur_robot_driver/bin'
[67.199s] Level 1:colcon.colcon_core.shell:create_environment_hook('ur_robot_driver', 'pythonscriptspath')
[67.199s] INFO:colcon.colcon_core.shell:Creating environment hook '/home/imml/git/ROB_534_Project/install/ur_robot_driver/share/ur_robot_driver/hook/pythonscriptspath.ps1'
[67.199s] INFO:colcon.colcon_core.shell:Creating environment descriptor '/home/imml/git/ROB_534_Project/install/ur_robot_driver/share/ur_robot_driver/hook/pythonscriptspath.dsv'
[67.200s] INFO:colcon.colcon_core.shell:Creating environment hook '/home/imml/git/ROB_534_Project/install/ur_robot_driver/share/ur_robot_driver/hook/pythonscriptspath.sh'
[67.200s] INFO:colcon.colcon_core.shell:Creating package script '/home/imml/git/ROB_534_Project/install/ur_robot_driver/share/ur_robot_driver/package.ps1'
[67.201s] INFO:colcon.colcon_core.shell:Creating package descriptor '/home/imml/git/ROB_534_Project/install/ur_robot_driver/share/ur_robot_driver/package.dsv'
[67.201s] INFO:colcon.colcon_core.shell:Creating package script '/home/imml/git/ROB_534_Project/install/ur_robot_driver/share/ur_robot_driver/package.sh'
[67.202s] INFO:colcon.colcon_core.shell:Creating package script '/home/imml/git/ROB_534_Project/install/ur_robot_driver/share/ur_robot_driver/package.bash'
[67.202s] INFO:colcon.colcon_core.shell:Creating package script '/home/imml/git/ROB_534_Project/install/ur_robot_driver/share/ur_robot_driver/package.zsh'
[67.202s] Level 1:colcon.colcon_core.environment:create_file_with_runtime_dependencies(/home/imml/git/ROB_534_Project/install/ur_robot_driver/share/colcon-core/packages/ur_robot_driver)
[67.203s] INFO:colcon.colcon_ros.task.ament_cmake.build:Building ROS package in '/home/imml/git/ROB_534_Project/harvest_hardware/Universal_Robots_ROS2_Driver/ur_calibration' with build type 'ament_cmake'
[67.203s] INFO:colcon.colcon_cmake.task.cmake.build:Building CMake package in '/home/imml/git/ROB_534_Project/harvest_hardware/Universal_Robots_ROS2_Driver/ur_calibration'
[67.204s] INFO:colcon.colcon_core.shell:Skip shell extension 'powershell' for command environment: Not usable outside of PowerShell
[67.204s] DEBUG:colcon.colcon_core.shell:Skip shell extension 'dsv' for command environment
[67.244s] DEBUG:colcon.colcon_core.event_handler.log_command:Invoking command in '/home/imml/git/ROB_534_Project/build/ur_calibration': AMENT_PREFIX_PATH=/home/imml/git/ROB_534_Project/install/ur_robot_driver:/home/imml/git/ROB_534_Project/install/ur_controllers:/home/imml/git/ROB_534_Project/install/ur_description:/home/imml/git/ROB_534_Project/install/ur_dashboard_msgs:${AMENT_PREFIX_PATH} CMAKE_PREFIX_PATH=/home/imml/git/ROB_534_Project/install/ur_robot_driver:/home/imml/git/ROB_534_Project/install/ur_controllers:/home/imml/git/ROB_534_Project/install/ur_description:/home/imml/git/ROB_534_Project/install/ur_dashboard_msgs:/opt/ros/humble LD_LIBRARY_PATH=/home/imml/git/ROB_534_Project/install/ur_robot_driver/lib:/home/imml/git/ROB_534_Project/install/ur_controllers/lib:/home/imml/git/ROB_534_Project/install/ur_dashboard_msgs/lib:${LD_LIBRARY_PATH} PATH=/home/imml/git/ROB_534_Project/install/ur_robot_driver/bin:${PATH} PYTHONPATH=/home/imml/git/ROB_534_Project/install/ur_robot_driver/local/lib/python3.10/dist-packages:/home/imml/git/ROB_534_Project/install/ur_dashboard_msgs/local/lib/python3.10/dist-packages:${PYTHONPATH} /usr/bin/cmake /home/imml/git/ROB_534_Project/harvest_hardware/Universal_Robots_ROS2_Driver/ur_calibration -DAMENT_CMAKE_SYMLINK_INSTALL=1 -DCMAKE_INSTALL_PREFIX=/home/imml/git/ROB_534_Project/install/ur_calibration
[68.912s] DEBUG:colcon.colcon_core.event_handler.log_command:Invoked command in '/home/imml/git/ROB_534_Project/build/ur_calibration' returned '0': AMENT_PREFIX_PATH=/home/imml/git/ROB_534_Project/install/ur_robot_driver:/home/imml/git/ROB_534_Project/install/ur_controllers:/home/imml/git/ROB_534_Project/install/ur_description:/home/imml/git/ROB_534_Project/install/ur_dashboard_msgs:${AMENT_PREFIX_PATH} CMAKE_PREFIX_PATH=/home/imml/git/ROB_534_Project/install/ur_robot_driver:/home/imml/git/ROB_534_Project/install/ur_controllers:/home/imml/git/ROB_534_Project/install/ur_description:/home/imml/git/ROB_534_Project/install/ur_dashboard_msgs:/opt/ros/humble LD_LIBRARY_PATH=/home/imml/git/ROB_534_Project/install/ur_robot_driver/lib:/home/imml/git/ROB_534_Project/install/ur_controllers/lib:/home/imml/git/ROB_534_Project/install/ur_dashboard_msgs/lib:${LD_LIBRARY_PATH} PATH=/home/imml/git/ROB_534_Project/install/ur_robot_driver/bin:${PATH} PYTHONPATH=/home/imml/git/ROB_534_Project/install/ur_robot_driver/local/lib/python3.10/dist-packages:/home/imml/git/ROB_534_Project/install/ur_dashboard_msgs/local/lib/python3.10/dist-packages:${PYTHONPATH} /usr/bin/cmake /home/imml/git/ROB_534_Project/harvest_hardware/Universal_Robots_ROS2_Driver/ur_calibration -DAMENT_CMAKE_SYMLINK_INSTALL=1 -DCMAKE_INSTALL_PREFIX=/home/imml/git/ROB_534_Project/install/ur_calibration
[68.913s] DEBUG:colcon.colcon_core.event_handler.log_command:Invoking command in '/home/imml/git/ROB_534_Project/build/ur_calibration': AMENT_PREFIX_PATH=/home/imml/git/ROB_534_Project/install/ur_robot_driver:/home/imml/git/ROB_534_Project/install/ur_controllers:/home/imml/git/ROB_534_Project/install/ur_description:/home/imml/git/ROB_534_Project/install/ur_dashboard_msgs:${AMENT_PREFIX_PATH} CMAKE_PREFIX_PATH=/home/imml/git/ROB_534_Project/install/ur_robot_driver:/home/imml/git/ROB_534_Project/install/ur_controllers:/home/imml/git/ROB_534_Project/install/ur_description:/home/imml/git/ROB_534_Project/install/ur_dashboard_msgs:/opt/ros/humble LD_LIBRARY_PATH=/home/imml/git/ROB_534_Project/install/ur_robot_driver/lib:/home/imml/git/ROB_534_Project/install/ur_controllers/lib:/home/imml/git/ROB_534_Project/install/ur_dashboard_msgs/lib:${LD_LIBRARY_PATH} PATH=/home/imml/git/ROB_534_Project/install/ur_robot_driver/bin:${PATH} PYTHONPATH=/home/imml/git/ROB_534_Project/install/ur_robot_driver/local/lib/python3.10/dist-packages:/home/imml/git/ROB_534_Project/install/ur_dashboard_msgs/local/lib/python3.10/dist-packages:${PYTHONPATH} /usr/bin/cmake --build /home/imml/git/ROB_534_Project/build/ur_calibration -- -j16 -l16
[84.600s] DEBUG:colcon.colcon_core.event_handler.log_command:Invoked command in '/home/imml/git/ROB_534_Project/build/ur_calibration' returned '0': AMENT_PREFIX_PATH=/home/imml/git/ROB_534_Project/install/ur_robot_driver:/home/imml/git/ROB_534_Project/install/ur_controllers:/home/imml/git/ROB_534_Project/install/ur_description:/home/imml/git/ROB_534_Project/install/ur_dashboard_msgs:${AMENT_PREFIX_PATH} CMAKE_PREFIX_PATH=/home/imml/git/ROB_534_Project/install/ur_robot_driver:/home/imml/git/ROB_534_Project/install/ur_controllers:/home/imml/git/ROB_534_Project/install/ur_description:/home/imml/git/ROB_534_Project/install/ur_dashboard_msgs:/opt/ros/humble LD_LIBRARY_PATH=/home/imml/git/ROB_534_Project/install/ur_robot_driver/lib:/home/imml/git/ROB_534_Project/install/ur_controllers/lib:/home/imml/git/ROB_534_Project/install/ur_dashboard_msgs/lib:${LD_LIBRARY_PATH} PATH=/home/imml/git/ROB_534_Project/install/ur_robot_driver/bin:${PATH} PYTHONPATH=/home/imml/git/ROB_534_Project/install/ur_robot_driver/local/lib/python3.10/dist-packages:/home/imml/git/ROB_534_Project/install/ur_dashboard_msgs/local/lib/python3.10/dist-packages:${PYTHONPATH} /usr/bin/cmake --build /home/imml/git/ROB_534_Project/build/ur_calibration -- -j16 -l16
[84.601s] DEBUG:colcon.colcon_core.event_handler.log_command:Invoking command in '/home/imml/git/ROB_534_Project/build/ur_calibration': AMENT_PREFIX_PATH=/home/imml/git/ROB_534_Project/install/ur_robot_driver:/home/imml/git/ROB_534_Project/install/ur_controllers:/home/imml/git/ROB_534_Project/install/ur_description:/home/imml/git/ROB_534_Project/install/ur_dashboard_msgs:${AMENT_PREFIX_PATH} CMAKE_PREFIX_PATH=/home/imml/git/ROB_534_Project/install/ur_robot_driver:/home/imml/git/ROB_534_Project/install/ur_controllers:/home/imml/git/ROB_534_Project/install/ur_description:/home/imml/git/ROB_534_Project/install/ur_dashboard_msgs:/opt/ros/humble LD_LIBRARY_PATH=/home/imml/git/ROB_534_Project/install/ur_robot_driver/lib:/home/imml/git/ROB_534_Project/install/ur_controllers/lib:/home/imml/git/ROB_534_Project/install/ur_dashboard_msgs/lib:${LD_LIBRARY_PATH} PATH=/home/imml/git/ROB_534_Project/install/ur_robot_driver/bin:${PATH} PYTHONPATH=/home/imml/git/ROB_534_Project/install/ur_robot_driver/local/lib/python3.10/dist-packages:/home/imml/git/ROB_534_Project/install/ur_dashboard_msgs/local/lib/python3.10/dist-packages:${PYTHONPATH} /usr/bin/cmake --install /home/imml/git/ROB_534_Project/build/ur_calibration
[84.798s] Level 1:colcon.colcon_core.environment:create_environment_scripts_only(ur_calibration)
[84.798s] Level 1:colcon.colcon_core.environment:checking '/home/imml/git/ROB_534_Project/install/ur_calibration' for CMake module files
[84.799s] DEBUG:colcon.colcon_core.event_handler.log_command:Invoked command in '/home/imml/git/ROB_534_Project/build/ur_calibration' returned '0': AMENT_PREFIX_PATH=/home/imml/git/ROB_534_Project/install/ur_robot_driver:/home/imml/git/ROB_534_Project/install/ur_controllers:/home/imml/git/ROB_534_Project/install/ur_description:/home/imml/git/ROB_534_Project/install/ur_dashboard_msgs:${AMENT_PREFIX_PATH} CMAKE_PREFIX_PATH=/home/imml/git/ROB_534_Project/install/ur_robot_driver:/home/imml/git/ROB_534_Project/install/ur_controllers:/home/imml/git/ROB_534_Project/install/ur_description:/home/imml/git/ROB_534_Project/install/ur_dashboard_msgs:/opt/ros/humble LD_LIBRARY_PATH=/home/imml/git/ROB_534_Project/install/ur_robot_driver/lib:/home/imml/git/ROB_534_Project/install/ur_controllers/lib:/home/imml/git/ROB_534_Project/install/ur_dashboard_msgs/lib:${LD_LIBRARY_PATH} PATH=/home/imml/git/ROB_534_Project/install/ur_robot_driver/bin:${PATH} PYTHONPATH=/home/imml/git/ROB_534_Project/install/ur_robot_driver/local/lib/python3.10/dist-packages:/home/imml/git/ROB_534_Project/install/ur_dashboard_msgs/local/lib/python3.10/dist-packages:${PYTHONPATH} /usr/bin/cmake --install /home/imml/git/ROB_534_Project/build/ur_calibration
[84.799s] Level 1:colcon.colcon_core.environment:checking '/home/imml/git/ROB_534_Project/install/ur_calibration' for CMake config files
[84.799s] Level 1:colcon.colcon_core.shell:create_environment_hook('ur_calibration', 'cmake_prefix_path')
[84.800s] INFO:colcon.colcon_core.shell:Creating environment hook '/home/imml/git/ROB_534_Project/install/ur_calibration/share/ur_calibration/hook/cmake_prefix_path.ps1'
[84.800s] INFO:colcon.colcon_core.shell:Creating environment descriptor '/home/imml/git/ROB_534_Project/install/ur_calibration/share/ur_calibration/hook/cmake_prefix_path.dsv'
[84.801s] INFO:colcon.colcon_core.shell:Creating environment hook '/home/imml/git/ROB_534_Project/install/ur_calibration/share/ur_calibration/hook/cmake_prefix_path.sh'
[84.801s] Level 1:colcon.colcon_core.environment:checking '/home/imml/git/ROB_534_Project/install/ur_calibration/lib'
[84.801s] Level 1:colcon.colcon_core.environment:checking '/home/imml/git/ROB_534_Project/install/ur_calibration/bin'
[84.801s] Level 1:colcon.colcon_core.environment:checking '/home/imml/git/ROB_534_Project/install/ur_calibration/lib/pkgconfig/ur_calibration.pc'
[84.801s] Level 1:colcon.colcon_core.environment:checking '/home/imml/git/ROB_534_Project/install/ur_calibration/lib/python3.10/site-packages'
[84.801s] Level 1:colcon.colcon_core.environment:checking '/home/imml/git/ROB_534_Project/install/ur_calibration/bin'
[84.802s] INFO:colcon.colcon_core.shell:Creating package script '/home/imml/git/ROB_534_Project/install/ur_calibration/share/ur_calibration/package.ps1'
[84.802s] INFO:colcon.colcon_core.shell:Creating package descriptor '/home/imml/git/ROB_534_Project/install/ur_calibration/share/ur_calibration/package.dsv'
[84.802s] INFO:colcon.colcon_core.shell:Creating package script '/home/imml/git/ROB_534_Project/install/ur_calibration/share/ur_calibration/package.sh'
[84.802s] INFO:colcon.colcon_core.shell:Creating package script '/home/imml/git/ROB_534_Project/install/ur_calibration/share/ur_calibration/package.bash'
[84.803s] INFO:colcon.colcon_core.shell:Creating package script '/home/imml/git/ROB_534_Project/install/ur_calibration/share/ur_calibration/package.zsh'
[84.803s] Level 1:colcon.colcon_core.environment:create_file_with_runtime_dependencies(/home/imml/git/ROB_534_Project/install/ur_calibration/share/colcon-core/packages/ur_calibration)
[84.803s] Level 1:colcon.colcon_core.environment:create_environment_scripts_only(ur_calibration)
[84.803s] Level 1:colcon.colcon_core.environment:checking '/home/imml/git/ROB_534_Project/install/ur_calibration' for CMake module files
[84.804s] Level 1:colcon.colcon_core.environment:checking '/home/imml/git/ROB_534_Project/install/ur_calibration' for CMake config files
[84.804s] Level 1:colcon.colcon_core.shell:create_environment_hook('ur_calibration', 'cmake_prefix_path')
[84.804s] INFO:colcon.colcon_core.shell:Creating environment hook '/home/imml/git/ROB_534_Project/install/ur_calibration/share/ur_calibration/hook/cmake_prefix_path.ps1'
[84.805s] INFO:colcon.colcon_core.shell:Creating environment descriptor '/home/imml/git/ROB_534_Project/install/ur_calibration/share/ur_calibration/hook/cmake_prefix_path.dsv'
[84.805s] INFO:colcon.colcon_core.shell:Creating environment hook '/home/imml/git/ROB_534_Project/install/ur_calibration/share/ur_calibration/hook/cmake_prefix_path.sh'
[84.805s] Level 1:colcon.colcon_core.environment:checking '/home/imml/git/ROB_534_Project/install/ur_calibration/lib'
[84.805s] Level 1:colcon.colcon_core.environment:checking '/home/imml/git/ROB_534_Project/install/ur_calibration/bin'
[84.805s] Level 1:colcon.colcon_core.environment:checking '/home/imml/git/ROB_534_Project/install/ur_calibration/lib/pkgconfig/ur_calibration.pc'
[84.805s] Level 1:colcon.colcon_core.environment:checking '/home/imml/git/ROB_534_Project/install/ur_calibration/lib/python3.10/site-packages'
[84.805s] Level 1:colcon.colcon_core.environment:checking '/home/imml/git/ROB_534_Project/install/ur_calibration/bin'
[84.806s] INFO:colcon.colcon_core.shell:Creating package script '/home/imml/git/ROB_534_Project/install/ur_calibration/share/ur_calibration/package.ps1'
[84.806s] INFO:colcon.colcon_core.shell:Creating package descriptor '/home/imml/git/ROB_534_Project/install/ur_calibration/share/ur_calibration/package.dsv'
[84.806s] INFO:colcon.colcon_core.shell:Creating package script '/home/imml/git/ROB_534_Project/install/ur_calibration/share/ur_calibration/package.sh'
[84.807s] INFO:colcon.colcon_core.shell:Creating package script '/home/imml/git/ROB_534_Project/install/ur_calibration/share/ur_calibration/package.bash'
[84.807s] INFO:colcon.colcon_core.shell:Creating package script '/home/imml/git/ROB_534_Project/install/ur_calibration/share/ur_calibration/package.zsh'
[84.807s] Level 1:colcon.colcon_core.environment:create_file_with_runtime_dependencies(/home/imml/git/ROB_534_Project/install/ur_calibration/share/colcon-core/packages/ur_calibration)
[84.807s] INFO:colcon.colcon_ros.task.ament_cmake.build:Building ROS package in '/home/imml/git/ROB_534_Project/harvest_hardware/Universal_Robots_ROS2_Driver/ur' with build type 'ament_cmake'
[84.808s] INFO:colcon.colcon_cmake.task.cmake.build:Building CMake package in '/home/imml/git/ROB_534_Project/harvest_hardware/Universal_Robots_ROS2_Driver/ur'
[84.808s] INFO:colcon.colcon_core.shell:Skip shell extension 'powershell' for command environment: Not usable outside of PowerShell
[84.808s] DEBUG:colcon.colcon_core.shell:Skip shell extension 'dsv' for command environment
[84.823s] DEBUG:colcon.colcon_core.event_handler.log_command:Invoking command in '/home/imml/git/ROB_534_Project/build/ur': AMENT_PREFIX_PATH=/home/imml/git/ROB_534_Project/install/ur_calibration:/home/imml/git/ROB_534_Project/install/ur_robot_driver:/home/imml/git/ROB_534_Project/install/ur_moveit_config:/home/imml/git/ROB_534_Project/install/ur_controllers:/home/imml/git/ROB_534_Project/install/ur_description:/home/imml/git/ROB_534_Project/install/ur_dashboard_msgs:${AMENT_PREFIX_PATH} CMAKE_PREFIX_PATH=/home/imml/git/ROB_534_Project/install/ur_calibration:/home/imml/git/ROB_534_Project/install/ur_robot_driver:/home/imml/git/ROB_534_Project/install/ur_moveit_config:/home/imml/git/ROB_534_Project/install/ur_controllers:/home/imml/git/ROB_534_Project/install/ur_description:/home/imml/git/ROB_534_Project/install/ur_dashboard_msgs:/opt/ros/humble LD_LIBRARY_PATH=/home/imml/git/ROB_534_Project/install/ur_robot_driver/lib:/home/imml/git/ROB_534_Project/install/ur_controllers/lib:/home/imml/git/ROB_534_Project/install/ur_dashboard_msgs/lib:${LD_LIBRARY_PATH} PATH=/home/imml/git/ROB_534_Project/install/ur_robot_driver/bin:${PATH} PYTHONPATH=/home/imml/git/ROB_534_Project/install/ur_robot_driver/local/lib/python3.10/dist-packages:/home/imml/git/ROB_534_Project/install/ur_moveit_config/local/lib/python3.10/dist-packages:/home/imml/git/ROB_534_Project/install/ur_dashboard_msgs/local/lib/python3.10/dist-packages:${PYTHONPATH} /usr/bin/cmake /home/imml/git/ROB_534_Project/harvest_hardware/Universal_Robots_ROS2_Driver/ur -DAMENT_CMAKE_SYMLINK_INSTALL=1 -DCMAKE_INSTALL_PREFIX=/home/imml/git/ROB_534_Project/install/ur
[85.396s] DEBUG:colcon.colcon_core.event_handler.log_command:Invoked command in '/home/imml/git/ROB_534_Project/build/ur' returned '0': AMENT_PREFIX_PATH=/home/imml/git/ROB_534_Project/install/ur_calibration:/home/imml/git/ROB_534_Project/install/ur_robot_driver:/home/imml/git/ROB_534_Project/install/ur_moveit_config:/home/imml/git/ROB_534_Project/install/ur_controllers:/home/imml/git/ROB_534_Project/install/ur_description:/home/imml/git/ROB_534_Project/install/ur_dashboard_msgs:${AMENT_PREFIX_PATH} CMAKE_PREFIX_PATH=/home/imml/git/ROB_534_Project/install/ur_calibration:/home/imml/git/ROB_534_Project/install/ur_robot_driver:/home/imml/git/ROB_534_Project/install/ur_moveit_config:/home/imml/git/ROB_534_Project/install/ur_controllers:/home/imml/git/ROB_534_Project/install/ur_description:/home/imml/git/ROB_534_Project/install/ur_dashboard_msgs:/opt/ros/humble LD_LIBRARY_PATH=/home/imml/git/ROB_534_Project/install/ur_robot_driver/lib:/home/imml/git/ROB_534_Project/install/ur_controllers/lib:/home/imml/git/ROB_534_Project/install/ur_dashboard_msgs/lib:${LD_LIBRARY_PATH} PATH=/home/imml/git/ROB_534_Project/install/ur_robot_driver/bin:${PATH} PYTHONPATH=/home/imml/git/ROB_534_Project/install/ur_robot_driver/local/lib/python3.10/dist-packages:/home/imml/git/ROB_534_Project/install/ur_moveit_config/local/lib/python3.10/dist-packages:/home/imml/git/ROB_534_Project/install/ur_dashboard_msgs/local/lib/python3.10/dist-packages:${PYTHONPATH} /usr/bin/cmake /home/imml/git/ROB_534_Project/harvest_hardware/Universal_Robots_ROS2_Driver/ur -DAMENT_CMAKE_SYMLINK_INSTALL=1 -DCMAKE_INSTALL_PREFIX=/home/imml/git/ROB_534_Project/install/ur
[85.398s] DEBUG:colcon.colcon_core.event_handler.log_command:Invoking command in '/home/imml/git/ROB_534_Project/build/ur': AMENT_PREFIX_PATH=/home/imml/git/ROB_534_Project/install/ur_calibration:/home/imml/git/ROB_534_Project/install/ur_robot_driver:/home/imml/git/ROB_534_Project/install/ur_moveit_config:/home/imml/git/ROB_534_Project/install/ur_controllers:/home/imml/git/ROB_534_Project/install/ur_description:/home/imml/git/ROB_534_Project/install/ur_dashboard_msgs:${AMENT_PREFIX_PATH} CMAKE_PREFIX_PATH=/home/imml/git/ROB_534_Project/install/ur_calibration:/home/imml/git/ROB_534_Project/install/ur_robot_driver:/home/imml/git/ROB_534_Project/install/ur_moveit_config:/home/imml/git/ROB_534_Project/install/ur_controllers:/home/imml/git/ROB_534_Project/install/ur_description:/home/imml/git/ROB_534_Project/install/ur_dashboard_msgs:/opt/ros/humble LD_LIBRARY_PATH=/home/imml/git/ROB_534_Project/install/ur_robot_driver/lib:/home/imml/git/ROB_534_Project/install/ur_controllers/lib:/home/imml/git/ROB_534_Project/install/ur_dashboard_msgs/lib:${LD_LIBRARY_PATH} PATH=/home/imml/git/ROB_534_Project/install/ur_robot_driver/bin:${PATH} PYTHONPATH=/home/imml/git/ROB_534_Project/install/ur_robot_driver/local/lib/python3.10/dist-packages:/home/imml/git/ROB_534_Project/install/ur_moveit_config/local/lib/python3.10/dist-packages:/home/imml/git/ROB_534_Project/install/ur_dashboard_msgs/local/lib/python3.10/dist-packages:${PYTHONPATH} /usr/bin/cmake --build /home/imml/git/ROB_534_Project/build/ur -- -j16 -l16
[85.437s] DEBUG:colcon.colcon_core.event_handler.log_command:Invoked command in '/home/imml/git/ROB_534_Project/build/ur' returned '0': AMENT_PREFIX_PATH=/home/imml/git/ROB_534_Project/install/ur_calibration:/home/imml/git/ROB_534_Project/install/ur_robot_driver:/home/imml/git/ROB_534_Project/install/ur_moveit_config:/home/imml/git/ROB_534_Project/install/ur_controllers:/home/imml/git/ROB_534_Project/install/ur_description:/home/imml/git/ROB_534_Project/install/ur_dashboard_msgs:${AMENT_PREFIX_PATH} CMAKE_PREFIX_PATH=/home/imml/git/ROB_534_Project/install/ur_calibration:/home/imml/git/ROB_534_Project/install/ur_robot_driver:/home/imml/git/ROB_534_Project/install/ur_moveit_config:/home/imml/git/ROB_534_Project/install/ur_controllers:/home/imml/git/ROB_534_Project/install/ur_description:/home/imml/git/ROB_534_Project/install/ur_dashboard_msgs:/opt/ros/humble LD_LIBRARY_PATH=/home/imml/git/ROB_534_Project/install/ur_robot_driver/lib:/home/imml/git/ROB_534_Project/install/ur_controllers/lib:/home/imml/git/ROB_534_Project/install/ur_dashboard_msgs/lib:${LD_LIBRARY_PATH} PATH=/home/imml/git/ROB_534_Project/install/ur_robot_driver/bin:${PATH} PYTHONPATH=/home/imml/git/ROB_534_Project/install/ur_robot_driver/local/lib/python3.10/dist-packages:/home/imml/git/ROB_534_Project/install/ur_moveit_config/local/lib/python3.10/dist-packages:/home/imml/git/ROB_534_Project/install/ur_dashboard_msgs/local/lib/python3.10/dist-packages:${PYTHONPATH} /usr/bin/cmake --build /home/imml/git/ROB_534_Project/build/ur -- -j16 -l16
[85.439s] DEBUG:colcon.colcon_core.event_handler.log_command:Invoking command in '/home/imml/git/ROB_534_Project/build/ur': AMENT_PREFIX_PATH=/home/imml/git/ROB_534_Project/install/ur_calibration:/home/imml/git/ROB_534_Project/install/ur_robot_driver:/home/imml/git/ROB_534_Project/install/ur_moveit_config:/home/imml/git/ROB_534_Project/install/ur_controllers:/home/imml/git/ROB_534_Project/install/ur_description:/home/imml/git/ROB_534_Project/install/ur_dashboard_msgs:${AMENT_PREFIX_PATH} CMAKE_PREFIX_PATH=/home/imml/git/ROB_534_Project/install/ur_calibration:/home/imml/git/ROB_534_Project/install/ur_robot_driver:/home/imml/git/ROB_534_Project/install/ur_moveit_config:/home/imml/git/ROB_534_Project/install/ur_controllers:/home/imml/git/ROB_534_Project/install/ur_description:/home/imml/git/ROB_534_Project/install/ur_dashboard_msgs:/opt/ros/humble LD_LIBRARY_PATH=/home/imml/git/ROB_534_Project/install/ur_robot_driver/lib:/home/imml/git/ROB_534_Project/install/ur_controllers/lib:/home/imml/git/ROB_534_Project/install/ur_dashboard_msgs/lib:${LD_LIBRARY_PATH} PATH=/home/imml/git/ROB_534_Project/install/ur_robot_driver/bin:${PATH} PYTHONPATH=/home/imml/git/ROB_534_Project/install/ur_robot_driver/local/lib/python3.10/dist-packages:/home/imml/git/ROB_534_Project/install/ur_moveit_config/local/lib/python3.10/dist-packages:/home/imml/git/ROB_534_Project/install/ur_dashboard_msgs/local/lib/python3.10/dist-packages:${PYTHONPATH} /usr/bin/cmake --install /home/imml/git/ROB_534_Project/build/ur
[85.589s] Level 1:colcon.colcon_core.environment:create_environment_scripts_only(ur)
[85.589s] Level 1:colcon.colcon_core.environment:checking '/home/imml/git/ROB_534_Project/install/ur' for CMake module files
[85.590s] DEBUG:colcon.colcon_core.event_handler.log_command:Invoked command in '/home/imml/git/ROB_534_Project/build/ur' returned '0': AMENT_PREFIX_PATH=/home/imml/git/ROB_534_Project/install/ur_calibration:/home/imml/git/ROB_534_Project/install/ur_robot_driver:/home/imml/git/ROB_534_Project/install/ur_moveit_config:/home/imml/git/ROB_534_Project/install/ur_controllers:/home/imml/git/ROB_534_Project/install/ur_description:/home/imml/git/ROB_534_Project/install/ur_dashboard_msgs:${AMENT_PREFIX_PATH} CMAKE_PREFIX_PATH=/home/imml/git/ROB_534_Project/install/ur_calibration:/home/imml/git/ROB_534_Project/install/ur_robot_driver:/home/imml/git/ROB_534_Project/install/ur_moveit_config:/home/imml/git/ROB_534_Project/install/ur_controllers:/home/imml/git/ROB_534_Project/install/ur_description:/home/imml/git/ROB_534_Project/install/ur_dashboard_msgs:/opt/ros/humble LD_LIBRARY_PATH=/home/imml/git/ROB_534_Project/install/ur_robot_driver/lib:/home/imml/git/ROB_534_Project/install/ur_controllers/lib:/home/imml/git/ROB_534_Project/install/ur_dashboard_msgs/lib:${LD_LIBRARY_PATH} PATH=/home/imml/git/ROB_534_Project/install/ur_robot_driver/bin:${PATH} PYTHONPATH=/home/imml/git/ROB_534_Project/install/ur_robot_driver/local/lib/python3.10/dist-packages:/home/imml/git/ROB_534_Project/install/ur_moveit_config/local/lib/python3.10/dist-packages:/home/imml/git/ROB_534_Project/install/ur_dashboard_msgs/local/lib/python3.10/dist-packages:${PYTHONPATH} /usr/bin/cmake --install /home/imml/git/ROB_534_Project/build/ur
[85.590s] Level 1:colcon.colcon_core.environment:checking '/home/imml/git/ROB_534_Project/install/ur' for CMake config files
[85.590s] Level 1:colcon.colcon_core.shell:create_environment_hook('ur', 'cmake_prefix_path')
[85.591s] INFO:colcon.colcon_core.shell:Creating environment hook '/home/imml/git/ROB_534_Project/install/ur/share/ur/hook/cmake_prefix_path.ps1'
[85.591s] INFO:colcon.colcon_core.shell:Creating environment descriptor '/home/imml/git/ROB_534_Project/install/ur/share/ur/hook/cmake_prefix_path.dsv'
[85.592s] INFO:colcon.colcon_core.shell:Creating environment hook '/home/imml/git/ROB_534_Project/install/ur/share/ur/hook/cmake_prefix_path.sh'
[85.592s] Level 1:colcon.colcon_core.environment:checking '/home/imml/git/ROB_534_Project/install/ur/bin'
[85.592s] Level 1:colcon.colcon_core.environment:checking '/home/imml/git/ROB_534_Project/install/ur/lib/pkgconfig/ur.pc'
[85.592s] Level 1:colcon.colcon_core.environment:checking '/home/imml/git/ROB_534_Project/install/ur/lib/python3.10/site-packages'
[85.592s] Level 1:colcon.colcon_core.environment:checking '/home/imml/git/ROB_534_Project/install/ur/bin'
[85.592s] INFO:colcon.colcon_core.shell:Creating package script '/home/imml/git/ROB_534_Project/install/ur/share/ur/package.ps1'
[85.593s] INFO:colcon.colcon_core.shell:Creating package descriptor '/home/imml/git/ROB_534_Project/install/ur/share/ur/package.dsv'
[85.593s] INFO:colcon.colcon_core.shell:Creating package script '/home/imml/git/ROB_534_Project/install/ur/share/ur/package.sh'
[85.593s] INFO:colcon.colcon_core.shell:Creating package script '/home/imml/git/ROB_534_Project/install/ur/share/ur/package.bash'
[85.594s] INFO:colcon.colcon_core.shell:Creating package script '/home/imml/git/ROB_534_Project/install/ur/share/ur/package.zsh'
[85.594s] Level 1:colcon.colcon_core.environment:create_file_with_runtime_dependencies(/home/imml/git/ROB_534_Project/install/ur/share/colcon-core/packages/ur)
[85.594s] Level 1:colcon.colcon_core.environment:create_environment_scripts_only(ur)
[85.594s] Level 1:colcon.colcon_core.environment:checking '/home/imml/git/ROB_534_Project/install/ur' for CMake module files
[85.595s] Level 1:colcon.colcon_core.environment:checking '/home/imml/git/ROB_534_Project/install/ur' for CMake config files
[85.595s] Level 1:colcon.colcon_core.shell:create_environment_hook('ur', 'cmake_prefix_path')
[85.595s] INFO:colcon.colcon_core.shell:Creating environment hook '/home/imml/git/ROB_534_Project/install/ur/share/ur/hook/cmake_prefix_path.ps1'
[85.596s] INFO:colcon.colcon_core.shell:Creating environment descriptor '/home/imml/git/ROB_534_Project/install/ur/share/ur/hook/cmake_prefix_path.dsv'
[85.596s] INFO:colcon.colcon_core.shell:Creating environment hook '/home/imml/git/ROB_534_Project/install/ur/share/ur/hook/cmake_prefix_path.sh'
[85.596s] Level 1:colcon.colcon_core.environment:checking '/home/imml/git/ROB_534_Project/install/ur/bin'
[85.597s] Level 1:colcon.colcon_core.environment:checking '/home/imml/git/ROB_534_Project/install/ur/lib/pkgconfig/ur.pc'
[85.597s] Level 1:colcon.colcon_core.environment:checking '/home/imml/git/ROB_534_Project/install/ur/lib/python3.10/site-packages'
[85.597s] Level 1:colcon.colcon_core.environment:checking '/home/imml/git/ROB_534_Project/install/ur/bin'
[85.597s] INFO:colcon.colcon_core.shell:Creating package script '/home/imml/git/ROB_534_Project/install/ur/share/ur/package.ps1'
[85.598s] INFO:colcon.colcon_core.shell:Creating package descriptor '/home/imml/git/ROB_534_Project/install/ur/share/ur/package.dsv'
[85.598s] INFO:colcon.colcon_core.shell:Creating package script '/home/imml/git/ROB_534_Project/install/ur/share/ur/package.sh'
[85.598s] INFO:colcon.colcon_core.shell:Creating package script '/home/imml/git/ROB_534_Project/install/ur/share/ur/package.bash'
[85.599s] INFO:colcon.colcon_core.shell:Creating package script '/home/imml/git/ROB_534_Project/install/ur/share/ur/package.zsh'
[85.599s] Level 1:colcon.colcon_core.environment:create_file_with_runtime_dependencies(/home/imml/git/ROB_534_Project/install/ur/share/colcon-core/packages/ur)
[85.599s] DEBUG:colcon.colcon_parallel_executor.executor.parallel:closing loop
[85.600s] DEBUG:colcon.colcon_parallel_executor.executor.parallel:loop closed
[85.600s] DEBUG:colcon.colcon_parallel_executor.executor.parallel:run_until_complete finished with '0'
[85.600s] DEBUG:colcon.colcon_core.event_reactor:joining thread
[85.607s] INFO:colcon.colcon_core.plugin_system:Skipping extension 'colcon_notification.desktop_notification.terminal_notifier': Not used on non-Darwin systems
[85.607s] INFO:colcon.colcon_core.plugin_system:Skipping extension 'colcon_notification.desktop_notification.win32': Not used on non-Windows systems
[85.608s] INFO:colcon.colcon_notification.desktop_notification:Sending desktop notification using 'notify2'
[85.617s] DEBUG:colcon.colcon_core.event_reactor:joined thread
[85.617s] INFO:colcon.colcon_core.shell:Creating prefix script '/home/imml/git/ROB_534_Project/install/local_setup.ps1'
[85.619s] INFO:colcon.colcon_core.shell:Creating prefix util module '/home/imml/git/ROB_534_Project/install/_local_setup_util_ps1.py'
[85.620s] INFO:colcon.colcon_core.shell:Creating prefix chain script '/home/imml/git/ROB_534_Project/install/setup.ps1'
[85.621s] INFO:colcon.colcon_core.shell:Creating prefix script '/home/imml/git/ROB_534_Project/install/local_setup.sh'
[85.621s] INFO:colcon.colcon_core.shell:Creating prefix util module '/home/imml/git/ROB_534_Project/install/_local_setup_util_sh.py'
[85.622s] INFO:colcon.colcon_core.shell:Creating prefix chain script '/home/imml/git/ROB_534_Project/install/setup.sh'
[85.623s] INFO:colcon.colcon_core.shell:Creating prefix script '/home/imml/git/ROB_534_Project/install/local_setup.bash'
[85.623s] INFO:colcon.colcon_core.shell:Creating prefix chain script '/home/imml/git/ROB_534_Project/install/setup.bash'
[85.624s] INFO:colcon.colcon_core.shell:Creating prefix script '/home/imml/git/ROB_534_Project/install/local_setup.zsh'
[85.624s] INFO:colcon.colcon_core.shell:Creating prefix chain script '/home/imml/git/ROB_534_Project/install/setup.zsh'
